date,mean_mm_day,std_mm_day,n_valid_grid_cells,source_file
2011-01-01,7.8105676463879465,14.516311056436306,288,/glade/work/jiachengye/33200/gpcp/daily/2011/gpcp_v01r03_daily_d20110101_c20170530.nc
2011-01-02,0.07747744869365052,0.3799735490960004,288,/glade/work/jiachengye/33200/gpcp/daily/2011/gpcp_v01r03_daily_d20110102_c20170530.nc
2011-01-03,0.2372656196863642,0.9294006254460617,288,/glade/work/jiachengye/33200/gpcp/daily/2011/gpcp_v01r03_daily_d20110103_c20170530.nc
2011-01-04,0.3470721139207346,1.475101626267908,288,/glade/work/jiachengye/33200/gpcp/daily/2011/gpcp_v01r03_daily_d20110104_c20170530.nc
2011-01-05,0.46926514997264407,1.1445516381603007,288,/glade/work/jiachengye/33200/gpcp/daily/2011/gpcp_v01r03_daily_d20110105_c20170530.nc
2011-01-06,0.8782143311731333,1.868994307022454,288,/glade/work/jiachengye/33200/gpcp/daily/2011/gpcp_v01r03_daily_d20110106_c20170530.nc
2011-01-07,0.4019045229345467,1.0777626743300057,288,/glade/work/jiachengye/33200/gpcp/daily/2011/gpcp_v01r03_daily_d20110107_c20170530.nc
2011-01-08,0.17319087662699711,0.5638299761788426,288,/glade/work/jiachengye/33200/gpcp/daily/2011/gpcp_v01r03_daily_d20110108_c20170530.nc
2011-01-09,1.6398195022105744,3.1820828000545416,288,/glade/work/jiachengye/33200/gpcp/daily/2011/gpcp_v01r03_daily_d20110109_c20170530.nc
2011-01-10,3.830126310096755,4.117677477687049,288,/glade/work/jiachengye/33200/gpcp/daily/2011/gpcp_v01r03_daily_d20110110_c20170530.nc
2011-01-11,3.098349815357361,4.647576849880284,288,/glade/work/jiachengye/33200/gpcp/daily/2011/gpcp_v01r03_daily_d20110111_c20170530.nc
2011-01-12,0.36550159603441223,0.9795095711145846,288,/glade/work/jiachengye/33200/gpcp/daily/2011/gpcp_v01r03_daily_d20110112_c20170530.nc
2011-01-13,0.9907279529267896,1.7049060332673664,288,/glade/work/jiachengye/33200/gpcp/daily/2011/gpcp_v01r03_daily_d20110113_c20170530.nc
2011-01-14,2.104244186592171,2.4891156455300036,288,/glade/work/jiachengye/33200/gpcp/daily/2011/gpcp_v01r03_daily_d20110114_c20170530.nc
2011-01-15,2.8116773177455623,3.4148273360266455,288,/glade/work/jiachengye/33200/gpcp/daily/2011/gpcp_v01r03_daily_d20110115_c20170530.nc
2011-01-16,1.1653330326038656,2.1593954646553315,288,/glade/work/jiachengye/33200/gpcp/daily/2011/gpcp_v01r03_daily_d20110116_c20170530.nc
2011-01-17,2.271115141130218,2.729224395065371,288,/glade/work/jiachengye/33200/gpcp/daily/2011/gpcp_v01r03_daily_d20110117_c20170530.nc
2011-01-18,1.883033156382805,3.600572161910697,288,/glade/work/jiachengye/33200/gpcp/daily/2011/gpcp_v01r03_daily_d20110118_c20170530.nc
2011-01-19,0.7939109753861892,1.3455149850208796,288,/glade/work/jiachengye/33200/gpcp/daily/2011/gpcp_v01r03_daily_d20110119_c20170530.nc
2011-01-20,1.170462069557037,2.7210323874948843,288,/glade/work/jiachengye/33200/gpcp/daily/2011/gpcp_v01r03_daily_d20110120_c20170530.nc
2011-01-21,0.5331983107060627,1.0999394173605521,288,/glade/work/jiachengye/33200/gpcp/daily/2011/gpcp_v01r03_daily_d20110121_c20170530.nc
2011-01-22,2.296078595474356,3.2242188590832885,288,/glade/work/jiachengye/33200/gpcp/daily/2011/gpcp_v01r03_daily_d20110122_c20170530.nc
2011-01-23,0.6050200514426769,1.2234815529839052,288,/glade/work/jiachengye/33200/gpcp/daily/2011/gpcp_v01r03_daily_d20110123_c20170530.nc
2011-01-24,0.6566195636805681,1.7996373795393417,288,/glade/work/jiachengye/33200/gpcp/daily/2011/gpcp_v01r03_daily_d20110124_c20170530.nc
2011-01-25,0.06523823276466913,0.26571637352338945,288,/glade/work/jiachengye/33200/gpcp/daily/2011/gpcp_v01r03_daily_d20110125_c20170530.nc
2011-01-26,0.39310907181292903,1.6335590204237975,288,/glade/work/jiachengye/33200/gpcp/daily/2011/gpcp_v01r03_daily_d20110126_c20170530.nc
2011-01-27,0.1993740460070304,0.5266076325035673,288,/glade/work/jiachengye/33200/gpcp/daily/2011/gpcp_v01r03_daily_d20110127_c20170530.nc
2011-01-28,0.23963661547768408,0.7536238682198698,288,/glade/work/jiachengye/33200/gpcp/daily/2011/gpcp_v01r03_daily_d20110128_c20170530.nc
2011-01-29,0.5748339751478047,1.2688721752121552,288,/glade/work/jiachengye/33200/gpcp/daily/2011/gpcp_v01r03_daily_d20110129_c20170530.nc
2011-01-30,0.5360494347956601,0.9893422705191917,288,/glade/work/jiachengye/33200/gpcp/daily/2011/gpcp_v01r03_daily_d20110130_c20170530.nc
2011-01-31,3.3573955506868733,3.679671590463242,288,/glade/work/jiachengye/33200/gpcp/daily/2011/gpcp_v01r03_daily_d20110131_c20170530.nc
2011-02-01,10.411122935649443,13.045805857840433,288,/glade/work/jiachengye/33200/gpcp/daily/2011/gpcp_v01r03_daily_d20110201_c20170530.nc
2011-02-02,5.847485661210952,10.851066137943207,288,/glade/work/jiachengye/33200/gpcp/daily/2011/gpcp_v01r03_daily_d20110202_c20170530.nc
2011-02-03,0.3752895605610791,0.9644745547210634,288,/glade/work/jiachengye/33200/gpcp/daily/2011/gpcp_v01r03_daily_d20110203_c20170530.nc
2011-02-04,0.579213702482142,1.1669694896152039,288,/glade/work/jiachengye/33200/gpcp/daily/2011/gpcp_v01r03_daily_d20110204_c20170530.nc
2011-02-05,0.7430099200048731,1.6181273530429823,288,/glade/work/jiachengye/33200/gpcp/daily/2011/gpcp_v01r03_daily_d20110205_c20170530.nc
2011-02-06,0.8563329322497755,1.8469175842812,288,/glade/work/jiachengye/33200/gpcp/daily/2011/gpcp_v01r03_daily_d20110206_c20170530.nc
2011-02-07,0.36423876270437955,1.0147395343075722,288,/glade/work/jiachengye/33200/gpcp/daily/2011/gpcp_v01r03_daily_d20110207_c20170530.nc
2011-02-08,0.6014077098633385,1.5698934044329493,288,/glade/work/jiachengye/33200/gpcp/daily/2011/gpcp_v01r03_daily_d20110208_c20170530.nc
2011-02-09,1.4086816029540403,3.5394486506815643,288,/glade/work/jiachengye/33200/gpcp/daily/2011/gpcp_v01r03_daily_d20110209_c20170530.nc
2011-02-10,0.07971956021019332,0.34711739994330737,288,/glade/work/jiachengye/33200/gpcp/daily/2011/gpcp_v01r03_daily_d20110210_c20170530.nc
2011-02-11,0.16791581519254767,0.48268146672928797,288,/glade/work/jiachengye/33200/gpcp/daily/2011/gpcp_v01r03_daily_d20110211_c20170530.nc
2011-02-12,0.828455591562652,1.8493491910965283,288,/glade/work/jiachengye/33200/gpcp/daily/2011/gpcp_v01r03_daily_d20110212_c20170530.nc
2011-02-13,2.177159300797421,2.8559396809589757,288,/glade/work/jiachengye/33200/gpcp/daily/2011/gpcp_v01r03_daily_d20110213_c20170530.nc
2011-02-14,0.2222171522888539,0.8294026566763874,288,/glade/work/jiachengye/33200/gpcp/daily/2011/gpcp_v01r03_daily_d20110214_c20170530.nc
2011-02-15,0.8948862809687752,1.6270032884426724,288,/glade/work/jiachengye/33200/gpcp/daily/2011/gpcp_v01r03_daily_d20110215_c20170530.nc
2011-02-16,0.22733358291188238,0.6856383434467127,288,/glade/work/jiachengye/33200/gpcp/daily/2011/gpcp_v01r03_daily_d20110216_c20170530.nc
2011-02-17,1.052285149280736,2.2584735826805145,288,/glade/work/jiachengye/33200/gpcp/daily/2011/gpcp_v01r03_daily_d20110217_c20170530.nc
2011-02-18,0.11352699815039044,0.46868117683548466,288,/glade/work/jiachengye/33200/gpcp/daily/2011/gpcp_v01r03_daily_d20110218_c20170530.nc
2011-02-19,0.17316086669417027,0.6103857915664743,288,/glade/work/jiachengye/33200/gpcp/daily/2011/gpcp_v01r03_daily_d20110219_c20170530.nc
2011-02-20,5.640680490579722,4.946947653468235,288,/glade/work/jiachengye/33200/gpcp/daily/2011/gpcp_v01r03_daily_d20110220_c20170530.nc
2011-02-21,5.043590813683925,8.421925965981767,288,/glade/work/jiachengye/33200/gpcp/daily/2011/gpcp_v01r03_daily_d20110221_c20170530.nc
2011-02-22,0.06133121299230715,0.3763004023049688,288,/glade/work/jiachengye/33200/gpcp/daily/2011/gpcp_v01r03_daily_d20110222_c20170530.nc
2011-02-23,0.15483608679328137,0.5060114428246958,288,/glade/work/jiachengye/33200/gpcp/daily/2011/gpcp_v01r03_daily_d20110223_c20170530.nc
2011-02-24,4.785050784844633,7.849014676363138,288,/glade/work/jiachengye/33200/gpcp/daily/2011/gpcp_v01r03_daily_d20110224_c20170530.nc
2011-02-25,8.222033160092435,11.44056898484457,288,/glade/work/jiachengye/33200/gpcp/daily/2011/gpcp_v01r03_daily_d20110225_c20170530.nc
2011-02-26,2.2066905553892218,3.9943582630191554,288,/glade/work/jiachengye/33200/gpcp/daily/2011/gpcp_v01r03_daily_d20110226_c20170530.nc
2011-02-27,1.1829001023736079,2.1877584500239227,288,/glade/work/jiachengye/33200/gpcp/daily/2011/gpcp_v01r03_daily_d20110227_c20170530.nc
2011-02-28,7.7679571902814315,11.049572302784332,288,/glade/work/jiachengye/33200/gpcp/daily/2011/gpcp_v01r03_daily_d20110228_c20170530.nc
2011-03-01,0.3728463470883549,1.2420542465308646,288,/glade/work/jiachengye/33200/gpcp/daily/2011/gpcp_v01r03_daily_d20110301_c20170530.nc
2011-03-02,0.2043750813487288,0.6571482834753368,288,/glade/work/jiachengye/33200/gpcp/daily/2011/gpcp_v01r03_daily_d20110302_c20170530.nc
2011-03-03,2.7532158897279,4.432115348960723,288,/glade/work/jiachengye/33200/gpcp/daily/2011/gpcp_v01r03_daily_d20110303_c20170530.nc
2011-03-04,2.46076246911749,4.345032343474029,288,/glade/work/jiachengye/33200/gpcp/daily/2011/gpcp_v01r03_daily_d20110304_c20170530.nc
2011-03-05,11.83179319519451,18.157138634221486,288,/glade/work/jiachengye/33200/gpcp/daily/2011/gpcp_v01r03_daily_d20110305_c20170530.nc
2011-03-06,4.277011409736271,12.42254796585098,288,/glade/work/jiachengye/33200/gpcp/daily/2011/gpcp_v01r03_daily_d20110306_c20170530.nc
2011-03-07,0.4424159200705441,1.1391588651623172,288,/glade/work/jiachengye/33200/gpcp/daily/2011/gpcp_v01r03_daily_d20110307_c20170530.nc
2011-03-08,1.5780586960997933,3.608665591910527,288,/glade/work/jiachengye/33200/gpcp/daily/2011/gpcp_v01r03_daily_d20110308_c20170530.nc
2011-03-09,10.421078519772763,17.546163418820484,288,/glade/work/jiachengye/33200/gpcp/daily/2011/gpcp_v01r03_daily_d20110309_c20170530.nc
2011-03-10,0.9322383893010431,2.463549658444849,288,/glade/work/jiachengye/33200/gpcp/daily/2011/gpcp_v01r03_daily_d20110310_c20170530.nc
2011-03-11,1.5594279410099678,2.8086262622502987,288,/glade/work/jiachengye/33200/gpcp/daily/2011/gpcp_v01r03_daily_d20110311_c20170530.nc
2011-03-12,0.390303655243792,1.3561630384645513,288,/glade/work/jiachengye/33200/gpcp/daily/2011/gpcp_v01r03_daily_d20110312_c20170530.nc
2011-03-13,0.385792962535923,1.1462736262442081,288,/glade/work/jiachengye/33200/gpcp/daily/2011/gpcp_v01r03_daily_d20110313_c20170530.nc
2011-03-14,1.2271053461200967,4.545060163165428,288,/glade/work/jiachengye/33200/gpcp/daily/2011/gpcp_v01r03_daily_d20110314_c20170530.nc
2011-03-15,1.8249159832910733,3.3884872661966736,288,/glade/work/jiachengye/33200/gpcp/daily/2011/gpcp_v01r03_daily_d20110315_c20170530.nc
2011-03-16,1.2273520451546371,2.2479448653407545,288,/glade/work/jiachengye/33200/gpcp/daily/2011/gpcp_v01r03_daily_d20110316_c20170530.nc
2011-03-17,4.268617389141807,5.5722697949952265,288,/glade/work/jiachengye/33200/gpcp/daily/2011/gpcp_v01r03_daily_d20110317_c20170530.nc
2011-03-18,0.24565184255666306,0.9743309762793866,288,/glade/work/jiachengye/33200/gpcp/daily/2011/gpcp_v01r03_daily_d20110318_c20170530.nc
2011-03-19,3.6242428685696706,8.983639316713825,288,/glade/work/jiachengye/33200/gpcp/daily/2011/gpcp_v01r03_daily_d20110319_c20170530.nc
2011-03-20,5.890195817008228,6.9028279920543545,288,/glade/work/jiachengye/33200/gpcp/daily/2011/gpcp_v01r03_daily_d20110320_c20170530.nc
2011-03-21,1.9557084207744793,3.697834356169088,288,/glade/work/jiachengye/33200/gpcp/daily/2011/gpcp_v01r03_daily_d20110321_c20170530.nc
2011-03-22,4.1877688416210725,5.363923269557002,288,/glade/work/jiachengye/33200/gpcp/daily/2011/gpcp_v01r03_daily_d20110322_c20170530.nc
2011-03-23,2.934018051470276,4.763931870829808,288,/glade/work/jiachengye/33200/gpcp/daily/2011/gpcp_v01r03_daily_d20110323_c20170530.nc
2011-03-24,0.07634598323603395,0.5616066901076443,288,/glade/work/jiachengye/33200/gpcp/daily/2011/gpcp_v01r03_daily_d20110324_c20170530.nc
2011-03-25,0.5118557920461385,1.5283160448929536,288,/glade/work/jiachengye/33200/gpcp/daily/2011/gpcp_v01r03_daily_d20110325_c20170530.nc
2011-03-26,1.14563162999473,3.488834022140277,288,/glade/work/jiachengye/33200/gpcp/daily/2011/gpcp_v01r03_daily_d20110326_c20170530.nc
2011-03-27,0.03349719570588024,0.1900515634059423,288,/glade/work/jiachengye/33200/gpcp/daily/2011/gpcp_v01r03_daily_d20110327_c20170530.nc
2011-03-28,0.28763304079291896,0.9972363662766737,288,/glade/work/jiachengye/33200/gpcp/daily/2011/gpcp_v01r03_daily_d20110328_c20170530.nc
2011-03-29,0.10871784143352392,0.46610604473317463,288,/glade/work/jiachengye/33200/gpcp/daily/2011/gpcp_v01r03_daily_d20110329_c20170530.nc
2011-03-30,0.33531603782491504,1.8799809992648853,288,/glade/work/jiachengye/33200/gpcp/daily/2011/gpcp_v01r03_daily_d20110330_c20170530.nc
2011-03-31,0.15261587679084113,0.4858547992964574,288,/glade/work/jiachengye/33200/gpcp/daily/2011/gpcp_v01r03_daily_d20110331_c20170530.nc
2011-04-01,0.0726683383166691,0.34499176290472616,288,/glade/work/jiachengye/33200/gpcp/daily/2011/gpcp_v01r03_daily_d20110401_c20170530.nc
2011-04-02,0.3433542099874483,1.0517706813479197,288,/glade/work/jiachengye/33200/gpcp/daily/2011/gpcp_v01r03_daily_d20110402_c20170530.nc
2011-04-03,4.8171295793585,4.899699881349,288,/glade/work/jiachengye/33200/gpcp/daily/2011/gpcp_v01r03_daily_d20110403_c20170530.nc
2011-04-04,9.598884276444137,10.658279052599585,288,/glade/work/jiachengye/33200/gpcp/daily/2011/gpcp_v01r03_daily_d20110404_c20170530.nc
2011-04-05,0.9136629364867966,2.859995604609946,288,/glade/work/jiachengye/33200/gpcp/daily/2011/gpcp_v01r03_daily_d20110405_c20170530.nc
2011-04-06,1.4262920237251584,3.2668986828221693,288,/glade/work/jiachengye/33200/gpcp/daily/2011/gpcp_v01r03_daily_d20110406_c20170530.nc
2011-04-07,1.9792205153237377,4.055640210590536,288,/glade/work/jiachengye/33200/gpcp/daily/2011/gpcp_v01r03_daily_d20110407_c20170530.nc
2011-04-08,1.7603867152762147,3.8217597102458125,288,/glade/work/jiachengye/33200/gpcp/daily/2011/gpcp_v01r03_daily_d20110408_c20170530.nc
2011-04-09,5.237267673006523,8.139978565988148,288,/glade/work/jiachengye/33200/gpcp/daily/2011/gpcp_v01r03_daily_d20110409_c20170530.nc
2011-04-10,3.941636702691972,5.858858386938189,288,/glade/work/jiachengye/33200/gpcp/daily/2011/gpcp_v01r03_daily_d20110410_c20170530.nc
2011-04-11,0.9110920686562554,2.713022353794569,288,/glade/work/jiachengye/33200/gpcp/daily/2011/gpcp_v01r03_daily_d20110411_c20170530.nc
2011-04-12,0.5483874624137209,1.562458339975838,288,/glade/work/jiachengye/33200/gpcp/daily/2011/gpcp_v01r03_daily_d20110412_c20170530.nc
2011-04-13,0.7235737958800236,1.5807050110099727,288,/glade/work/jiachengye/33200/gpcp/daily/2011/gpcp_v01r03_daily_d20110413_c20170530.nc
2011-04-14,2.0472816053790743,3.773579888346608,288,/glade/work/jiachengye/33200/gpcp/daily/2011/gpcp_v01r03_daily_d20110414_c20170530.nc
2011-04-15,5.832544205466568,5.934881313470793,288,/glade/work/jiachengye/33200/gpcp/daily/2011/gpcp_v01r03_daily_d20110415_c20170530.nc
2011-04-16,5.597978136921536,7.519271165216039,288,/glade/work/jiachengye/33200/gpcp/daily/2011/gpcp_v01r03_daily_d20110416_c20170530.nc
2011-04-17,1.8441910967475603,3.045773419784655,288,/glade/work/jiachengye/33200/gpcp/daily/2011/gpcp_v01r03_daily_d20110417_c20170530.nc
2011-04-18,1.8529007077183681,3.1149333412430447,288,/glade/work/jiachengye/33200/gpcp/daily/2011/gpcp_v01r03_daily_d20110418_c20170530.nc
2011-04-19,14.377365280613398,14.905058717803309,288,/glade/work/jiachengye/33200/gpcp/daily/2011/gpcp_v01r03_daily_d20110419_c20170530.nc
2011-04-20,7.698808621836943,10.995886597195666,288,/glade/work/jiachengye/33200/gpcp/daily/2011/gpcp_v01r03_daily_d20110420_c20170530.nc
2011-04-21,1.890200220332348,3.3703533720848866,288,/glade/work/jiachengye/33200/gpcp/daily/2011/gpcp_v01r03_daily_d20110421_c20170530.nc
2011-04-22,8.872695644909129,9.85559565958466,288,/glade/work/jiachengye/33200/gpcp/daily/2011/gpcp_v01r03_daily_d20110422_c20170530.nc
2011-04-23,9.761325787719445,19.040894228339596,288,/glade/work/jiachengye/33200/gpcp/daily/2011/gpcp_v01r03_daily_d20110423_c20170530.nc
2011-04-24,6.053801436409926,15.75030976556346,288,/glade/work/jiachengye/33200/gpcp/daily/2011/gpcp_v01r03_daily_d20110424_c20170530.nc
2011-04-25,4.150757009524893,10.113002515279007,288,/glade/work/jiachengye/33200/gpcp/daily/2011/gpcp_v01r03_daily_d20110425_c20170530.nc
2011-04-26,7.122881215003049,8.031456068251105,288,/glade/work/jiachengye/33200/gpcp/daily/2011/gpcp_v01r03_daily_d20110426_c20170530.nc
2011-04-27,4.2469757368001595,7.091602090380075,288,/glade/work/jiachengye/33200/gpcp/daily/2011/gpcp_v01r03_daily_d20110427_c20170530.nc
2011-04-28,3.1438402795616662,5.98508862641893,288,/glade/work/jiachengye/33200/gpcp/daily/2011/gpcp_v01r03_daily_d20110428_c20170530.nc
2011-04-29,0.6880241844492857,1.6327260362633649,288,/glade/work/jiachengye/33200/gpcp/daily/2011/gpcp_v01r03_daily_d20110429_c20170530.nc
2011-04-30,2.28461290832338,3.412130337079453,288,/glade/work/jiachengye/33200/gpcp/daily/2011/gpcp_v01r03_daily_d20110430_c20170530.nc
2011-05-01,4.8795195679686705,11.73414010084982,288,/glade/work/jiachengye/33200/gpcp/daily/2011/gpcp_v01r03_daily_d20110501_c20170530.nc
2011-05-02,4.019081614860762,9.64358254111447,288,/glade/work/jiachengye/33200/gpcp/daily/2011/gpcp_v01r03_daily_d20110502_c20170530.nc
2011-05-03,2.2545775442608242,6.412359003466865,288,/glade/work/jiachengye/33200/gpcp/daily/2011/gpcp_v01r03_daily_d20110503_c20170530.nc
2011-05-04,0.9843938837210163,2.1918984848627945,288,/glade/work/jiachengye/33200/gpcp/daily/2011/gpcp_v01r03_daily_d20110504_c20170530.nc
2011-05-05,1.7351310541319207,3.160601428100586,288,/glade/work/jiachengye/33200/gpcp/daily/2011/gpcp_v01r03_daily_d20110505_c20170530.nc
2011-05-06,0.9821292603014254,1.7666733489629867,288,/glade/work/jiachengye/33200/gpcp/daily/2011/gpcp_v01r03_daily_d20110506_c20170530.nc
2011-05-07,1.6000533255467797,3.0273193929709667,288,/glade/work/jiachengye/33200/gpcp/daily/2011/gpcp_v01r03_daily_d20110507_c20170530.nc
2011-05-08,1.3900163090035809,2.4230369237362677,288,/glade/work/jiachengye/33200/gpcp/daily/2011/gpcp_v01r03_daily_d20110508_c20170530.nc
2011-05-09,3.9820903232375757,5.556875186245039,288,/glade/work/jiachengye/33200/gpcp/daily/2011/gpcp_v01r03_daily_d20110509_c20170530.nc
2011-05-10,2.96782212028086,4.911457450270906,288,/glade/work/jiachengye/33200/gpcp/daily/2011/gpcp_v01r03_daily_d20110510_c20170530.nc
2011-05-11,9.44201541417757,13.136344858260458,288,/glade/work/jiachengye/33200/gpcp/daily/2011/gpcp_v01r03_daily_d20110511_c20170530.nc
2011-05-12,5.309542972207369,5.735460418419285,288,/glade/work/jiachengye/33200/gpcp/daily/2011/gpcp_v01r03_daily_d20110512_c20170530.nc
2011-05-13,2.7151176676751154,4.1836027575978765,288,/glade/work/jiachengye/33200/gpcp/daily/2011/gpcp_v01r03_daily_d20110513_c20170530.nc
2011-05-14,3.587642958101267,4.864364548940789,288,/glade/work/jiachengye/33200/gpcp/daily/2011/gpcp_v01r03_daily_d20110514_c20170530.nc
2011-05-15,2.6198426793740617,5.718637494806432,288,/glade/work/jiachengye/33200/gpcp/daily/2011/gpcp_v01r03_daily_d20110515_c20170530.nc
2011-05-16,0.3231635474513179,1.172170677167502,288,/glade/work/jiachengye/33200/gpcp/daily/2011/gpcp_v01r03_daily_d20110516_c20170530.nc
2011-05-17,2.058135558241365,5.369928553878553,288,/glade/work/jiachengye/33200/gpcp/daily/2011/gpcp_v01r03_daily_d20110517_c20170530.nc
2011-05-18,2.1280849645910203,4.138548028782149,288,/glade/work/jiachengye/33200/gpcp/daily/2011/gpcp_v01r03_daily_d20110518_c20170530.nc
2011-05-19,6.116626974570317,8.278285503133127,288,/glade/work/jiachengye/33200/gpcp/daily/2011/gpcp_v01r03_daily_d20110519_c20170530.nc
2011-05-20,8.61692504710802,11.856342208210734,288,/glade/work/jiachengye/33200/gpcp/daily/2011/gpcp_v01r03_daily_d20110520_c20170530.nc
2011-05-21,4.931376328327045,5.878524850579606,288,/glade/work/jiachengye/33200/gpcp/daily/2011/gpcp_v01r03_daily_d20110521_c20170530.nc
2011-05-22,4.406195493727981,4.767365408674541,288,/glade/work/jiachengye/33200/gpcp/daily/2011/gpcp_v01r03_daily_d20110522_c20170530.nc
2011-05-23,6.105942795172236,9.948751793553816,288,/glade/work/jiachengye/33200/gpcp/daily/2011/gpcp_v01r03_daily_d20110523_c20170530.nc
2011-05-24,5.72120120150203,8.134902690261788,288,/glade/work/jiachengye/33200/gpcp/daily/2011/gpcp_v01r03_daily_d20110524_c20170530.nc
2011-05-25,5.181861704533019,6.322776755134285,288,/glade/work/jiachengye/33200/gpcp/daily/2011/gpcp_v01r03_daily_d20110525_c20170530.nc
2011-05-26,4.611772828971611,7.224008462085889,288,/glade/work/jiachengye/33200/gpcp/daily/2011/gpcp_v01r03_daily_d20110526_c20170530.nc
2011-05-27,2.871457133680444,4.286180888070821,288,/glade/work/jiachengye/33200/gpcp/daily/2011/gpcp_v01r03_daily_d20110527_c20170530.nc
2011-05-28,4.125511597426188,5.388007124861316,288,/glade/work/jiachengye/33200/gpcp/daily/2011/gpcp_v01r03_daily_d20110528_c20170530.nc
2011-05-29,5.9266059584693584,7.155799981432945,288,/glade/work/jiachengye/33200/gpcp/daily/2011/gpcp_v01r03_daily_d20110529_c20170530.nc
2011-05-30,2.672719646391465,4.353526215148595,288,/glade/work/jiachengye/33200/gpcp/daily/2011/gpcp_v01r03_daily_d20110530_c20170530.nc
2011-05-31,4.390468087140663,7.1464465508252335,288,/glade/work/jiachengye/33200/gpcp/daily/2011/gpcp_v01r03_daily_d20110531_c20170530.nc
2011-06-01,0.9867776448534258,2.35413515639392,288,/glade/work/jiachengye/33200/gpcp/daily/2011/gpcp_v01r03_daily_d20110601_c20170530.nc
2011-06-02,8.149730519271339,12.666705756373492,288,/glade/work/jiachengye/33200/gpcp/daily/2011/gpcp_v01r03_daily_d20110602_c20170530.nc
2011-06-03,1.6782240161963633,2.6670663614770285,288,/glade/work/jiachengye/33200/gpcp/daily/2011/gpcp_v01r03_daily_d20110603_c20170530.nc
2011-06-04,1.7587624615617803,3.6802911439287467,288,/glade/work/jiachengye/33200/gpcp/daily/2011/gpcp_v01r03_daily_d20110604_c20170530.nc
2011-06-05,3.391632135025909,8.39232577706489,288,/glade/work/jiachengye/33200/gpcp/daily/2011/gpcp_v01r03_daily_d20110605_c20170530.nc
2011-06-06,0.44306706598022805,1.2893840816769087,288,/glade/work/jiachengye/33200/gpcp/daily/2011/gpcp_v01r03_daily_d20110606_c20170530.nc
2011-06-07,2.926426757251405,7.095018027309995,288,/glade/work/jiachengye/33200/gpcp/daily/2011/gpcp_v01r03_daily_d20110607_c20170530.nc
2011-06-08,1.0466160388188772,2.543599849167184,288,/glade/work/jiachengye/33200/gpcp/daily/2011/gpcp_v01r03_daily_d20110608_c20170530.nc
2011-06-09,5.219286768727857,7.473168176842609,288,/glade/work/jiachengye/33200/gpcp/daily/2011/gpcp_v01r03_daily_d20110609_c20170530.nc
2011-06-10,3.8154535038043225,4.749649568147162,288,/glade/work/jiachengye/33200/gpcp/daily/2011/gpcp_v01r03_daily_d20110610_c20170530.nc
2011-06-11,1.996923503654282,3.4766806137714434,288,/glade/work/jiachengye/33200/gpcp/daily/2011/gpcp_v01r03_daily_d20110611_c20170530.nc
2011-06-12,1.5855779488399364,2.6018334217778527,288,/glade/work/jiachengye/33200/gpcp/daily/2011/gpcp_v01r03_daily_d20110612_c20170530.nc
2011-06-13,1.9460993293109492,3.8041080180184386,288,/glade/work/jiachengye/33200/gpcp/daily/2011/gpcp_v01r03_daily_d20110613_c20170530.nc
2011-06-14,3.4479951404375675,5.452054682649248,288,/glade/work/jiachengye/33200/gpcp/daily/2011/gpcp_v01r03_daily_d20110614_c20170530.nc
2011-06-15,5.0172958475078815,6.839229091621518,288,/glade/work/jiachengye/33200/gpcp/daily/2011/gpcp_v01r03_daily_d20110615_c20170530.nc
2011-06-16,2.2525838813911254,3.7040493931880234,288,/glade/work/jiachengye/33200/gpcp/daily/2011/gpcp_v01r03_daily_d20110616_c20170530.nc
2011-06-17,5.67291735837421,6.886764080353223,288,/glade/work/jiachengye/33200/gpcp/daily/2011/gpcp_v01r03_daily_d20110617_c20170530.nc
2011-06-18,7.241385545453691,9.054169228233295,288,/glade/work/jiachengye/33200/gpcp/daily/2011/gpcp_v01r03_daily_d20110618_c20170530.nc
2011-06-19,8.248053052771217,8.061736777749426,288,/glade/work/jiachengye/33200/gpcp/daily/2011/gpcp_v01r03_daily_d20110619_c20170530.nc
2011-06-20,9.0135033106027,10.35793134565722,288,/glade/work/jiachengye/33200/gpcp/daily/2011/gpcp_v01r03_daily_d20110620_c20170530.nc
2011-06-21,8.433333316758564,6.365546306705364,288,/glade/work/jiachengye/33200/gpcp/daily/2011/gpcp_v01r03_daily_d20110621_c20170530.nc
2011-06-22,5.691401431032276,6.026745430276913,288,/glade/work/jiachengye/33200/gpcp/daily/2011/gpcp_v01r03_daily_d20110622_c20170530.nc
2011-06-23,2.005559029921719,3.0768223482161057,288,/glade/work/jiachengye/33200/gpcp/daily/2011/gpcp_v01r03_daily_d20110623_c20170530.nc
2011-06-24,2.3232271617690152,3.3123838294646566,288,/glade/work/jiachengye/33200/gpcp/daily/2011/gpcp_v01r03_daily_d20110624_c20170530.nc
2011-06-25,3.6678766875045885,4.525048117454504,288,/glade/work/jiachengye/33200/gpcp/daily/2011/gpcp_v01r03_daily_d20110625_c20170530.nc
2011-06-26,7.007510971909455,10.714872141733407,288,/glade/work/jiachengye/33200/gpcp/daily/2011/gpcp_v01r03_daily_d20110626_c20170530.nc
2011-06-27,7.1677408699391085,9.094545034348311,288,/glade/work/jiachengye/33200/gpcp/daily/2011/gpcp_v01r03_daily_d20110627_c20170530.nc
2011-06-28,0.5381835339875958,1.7818460546356056,288,/glade/work/jiachengye/33200/gpcp/daily/2011/gpcp_v01r03_daily_d20110628_c20170530.nc
2011-06-29,0.2672285296550627,1.2420428001162176,288,/glade/work/jiachengye/33200/gpcp/daily/2011/gpcp_v01r03_daily_d20110629_c20170530.nc
2011-06-30,0.7993649281796255,2.1090072717513686,288,/glade/work/jiachengye/33200/gpcp/daily/2011/gpcp_v01r03_daily_d20110630_c20170530.nc
2011-07-01,2.748398814942043,5.335486716986168,288,/glade/work/jiachengye/33200/gpcp/daily/2011/gpcp_v01r03_daily_d20110701_c20170530.nc
2011-07-02,1.431599635281666,2.9180278442328165,288,/glade/work/jiachengye/33200/gpcp/daily/2011/gpcp_v01r03_daily_d20110702_c20170530.nc
2011-07-03,3.8404126653041883,5.785285584387649,288,/glade/work/jiachengye/33200/gpcp/daily/2011/gpcp_v01r03_daily_d20110703_c20170530.nc
2011-07-04,1.680053295826254,3.3923668754566654,288,/glade/work/jiachengye/33200/gpcp/daily/2011/gpcp_v01r03_daily_d20110704_c20170530.nc
2011-07-05,3.4842961253089615,5.962246129247033,288,/glade/work/jiachengye/33200/gpcp/daily/2011/gpcp_v01r03_daily_d20110705_c20170530.nc
2011-07-06,2.884927243431988,4.455115815979484,288,/glade/work/jiachengye/33200/gpcp/daily/2011/gpcp_v01r03_daily_d20110706_c20170530.nc
2011-07-07,3.1397489050600176,3.898312443418467,288,/glade/work/jiachengye/33200/gpcp/daily/2011/gpcp_v01r03_daily_d20110707_c20170530.nc
2011-07-08,1.1618752242497856,2.892570202884765,288,/glade/work/jiachengye/33200/gpcp/daily/2011/gpcp_v01r03_daily_d20110708_c20170530.nc
2011-07-09,2.4352026785141554,3.8961011405896944,288,/glade/work/jiachengye/33200/gpcp/daily/2011/gpcp_v01r03_daily_d20110709_c20170530.nc
2011-07-10,1.4313361906182929,2.7190889653149517,288,/glade/work/jiachengye/33200/gpcp/daily/2011/gpcp_v01r03_daily_d20110710_c20170530.nc
2011-07-11,4.489989565369009,5.69226661247291,288,/glade/work/jiachengye/33200/gpcp/daily/2011/gpcp_v01r03_daily_d20110711_c20170530.nc
2011-07-12,5.913434140137703,9.414608135877232,288,/glade/work/jiachengye/33200/gpcp/daily/2011/gpcp_v01r03_daily_d20110712_c20170530.nc
2011-07-13,6.083699196489712,6.662345798383086,288,/glade/work/jiachengye/33200/gpcp/daily/2011/gpcp_v01r03_daily_d20110713_c20170530.nc
2011-07-14,2.597428106074851,4.228561103045911,288,/glade/work/jiachengye/33200/gpcp/daily/2011/gpcp_v01r03_daily_d20110714_c20170530.nc
2011-07-15,2.8149808796317033,3.9932051473892156,288,/glade/work/jiachengye/33200/gpcp/daily/2011/gpcp_v01r03_daily_d20110715_c20170530.nc
2011-07-16,1.9234356448586112,3.4843772960316324,288,/glade/work/jiachengye/33200/gpcp/daily/2011/gpcp_v01r03_daily_d20110716_c20170530.nc
2011-07-17,1.6665464106478451,4.112211447376065,288,/glade/work/jiachengye/33200/gpcp/daily/2011/gpcp_v01r03_daily_d20110717_c20170530.nc
2011-07-18,3.1526583995706474,4.71183661371195,288,/glade/work/jiachengye/33200/gpcp/daily/2011/gpcp_v01r03_daily_d20110718_c20170530.nc
2011-07-19,4.056386725017411,8.287475904227149,288,/glade/work/jiachengye/33200/gpcp/daily/2011/gpcp_v01r03_daily_d20110719_c20170530.nc
2011-07-20,3.171249616182381,5.497802708695885,288,/glade/work/jiachengye/33200/gpcp/daily/2011/gpcp_v01r03_daily_d20110720_c20170530.nc
2011-07-21,1.8184911776589756,3.4851846197649743,288,/glade/work/jiachengye/33200/gpcp/daily/2011/gpcp_v01r03_daily_d20110721_c20170530.nc
2011-07-22,2.6739354437385967,3.7669075302625488,288,/glade/work/jiachengye/33200/gpcp/daily/2011/gpcp_v01r03_daily_d20110722_c20170530.nc
2011-07-23,3.842132361489015,5.645777744759224,288,/glade/work/jiachengye/33200/gpcp/daily/2011/gpcp_v01r03_daily_d20110723_c20170530.nc
2011-07-24,3.44595197456462,5.354315624123424,288,/glade/work/jiachengye/33200/gpcp/daily/2011/gpcp_v01r03_daily_d20110724_c20170530.nc
2011-07-25,2.1772188279268927,4.571857484376363,288,/glade/work/jiachengye/33200/gpcp/daily/2011/gpcp_v01r03_daily_d20110725_c20170530.nc
2011-07-26,1.4153858718681933,3.0156944202065,288,/glade/work/jiachengye/33200/gpcp/daily/2011/gpcp_v01r03_daily_d20110726_c20170530.nc
2011-07-27,4.595862074724172,5.529613836774666,288,/glade/work/jiachengye/33200/gpcp/daily/2011/gpcp_v01r03_daily_d20110727_c20170530.nc
2011-07-28,5.609181835224805,6.846911181926238,288,/glade/work/jiachengye/33200/gpcp/daily/2011/gpcp_v01r03_daily_d20110728_c20170530.nc
2011-07-29,4.492718960199906,6.535218153081386,288,/glade/work/jiachengye/33200/gpcp/daily/2011/gpcp_v01r03_daily_d20110729_c20170530.nc
2011-07-30,3.051924545142725,4.766883267250231,288,/glade/work/jiachengye/33200/gpcp/daily/2011/gpcp_v01r03_daily_d20110730_c20170530.nc
2011-07-31,0.6447266188765807,1.6375517905860248,288,/glade/work/jiachengye/33200/gpcp/daily/2011/gpcp_v01r03_daily_d20110731_c20170530.nc
2011-08-01,3.233205875884455,5.557788558783,288,/glade/work/jiachengye/33200/gpcp/daily/2011/gpcp_v01r03_daily_d20110801_c20170530.nc
2011-08-02,6.009695809357394,8.353617342217916,288,/glade/work/jiachengye/33200/gpcp/daily/2011/gpcp_v01r03_daily_d20110802_c20170530.nc
2011-08-03,4.618350395726535,8.285794114551187,288,/glade/work/jiachengye/33200/gpcp/daily/2011/gpcp_v01r03_daily_d20110803_c20170530.nc
2011-08-04,2.9997920793579924,5.718956875493163,288,/glade/work/jiachengye/33200/gpcp/daily/2011/gpcp_v01r03_daily_d20110804_c20170530.nc
2011-08-05,4.32847502049206,5.721074237773509,288,/glade/work/jiachengye/33200/gpcp/daily/2011/gpcp_v01r03_daily_d20110805_c20170530.nc
2011-08-06,3.9163408266896558,4.485784793859622,288,/glade/work/jiachengye/33200/gpcp/daily/2011/gpcp_v01r03_daily_d20110806_c20170530.nc
2011-08-07,4.1504140333382145,5.992314287460889,288,/glade/work/jiachengye/33200/gpcp/daily/2011/gpcp_v01r03_daily_d20110807_c20170530.nc
2011-08-08,3.1006189967185036,4.0686879836348755,288,/glade/work/jiachengye/33200/gpcp/daily/2011/gpcp_v01r03_daily_d20110808_c20170530.nc
2011-08-09,2.06536108167287,3.732247344095559,288,/glade/work/jiachengye/33200/gpcp/daily/2011/gpcp_v01r03_daily_d20110809_c20170530.nc
2011-08-10,2.015644129452744,4.826350514654478,288,/glade/work/jiachengye/33200/gpcp/daily/2011/gpcp_v01r03_daily_d20110810_c20170530.nc
2011-08-11,0.5369299456565905,1.419934772696553,288,/glade/work/jiachengye/33200/gpcp/daily/2011/gpcp_v01r03_daily_d20110811_c20170530.nc
2011-08-12,3.8514764211238495,4.371230984763813,288,/glade/work/jiachengye/33200/gpcp/daily/2011/gpcp_v01r03_daily_d20110812_c20170530.nc
2011-08-13,2.7201364291972494,4.051582887182861,288,/glade/work/jiachengye/33200/gpcp/daily/2011/gpcp_v01r03_daily_d20110813_c20170530.nc
2011-08-14,1.4627742780761712,3.8842487122268294,288,/glade/work/jiachengye/33200/gpcp/daily/2011/gpcp_v01r03_daily_d20110814_c20170530.nc
2011-08-15,1.9217086841745017,3.60886239504258,288,/glade/work/jiachengye/33200/gpcp/daily/2011/gpcp_v01r03_daily_d20110815_c20170530.nc
2011-08-16,0.8969151982499495,2.0441379136801627,288,/glade/work/jiachengye/33200/gpcp/daily/2011/gpcp_v01r03_daily_d20110816_c20170530.nc
2011-08-17,0.7484310476466091,1.9469864582088818,288,/glade/work/jiachengye/33200/gpcp/daily/2011/gpcp_v01r03_daily_d20110817_c20170530.nc
2011-08-18,0.5341328703358939,1.7367692986345915,288,/glade/work/jiachengye/33200/gpcp/daily/2011/gpcp_v01r03_daily_d20110818_c20170530.nc
2011-08-19,3.0307784510378157,4.606430017678292,288,/glade/work/jiachengye/33200/gpcp/daily/2011/gpcp_v01r03_daily_d20110819_c20170530.nc
2011-08-20,4.349143882985778,5.330577247013883,288,/glade/work/jiachengye/33200/gpcp/daily/2011/gpcp_v01r03_daily_d20110820_c20170530.nc
2011-08-21,2.0992062123621937,4.171722389928095,288,/glade/work/jiachengye/33200/gpcp/daily/2011/gpcp_v01r03_daily_d20110821_c20170530.nc
2011-08-22,1.775668717949019,4.648544248490224,288,/glade/work/jiachengye/33200/gpcp/daily/2011/gpcp_v01r03_daily_d20110822_c20170530.nc
2011-08-23,2.508921535049622,4.407351165369491,288,/glade/work/jiachengye/33200/gpcp/daily/2011/gpcp_v01r03_daily_d20110823_c20170530.nc
2011-08-24,1.8557683114275743,3.8649418772476873,288,/glade/work/jiachengye/33200/gpcp/daily/2011/gpcp_v01r03_daily_d20110824_c20170530.nc
2011-08-25,2.616626738051479,7.172816854838786,288,/glade/work/jiachengye/33200/gpcp/daily/2011/gpcp_v01r03_daily_d20110825_c20170530.nc
2011-08-26,1.4951774849011588,2.76314448310655,288,/glade/work/jiachengye/33200/gpcp/daily/2011/gpcp_v01r03_daily_d20110826_c20170530.nc
2011-08-27,1.2599268979004208,2.8946759633910237,288,/glade/work/jiachengye/33200/gpcp/daily/2011/gpcp_v01r03_daily_d20110827_c20170530.nc
2011-08-28,1.1038853306525438,2.151386031943553,288,/glade/work/jiachengye/33200/gpcp/daily/2011/gpcp_v01r03_daily_d20110828_c20170530.nc
2011-08-29,1.9572233238791512,3.923858201201168,288,/glade/work/jiachengye/33200/gpcp/daily/2011/gpcp_v01r03_daily_d20110829_c20170530.nc
2011-08-30,3.674573050426315,4.337017224565334,288,/glade/work/jiachengye/33200/gpcp/daily/2011/gpcp_v01r03_daily_d20110830_c20170530.nc
2011-08-31,1.944368057833175,3.5220650157770526,288,/glade/work/jiachengye/33200/gpcp/daily/2011/gpcp_v01r03_daily_d20110831_c20170530.nc
2011-09-01,1.2893720512604163,3.1060833159293892,288,/glade/work/jiachengye/33200/gpcp/daily/2011/gpcp_v01r03_daily_d20110901_c20170530.nc
2011-09-02,3.349110716675867,5.207900481538722,288,/glade/work/jiachengye/33200/gpcp/daily/2011/gpcp_v01r03_daily_d20110902_c20170530.nc
2011-09-03,4.0861784255610605,6.764384881626354,288,/glade/work/jiachengye/33200/gpcp/daily/2011/gpcp_v01r03_daily_d20110903_c20170530.nc
2011-09-04,2.92797276692315,5.4222680224923,288,/glade/work/jiachengye/33200/gpcp/daily/2011/gpcp_v01r03_daily_d20110904_c20170530.nc
2011-09-05,3.018927619444605,8.283958179197851,288,/glade/work/jiachengye/33200/gpcp/daily/2011/gpcp_v01r03_daily_d20110905_c20170530.nc
2011-09-06,2.0243785427915557,5.6846945550641035,288,/glade/work/jiachengye/33200/gpcp/daily/2011/gpcp_v01r03_daily_d20110906_c20170530.nc
2011-09-07,1.2012189965176505,3.0378308949712514,288,/glade/work/jiachengye/33200/gpcp/daily/2011/gpcp_v01r03_daily_d20110907_c20170530.nc
2011-09-08,0.39056466870659295,1.5436026560102833,288,/glade/work/jiachengye/33200/gpcp/daily/2011/gpcp_v01r03_daily_d20110908_c20170530.nc
2011-09-09,0.06634632772742052,0.4414626454488016,288,/glade/work/jiachengye/33200/gpcp/daily/2011/gpcp_v01r03_daily_d20110909_c20170530.nc
2011-09-10,0.33072802680054836,1.6113661919038282,288,/glade/work/jiachengye/33200/gpcp/daily/2011/gpcp_v01r03_daily_d20110910_c20170530.nc
2011-09-11,0.26454460298419186,1.0151947690809022,288,/glade/work/jiachengye/33200/gpcp/daily/2011/gpcp_v01r03_daily_d20110911_c20170530.nc
2011-09-12,0.24026571000673078,0.8669580886205847,288,/glade/work/jiachengye/33200/gpcp/daily/2011/gpcp_v01r03_daily_d20110912_c20170530.nc
2011-09-13,0.33816389451398704,1.13074311530311,288,/glade/work/jiachengye/33200/gpcp/daily/2011/gpcp_v01r03_daily_d20110913_c20170530.nc
2011-09-14,5.973187951108149,10.771519072588433,288,/glade/work/jiachengye/33200/gpcp/daily/2011/gpcp_v01r03_daily_d20110914_c20170530.nc
2011-09-15,3.873140917112104,5.317809578139126,288,/glade/work/jiachengye/33200/gpcp/daily/2011/gpcp_v01r03_daily_d20110915_c20170530.nc
2011-09-16,2.572229309321874,4.136257341900971,288,/glade/work/jiachengye/33200/gpcp/daily/2011/gpcp_v01r03_daily_d20110916_c20170530.nc
2011-09-17,1.198903066750733,2.7072170190610043,288,/glade/work/jiachengye/33200/gpcp/daily/2011/gpcp_v01r03_daily_d20110917_c20170530.nc
2011-09-18,5.36135498320739,6.5230047491158825,288,/glade/work/jiachengye/33200/gpcp/daily/2011/gpcp_v01r03_daily_d20110918_c20170530.nc
2011-09-19,6.528269358766819,8.076889546104745,288,/glade/work/jiachengye/33200/gpcp/daily/2011/gpcp_v01r03_daily_d20110919_c20170530.nc
2011-09-20,3.30999439032098,5.987111757947086,288,/glade/work/jiachengye/33200/gpcp/daily/2011/gpcp_v01r03_daily_d20110920_c20170530.nc
2011-09-21,2.254866182145281,4.003955737709043,288,/glade/work/jiachengye/33200/gpcp/daily/2011/gpcp_v01r03_daily_d20110921_c20170530.nc
2011-09-22,1.8716412639127322,3.823024487537644,288,/glade/work/jiachengye/33200/gpcp/daily/2011/gpcp_v01r03_daily_d20110922_c20170530.nc
2011-09-23,2.4626891300310567,5.541849256844383,288,/glade/work/jiachengye/33200/gpcp/daily/2011/gpcp_v01r03_daily_d20110923_c20170530.nc
2011-09-24,0.3448947077000103,0.7303811878916918,288,/glade/work/jiachengye/33200/gpcp/daily/2011/gpcp_v01r03_daily_d20110924_c20170530.nc
2011-09-25,1.857347215693849,6.465656013878737,288,/glade/work/jiachengye/33200/gpcp/daily/2011/gpcp_v01r03_daily_d20110925_c20170530.nc
2011-09-26,5.293465737959855,8.00615358566156,288,/glade/work/jiachengye/33200/gpcp/daily/2011/gpcp_v01r03_daily_d20110926_c20170530.nc
2011-09-27,3.6618365472447163,6.8327662807162595,288,/glade/work/jiachengye/33200/gpcp/daily/2011/gpcp_v01r03_daily_d20110927_c20170530.nc
2011-09-28,0.810630249289,1.6961034995001685,288,/glade/work/jiachengye/33200/gpcp/daily/2011/gpcp_v01r03_daily_d20110928_c20170530.nc
2011-09-29,2.462062878827721,5.021210067234971,288,/glade/work/jiachengye/33200/gpcp/daily/2011/gpcp_v01r03_daily_d20110929_c20170530.nc
2011-09-30,1.4601777862036496,3.489939767486473,288,/glade/work/jiachengye/33200/gpcp/daily/2011/gpcp_v01r03_daily_d20110930_c20170530.nc
2011-10-01,0.1210889043157611,0.6534379887251653,288,/glade/work/jiachengye/33200/gpcp/daily/2011/gpcp_v01r03_daily_d20111001_c20170530.nc
2011-10-02,0.08214153661485124,0.6269087197034787,288,/glade/work/jiachengye/33200/gpcp/daily/2011/gpcp_v01r03_daily_d20111002_c20170530.nc
2011-10-03,0.675695949296801,2.037081960640153,288,/glade/work/jiachengye/33200/gpcp/daily/2011/gpcp_v01r03_daily_d20111003_c20170530.nc
2011-10-04,0.06508275718723815,0.2918776036534903,288,/glade/work/jiachengye/33200/gpcp/daily/2011/gpcp_v01r03_daily_d20111004_c20170530.nc
2011-10-05,0.08653202894172303,0.3431030208002206,288,/glade/work/jiachengye/33200/gpcp/daily/2011/gpcp_v01r03_daily_d20111005_c20170530.nc
2011-10-06,0.4494210257821124,1.1848981994516439,288,/glade/work/jiachengye/33200/gpcp/daily/2011/gpcp_v01r03_daily_d20111006_c20170530.nc
2011-10-07,1.2507645002312964,2.764027851808681,288,/glade/work/jiachengye/33200/gpcp/daily/2011/gpcp_v01r03_daily_d20111007_c20170530.nc
2011-10-08,4.585179866042754,9.61860035607445,288,/glade/work/jiachengye/33200/gpcp/daily/2011/gpcp_v01r03_daily_d20111008_c20170530.nc
2011-10-09,2.549858846783751,4.154931534481674,288,/glade/work/jiachengye/33200/gpcp/daily/2011/gpcp_v01r03_daily_d20111009_c20170530.nc
2011-10-10,1.5224347681643486,2.4788953517426515,288,/glade/work/jiachengye/33200/gpcp/daily/2011/gpcp_v01r03_daily_d20111010_c20170530.nc
2011-10-11,0.8520347115413888,2.4205565113195604,288,/glade/work/jiachengye/33200/gpcp/daily/2011/gpcp_v01r03_daily_d20111011_c20170530.nc
2011-10-12,4.486830411326768,6.7737702081636835,288,/glade/work/jiachengye/33200/gpcp/daily/2011/gpcp_v01r03_daily_d20111012_c20170530.nc
2011-10-13,2.894477297665224,4.231779777590397,288,/glade/work/jiachengye/33200/gpcp/daily/2011/gpcp_v01r03_daily_d20111013_c20170530.nc
2011-10-14,2.4759598752091265,5.094872410751624,288,/glade/work/jiachengye/33200/gpcp/daily/2011/gpcp_v01r03_daily_d20111014_c20170530.nc
2011-10-15,1.7947914738790993,3.779762579875177,288,/glade/work/jiachengye/33200/gpcp/daily/2011/gpcp_v01r03_daily_d20111015_c20170530.nc
2011-10-16,0.8586608671663787,2.0489328541840064,288,/glade/work/jiachengye/33200/gpcp/daily/2011/gpcp_v01r03_daily_d20111016_c20170530.nc
2011-10-17,3.861347094382768,4.512631058212333,288,/glade/work/jiachengye/33200/gpcp/daily/2011/gpcp_v01r03_daily_d20111017_c20170530.nc
2011-10-18,6.396315873446357,10.391186802204857,288,/glade/work/jiachengye/33200/gpcp/daily/2011/gpcp_v01r03_daily_d20111018_c20170530.nc
2011-10-19,4.028971590617096,7.38227833596345,288,/glade/work/jiachengye/33200/gpcp/daily/2011/gpcp_v01r03_daily_d20111019_c20170530.nc
2011-10-20,3.858932302955366,7.159395999939806,288,/glade/work/jiachengye/33200/gpcp/daily/2011/gpcp_v01r03_daily_d20111020_c20170530.nc
2011-10-21,0.24110612682093652,0.6544658765630496,288,/glade/work/jiachengye/33200/gpcp/daily/2011/gpcp_v01r03_daily_d20111021_c20170530.nc
2011-10-22,0.29770227351496303,0.7728094875133462,288,/glade/work/jiachengye/33200/gpcp/daily/2011/gpcp_v01r03_daily_d20111022_c20170530.nc
2011-10-23,0.9907138699615067,1.8730817552031735,288,/glade/work/jiachengye/33200/gpcp/daily/2011/gpcp_v01r03_daily_d20111023_c20170530.nc
2011-10-24,1.2827641024536436,2.9487131985392727,288,/glade/work/jiachengye/33200/gpcp/daily/2011/gpcp_v01r03_daily_d20111024_c20170530.nc
2011-10-25,1.938081020214393,2.8398883020608134,288,/glade/work/jiachengye/33200/gpcp/daily/2011/gpcp_v01r03_daily_d20111025_c20170530.nc
2011-10-26,3.8828084142144292,5.320853856946501,288,/glade/work/jiachengye/33200/gpcp/daily/2011/gpcp_v01r03_daily_d20111026_c20170530.nc
2011-10-27,2.7664335892475624,5.743374790717679,288,/glade/work/jiachengye/33200/gpcp/daily/2011/gpcp_v01r03_daily_d20111027_c20170530.nc
2011-10-28,2.0279407724841474,5.394825948464956,288,/glade/work/jiachengye/33200/gpcp/daily/2011/gpcp_v01r03_daily_d20111028_c20170530.nc
2011-10-29,0.4256762505786387,0.9791986297757458,288,/glade/work/jiachengye/33200/gpcp/daily/2011/gpcp_v01r03_daily_d20111029_c20170530.nc
2011-10-30,1.2725337979586555,1.8617077066902947,288,/glade/work/jiachengye/33200/gpcp/daily/2011/gpcp_v01r03_daily_d20111030_c20170530.nc
2011-10-31,0.5348939329208813,1.283761766836074,288,/glade/work/jiachengye/33200/gpcp/daily/2011/gpcp_v01r03_daily_d20111031_c20170530.nc
2011-11-01,0.5251475573140368,1.0751164051145716,288,/glade/work/jiachengye/33200/gpcp/daily/2011/gpcp_v01r03_daily_d20111101_c20170530.nc
2011-11-02,2.6838928197592384,3.758775515740424,288,/glade/work/jiachengye/33200/gpcp/daily/2011/gpcp_v01r03_daily_d20111102_c20170530.nc
2011-11-03,5.783418527828357,9.12284710928936,288,/glade/work/jiachengye/33200/gpcp/daily/2011/gpcp_v01r03_daily_d20111103_c20170530.nc
2011-11-04,1.0568379026891095,4.776294231411196,288,/glade/work/jiachengye/33200/gpcp/daily/2011/gpcp_v01r03_daily_d20111104_c20170530.nc
2011-11-05,0.2089562579527612,0.5291359067177659,288,/glade/work/jiachengye/33200/gpcp/daily/2011/gpcp_v01r03_daily_d20111105_c20170530.nc
2011-11-06,0.6422264060986702,1.4430316813199564,288,/glade/work/jiachengye/33200/gpcp/daily/2011/gpcp_v01r03_daily_d20111106_c20170530.nc
2011-11-07,1.5176731118968572,4.0959171895413595,288,/glade/work/jiachengye/33200/gpcp/daily/2011/gpcp_v01r03_daily_d20111107_c20170530.nc
2011-11-08,8.419378944160757,15.581971212092874,288,/glade/work/jiachengye/33200/gpcp/daily/2011/gpcp_v01r03_daily_d20111108_c20170530.nc
2011-11-09,4.600938423867838,5.620521339111683,288,/glade/work/jiachengye/33200/gpcp/daily/2011/gpcp_v01r03_daily_d20111109_c20170530.nc
2011-11-10,0.24338148090203823,0.8340686776266542,288,/glade/work/jiachengye/33200/gpcp/daily/2011/gpcp_v01r03_daily_d20111110_c20170530.nc
2011-11-11,0.3283446891211433,0.722074990756712,288,/glade/work/jiachengye/33200/gpcp/daily/2011/gpcp_v01r03_daily_d20111111_c20170530.nc
2011-11-12,1.046426536442672,2.301196580234017,288,/glade/work/jiachengye/33200/gpcp/daily/2011/gpcp_v01r03_daily_d20111112_c20170530.nc
2011-11-13,3.588500251624411,4.5693509204668885,288,/glade/work/jiachengye/33200/gpcp/daily/2011/gpcp_v01r03_daily_d20111113_c20170530.nc
2011-11-14,2.6110530534974683,4.151130717533965,288,/glade/work/jiachengye/33200/gpcp/daily/2011/gpcp_v01r03_daily_d20111114_c20170530.nc
2011-11-15,7.157770163935468,16.318384891234377,288,/glade/work/jiachengye/33200/gpcp/daily/2011/gpcp_v01r03_daily_d20111115_c20170530.nc
2011-11-16,1.77525816648483,5.1057586053140565,288,/glade/work/jiachengye/33200/gpcp/daily/2011/gpcp_v01r03_daily_d20111116_c20170530.nc
2011-11-17,0.10384779078179596,0.27803656010697025,288,/glade/work/jiachengye/33200/gpcp/daily/2011/gpcp_v01r03_daily_d20111117_c20170530.nc
2011-11-18,1.1036952037936913,2.0536516457523413,288,/glade/work/jiachengye/33200/gpcp/daily/2011/gpcp_v01r03_daily_d20111118_c20170530.nc
2011-11-19,1.4369613520132425,2.1062395907395217,288,/glade/work/jiachengye/33200/gpcp/daily/2011/gpcp_v01r03_daily_d20111119_c20170530.nc
2011-11-20,1.5128142383523884,2.734446004114083,288,/glade/work/jiachengye/33200/gpcp/daily/2011/gpcp_v01r03_daily_d20111120_c20170530.nc
2011-11-21,4.404712374104902,11.364882269002983,288,/glade/work/jiachengye/33200/gpcp/daily/2011/gpcp_v01r03_daily_d20111121_c20170530.nc
2011-11-22,13.231695875210502,16.95246195387736,288,/glade/work/jiachengye/33200/gpcp/daily/2011/gpcp_v01r03_daily_d20111122_c20170530.nc
2011-11-23,1.1049108836255017,3.462272668971737,288,/glade/work/jiachengye/33200/gpcp/daily/2011/gpcp_v01r03_daily_d20111123_c20170530.nc
2011-11-24,0.05526017381071332,0.22155908629499807,288,/glade/work/jiachengye/33200/gpcp/daily/2011/gpcp_v01r03_daily_d20111124_c20170530.nc
2011-11-25,1.3745493830184397,2.0460857538547668,288,/glade/work/jiachengye/33200/gpcp/daily/2011/gpcp_v01r03_daily_d20111125_c20170530.nc
2011-11-26,3.836517481068034,4.813832196262038,288,/glade/work/jiachengye/33200/gpcp/daily/2011/gpcp_v01r03_daily_d20111126_c20170530.nc
2011-11-27,2.65232351153128,5.125485173621788,288,/glade/work/jiachengye/33200/gpcp/daily/2011/gpcp_v01r03_daily_d20111127_c20170530.nc
2011-11-28,1.0077150550077243,2.520894304095469,288,/glade/work/jiachengye/33200/gpcp/daily/2011/gpcp_v01r03_daily_d20111128_c20170530.nc
2011-11-29,3.630405961548332,7.139133245341072,288,/glade/work/jiachengye/33200/gpcp/daily/2011/gpcp_v01r03_daily_d20111129_c20170530.nc
2011-11-30,1.1007814656369415,1.4919438911301275,288,/glade/work/jiachengye/33200/gpcp/daily/2011/gpcp_v01r03_daily_d20111130_c20170530.nc
2011-12-01,1.93791356998357,3.1794927707680154,288,/glade/work/jiachengye/33200/gpcp/daily/2011/gpcp_v01r03_daily_d20111201_c20170530.nc
2011-12-02,0.5704319997382773,1.5279263264452472,288,/glade/work/jiachengye/33200/gpcp/daily/2011/gpcp_v01r03_daily_d20111202_c20170530.nc
2011-12-03,7.70788952061325,9.109726137566794,288,/glade/work/jiachengye/33200/gpcp/daily/2011/gpcp_v01r03_daily_d20111203_c20170530.nc
2011-12-04,3.0074670799019616,4.831620431687267,288,/glade/work/jiachengye/33200/gpcp/daily/2011/gpcp_v01r03_daily_d20111204_c20170530.nc
2011-12-05,9.318370612537318,17.86303246745342,287,/glade/work/jiachengye/33200/gpcp/daily/2011/gpcp_v01r03_daily_d20111205_c20170530.nc
2011-12-06,1.2559677551387598,4.927338461278465,288,/glade/work/jiachengye/33200/gpcp/daily/2011/gpcp_v01r03_daily_d20111206_c20170530.nc
2011-12-07,1.373960709310689,4.498224681861547,288,/glade/work/jiachengye/33200/gpcp/daily/2011/gpcp_v01r03_daily_d20111207_c20170530.nc
2011-12-08,0.5446641727232785,1.3941230205291557,288,/glade/work/jiachengye/33200/gpcp/daily/2011/gpcp_v01r03_daily_d20111208_c20170530.nc
2011-12-09,0.49518310204969024,1.6221498796922234,288,/glade/work/jiachengye/33200/gpcp/daily/2011/gpcp_v01r03_daily_d20111209_c20170530.nc
2011-12-10,0.07311307472542455,0.32422987270038406,288,/glade/work/jiachengye/33200/gpcp/daily/2011/gpcp_v01r03_daily_d20111210_c20170530.nc
2011-12-11,0.08367992299522306,0.5428192845458717,288,/glade/work/jiachengye/33200/gpcp/daily/2011/gpcp_v01r03_daily_d20111211_c20170530.nc
2011-12-12,0.0367452003064388,0.19035545483704147,288,/glade/work/jiachengye/33200/gpcp/daily/2011/gpcp_v01r03_daily_d20111212_c20170530.nc
2011-12-13,0.30568849595153497,1.0489918427982226,288,/glade/work/jiachengye/33200/gpcp/daily/2011/gpcp_v01r03_daily_d20111213_c20170530.nc
2011-12-14,7.180324713191779,8.243218281971961,288,/glade/work/jiachengye/33200/gpcp/daily/2011/gpcp_v01r03_daily_d20111214_c20170530.nc
2011-12-15,7.0932217085937745,12.388364464410671,288,/glade/work/jiachengye/33200/gpcp/daily/2011/gpcp_v01r03_daily_d20111215_c20170530.nc
2011-12-16,0.5537453725843546,1.1693748399652628,288,/glade/work/jiachengye/33200/gpcp/daily/2011/gpcp_v01r03_daily_d20111216_c20170530.nc
2011-12-17,0.171518548448333,0.6444175188463429,288,/glade/work/jiachengye/33200/gpcp/daily/2011/gpcp_v01r03_daily_d20111217_c20170530.nc
2011-12-18,0.6677701467352518,1.5155872682216993,288,/glade/work/jiachengye/33200/gpcp/daily/2011/gpcp_v01r03_daily_d20111218_c20170530.nc
2011-12-19,2.0966179814196835,5.589134542151984,288,/glade/work/jiachengye/33200/gpcp/daily/2011/gpcp_v01r03_daily_d20111219_c20170530.nc
2011-12-20,3.554862752279894,6.682313869683472,288,/glade/work/jiachengye/33200/gpcp/daily/2011/gpcp_v01r03_daily_d20111220_c20170530.nc
2011-12-21,4.0394101515966145,9.10539758519625,288,/glade/work/jiachengye/33200/gpcp/daily/2011/gpcp_v01r03_daily_d20111221_c20170530.nc
2011-12-22,2.600950216477518,3.6017647312418406,288,/glade/work/jiachengye/33200/gpcp/daily/2011/gpcp_v01r03_daily_d20111222_c20170530.nc
2011-12-23,1.6892320881375182,4.319004212134889,288,/glade/work/jiachengye/33200/gpcp/daily/2011/gpcp_v01r03_daily_d20111223_c20170530.nc
2011-12-24,0.2243714891158034,0.6191135350838806,288,/glade/work/jiachengye/33200/gpcp/daily/2011/gpcp_v01r03_daily_d20111224_c20170530.nc
2011-12-25,0.31621171064837755,1.0049927163910324,288,/glade/work/jiachengye/33200/gpcp/daily/2011/gpcp_v01r03_daily_d20111225_c20170530.nc
2011-12-26,0.7865422624421615,2.100311039327624,288,/glade/work/jiachengye/33200/gpcp/daily/2011/gpcp_v01r03_daily_d20111226_c20170530.nc
2011-12-27,3.6538321559304183,6.410754208342112,288,/glade/work/jiachengye/33200/gpcp/daily/2011/gpcp_v01r03_daily_d20111227_c20170530.nc
2011-12-28,0.32396557002428295,0.6799978938239469,288,/glade/work/jiachengye/33200/gpcp/daily/2011/gpcp_v01r03_daily_d20111228_c20170530.nc
2011-12-29,0.9464835213471945,1.396279996149044,288,/glade/work/jiachengye/33200/gpcp/daily/2011/gpcp_v01r03_daily_d20111229_c20170530.nc
2011-12-30,1.4143501296524503,2.8555392639056576,288,/glade/work/jiachengye/33200/gpcp/daily/2011/gpcp_v01r03_daily_d20111230_c20170530.nc
2011-12-31,1.4566195499018793,2.3125069834584058,288,/glade/work/jiachengye/33200/gpcp/daily/2011/gpcp_v01r03_daily_d20111231_c20170530.nc
2012-01-01,1.3134353342745113,2.830677292651698,288,/glade/work/jiachengye/33200/gpcp/daily/2012/gpcp_v01r03_daily_d20120101_c20170530.nc
2012-01-02,0.28552752612552995,0.8660175133554138,288,/glade/work/jiachengye/33200/gpcp/daily/2012/gpcp_v01r03_daily_d20120102_c20170530.nc
2012-01-03,0.36150009381608816,0.9913742876006657,288,/glade/work/jiachengye/33200/gpcp/daily/2012/gpcp_v01r03_daily_d20120103_c20170530.nc
2012-01-04,0.3851123153295568,0.9557753753657957,288,/glade/work/jiachengye/33200/gpcp/daily/2012/gpcp_v01r03_daily_d20120104_c20170530.nc
2012-01-05,0.42735103663233476,1.1313403773397552,288,/glade/work/jiachengye/33200/gpcp/daily/2012/gpcp_v01r03_daily_d20120105_c20170530.nc
2012-01-06,0.596229886093189,2.2589506797030103,288,/glade/work/jiachengye/33200/gpcp/daily/2012/gpcp_v01r03_daily_d20120106_c20170530.nc
2012-01-07,0.21603680709777115,0.6587395859751958,288,/glade/work/jiachengye/33200/gpcp/daily/2012/gpcp_v01r03_daily_d20120107_c20170530.nc
2012-01-08,0.12183415733878292,0.36135075074874945,288,/glade/work/jiachengye/33200/gpcp/daily/2012/gpcp_v01r03_daily_d20120108_c20170530.nc
2012-01-09,0.43503414453661704,1.08322298305451,288,/glade/work/jiachengye/33200/gpcp/daily/2012/gpcp_v01r03_daily_d20120109_c20170530.nc
2012-01-10,0.23664431565267557,0.6631455037779104,288,/glade/work/jiachengye/33200/gpcp/daily/2012/gpcp_v01r03_daily_d20120110_c20170530.nc
2012-01-11,5.600681187562912,9.429558702859321,288,/glade/work/jiachengye/33200/gpcp/daily/2012/gpcp_v01r03_daily_d20120111_c20170530.nc
2012-01-12,2.610802862424472,4.227951647720703,288,/glade/work/jiachengye/33200/gpcp/daily/2012/gpcp_v01r03_daily_d20120112_c20170530.nc
2012-01-13,1.0240193868361818,2.706005370178866,288,/glade/work/jiachengye/33200/gpcp/daily/2012/gpcp_v01r03_daily_d20120113_c20170530.nc
2012-01-14,0.13029179299395882,0.7129535905398859,288,/glade/work/jiachengye/33200/gpcp/daily/2012/gpcp_v01r03_daily_d20120114_c20170530.nc
2012-01-15,0.030790130513336005,0.12043843861215713,288,/glade/work/jiachengye/33200/gpcp/daily/2012/gpcp_v01r03_daily_d20120115_c20170530.nc
2012-01-16,0.6110391962100935,1.267892479970374,288,/glade/work/jiachengye/33200/gpcp/daily/2012/gpcp_v01r03_daily_d20120116_c20170530.nc
2012-01-17,3.353471465170208,4.837739354793208,288,/glade/work/jiachengye/33200/gpcp/daily/2012/gpcp_v01r03_daily_d20120117_c20170530.nc
2012-01-18,0.2911874593602819,1.3979742929583625,288,/glade/work/jiachengye/33200/gpcp/daily/2012/gpcp_v01r03_daily_d20120118_c20170530.nc
2012-01-19,1.382271640012376,2.6368816301730367,288,/glade/work/jiachengye/33200/gpcp/daily/2012/gpcp_v01r03_daily_d20120119_c20170530.nc
2012-01-20,3.9776076797775857,5.384399786872402,288,/glade/work/jiachengye/33200/gpcp/daily/2012/gpcp_v01r03_daily_d20120120_c20170530.nc
2012-01-21,3.157277364857157,8.310088430309778,288,/glade/work/jiachengye/33200/gpcp/daily/2012/gpcp_v01r03_daily_d20120121_c20170530.nc
2012-01-22,2.8086501047005252,4.180849180917846,288,/glade/work/jiachengye/33200/gpcp/daily/2012/gpcp_v01r03_daily_d20120122_c20170530.nc
2012-01-23,4.6262281412598,6.650307446856032,288,/glade/work/jiachengye/33200/gpcp/daily/2012/gpcp_v01r03_daily_d20120123_c20170530.nc
2012-01-24,0.4481116275154374,0.908485047211312,288,/glade/work/jiachengye/33200/gpcp/daily/2012/gpcp_v01r03_daily_d20120124_c20170530.nc
2012-01-25,2.7333601903046914,4.7769792081546365,288,/glade/work/jiachengye/33200/gpcp/daily/2012/gpcp_v01r03_daily_d20120125_c20170530.nc
2012-01-26,1.9415504886631838,4.2508397085424745,288,/glade/work/jiachengye/33200/gpcp/daily/2012/gpcp_v01r03_daily_d20120126_c20170530.nc
2012-01-27,2.526573772797826,5.765101389136881,288,/glade/work/jiachengye/33200/gpcp/daily/2012/gpcp_v01r03_daily_d20120127_c20170530.nc
2012-01-28,1.305773327261568,3.014796005173265,288,/glade/work/jiachengye/33200/gpcp/daily/2012/gpcp_v01r03_daily_d20120128_c20170530.nc
2012-01-29,0.36774515082165443,0.8157741480421712,288,/glade/work/jiachengye/33200/gpcp/daily/2012/gpcp_v01r03_daily_d20120129_c20170530.nc
2012-01-30,1.486761074907552,2.05748249776508,288,/glade/work/jiachengye/33200/gpcp/daily/2012/gpcp_v01r03_daily_d20120130_c20170530.nc
2012-01-31,1.5482987199853624,3.5330937448731374,288,/glade/work/jiachengye/33200/gpcp/daily/2012/gpcp_v01r03_daily_d20120131_c20170530.nc
2012-02-01,0.19264034071379338,1.014594345512036,288,/glade/work/jiachengye/33200/gpcp/daily/2012/gpcp_v01r03_daily_d20120201_c20170530.nc
2012-02-02,0.8535635490099812,2.1503494752748558,288,/glade/work/jiachengye/33200/gpcp/daily/2012/gpcp_v01r03_daily_d20120202_c20170530.nc
2012-02-03,7.793983481070205,13.736827293400554,288,/glade/work/jiachengye/33200/gpcp/daily/2012/gpcp_v01r03_daily_d20120203_c20170530.nc
2012-02-04,6.25237996616191,9.344338089464795,288,/glade/work/jiachengye/33200/gpcp/daily/2012/gpcp_v01r03_daily_d20120204_c20170530.nc
2012-02-05,0.20437790046335688,1.0604687680242455,288,/glade/work/jiachengye/33200/gpcp/daily/2012/gpcp_v01r03_daily_d20120205_c20170530.nc
2012-02-06,0.01697964374133633,0.18320699864215262,288,/glade/work/jiachengye/33200/gpcp/daily/2012/gpcp_v01r03_daily_d20120206_c20170530.nc
2012-02-07,0.518716213930283,1.9971380700242578,288,/glade/work/jiachengye/33200/gpcp/daily/2012/gpcp_v01r03_daily_d20120207_c20170530.nc
2012-02-08,0.08041921661757036,0.4086944701460719,288,/glade/work/jiachengye/33200/gpcp/daily/2012/gpcp_v01r03_daily_d20120208_c20170530.nc
2012-02-09,0.2744915854423778,1.120599984983622,288,/glade/work/jiachengye/33200/gpcp/daily/2012/gpcp_v01r03_daily_d20120209_c20170530.nc
2012-02-10,1.8433732444964872,2.8239146727727706,288,/glade/work/jiachengye/33200/gpcp/daily/2012/gpcp_v01r03_daily_d20120210_c20170530.nc
2012-02-11,0.3554900591821491,1.056814461444428,288,/glade/work/jiachengye/33200/gpcp/daily/2012/gpcp_v01r03_daily_d20120211_c20170530.nc
2012-02-12,0.3088475698626503,0.9063849089317788,288,/glade/work/jiachengye/33200/gpcp/daily/2012/gpcp_v01r03_daily_d20120212_c20170530.nc
2012-02-13,2.700906957961724,4.325531717622928,288,/glade/work/jiachengye/33200/gpcp/daily/2012/gpcp_v01r03_daily_d20120213_c20170530.nc
2012-02-14,1.3638524045924176,2.607059393897676,288,/glade/work/jiachengye/33200/gpcp/daily/2012/gpcp_v01r03_daily_d20120214_c20170530.nc
2012-02-15,0.2533090797388324,0.7460945600220512,288,/glade/work/jiachengye/33200/gpcp/daily/2012/gpcp_v01r03_daily_d20120215_c20170530.nc
2012-02-16,0.6802843037303615,2.2494903428324564,288,/glade/work/jiachengye/33200/gpcp/daily/2012/gpcp_v01r03_daily_d20120216_c20170530.nc
2012-02-17,0.023997593887918178,0.14509714700052778,288,/glade/work/jiachengye/33200/gpcp/daily/2012/gpcp_v01r03_daily_d20120217_c20170530.nc
2012-02-18,0.26664510756192106,0.8721183340536899,288,/glade/work/jiachengye/33200/gpcp/daily/2012/gpcp_v01r03_daily_d20120218_c20170530.nc
2012-02-19,0.6789954376844047,2.7720330159362163,288,/glade/work/jiachengye/33200/gpcp/daily/2012/gpcp_v01r03_daily_d20120219_c20170530.nc
2012-02-20,2.26643622810234,3.5795124319752647,288,/glade/work/jiachengye/33200/gpcp/daily/2012/gpcp_v01r03_daily_d20120220_c20170530.nc
2012-02-21,2.2499042725855674,3.248028965900378,288,/glade/work/jiachengye/33200/gpcp/daily/2012/gpcp_v01r03_daily_d20120221_c20170530.nc
2012-02-22,0.6554882944023444,1.819632084933311,288,/glade/work/jiachengye/33200/gpcp/daily/2012/gpcp_v01r03_daily_d20120222_c20170530.nc
2012-02-23,3.727725508630432,4.894112588476416,288,/glade/work/jiachengye/33200/gpcp/daily/2012/gpcp_v01r03_daily_d20120223_c20170530.nc
2012-02-24,1.5957504457610723,3.470068124867346,288,/glade/work/jiachengye/33200/gpcp/daily/2012/gpcp_v01r03_daily_d20120224_c20170530.nc
2012-02-25,0.3163346734379606,0.8641726468355955,288,/glade/work/jiachengye/33200/gpcp/daily/2012/gpcp_v01r03_daily_d20120225_c20170530.nc
2012-02-26,1.8225220792604095,2.8045485611892573,288,/glade/work/jiachengye/33200/gpcp/daily/2012/gpcp_v01r03_daily_d20120226_c20170530.nc
2012-02-27,0.2928673976441479,0.8829261176080974,288,/glade/work/jiachengye/33200/gpcp/daily/2012/gpcp_v01r03_daily_d20120227_c20170530.nc
2012-02-28,1.222923343649453,2.10662582483361,288,/glade/work/jiachengye/33200/gpcp/daily/2012/gpcp_v01r03_daily_d20120228_c20170530.nc
2012-02-29,9.827798680762129,10.297144432245474,288,/glade/work/jiachengye/33200/gpcp/daily/2012/gpcp_v01r03_daily_d20120229_c20170530.nc
2012-03-01,0.6470631241882377,1.5446224206742116,288,/glade/work/jiachengye/33200/gpcp/daily/2012/gpcp_v01r03_daily_d20120301_c20170530.nc
2012-03-02,4.78957247564202,7.193746948911699,288,/glade/work/jiachengye/33200/gpcp/daily/2012/gpcp_v01r03_daily_d20120302_c20170530.nc
2012-03-03,2.697661561370481,6.142090433736689,288,/glade/work/jiachengye/33200/gpcp/daily/2012/gpcp_v01r03_daily_d20120303_c20170530.nc
2012-03-04,0.43769510706136977,0.9486501546257953,288,/glade/work/jiachengye/33200/gpcp/daily/2012/gpcp_v01r03_daily_d20120304_c20170530.nc
2012-03-05,0.10141907839862373,0.3514491407984077,288,/glade/work/jiachengye/33200/gpcp/daily/2012/gpcp_v01r03_daily_d20120305_c20170530.nc
2012-03-06,1.3706640398435221,3.2654694003003195,288,/glade/work/jiachengye/33200/gpcp/daily/2012/gpcp_v01r03_daily_d20120306_c20170530.nc
2012-03-07,1.517502472825151,2.2403941567948666,288,/glade/work/jiachengye/33200/gpcp/daily/2012/gpcp_v01r03_daily_d20120307_c20170530.nc
2012-03-08,3.25364703926034,6.486821740160802,288,/glade/work/jiachengye/33200/gpcp/daily/2012/gpcp_v01r03_daily_d20120308_c20170530.nc
2012-03-09,0.4129651890682742,1.6735324420513273,288,/glade/work/jiachengye/33200/gpcp/daily/2012/gpcp_v01r03_daily_d20120309_c20170530.nc
2012-03-10,0.9280818311751352,2.1033495947422245,288,/glade/work/jiachengye/33200/gpcp/daily/2012/gpcp_v01r03_daily_d20120310_c20170530.nc
2012-03-11,1.15777283578911,2.9711209985637606,288,/glade/work/jiachengye/33200/gpcp/daily/2012/gpcp_v01r03_daily_d20120311_c20170530.nc
2012-03-12,2.4162099290373518,3.2389052773473277,288,/glade/work/jiachengye/33200/gpcp/daily/2012/gpcp_v01r03_daily_d20120312_c20170530.nc
2012-03-13,0.325279474018211,1.1344853526983567,288,/glade/work/jiachengye/33200/gpcp/daily/2012/gpcp_v01r03_daily_d20120313_c20170530.nc
2012-03-14,0.06044337454605724,0.5842583810281972,288,/glade/work/jiachengye/33200/gpcp/daily/2012/gpcp_v01r03_daily_d20120314_c20170530.nc
2012-03-15,3.7529520645526664,8.340027820380556,288,/glade/work/jiachengye/33200/gpcp/daily/2012/gpcp_v01r03_daily_d20120315_c20170530.nc
2012-03-16,3.2641792300757504,8.331719063529608,288,/glade/work/jiachengye/33200/gpcp/daily/2012/gpcp_v01r03_daily_d20120316_c20170530.nc
2012-03-17,0.7938352012528148,2.7553435904222736,288,/glade/work/jiachengye/33200/gpcp/daily/2012/gpcp_v01r03_daily_d20120317_c20170530.nc
2012-03-18,0.9713965428040711,2.831025519151627,288,/glade/work/jiachengye/33200/gpcp/daily/2012/gpcp_v01r03_daily_d20120318_c20170530.nc
2012-03-19,3.443401374771469,6.8615246999011985,288,/glade/work/jiachengye/33200/gpcp/daily/2012/gpcp_v01r03_daily_d20120319_c20170530.nc
2012-03-20,2.183406843757987,5.332124338197522,288,/glade/work/jiachengye/33200/gpcp/daily/2012/gpcp_v01r03_daily_d20120320_c20170530.nc
2012-03-21,2.5149188621934537,5.193348872977412,288,/glade/work/jiachengye/33200/gpcp/daily/2012/gpcp_v01r03_daily_d20120321_c20170530.nc
2012-03-22,3.331732427162051,4.366622852657384,288,/glade/work/jiachengye/33200/gpcp/daily/2012/gpcp_v01r03_daily_d20120322_c20170530.nc
2012-03-23,3.505580426292832,4.852840842146545,288,/glade/work/jiachengye/33200/gpcp/daily/2012/gpcp_v01r03_daily_d20120323_c20170530.nc
2012-03-24,1.5860367796537687,3.460295333964836,288,/glade/work/jiachengye/33200/gpcp/daily/2012/gpcp_v01r03_daily_d20120324_c20170530.nc
2012-03-25,0.16098980872986612,0.8426495483641504,288,/glade/work/jiachengye/33200/gpcp/daily/2012/gpcp_v01r03_daily_d20120325_c20170530.nc
2012-03-26,0.507787710310051,1.0402962951721835,288,/glade/work/jiachengye/33200/gpcp/daily/2012/gpcp_v01r03_daily_d20120326_c20170530.nc
2012-03-27,1.7070928417494386,2.684840602361907,288,/glade/work/jiachengye/33200/gpcp/daily/2012/gpcp_v01r03_daily_d20120327_c20170530.nc
2012-03-28,0.4776481284807888,1.3341067873674342,288,/glade/work/jiachengye/33200/gpcp/daily/2012/gpcp_v01r03_daily_d20120328_c20170530.nc
2012-03-29,3.9614472187985115,8.738446813152555,288,/glade/work/jiachengye/33200/gpcp/daily/2012/gpcp_v01r03_daily_d20120329_c20170530.nc
2012-03-30,3.8998408168300656,6.664175761899804,288,/glade/work/jiachengye/33200/gpcp/daily/2012/gpcp_v01r03_daily_d20120330_c20170530.nc
2012-03-31,1.751943488764827,2.7634222726812565,288,/glade/work/jiachengye/33200/gpcp/daily/2012/gpcp_v01r03_daily_d20120331_c20170530.nc
2012-04-01,0.8596114823347739,1.6342899251753515,288,/glade/work/jiachengye/33200/gpcp/daily/2012/gpcp_v01r03_daily_d20120401_c20170530.nc
2012-04-02,0.2583347995033883,0.8972369868625187,288,/glade/work/jiachengye/33200/gpcp/daily/2012/gpcp_v01r03_daily_d20120402_c20170530.nc
2012-04-03,1.2711797409021857,2.9522133491620752,288,/glade/work/jiachengye/33200/gpcp/daily/2012/gpcp_v01r03_daily_d20120403_c20170530.nc
2012-04-04,0.458978755991679,1.6436453849677812,288,/glade/work/jiachengye/33200/gpcp/daily/2012/gpcp_v01r03_daily_d20120404_c20170530.nc
2012-04-05,0.2910757517091423,1.1086822253438469,288,/glade/work/jiachengye/33200/gpcp/daily/2012/gpcp_v01r03_daily_d20120405_c20170530.nc
2012-04-06,0.27494764082837286,0.8609715924536336,288,/glade/work/jiachengye/33200/gpcp/daily/2012/gpcp_v01r03_daily_d20120406_c20170530.nc
2012-04-07,0.7179786054719425,2.0815209179848706,288,/glade/work/jiachengye/33200/gpcp/daily/2012/gpcp_v01r03_daily_d20120407_c20170530.nc
2012-04-08,0.31853473805691324,1.2248069013700826,288,/glade/work/jiachengye/33200/gpcp/daily/2012/gpcp_v01r03_daily_d20120408_c20170530.nc
2012-04-09,0.10297224633262858,0.5831915761867671,288,/glade/work/jiachengye/33200/gpcp/daily/2012/gpcp_v01r03_daily_d20120409_c20170530.nc
2012-04-10,0.3047170407607594,0.9411831227319217,288,/glade/work/jiachengye/33200/gpcp/daily/2012/gpcp_v01r03_daily_d20120410_c20170530.nc
2012-04-11,0.12370909762156648,0.7052437832420321,288,/glade/work/jiachengye/33200/gpcp/daily/2012/gpcp_v01r03_daily_d20120411_c20170530.nc
2012-04-12,2.9829463021184335,6.6873278620553105,288,/glade/work/jiachengye/33200/gpcp/daily/2012/gpcp_v01r03_daily_d20120412_c20170530.nc
2012-04-13,5.318893221808452,7.3798112448248,288,/glade/work/jiachengye/33200/gpcp/daily/2012/gpcp_v01r03_daily_d20120413_c20170530.nc
2012-04-14,6.527449728786403,8.187840603441682,288,/glade/work/jiachengye/33200/gpcp/daily/2012/gpcp_v01r03_daily_d20120414_c20170530.nc
2012-04-15,10.689184573610431,9.784231130294422,288,/glade/work/jiachengye/33200/gpcp/daily/2012/gpcp_v01r03_daily_d20120415_c20170530.nc
2012-04-16,2.8897552037774195,4.3170456426889245,288,/glade/work/jiachengye/33200/gpcp/daily/2012/gpcp_v01r03_daily_d20120416_c20170530.nc
2012-04-17,0.45893019350084663,1.2827729470834643,288,/glade/work/jiachengye/33200/gpcp/daily/2012/gpcp_v01r03_daily_d20120417_c20170530.nc
2012-04-18,2.977996239776895,4.944598381154603,288,/glade/work/jiachengye/33200/gpcp/daily/2012/gpcp_v01r03_daily_d20120418_c20170530.nc
2012-04-19,3.3137495711142644,4.926374816892432,288,/glade/work/jiachengye/33200/gpcp/daily/2012/gpcp_v01r03_daily_d20120419_c20170530.nc
2012-04-20,2.3315618112425245,4.055613193864307,288,/glade/work/jiachengye/33200/gpcp/daily/2012/gpcp_v01r03_daily_d20120420_c20170530.nc
2012-04-21,1.682883799947449,2.939732277703295,288,/glade/work/jiachengye/33200/gpcp/daily/2012/gpcp_v01r03_daily_d20120421_c20170530.nc
2012-04-22,0.1735012192459521,0.575982003850002,288,/glade/work/jiachengye/33200/gpcp/daily/2012/gpcp_v01r03_daily_d20120422_c20170530.nc
2012-04-23,0.2446952113920648,1.083759627546768,288,/glade/work/jiachengye/33200/gpcp/daily/2012/gpcp_v01r03_daily_d20120423_c20170530.nc
2012-04-24,0.5279959732902441,1.44419968084534,288,/glade/work/jiachengye/33200/gpcp/daily/2012/gpcp_v01r03_daily_d20120424_c20170530.nc
2012-04-25,2.5321799562840495,3.21286880737438,288,/glade/work/jiachengye/33200/gpcp/daily/2012/gpcp_v01r03_daily_d20120425_c20170530.nc
2012-04-26,3.9643808096137483,7.8546136196772895,288,/glade/work/jiachengye/33200/gpcp/daily/2012/gpcp_v01r03_daily_d20120426_c20170530.nc
2012-04-27,5.878996689050728,8.007068543175208,288,/glade/work/jiachengye/33200/gpcp/daily/2012/gpcp_v01r03_daily_d20120427_c20170530.nc
2012-04-28,3.6107851611838915,4.319525313948966,288,/glade/work/jiachengye/33200/gpcp/daily/2012/gpcp_v01r03_daily_d20120428_c20170530.nc
2012-04-29,9.261806263661494,12.57001432452393,288,/glade/work/jiachengye/33200/gpcp/daily/2012/gpcp_v01r03_daily_d20120429_c20170530.nc
2012-04-30,5.19892236792101,8.19790735520752,288,/glade/work/jiachengye/33200/gpcp/daily/2012/gpcp_v01r03_daily_d20120430_c20170530.nc
2012-05-01,6.027486121303416,7.444733308898672,288,/glade/work/jiachengye/33200/gpcp/daily/2012/gpcp_v01r03_daily_d20120501_c20170530.nc
2012-05-02,5.075556893527379,7.004665359194775,288,/glade/work/jiachengye/33200/gpcp/daily/2012/gpcp_v01r03_daily_d20120502_c20170530.nc
2012-05-03,4.549120017051003,6.203626391073091,288,/glade/work/jiachengye/33200/gpcp/daily/2012/gpcp_v01r03_daily_d20120503_c20170530.nc
2012-05-04,5.543724285245754,7.42294334017604,288,/glade/work/jiachengye/33200/gpcp/daily/2012/gpcp_v01r03_daily_d20120504_c20170530.nc
2012-05-05,5.937290923439509,10.711549594123337,288,/glade/work/jiachengye/33200/gpcp/daily/2012/gpcp_v01r03_daily_d20120505_c20170530.nc
2012-05-06,6.085758570191883,7.837284334913513,288,/glade/work/jiachengye/33200/gpcp/daily/2012/gpcp_v01r03_daily_d20120506_c20170530.nc
2012-05-07,5.845758173137194,7.861906906888819,288,/glade/work/jiachengye/33200/gpcp/daily/2012/gpcp_v01r03_daily_d20120507_c20170530.nc
2012-05-08,0.8321591975969631,1.9793645234740902,288,/glade/work/jiachengye/33200/gpcp/daily/2012/gpcp_v01r03_daily_d20120508_c20170530.nc
2012-05-09,0.20084707654592993,0.7708425290427893,288,/glade/work/jiachengye/33200/gpcp/daily/2012/gpcp_v01r03_daily_d20120509_c20170530.nc
2012-05-10,0.03461408519980979,0.2950128248427831,288,/glade/work/jiachengye/33200/gpcp/daily/2012/gpcp_v01r03_daily_d20120510_c20170530.nc
2012-05-11,0.9898775553343565,2.0431933922505663,288,/glade/work/jiachengye/33200/gpcp/daily/2012/gpcp_v01r03_daily_d20120511_c20170530.nc
2012-05-12,1.0346091391555488,1.8568476574906945,288,/glade/work/jiachengye/33200/gpcp/daily/2012/gpcp_v01r03_daily_d20120512_c20170530.nc
2012-05-13,0.7749862512485627,3.2570854363214248,288,/glade/work/jiachengye/33200/gpcp/daily/2012/gpcp_v01r03_daily_d20120513_c20170530.nc
2012-05-14,0.8932634215722352,3.5706260841748594,288,/glade/work/jiachengye/33200/gpcp/daily/2012/gpcp_v01r03_daily_d20120514_c20170530.nc
2012-05-15,0.5900266594712041,2.339311261197482,288,/glade/work/jiachengye/33200/gpcp/daily/2012/gpcp_v01r03_daily_d20120515_c20170530.nc
2012-05-16,0.11711943743324396,0.5550428387755649,288,/glade/work/jiachengye/33200/gpcp/daily/2012/gpcp_v01r03_daily_d20120516_c20170530.nc
2012-05-17,0.8094704658319081,1.7713841376857566,288,/glade/work/jiachengye/33200/gpcp/daily/2012/gpcp_v01r03_daily_d20120517_c20170530.nc
2012-05-18,2.130759592682719,3.624353234641878,288,/glade/work/jiachengye/33200/gpcp/daily/2012/gpcp_v01r03_daily_d20120518_c20170530.nc
2012-05-19,2.790737353138785,4.316134700298589,288,/glade/work/jiachengye/33200/gpcp/daily/2012/gpcp_v01r03_daily_d20120519_c20170530.nc
2012-05-20,2.8916342819092717,5.82489734499268,288,/glade/work/jiachengye/33200/gpcp/daily/2012/gpcp_v01r03_daily_d20120520_c20170530.nc
2012-05-21,1.8250068506939792,3.4308234982732126,288,/glade/work/jiachengye/33200/gpcp/daily/2012/gpcp_v01r03_daily_d20120521_c20170530.nc
2012-05-22,1.6367263858314327,2.8193939406408677,288,/glade/work/jiachengye/33200/gpcp/daily/2012/gpcp_v01r03_daily_d20120522_c20170530.nc
2012-05-23,4.599337358043821,7.303673063852239,288,/glade/work/jiachengye/33200/gpcp/daily/2012/gpcp_v01r03_daily_d20120523_c20170530.nc
2012-05-24,4.419947815447486,7.104554586882866,288,/glade/work/jiachengye/33200/gpcp/daily/2012/gpcp_v01r03_daily_d20120524_c20170530.nc
2012-05-25,1.4423323338531964,2.872145242758771,288,/glade/work/jiachengye/33200/gpcp/daily/2012/gpcp_v01r03_daily_d20120525_c20170530.nc
2012-05-26,4.9199629415077055,7.166701818470361,288,/glade/work/jiachengye/33200/gpcp/daily/2012/gpcp_v01r03_daily_d20120526_c20170530.nc
2012-05-27,3.6720855726965516,5.617698240646172,288,/glade/work/jiachengye/33200/gpcp/daily/2012/gpcp_v01r03_daily_d20120527_c20170530.nc
2012-05-28,1.8384413599889353,3.551234166019246,288,/glade/work/jiachengye/33200/gpcp/daily/2012/gpcp_v01r03_daily_d20120528_c20170530.nc
2012-05-29,0.4782837225810736,1.201887402579963,288,/glade/work/jiachengye/33200/gpcp/daily/2012/gpcp_v01r03_daily_d20120529_c20170530.nc
2012-05-30,1.7600773399559606,3.5660704850010645,288,/glade/work/jiachengye/33200/gpcp/daily/2012/gpcp_v01r03_daily_d20120530_c20170530.nc
2012-05-31,3.460557872386232,5.184859143156813,288,/glade/work/jiachengye/33200/gpcp/daily/2012/gpcp_v01r03_daily_d20120531_c20170530.nc
2012-06-01,3.90308152759201,5.593084628921244,288,/glade/work/jiachengye/33200/gpcp/daily/2012/gpcp_v01r03_daily_d20120601_c20170530.nc
2012-06-02,1.6274964021961589,3.628992506505838,288,/glade/work/jiachengye/33200/gpcp/daily/2012/gpcp_v01r03_daily_d20120602_c20170530.nc
2012-06-03,3.2007427472799743,4.407093943608823,288,/glade/work/jiachengye/33200/gpcp/daily/2012/gpcp_v01r03_daily_d20120603_c20170530.nc
2012-06-04,0.9445877267075306,2.374749572493285,288,/glade/work/jiachengye/33200/gpcp/daily/2012/gpcp_v01r03_daily_d20120604_c20170530.nc
2012-06-05,0.7416983891799137,1.7310198207845051,288,/glade/work/jiachengye/33200/gpcp/daily/2012/gpcp_v01r03_daily_d20120605_c20170530.nc
2012-06-06,0.6908413613747427,1.8800484977520495,288,/glade/work/jiachengye/33200/gpcp/daily/2012/gpcp_v01r03_daily_d20120606_c20170530.nc
2012-06-07,1.4993969946064192,3.456117621973431,288,/glade/work/jiachengye/33200/gpcp/daily/2012/gpcp_v01r03_daily_d20120607_c20170530.nc
2012-06-08,1.546209020470888,3.0207969192553583,288,/glade/work/jiachengye/33200/gpcp/daily/2012/gpcp_v01r03_daily_d20120608_c20170530.nc
2012-06-09,0.7242223710990909,1.8739747608022828,288,/glade/work/jiachengye/33200/gpcp/daily/2012/gpcp_v01r03_daily_d20120609_c20170530.nc
2012-06-10,1.0344547676368328,2.7338628186114518,288,/glade/work/jiachengye/33200/gpcp/daily/2012/gpcp_v01r03_daily_d20120610_c20170530.nc
2012-06-11,4.078513381229412,6.2069384277089386,288,/glade/work/jiachengye/33200/gpcp/daily/2012/gpcp_v01r03_daily_d20120611_c20170530.nc
2012-06-12,0.6149197757190998,1.3147304552767944,288,/glade/work/jiachengye/33200/gpcp/daily/2012/gpcp_v01r03_daily_d20120612_c20170530.nc
2012-06-13,0.9832656942775277,2.273245103956971,288,/glade/work/jiachengye/33200/gpcp/daily/2012/gpcp_v01r03_daily_d20120613_c20170530.nc
2012-06-14,3.293724330414956,6.244844435338456,288,/glade/work/jiachengye/33200/gpcp/daily/2012/gpcp_v01r03_daily_d20120614_c20170530.nc
2012-06-15,6.731191961297681,8.564740324064193,288,/glade/work/jiachengye/33200/gpcp/daily/2012/gpcp_v01r03_daily_d20120615_c20170530.nc
2012-06-16,4.96868766107998,4.538015357796575,288,/glade/work/jiachengye/33200/gpcp/daily/2012/gpcp_v01r03_daily_d20120616_c20170530.nc
2012-06-17,4.750183285415378,5.331522149418917,288,/glade/work/jiachengye/33200/gpcp/daily/2012/gpcp_v01r03_daily_d20120617_c20170530.nc
2012-06-18,4.1124174352758525,5.71939100842373,288,/glade/work/jiachengye/33200/gpcp/daily/2012/gpcp_v01r03_daily_d20120618_c20170530.nc
2012-06-19,3.384354500998231,5.925967939841581,288,/glade/work/jiachengye/33200/gpcp/daily/2012/gpcp_v01r03_daily_d20120619_c20170530.nc
2012-06-20,3.60061053532239,6.841269188374285,288,/glade/work/jiachengye/33200/gpcp/daily/2012/gpcp_v01r03_daily_d20120620_c20170530.nc
2012-06-21,1.9314300800446205,3.559675175423832,288,/glade/work/jiachengye/33200/gpcp/daily/2012/gpcp_v01r03_daily_d20120621_c20170530.nc
2012-06-22,0.34109634200222005,1.3669578133959077,288,/glade/work/jiachengye/33200/gpcp/daily/2012/gpcp_v01r03_daily_d20120622_c20170530.nc
2012-06-23,3.1143322486160736,4.5801037976927805,288,/glade/work/jiachengye/33200/gpcp/daily/2012/gpcp_v01r03_daily_d20120623_c20170530.nc
2012-06-24,1.712743967447822,2.9627944375804334,288,/glade/work/jiachengye/33200/gpcp/daily/2012/gpcp_v01r03_daily_d20120624_c20170530.nc
2012-06-25,0.09646507378929683,0.4320019120100857,288,/glade/work/jiachengye/33200/gpcp/daily/2012/gpcp_v01r03_daily_d20120625_c20170530.nc
2012-06-26,0.16478346357332424,0.7214644592052576,288,/glade/work/jiachengye/33200/gpcp/daily/2012/gpcp_v01r03_daily_d20120626_c20170530.nc
2012-06-27,0.6654234687111261,1.6363199072264671,288,/glade/work/jiachengye/33200/gpcp/daily/2012/gpcp_v01r03_daily_d20120627_c20170530.nc
2012-06-28,0.7146669548146176,2.067290482358895,288,/glade/work/jiachengye/33200/gpcp/daily/2012/gpcp_v01r03_daily_d20120628_c20170530.nc
2012-06-29,2.1311121616046873,4.007838805735607,288,/glade/work/jiachengye/33200/gpcp/daily/2012/gpcp_v01r03_daily_d20120629_c20170530.nc
2012-06-30,2.7669871327161575,4.797677890082544,288,/glade/work/jiachengye/33200/gpcp/daily/2012/gpcp_v01r03_daily_d20120630_c20170530.nc
2012-07-01,2.5361191383576647,4.035237943725164,288,/glade/work/jiachengye/33200/gpcp/daily/2012/gpcp_v01r03_daily_d20120701_c20170530.nc
2012-07-02,1.7361942901413592,3.5461243330267576,288,/glade/work/jiachengye/33200/gpcp/daily/2012/gpcp_v01r03_daily_d20120702_c20170530.nc
2012-07-03,3.8375736821814077,5.416834965737656,288,/glade/work/jiachengye/33200/gpcp/daily/2012/gpcp_v01r03_daily_d20120703_c20170530.nc
2012-07-04,0.8434597685853584,2.6235263351510225,288,/glade/work/jiachengye/33200/gpcp/daily/2012/gpcp_v01r03_daily_d20120704_c20170530.nc
2012-07-05,2.5842513112874985,3.7610218008464056,288,/glade/work/jiachengye/33200/gpcp/daily/2012/gpcp_v01r03_daily_d20120705_c20170530.nc
2012-07-06,2.689737986146297,4.374703799646902,288,/glade/work/jiachengye/33200/gpcp/daily/2012/gpcp_v01r03_daily_d20120706_c20170530.nc
2012-07-07,1.4304542847642001,3.433327248043418,288,/glade/work/jiachengye/33200/gpcp/daily/2012/gpcp_v01r03_daily_d20120707_c20170530.nc
2012-07-08,2.3348678873286497,3.9030093842576146,288,/glade/work/jiachengye/33200/gpcp/daily/2012/gpcp_v01r03_daily_d20120708_c20170530.nc
2012-07-09,2.4391005057368953,5.360653609644259,288,/glade/work/jiachengye/33200/gpcp/daily/2012/gpcp_v01r03_daily_d20120709_c20170530.nc
2012-07-10,0.04413328094585921,0.277749862298642,288,/glade/work/jiachengye/33200/gpcp/daily/2012/gpcp_v01r03_daily_d20120710_c20170530.nc
2012-07-11,0.1424270698899309,0.6539656013534627,288,/glade/work/jiachengye/33200/gpcp/daily/2012/gpcp_v01r03_daily_d20120711_c20170530.nc
2012-07-12,0.8885990679391886,1.9708273119305662,288,/glade/work/jiachengye/33200/gpcp/daily/2012/gpcp_v01r03_daily_d20120712_c20170530.nc
2012-07-13,1.0131339497862115,2.117526090853866,288,/glade/work/jiachengye/33200/gpcp/daily/2012/gpcp_v01r03_daily_d20120713_c20170530.nc
2012-07-14,1.4748258580901312,2.3802935986250073,288,/glade/work/jiachengye/33200/gpcp/daily/2012/gpcp_v01r03_daily_d20120714_c20170530.nc
2012-07-15,3.3324304344910955,4.835569905952602,288,/glade/work/jiachengye/33200/gpcp/daily/2012/gpcp_v01r03_daily_d20120715_c20170530.nc
2012-07-16,2.0770769544405816,4.0838942061492896,288,/glade/work/jiachengye/33200/gpcp/daily/2012/gpcp_v01r03_daily_d20120716_c20170530.nc
2012-07-17,1.808540149158141,2.8563803337503804,288,/glade/work/jiachengye/33200/gpcp/daily/2012/gpcp_v01r03_daily_d20120717_c20170530.nc
2012-07-18,3.780118769379431,5.724228003721319,288,/glade/work/jiachengye/33200/gpcp/daily/2012/gpcp_v01r03_daily_d20120718_c20170530.nc
2012-07-19,4.723149161686352,6.929320265480611,288,/glade/work/jiachengye/33200/gpcp/daily/2012/gpcp_v01r03_daily_d20120719_c20170530.nc
2012-07-20,2.737184196912227,6.907071507214666,288,/glade/work/jiachengye/33200/gpcp/daily/2012/gpcp_v01r03_daily_d20120720_c20170530.nc
2012-07-21,1.7602989785418524,2.5690357248378617,288,/glade/work/jiachengye/33200/gpcp/daily/2012/gpcp_v01r03_daily_d20120721_c20170530.nc
2012-07-22,1.358866370670176,2.356248249611107,288,/glade/work/jiachengye/33200/gpcp/daily/2012/gpcp_v01r03_daily_d20120722_c20170530.nc
2012-07-23,1.0981273087505452,2.129222275427697,288,/glade/work/jiachengye/33200/gpcp/daily/2012/gpcp_v01r03_daily_d20120723_c20170530.nc
2012-07-24,2.5086564231802417,4.6857128607821785,288,/glade/work/jiachengye/33200/gpcp/daily/2012/gpcp_v01r03_daily_d20120724_c20170530.nc
2012-07-25,4.2583012051812315,5.776371861871164,288,/glade/work/jiachengye/33200/gpcp/daily/2012/gpcp_v01r03_daily_d20120725_c20170530.nc
2012-07-26,4.65565497858958,5.887582214208868,288,/glade/work/jiachengye/33200/gpcp/daily/2012/gpcp_v01r03_daily_d20120726_c20170530.nc
2012-07-27,2.566905896982295,5.465581595894372,288,/glade/work/jiachengye/33200/gpcp/daily/2012/gpcp_v01r03_daily_d20120727_c20170530.nc
2012-07-28,0.8467881901406893,1.8105937027818124,288,/glade/work/jiachengye/33200/gpcp/daily/2012/gpcp_v01r03_daily_d20120728_c20170530.nc
2012-07-29,1.0501767393091066,2.051323102883178,288,/glade/work/jiachengye/33200/gpcp/daily/2012/gpcp_v01r03_daily_d20120729_c20170530.nc
2012-07-30,1.3644748005367924,2.6282708917611406,288,/glade/work/jiachengye/33200/gpcp/daily/2012/gpcp_v01r03_daily_d20120730_c20170530.nc
2012-07-31,1.9753795044245082,4.294170277071748,288,/glade/work/jiachengye/33200/gpcp/daily/2012/gpcp_v01r03_daily_d20120731_c20170530.nc
2012-08-01,1.5261824749121669,2.6577904404286223,288,/glade/work/jiachengye/33200/gpcp/daily/2012/gpcp_v01r03_daily_d20120801_c20170530.nc
2012-08-02,3.0768035168073946,4.259722527743324,288,/glade/work/jiachengye/33200/gpcp/daily/2012/gpcp_v01r03_daily_d20120802_c20170530.nc
2012-08-03,4.842291899524742,7.428886741580553,288,/glade/work/jiachengye/33200/gpcp/daily/2012/gpcp_v01r03_daily_d20120803_c20170530.nc
2012-08-04,5.209212765135214,6.622753964123933,288,/glade/work/jiachengye/33200/gpcp/daily/2012/gpcp_v01r03_daily_d20120804_c20170530.nc
2012-08-05,5.091093690698996,8.648741446812588,288,/glade/work/jiachengye/33200/gpcp/daily/2012/gpcp_v01r03_daily_d20120805_c20170530.nc
2012-08-06,0.6358581011579755,2.275637334492339,288,/glade/work/jiachengye/33200/gpcp/daily/2012/gpcp_v01r03_daily_d20120806_c20170530.nc
2012-08-07,1.1032722204445387,2.1691626346061756,288,/glade/work/jiachengye/33200/gpcp/daily/2012/gpcp_v01r03_daily_d20120807_c20170530.nc
2012-08-08,2.222344485756057,3.4595699957779016,288,/glade/work/jiachengye/33200/gpcp/daily/2012/gpcp_v01r03_daily_d20120808_c20170530.nc
2012-08-09,3.918448219564001,6.228909649226319,288,/glade/work/jiachengye/33200/gpcp/daily/2012/gpcp_v01r03_daily_d20120809_c20170530.nc
2012-08-10,2.578441686839129,5.21014552680158,288,/glade/work/jiachengye/33200/gpcp/daily/2012/gpcp_v01r03_daily_d20120810_c20170530.nc
2012-08-11,2.8128598789522083,4.09941677731191,288,/glade/work/jiachengye/33200/gpcp/daily/2012/gpcp_v01r03_daily_d20120811_c20170530.nc
2012-08-12,3.2715331400835233,4.487473842949949,288,/glade/work/jiachengye/33200/gpcp/daily/2012/gpcp_v01r03_daily_d20120812_c20170530.nc
2012-08-13,2.488194916865281,4.045023339398017,288,/glade/work/jiachengye/33200/gpcp/daily/2012/gpcp_v01r03_daily_d20120813_c20170530.nc
2012-08-14,2.661017284829486,4.835308375205726,288,/glade/work/jiachengye/33200/gpcp/daily/2012/gpcp_v01r03_daily_d20120814_c20170530.nc
2012-08-15,1.2237878915247506,2.502576822233442,288,/glade/work/jiachengye/33200/gpcp/daily/2012/gpcp_v01r03_daily_d20120815_c20170530.nc
2012-08-16,3.8609096018350946,6.01528554029909,288,/glade/work/jiachengye/33200/gpcp/daily/2012/gpcp_v01r03_daily_d20120816_c20170530.nc
2012-08-17,4.548257792162158,9.078276444061666,288,/glade/work/jiachengye/33200/gpcp/daily/2012/gpcp_v01r03_daily_d20120817_c20170530.nc
2012-08-18,0.829115294676778,1.8972395610950554,288,/glade/work/jiachengye/33200/gpcp/daily/2012/gpcp_v01r03_daily_d20120818_c20170530.nc
2012-08-19,1.1414713312919185,2.5922557684585503,288,/glade/work/jiachengye/33200/gpcp/daily/2012/gpcp_v01r03_daily_d20120819_c20170530.nc
2012-08-20,0.19194570630418098,0.6827904994306849,288,/glade/work/jiachengye/33200/gpcp/daily/2012/gpcp_v01r03_daily_d20120820_c20170530.nc
2012-08-21,0.1061201768989391,0.9322011531289129,288,/glade/work/jiachengye/33200/gpcp/daily/2012/gpcp_v01r03_daily_d20120821_c20170530.nc
2012-08-22,0.5401380177868332,1.3055585719157767,288,/glade/work/jiachengye/33200/gpcp/daily/2012/gpcp_v01r03_daily_d20120822_c20170530.nc
2012-08-23,1.852571638271064,3.0012152540519996,288,/glade/work/jiachengye/33200/gpcp/daily/2012/gpcp_v01r03_daily_d20120823_c20170530.nc
2012-08-24,2.7950446571593677,4.471765672257432,288,/glade/work/jiachengye/33200/gpcp/daily/2012/gpcp_v01r03_daily_d20120824_c20170530.nc
2012-08-25,2.1563395351843955,3.771310419731332,288,/glade/work/jiachengye/33200/gpcp/daily/2012/gpcp_v01r03_daily_d20120825_c20170530.nc
2012-08-26,2.5963741707367243,4.851906377228912,288,/glade/work/jiachengye/33200/gpcp/daily/2012/gpcp_v01r03_daily_d20120826_c20170530.nc
2012-08-27,1.0866243540951142,3.044500383800115,288,/glade/work/jiachengye/33200/gpcp/daily/2012/gpcp_v01r03_daily_d20120827_c20170530.nc
2012-08-28,0.26131331905485916,1.1590087961847866,288,/glade/work/jiachengye/33200/gpcp/daily/2012/gpcp_v01r03_daily_d20120828_c20170530.nc
2012-08-29,0.0006700067238298304,0.008430458724973807,288,/glade/work/jiachengye/33200/gpcp/daily/2012/gpcp_v01r03_daily_d20120829_c20170530.nc
2012-08-30,0.5422042476869685,1.430909060802579,288,/glade/work/jiachengye/33200/gpcp/daily/2012/gpcp_v01r03_daily_d20120830_c20170530.nc
2012-08-31,1.0681392457586216,2.4396844124015877,288,/glade/work/jiachengye/33200/gpcp/daily/2012/gpcp_v01r03_daily_d20120831_c20170530.nc
2012-09-01,2.3690698239377745,4.610204506385132,288,/glade/work/jiachengye/33200/gpcp/daily/2012/gpcp_v01r03_daily_d20120901_c20170530.nc
2012-09-02,2.1457599829402807,4.744539211826455,288,/glade/work/jiachengye/33200/gpcp/daily/2012/gpcp_v01r03_daily_d20120902_c20170530.nc
2012-09-03,1.5410950917659743,2.515451939503867,288,/glade/work/jiachengye/33200/gpcp/daily/2012/gpcp_v01r03_daily_d20120903_c20170530.nc
2012-09-04,1.866431737382099,3.7676517774967486,288,/glade/work/jiachengye/33200/gpcp/daily/2012/gpcp_v01r03_daily_d20120904_c20170530.nc
2012-09-05,2.225600890169922,3.176479479390966,288,/glade/work/jiachengye/33200/gpcp/daily/2012/gpcp_v01r03_daily_d20120905_c20170530.nc
2012-09-06,0.4068738872489453,1.1858237772020817,288,/glade/work/jiachengye/33200/gpcp/daily/2012/gpcp_v01r03_daily_d20120906_c20170530.nc
2012-09-07,4.755575653868562,5.53923191661801,288,/glade/work/jiachengye/33200/gpcp/daily/2012/gpcp_v01r03_daily_d20120907_c20170530.nc
2012-09-08,5.106246178614155,8.849520935886416,288,/glade/work/jiachengye/33200/gpcp/daily/2012/gpcp_v01r03_daily_d20120908_c20170530.nc
2012-09-09,0.1281965789205754,0.6017538551255546,288,/glade/work/jiachengye/33200/gpcp/daily/2012/gpcp_v01r03_daily_d20120909_c20170530.nc
2012-09-10,0.0014870192748531361,0.014243293150432695,288,/glade/work/jiachengye/33200/gpcp/daily/2012/gpcp_v01r03_daily_d20120910_c20170530.nc
2012-09-11,0.25157707138667007,0.6194246372590335,288,/glade/work/jiachengye/33200/gpcp/daily/2012/gpcp_v01r03_daily_d20120911_c20170530.nc
2012-09-12,1.713495523711887,2.5999126072362286,288,/glade/work/jiachengye/33200/gpcp/daily/2012/gpcp_v01r03_daily_d20120912_c20170530.nc
2012-09-13,2.814146311219195,4.509502984172861,288,/glade/work/jiachengye/33200/gpcp/daily/2012/gpcp_v01r03_daily_d20120913_c20170530.nc
2012-09-14,1.2930893195120865,2.5507126345135034,288,/glade/work/jiachengye/33200/gpcp/daily/2012/gpcp_v01r03_daily_d20120914_c20170530.nc
2012-09-15,0.356641326799487,2.0182059144031745,288,/glade/work/jiachengye/33200/gpcp/daily/2012/gpcp_v01r03_daily_d20120915_c20170530.nc
2012-09-16,0.3503785317877998,0.8094592849920083,288,/glade/work/jiachengye/33200/gpcp/daily/2012/gpcp_v01r03_daily_d20120916_c20170530.nc
2012-09-17,3.817159742452136,4.697732220138563,288,/glade/work/jiachengye/33200/gpcp/daily/2012/gpcp_v01r03_daily_d20120917_c20170530.nc
2012-09-18,5.229272049619334,11.693104055460626,288,/glade/work/jiachengye/33200/gpcp/daily/2012/gpcp_v01r03_daily_d20120918_c20170530.nc
2012-09-19,0.7515439733005899,1.5053315781692944,288,/glade/work/jiachengye/33200/gpcp/daily/2012/gpcp_v01r03_daily_d20120919_c20170530.nc
2012-09-20,1.7036902333266801,2.5206029876704843,288,/glade/work/jiachengye/33200/gpcp/daily/2012/gpcp_v01r03_daily_d20120920_c20170530.nc
2012-09-21,1.9725173830338474,2.607524904940492,288,/glade/work/jiachengye/33200/gpcp/daily/2012/gpcp_v01r03_daily_d20120921_c20170530.nc
2012-09-22,1.1183360085989056,2.840432357391061,288,/glade/work/jiachengye/33200/gpcp/daily/2012/gpcp_v01r03_daily_d20120922_c20170530.nc
2012-09-23,0.11801677767232514,0.4770723622929043,288,/glade/work/jiachengye/33200/gpcp/daily/2012/gpcp_v01r03_daily_d20120923_c20170530.nc
2012-09-24,1.5589309273649976,3.5806660271755124,288,/glade/work/jiachengye/33200/gpcp/daily/2012/gpcp_v01r03_daily_d20120924_c20170530.nc
2012-09-25,4.767463613147238,9.230434354834495,288,/glade/work/jiachengye/33200/gpcp/daily/2012/gpcp_v01r03_daily_d20120925_c20170530.nc
2012-09-26,9.174245902161523,15.256527459615816,288,/glade/work/jiachengye/33200/gpcp/daily/2012/gpcp_v01r03_daily_d20120926_c20170530.nc
2012-09-27,2.02526068966353,4.774303429488024,288,/glade/work/jiachengye/33200/gpcp/daily/2012/gpcp_v01r03_daily_d20120927_c20170530.nc
2012-09-28,2.711644241389247,5.973086502956731,288,/glade/work/jiachengye/33200/gpcp/daily/2012/gpcp_v01r03_daily_d20120928_c20170530.nc
2012-09-29,0.12611831098280482,0.4435991985417213,288,/glade/work/jiachengye/33200/gpcp/daily/2012/gpcp_v01r03_daily_d20120929_c20170530.nc
2012-09-30,0.1916762485380367,0.5069514059715537,288,/glade/work/jiachengye/33200/gpcp/daily/2012/gpcp_v01r03_daily_d20120930_c20170530.nc
2012-10-01,0.9917121525313517,2.224217032818524,288,/glade/work/jiachengye/33200/gpcp/daily/2012/gpcp_v01r03_daily_d20121001_c20170530.nc
2012-10-02,0.6691669125679724,1.7919001920049002,288,/glade/work/jiachengye/33200/gpcp/daily/2012/gpcp_v01r03_daily_d20121002_c20170530.nc
2012-10-03,0.38127607458211776,1.165411483468918,288,/glade/work/jiachengye/33200/gpcp/daily/2012/gpcp_v01r03_daily_d20121003_c20170530.nc
2012-10-04,2.3083420775603103,4.328357974915305,288,/glade/work/jiachengye/33200/gpcp/daily/2012/gpcp_v01r03_daily_d20121004_c20170530.nc
2012-10-05,4.122078340967157,7.432710232094492,288,/glade/work/jiachengye/33200/gpcp/daily/2012/gpcp_v01r03_daily_d20121005_c20170530.nc
2012-10-06,3.492452207985743,7.077196961995986,288,/glade/work/jiachengye/33200/gpcp/daily/2012/gpcp_v01r03_daily_d20121006_c20170530.nc
2012-10-07,0.8024814989995281,2.413721308122005,288,/glade/work/jiachengye/33200/gpcp/daily/2012/gpcp_v01r03_daily_d20121007_c20170530.nc
2012-10-08,3.326652688302294,6.461467521702382,288,/glade/work/jiachengye/33200/gpcp/daily/2012/gpcp_v01r03_daily_d20121008_c20170530.nc
2012-10-09,3.2540324991301466,4.818257742652935,288,/glade/work/jiachengye/33200/gpcp/daily/2012/gpcp_v01r03_daily_d20121009_c20170530.nc
2012-10-10,0.9120802568140332,2.3311006703374284,288,/glade/work/jiachengye/33200/gpcp/daily/2012/gpcp_v01r03_daily_d20121010_c20170530.nc
2012-10-11,1.5126128665986003,2.5213725552368014,288,/glade/work/jiachengye/33200/gpcp/daily/2012/gpcp_v01r03_daily_d20121011_c20170530.nc
2012-10-12,1.4944911622548653,6.423546198410192,288,/glade/work/jiachengye/33200/gpcp/daily/2012/gpcp_v01r03_daily_d20121012_c20170530.nc
2012-10-13,7.868746659748489,9.305633749260407,288,/glade/work/jiachengye/33200/gpcp/daily/2012/gpcp_v01r03_daily_d20121013_c20170530.nc
2012-10-14,9.408908590117695,10.360849716886362,288,/glade/work/jiachengye/33200/gpcp/daily/2012/gpcp_v01r03_daily_d20121014_c20170530.nc
2012-10-15,1.481980493815336,2.930942230796728,288,/glade/work/jiachengye/33200/gpcp/daily/2012/gpcp_v01r03_daily_d20121015_c20170530.nc
2012-10-16,1.9213019723194382,3.1317318182402087,288,/glade/work/jiachengye/33200/gpcp/daily/2012/gpcp_v01r03_daily_d20121016_c20170530.nc
2012-10-17,2.6407555172600095,3.149804589569685,288,/glade/work/jiachengye/33200/gpcp/daily/2012/gpcp_v01r03_daily_d20121017_c20170530.nc
2012-10-18,4.784379192363923,5.063030851777006,288,/glade/work/jiachengye/33200/gpcp/daily/2012/gpcp_v01r03_daily_d20121018_c20170530.nc
2012-10-19,1.3593333056157875,2.3279505108541723,288,/glade/work/jiachengye/33200/gpcp/daily/2012/gpcp_v01r03_daily_d20121019_c20170530.nc
2012-10-20,0.8907149695774892,2.172180448669748,288,/glade/work/jiachengye/33200/gpcp/daily/2012/gpcp_v01r03_daily_d20121020_c20170530.nc
2012-10-21,0.7365569118307481,1.5567980716187653,288,/glade/work/jiachengye/33200/gpcp/daily/2012/gpcp_v01r03_daily_d20121021_c20170530.nc
2012-10-22,3.9548386504244157,7.419451522623748,288,/glade/work/jiachengye/33200/gpcp/daily/2012/gpcp_v01r03_daily_d20121022_c20170530.nc
2012-10-23,2.9863543199333367,4.269923708117154,288,/glade/work/jiachengye/33200/gpcp/daily/2012/gpcp_v01r03_daily_d20121023_c20170530.nc
2012-10-24,1.429398279190138,2.3780289734493683,288,/glade/work/jiachengye/33200/gpcp/daily/2012/gpcp_v01r03_daily_d20121024_c20170530.nc
2012-10-25,3.1872813879629502,4.9344499920753595,288,/glade/work/jiachengye/33200/gpcp/daily/2012/gpcp_v01r03_daily_d20121025_c20170530.nc
2012-10-26,1.190962507529571,3.1058026301219623,288,/glade/work/jiachengye/33200/gpcp/daily/2012/gpcp_v01r03_daily_d20121026_c20170530.nc
2012-10-27,0.48370884615359727,1.577261229601888,288,/glade/work/jiachengye/33200/gpcp/daily/2012/gpcp_v01r03_daily_d20121027_c20170530.nc
2012-10-28,1.0846815368535379,3.0670337098502762,288,/glade/work/jiachengye/33200/gpcp/daily/2012/gpcp_v01r03_daily_d20121028_c20170530.nc
2012-10-29,3.868242483137113,7.865637890229878,288,/glade/work/jiachengye/33200/gpcp/daily/2012/gpcp_v01r03_daily_d20121029_c20170530.nc
2012-10-30,3.6161741870447615,6.107970627542736,288,/glade/work/jiachengye/33200/gpcp/daily/2012/gpcp_v01r03_daily_d20121030_c20170530.nc
2012-10-31,1.0126102703680968,2.4597012540261005,288,/glade/work/jiachengye/33200/gpcp/daily/2012/gpcp_v01r03_daily_d20121031_c20170530.nc
2012-11-01,0.5175060161177447,1.2383655604370896,288,/glade/work/jiachengye/33200/gpcp/daily/2012/gpcp_v01r03_daily_d20121101_c20170530.nc
2012-11-02,1.0786370031786892,1.5936710713827142,288,/glade/work/jiachengye/33200/gpcp/daily/2012/gpcp_v01r03_daily_d20121102_c20170530.nc
2012-11-03,0.43182516447023983,0.9889766844258565,288,/glade/work/jiachengye/33200/gpcp/daily/2012/gpcp_v01r03_daily_d20121103_c20170530.nc
2012-11-04,0.6515079278286859,1.1503997469713108,288,/glade/work/jiachengye/33200/gpcp/daily/2012/gpcp_v01r03_daily_d20121104_c20170530.nc
2012-11-05,0.6754420993656267,1.564694843720007,288,/glade/work/jiachengye/33200/gpcp/daily/2012/gpcp_v01r03_daily_d20121105_c20170530.nc
2012-11-06,0.9698591082102042,1.906292508883533,288,/glade/work/jiachengye/33200/gpcp/daily/2012/gpcp_v01r03_daily_d20121106_c20170530.nc
2012-11-07,0.23905407276122417,0.8405721437324978,288,/glade/work/jiachengye/33200/gpcp/daily/2012/gpcp_v01r03_daily_d20121107_c20170530.nc
2012-11-08,0.35620777697045675,0.9908313048562325,288,/glade/work/jiachengye/33200/gpcp/daily/2012/gpcp_v01r03_daily_d20121108_c20170530.nc
2012-11-09,0.38295569963570775,0.7024525261198722,288,/glade/work/jiachengye/33200/gpcp/daily/2012/gpcp_v01r03_daily_d20121109_c20170530.nc
2012-11-10,1.644020719351952,2.6183082156409707,288,/glade/work/jiachengye/33200/gpcp/daily/2012/gpcp_v01r03_daily_d20121110_c20170530.nc
2012-11-11,5.751501750676156,7.233846614366257,288,/glade/work/jiachengye/33200/gpcp/daily/2012/gpcp_v01r03_daily_d20121111_c20170530.nc
2012-11-12,4.806884948940436,7.179984972706697,288,/glade/work/jiachengye/33200/gpcp/daily/2012/gpcp_v01r03_daily_d20121112_c20170530.nc
2012-11-13,0.1953184279575878,0.5166930620185366,288,/glade/work/jiachengye/33200/gpcp/daily/2012/gpcp_v01r03_daily_d20121113_c20170530.nc
2012-11-14,1.0889483455565083,1.8841664933869195,288,/glade/work/jiachengye/33200/gpcp/daily/2012/gpcp_v01r03_daily_d20121114_c20170530.nc
2012-11-15,0.5193706115530793,1.0016585520429062,288,/glade/work/jiachengye/33200/gpcp/daily/2012/gpcp_v01r03_daily_d20121115_c20170530.nc
2012-11-16,0.019539872176079876,0.1649763167661502,288,/glade/work/jiachengye/33200/gpcp/daily/2012/gpcp_v01r03_daily_d20121116_c20170530.nc
2012-11-17,0.26311279141835314,0.567020795199562,288,/glade/work/jiachengye/33200/gpcp/daily/2012/gpcp_v01r03_daily_d20121117_c20170530.nc
2012-11-18,0.18340032870161052,0.6529717384649611,288,/glade/work/jiachengye/33200/gpcp/daily/2012/gpcp_v01r03_daily_d20121118_c20170530.nc
2012-11-19,1.0762941553134282,2.018218560509239,288,/glade/work/jiachengye/33200/gpcp/daily/2012/gpcp_v01r03_daily_d20121119_c20170530.nc
2012-11-20,0.33260938555229813,0.9429293482142809,288,/glade/work/jiachengye/33200/gpcp/daily/2012/gpcp_v01r03_daily_d20121120_c20170530.nc
2012-11-21,0.29737417926919474,0.8018183033665945,288,/glade/work/jiachengye/33200/gpcp/daily/2012/gpcp_v01r03_daily_d20121121_c20170530.nc
2012-11-22,0.7157543990702478,1.4414725302691398,288,/glade/work/jiachengye/33200/gpcp/daily/2012/gpcp_v01r03_daily_d20121122_c20170530.nc
2012-11-23,1.4623679125584748,3.098053248949465,288,/glade/work/jiachengye/33200/gpcp/daily/2012/gpcp_v01r03_daily_d20121123_c20170530.nc
2012-11-24,0.7697987026208342,1.211103552828083,288,/glade/work/jiachengye/33200/gpcp/daily/2012/gpcp_v01r03_daily_d20121124_c20170530.nc
2012-11-25,2.1123507918926694,3.0670557783450434,288,/glade/work/jiachengye/33200/gpcp/daily/2012/gpcp_v01r03_daily_d20121125_c20170530.nc
2012-11-26,0.4243522497111313,1.0454924941166412,288,/glade/work/jiachengye/33200/gpcp/daily/2012/gpcp_v01r03_daily_d20121126_c20170530.nc
2012-11-27,0.34806488809582153,1.0440948372940815,288,/glade/work/jiachengye/33200/gpcp/daily/2012/gpcp_v01r03_daily_d20121127_c20170530.nc
2012-11-28,0.1276154160859372,0.31628523018027654,288,/glade/work/jiachengye/33200/gpcp/daily/2012/gpcp_v01r03_daily_d20121128_c20170530.nc
2012-11-29,0.9733923832382061,1.538702984351407,288,/glade/work/jiachengye/33200/gpcp/daily/2012/gpcp_v01r03_daily_d20121129_c20170530.nc
2012-11-30,1.5274273332574166,2.4759511181833638,288,/glade/work/jiachengye/33200/gpcp/daily/2012/gpcp_v01r03_daily_d20121130_c20170530.nc
2012-12-01,5.872799721963576,5.993110937315173,288,/glade/work/jiachengye/33200/gpcp/daily/2012/gpcp_v01r03_daily_d20121201_c20170530.nc
2012-12-02,1.4184654200672577,2.3478136182744023,288,/glade/work/jiachengye/33200/gpcp/daily/2012/gpcp_v01r03_daily_d20121202_c20170530.nc
2012-12-03,1.430208430074331,2.4467382195125675,288,/glade/work/jiachengye/33200/gpcp/daily/2012/gpcp_v01r03_daily_d20121203_c20170530.nc
2012-12-04,1.61636082159982,4.747375746033521,288,/glade/work/jiachengye/33200/gpcp/daily/2012/gpcp_v01r03_daily_d20121204_c20170530.nc
2012-12-05,1.0025628719400008,1.810968188772287,288,/glade/work/jiachengye/33200/gpcp/daily/2012/gpcp_v01r03_daily_d20121205_c20170530.nc
2012-12-06,3.8036707141110138,4.435429388211954,288,/glade/work/jiachengye/33200/gpcp/daily/2012/gpcp_v01r03_daily_d20121206_c20170530.nc
2012-12-07,1.3895167849661076,2.5178505415949575,288,/glade/work/jiachengye/33200/gpcp/daily/2012/gpcp_v01r03_daily_d20121207_c20170530.nc
2012-12-08,1.1704797080745928,2.576267488869532,288,/glade/work/jiachengye/33200/gpcp/daily/2012/gpcp_v01r03_daily_d20121208_c20170530.nc
2012-12-09,3.9165189771427897,4.776878137066933,288,/glade/work/jiachengye/33200/gpcp/daily/2012/gpcp_v01r03_daily_d20121209_c20170530.nc
2012-12-10,3.9774514533010317,7.958560387658797,288,/glade/work/jiachengye/33200/gpcp/daily/2012/gpcp_v01r03_daily_d20121210_c20170530.nc
2012-12-11,0.08498458290110912,0.31324783456167987,288,/glade/work/jiachengye/33200/gpcp/daily/2012/gpcp_v01r03_daily_d20121211_c20170530.nc
2012-12-12,0.37975331011140645,1.0538735816076201,288,/glade/work/jiachengye/33200/gpcp/daily/2012/gpcp_v01r03_daily_d20121212_c20170530.nc
2012-12-13,0.7524548452351796,1.7568326290127485,288,/glade/work/jiachengye/33200/gpcp/daily/2012/gpcp_v01r03_daily_d20121213_c20170530.nc
2012-12-14,0.3770517729309891,1.3569550086798992,288,/glade/work/jiachengye/33200/gpcp/daily/2012/gpcp_v01r03_daily_d20121214_c20170530.nc
2012-12-15,6.381494404281547,7.143002949076765,288,/glade/work/jiachengye/33200/gpcp/daily/2012/gpcp_v01r03_daily_d20121215_c20170530.nc
2012-12-16,2.78341443253299,5.451104327100928,288,/glade/work/jiachengye/33200/gpcp/daily/2012/gpcp_v01r03_daily_d20121216_c20170530.nc
2012-12-17,3.8076025763516728,10.681925307204148,288,/glade/work/jiachengye/33200/gpcp/daily/2012/gpcp_v01r03_daily_d20121217_c20170530.nc
2012-12-18,0.25299683052596184,0.94280902540662,288,/glade/work/jiachengye/33200/gpcp/daily/2012/gpcp_v01r03_daily_d20121218_c20170530.nc
2012-12-19,0.5457302433625247,1.4370566400587295,288,/glade/work/jiachengye/33200/gpcp/daily/2012/gpcp_v01r03_daily_d20121219_c20170530.nc
2012-12-20,5.101475332743778,6.171657341364702,288,/glade/work/jiachengye/33200/gpcp/daily/2012/gpcp_v01r03_daily_d20121220_c20170530.nc
2012-12-21,0.8737737935866141,1.9126724154850945,288,/glade/work/jiachengye/33200/gpcp/daily/2012/gpcp_v01r03_daily_d20121221_c20170530.nc
2012-12-22,0.04332803345121865,0.1881505145403934,288,/glade/work/jiachengye/33200/gpcp/daily/2012/gpcp_v01r03_daily_d20121222_c20170530.nc
2012-12-23,0.15171626404880623,0.484879176084442,288,/glade/work/jiachengye/33200/gpcp/daily/2012/gpcp_v01r03_daily_d20121223_c20170530.nc
2012-12-24,0.7365150637481657,1.7232598801509582,288,/glade/work/jiachengye/33200/gpcp/daily/2012/gpcp_v01r03_daily_d20121224_c20170530.nc
2012-12-25,0.1631386716371526,0.6026152681580602,288,/glade/work/jiachengye/33200/gpcp/daily/2012/gpcp_v01r03_daily_d20121225_c20170530.nc
2012-12-26,6.050449032357677,10.61191610680316,288,/glade/work/jiachengye/33200/gpcp/daily/2012/gpcp_v01r03_daily_d20121226_c20170530.nc
2012-12-27,0.6742582375842884,1.3996606363173,288,/glade/work/jiachengye/33200/gpcp/daily/2012/gpcp_v01r03_daily_d20121227_c20170530.nc
2012-12-28,0.2890039676391769,0.7539867442061057,288,/glade/work/jiachengye/33200/gpcp/daily/2012/gpcp_v01r03_daily_d20121228_c20170530.nc
2012-12-29,0.48236928848074534,1.775564267829522,288,/glade/work/jiachengye/33200/gpcp/daily/2012/gpcp_v01r03_daily_d20121229_c20170530.nc
2012-12-30,0.015714146841914692,0.07978601158020093,288,/glade/work/jiachengye/33200/gpcp/daily/2012/gpcp_v01r03_daily_d20121230_c20170530.nc
2012-12-31,2.823374083200929,5.316166200664466,288,/glade/work/jiachengye/33200/gpcp/daily/2012/gpcp_v01r03_daily_d20121231_c20170530.nc
2013-01-01,0.8223131129042376,2.486752595127364,288,/glade/work/jiachengye/33200/gpcp/daily/2013/gpcp_v01r03_daily_d20130101_c20170530.nc
2013-01-02,0.4892392963350527,1.3045540451635873,288,/glade/work/jiachengye/33200/gpcp/daily/2013/gpcp_v01r03_daily_d20130102_c20170530.nc
2013-01-03,0.18762288925500686,0.6920862935320249,288,/glade/work/jiachengye/33200/gpcp/daily/2013/gpcp_v01r03_daily_d20130103_c20170530.nc
2013-01-04,0.24448770412464402,1.1417523564290077,288,/glade/work/jiachengye/33200/gpcp/daily/2013/gpcp_v01r03_daily_d20130104_c20170530.nc
2013-01-05,0.09011186215228449,0.7416840171769551,288,/glade/work/jiachengye/33200/gpcp/daily/2013/gpcp_v01r03_daily_d20130105_c20170530.nc
2013-01-06,0.439293639592837,1.2249566128484601,288,/glade/work/jiachengye/33200/gpcp/daily/2013/gpcp_v01r03_daily_d20130106_c20170530.nc
2013-01-07,0.284054830903683,0.7737041715677923,288,/glade/work/jiachengye/33200/gpcp/daily/2013/gpcp_v01r03_daily_d20130107_c20170530.nc
2013-01-08,0.2446097492863985,0.6399879030961008,288,/glade/work/jiachengye/33200/gpcp/daily/2013/gpcp_v01r03_daily_d20130108_c20170530.nc
2013-01-09,1.5226705665980378,3.96889308140421,288,/glade/work/jiachengye/33200/gpcp/daily/2013/gpcp_v01r03_daily_d20130109_c20170530.nc
2013-01-10,2.466186953229943,5.877772311852535,288,/glade/work/jiachengye/33200/gpcp/daily/2013/gpcp_v01r03_daily_d20130110_c20170530.nc
2013-01-11,6.724873399243267,6.032014593073995,288,/glade/work/jiachengye/33200/gpcp/daily/2013/gpcp_v01r03_daily_d20130111_c20170530.nc
2013-01-12,1.3763995729818936,2.5128253146279955,288,/glade/work/jiachengye/33200/gpcp/daily/2013/gpcp_v01r03_daily_d20130112_c20170530.nc
2013-01-13,7.440615745647605,14.557496258740318,288,/glade/work/jiachengye/33200/gpcp/daily/2013/gpcp_v01r03_daily_d20130113_c20170530.nc
2013-01-14,1.5135474245415752,5.653167368820061,288,/glade/work/jiachengye/33200/gpcp/daily/2013/gpcp_v01r03_daily_d20130114_c20170530.nc
2013-01-15,0.8428852423199374,3.7204249594656242,288,/glade/work/jiachengye/33200/gpcp/daily/2013/gpcp_v01r03_daily_d20130115_c20170530.nc
2013-01-16,3.4441670419266064,7.595309518999915,288,/glade/work/jiachengye/33200/gpcp/daily/2013/gpcp_v01r03_daily_d20130116_c20170530.nc
2013-01-17,5.377429460969682,14.140926307228439,288,/glade/work/jiachengye/33200/gpcp/daily/2013/gpcp_v01r03_daily_d20130117_c20170530.nc
2013-01-18,1.45521178005391,2.2088987085006955,288,/glade/work/jiachengye/33200/gpcp/daily/2013/gpcp_v01r03_daily_d20130118_c20170530.nc
2013-01-19,2.1333535639286167,4.4368699130512725,288,/glade/work/jiachengye/33200/gpcp/daily/2013/gpcp_v01r03_daily_d20130119_c20170530.nc
2013-01-20,0.3429281830039664,0.8386727493684993,288,/glade/work/jiachengye/33200/gpcp/daily/2013/gpcp_v01r03_daily_d20130120_c20170530.nc
2013-01-21,0.815053664000592,1.7391641390406274,288,/glade/work/jiachengye/33200/gpcp/daily/2013/gpcp_v01r03_daily_d20130121_c20170530.nc
2013-01-22,0.41966444660376895,0.9963519005671686,288,/glade/work/jiachengye/33200/gpcp/daily/2013/gpcp_v01r03_daily_d20130122_c20170530.nc
2013-01-23,0.8713775495960954,1.865867645629734,288,/glade/work/jiachengye/33200/gpcp/daily/2013/gpcp_v01r03_daily_d20130123_c20170530.nc
2013-01-24,2.953738332648284,3.819535949803117,288,/glade/work/jiachengye/33200/gpcp/daily/2013/gpcp_v01r03_daily_d20130124_c20170530.nc
2013-01-25,3.232660672033955,4.409581109899212,288,/glade/work/jiachengye/33200/gpcp/daily/2013/gpcp_v01r03_daily_d20130125_c20170530.nc
2013-01-26,0.3699176767938561,1.048774237722907,288,/glade/work/jiachengye/33200/gpcp/daily/2013/gpcp_v01r03_daily_d20130126_c20170530.nc
2013-01-27,2.523812836761245,3.7691455228679054,288,/glade/work/jiachengye/33200/gpcp/daily/2013/gpcp_v01r03_daily_d20130127_c20170530.nc
2013-01-28,1.5186330428369545,2.6966292389019726,288,/glade/work/jiachengye/33200/gpcp/daily/2013/gpcp_v01r03_daily_d20130128_c20170530.nc
2013-01-29,5.254056765237361,7.172976973547201,288,/glade/work/jiachengye/33200/gpcp/daily/2013/gpcp_v01r03_daily_d20130129_c20170530.nc
2013-01-30,10.585246228238205,11.286468713329818,288,/glade/work/jiachengye/33200/gpcp/daily/2013/gpcp_v01r03_daily_d20130130_c20170530.nc
2013-01-31,1.5978614493229801,3.8583126897989084,288,/glade/work/jiachengye/33200/gpcp/daily/2013/gpcp_v01r03_daily_d20130131_c20170530.nc
2013-02-01,0.09439063188178319,0.42878678606028897,288,/glade/work/jiachengye/33200/gpcp/daily/2013/gpcp_v01r03_daily_d20130201_c20170814.nc
2013-02-02,0.6404938386562785,2.0746516556587067,288,/glade/work/jiachengye/33200/gpcp/daily/2013/gpcp_v01r03_daily_d20130202_c20170814.nc
2013-02-03,0.4107083351155572,0.9998013150289373,288,/glade/work/jiachengye/33200/gpcp/daily/2013/gpcp_v01r03_daily_d20130203_c20170814.nc
2013-02-04,0.6227008798958704,1.450460651158251,288,/glade/work/jiachengye/33200/gpcp/daily/2013/gpcp_v01r03_daily_d20130204_c20170814.nc
2013-02-05,0.528606173509546,1.213326580170041,288,/glade/work/jiachengye/33200/gpcp/daily/2013/gpcp_v01r03_daily_d20130205_c20170814.nc
2013-02-06,0.8566686383400923,1.5421987941397306,288,/glade/work/jiachengye/33200/gpcp/daily/2013/gpcp_v01r03_daily_d20130206_c20170814.nc
2013-02-07,3.2201949891822257,5.5346114295611715,288,/glade/work/jiachengye/33200/gpcp/daily/2013/gpcp_v01r03_daily_d20130207_c20170814.nc
2013-02-08,1.1343861672150082,4.0634609415170715,288,/glade/work/jiachengye/33200/gpcp/daily/2013/gpcp_v01r03_daily_d20130208_c20170814.nc
2013-02-09,0.8397756283887953,2.142443815600709,72,/glade/work/jiachengye/33200/gpcp/daily/2013/gpcp_v01r03_daily_d20130209_c20170814.nc
2013-02-10,7.539687953639666,8.599579967549959,288,/glade/work/jiachengye/33200/gpcp/daily/2013/gpcp_v01r03_daily_d20130210_c20170814.nc
2013-02-11,1.3968791070917816,2.6252185475839305,288,/glade/work/jiachengye/33200/gpcp/daily/2013/gpcp_v01r03_daily_d20130211_c20170814.nc
2013-02-12,0.022131226586645302,0.13743490680230294,288,/glade/work/jiachengye/33200/gpcp/daily/2013/gpcp_v01r03_daily_d20130212_c20170814.nc
2013-02-13,0.3339608533211194,1.0356135814494447,288,/glade/work/jiachengye/33200/gpcp/daily/2013/gpcp_v01r03_daily_d20130213_c20170814.nc
2013-02-14,0.6030781172465411,1.611066669055345,288,/glade/work/jiachengye/33200/gpcp/daily/2013/gpcp_v01r03_daily_d20130214_c20170814.nc
2013-02-15,0.027593068826262248,0.2229899505695502,288,/glade/work/jiachengye/33200/gpcp/daily/2013/gpcp_v01r03_daily_d20130215_c20170814.nc
2013-02-16,0.08996361708165097,0.28181278865186155,288,/glade/work/jiachengye/33200/gpcp/daily/2013/gpcp_v01r03_daily_d20130216_c20170814.nc
2013-02-17,0.7582671416836526,1.7808855528070549,288,/glade/work/jiachengye/33200/gpcp/daily/2013/gpcp_v01r03_daily_d20130217_c20170814.nc
2013-02-18,2.5601367378379822,3.764548581621067,288,/glade/work/jiachengye/33200/gpcp/daily/2013/gpcp_v01r03_daily_d20130218_c20170814.nc
2013-02-19,2.7309244549897134,5.041321818434152,288,/glade/work/jiachengye/33200/gpcp/daily/2013/gpcp_v01r03_daily_d20130219_c20170814.nc
2013-02-20,0.873935310448978,2.004165653709633,288,/glade/work/jiachengye/33200/gpcp/daily/2013/gpcp_v01r03_daily_d20130220_c20170814.nc
2013-02-21,5.103714650794377,7.548516431090821,288,/glade/work/jiachengye/33200/gpcp/daily/2013/gpcp_v01r03_daily_d20130221_c20170814.nc
2013-02-22,5.015364142505638,6.356405849720443,288,/glade/work/jiachengye/33200/gpcp/daily/2013/gpcp_v01r03_daily_d20130222_c20170814.nc
2013-02-23,0.5194758425459437,1.1899205314335182,288,/glade/work/jiachengye/33200/gpcp/daily/2013/gpcp_v01r03_daily_d20130223_c20170814.nc
2013-02-24,0.4142822231592086,0.9034321903401091,288,/glade/work/jiachengye/33200/gpcp/daily/2013/gpcp_v01r03_daily_d20130224_c20170814.nc
2013-02-25,1.7525484855692863,5.3266578450836155,288,/glade/work/jiachengye/33200/gpcp/daily/2013/gpcp_v01r03_daily_d20130225_c20170814.nc
2013-02-26,8.029929762758618,11.958358256796744,288,/glade/work/jiachengye/33200/gpcp/daily/2013/gpcp_v01r03_daily_d20130226_c20170814.nc
2013-02-27,2.0322164980833457,3.2987103223516896,288,/glade/work/jiachengye/33200/gpcp/daily/2013/gpcp_v01r03_daily_d20130227_c20170814.nc
2013-02-28,0.4499229294106739,1.3985339914680601,288,/glade/work/jiachengye/33200/gpcp/daily/2013/gpcp_v01r03_daily_d20130228_c20170814.nc
2013-03-01,0.07241090061587853,0.4005650870548599,288,/glade/work/jiachengye/33200/gpcp/daily/2013/gpcp_v01r03_daily_d20130301_c20170530.nc
2013-03-02,0.11806010932370409,0.3936077005303698,288,/glade/work/jiachengye/33200/gpcp/daily/2013/gpcp_v01r03_daily_d20130302_c20170530.nc
2013-03-03,1.1599660733873145,2.245118023170567,288,/glade/work/jiachengye/33200/gpcp/daily/2013/gpcp_v01r03_daily_d20130303_c20170530.nc
2013-03-04,0.6950083194909863,1.5100574023414801,288,/glade/work/jiachengye/33200/gpcp/daily/2013/gpcp_v01r03_daily_d20130304_c20170530.nc
2013-03-05,1.5968446255453317,3.017139603667512,288,/glade/work/jiachengye/33200/gpcp/daily/2013/gpcp_v01r03_daily_d20130305_c20170530.nc
2013-03-06,0.5320088685127693,1.462260300151577,288,/glade/work/jiachengye/33200/gpcp/daily/2013/gpcp_v01r03_daily_d20130306_c20170530.nc
2013-03-07,0.1119717413615421,0.43085338606437407,288,/glade/work/jiachengye/33200/gpcp/daily/2013/gpcp_v01r03_daily_d20130307_c20170530.nc
2013-03-08,0.22242699551312525,0.540273034313095,288,/glade/work/jiachengye/33200/gpcp/daily/2013/gpcp_v01r03_daily_d20130308_c20170530.nc
2013-03-09,5.617116204440505,5.89896727891706,288,/glade/work/jiachengye/33200/gpcp/daily/2013/gpcp_v01r03_daily_d20130309_c20170530.nc
2013-03-10,8.507432592358057,10.829415859983142,288,/glade/work/jiachengye/33200/gpcp/daily/2013/gpcp_v01r03_daily_d20130310_c20170530.nc
2013-03-11,8.253531556078535,15.64562101833999,288,/glade/work/jiachengye/33200/gpcp/daily/2013/gpcp_v01r03_daily_d20130311_c20170530.nc
2013-03-12,0.7227428870487549,1.7588479915697481,288,/glade/work/jiachengye/33200/gpcp/daily/2013/gpcp_v01r03_daily_d20130312_c20170530.nc
2013-03-13,0.25147318285954084,0.686912232833385,288,/glade/work/jiachengye/33200/gpcp/daily/2013/gpcp_v01r03_daily_d20130313_c20170530.nc
2013-03-14,0.16218435577623358,0.5644421573566341,288,/glade/work/jiachengye/33200/gpcp/daily/2013/gpcp_v01r03_daily_d20130314_c20170530.nc
2013-03-15,2.8707949713580625,3.232868849926429,288,/glade/work/jiachengye/33200/gpcp/daily/2013/gpcp_v01r03_daily_d20130315_c20170530.nc
2013-03-16,0.9809766021659854,1.6073812569629966,288,/glade/work/jiachengye/33200/gpcp/daily/2013/gpcp_v01r03_daily_d20130316_c20170530.nc
2013-03-17,1.460377667953413,3.3593369245407514,288,/glade/work/jiachengye/33200/gpcp/daily/2013/gpcp_v01r03_daily_d20130317_c20170530.nc
2013-03-18,4.9545045146893765,8.035631138945869,288,/glade/work/jiachengye/33200/gpcp/daily/2013/gpcp_v01r03_daily_d20130318_c20170530.nc
2013-03-19,0.3896411800160572,1.09911159696042,288,/glade/work/jiachengye/33200/gpcp/daily/2013/gpcp_v01r03_daily_d20130319_c20170530.nc
2013-03-20,0.08119077791081065,0.30828054323852067,288,/glade/work/jiachengye/33200/gpcp/daily/2013/gpcp_v01r03_daily_d20130320_c20170530.nc
2013-03-21,0.5914064721350588,1.2175111703644763,288,/glade/work/jiachengye/33200/gpcp/daily/2013/gpcp_v01r03_daily_d20130321_c20170530.nc
2013-03-22,0.545190113101179,1.253978550379259,288,/glade/work/jiachengye/33200/gpcp/daily/2013/gpcp_v01r03_daily_d20130322_c20170530.nc
2013-03-23,0.528521690689846,1.4036341523666154,288,/glade/work/jiachengye/33200/gpcp/daily/2013/gpcp_v01r03_daily_d20130323_c20170530.nc
2013-03-24,3.4577008144688817,5.203536775115708,288,/glade/work/jiachengye/33200/gpcp/daily/2013/gpcp_v01r03_daily_d20130324_c20170530.nc
2013-03-25,1.6039400716299057,3.307514254643916,288,/glade/work/jiachengye/33200/gpcp/daily/2013/gpcp_v01r03_daily_d20130325_c20170530.nc
2013-03-26,0.08059347606417089,0.4654906500218284,288,/glade/work/jiachengye/33200/gpcp/daily/2013/gpcp_v01r03_daily_d20130326_c20170530.nc
2013-03-27,0.03968870621717247,0.1904169160440641,288,/glade/work/jiachengye/33200/gpcp/daily/2013/gpcp_v01r03_daily_d20130327_c20170530.nc
2013-03-28,0.0007261392627584706,0.012555372610637733,288,/glade/work/jiachengye/33200/gpcp/daily/2013/gpcp_v01r03_daily_d20130328_c20170530.nc
2013-03-29,0.15151659962370395,0.7790680946890857,288,/glade/work/jiachengye/33200/gpcp/daily/2013/gpcp_v01r03_daily_d20130329_c20170530.nc
2013-03-30,4.801221944399625,7.933168652985638,288,/glade/work/jiachengye/33200/gpcp/daily/2013/gpcp_v01r03_daily_d20130330_c20170530.nc
2013-03-31,0.9021045124959491,2.213367865318344,288,/glade/work/jiachengye/33200/gpcp/daily/2013/gpcp_v01r03_daily_d20130331_c20170530.nc
2013-04-01,0.020979116985015166,0.19571276228378343,288,/glade/work/jiachengye/33200/gpcp/daily/2013/gpcp_v01r03_daily_d20130401_c20170530.nc
2013-04-02,0.0010214070319310151,0.011742589001462893,288,/glade/work/jiachengye/33200/gpcp/daily/2013/gpcp_v01r03_daily_d20130402_c20170530.nc
2013-04-03,0.1748423910097794,1.1293817699273454,288,/glade/work/jiachengye/33200/gpcp/daily/2013/gpcp_v01r03_daily_d20130403_c20170530.nc
2013-04-04,0.5711712692497231,2.0385028864614596,288,/glade/work/jiachengye/33200/gpcp/daily/2013/gpcp_v01r03_daily_d20130404_c20170530.nc
2013-04-05,0.7294393605460242,2.4655487749276084,288,/glade/work/jiachengye/33200/gpcp/daily/2013/gpcp_v01r03_daily_d20130405_c20170530.nc
2013-04-06,0.3037708049982214,1.5639485224128282,72,/glade/work/jiachengye/33200/gpcp/daily/2013/gpcp_v01r03_daily_d20130406_c20170530.nc
2013-04-07,1.1743763538563419,2.4105423180599352,288,/glade/work/jiachengye/33200/gpcp/daily/2013/gpcp_v01r03_daily_d20130407_c20170530.nc
2013-04-08,5.333297811386211,6.1901149370542585,288,/glade/work/jiachengye/33200/gpcp/daily/2013/gpcp_v01r03_daily_d20130408_c20170530.nc
2013-04-09,5.510679959853314,6.6648496214902435,288,/glade/work/jiachengye/33200/gpcp/daily/2013/gpcp_v01r03_daily_d20130409_c20170530.nc
2013-04-10,13.347036284230578,15.639978587384837,288,/glade/work/jiachengye/33200/gpcp/daily/2013/gpcp_v01r03_daily_d20130410_c20170530.nc
2013-04-11,14.871406080155722,17.52002539698656,286,/glade/work/jiachengye/33200/gpcp/daily/2013/gpcp_v01r03_daily_d20130411_c20170530.nc
2013-04-12,3.831953485657205,5.095876366091001,288,/glade/work/jiachengye/33200/gpcp/daily/2013/gpcp_v01r03_daily_d20130412_c20170530.nc
2013-04-13,0.7492702948503805,1.3984542203122827,288,/glade/work/jiachengye/33200/gpcp/daily/2013/gpcp_v01r03_daily_d20130413_c20170530.nc
2013-04-14,4.951070860929685,6.672306604064906,288,/glade/work/jiachengye/33200/gpcp/daily/2013/gpcp_v01r03_daily_d20130414_c20170530.nc
2013-04-15,3.0530223946229373,4.296150799851037,288,/glade/work/jiachengye/33200/gpcp/daily/2013/gpcp_v01r03_daily_d20130415_c20170530.nc
2013-04-16,1.5435450060820022,3.908813304858109,288,/glade/work/jiachengye/33200/gpcp/daily/2013/gpcp_v01r03_daily_d20130416_c20170530.nc
2013-04-17,10.580186602085941,11.242260985517502,288,/glade/work/jiachengye/33200/gpcp/daily/2013/gpcp_v01r03_daily_d20130417_c20170530.nc
2013-04-18,16.332699069209124,17.571076774154275,288,/glade/work/jiachengye/33200/gpcp/daily/2013/gpcp_v01r03_daily_d20130418_c20170530.nc
2013-04-19,3.931132878464033,5.715221695560493,288,/glade/work/jiachengye/33200/gpcp/daily/2013/gpcp_v01r03_daily_d20130419_c20170530.nc
2013-04-20,0.30699903730662303,0.7855041152633084,288,/glade/work/jiachengye/33200/gpcp/daily/2013/gpcp_v01r03_daily_d20130420_c20170530.nc
2013-04-21,0.4619196486209782,1.2184443667619,288,/glade/work/jiachengye/33200/gpcp/daily/2013/gpcp_v01r03_daily_d20130421_c20170530.nc
2013-04-22,3.3906599525141705,4.646602496016401,288,/glade/work/jiachengye/33200/gpcp/daily/2013/gpcp_v01r03_daily_d20130422_c20170530.nc
2013-04-23,3.7688251282384178,5.042575627987739,288,/glade/work/jiachengye/33200/gpcp/daily/2013/gpcp_v01r03_daily_d20130423_c20170530.nc
2013-04-24,3.9081465179810957,6.691837133208248,288,/glade/work/jiachengye/33200/gpcp/daily/2013/gpcp_v01r03_daily_d20130424_c20170530.nc
2013-04-25,0.1060398853567429,0.4829593172814414,288,/glade/work/jiachengye/33200/gpcp/daily/2013/gpcp_v01r03_daily_d20130425_c20170530.nc
2013-04-26,0.6104323590537082,2.4035645145498123,288,/glade/work/jiachengye/33200/gpcp/daily/2013/gpcp_v01r03_daily_d20130426_c20170530.nc
2013-04-27,0.34272618512855846,1.8964204932745798,288,/glade/work/jiachengye/33200/gpcp/daily/2013/gpcp_v01r03_daily_d20130427_c20170530.nc
2013-04-28,3.055919470001541,5.610123211069541,288,/glade/work/jiachengye/33200/gpcp/daily/2013/gpcp_v01r03_daily_d20130428_c20170530.nc
2013-04-29,1.5525160898909551,2.7525908992732915,288,/glade/work/jiachengye/33200/gpcp/daily/2013/gpcp_v01r03_daily_d20130429_c20170530.nc
2013-04-30,2.297076282761285,3.4312102423062303,288,/glade/work/jiachengye/33200/gpcp/daily/2013/gpcp_v01r03_daily_d20130430_c20170530.nc
2013-05-01,4.448367390224815,6.698736456335829,288,/glade/work/jiachengye/33200/gpcp/daily/2013/gpcp_v01r03_daily_d20130501_c20170530.nc
2013-05-02,3.0486505680176084,6.283027950825466,288,/glade/work/jiachengye/33200/gpcp/daily/2013/gpcp_v01r03_daily_d20130502_c20170530.nc
2013-05-03,2.1134980005694453,3.9619662316086677,288,/glade/work/jiachengye/33200/gpcp/daily/2013/gpcp_v01r03_daily_d20130503_c20170530.nc
2013-05-04,2.222432906911539,4.2644781391920965,288,/glade/work/jiachengye/33200/gpcp/daily/2013/gpcp_v01r03_daily_d20130504_c20170530.nc
2013-05-05,2.7263651361675465,8.020944048310893,288,/glade/work/jiachengye/33200/gpcp/daily/2013/gpcp_v01r03_daily_d20130505_c20170530.nc
2013-05-06,0.8876167860884124,3.0103672213471033,288,/glade/work/jiachengye/33200/gpcp/daily/2013/gpcp_v01r03_daily_d20130506_c20170530.nc
2013-05-07,0.2920072284758825,1.5939490196762856,288,/glade/work/jiachengye/33200/gpcp/daily/2013/gpcp_v01r03_daily_d20130507_c20170530.nc
2013-05-08,2.8968492240534713,5.846894319150696,288,/glade/work/jiachengye/33200/gpcp/daily/2013/gpcp_v01r03_daily_d20130508_c20170530.nc
2013-05-09,7.408844158728945,10.998713308318147,288,/glade/work/jiachengye/33200/gpcp/daily/2013/gpcp_v01r03_daily_d20130509_c20170530.nc
2013-05-10,6.882322228139473,10.976871608054061,288,/glade/work/jiachengye/33200/gpcp/daily/2013/gpcp_v01r03_daily_d20130510_c20170530.nc
2013-05-11,1.034319624331945,3.1561008526575094,288,/glade/work/jiachengye/33200/gpcp/daily/2013/gpcp_v01r03_daily_d20130511_c20170530.nc
2013-05-12,0.38476572738090614,1.6153480545141925,288,/glade/work/jiachengye/33200/gpcp/daily/2013/gpcp_v01r03_daily_d20130512_c20170530.nc
2013-05-13,1.9548771873723991,3.899414622279064,288,/glade/work/jiachengye/33200/gpcp/daily/2013/gpcp_v01r03_daily_d20130513_c20170530.nc
2013-05-14,1.366785904517058,2.841131063909058,288,/glade/work/jiachengye/33200/gpcp/daily/2013/gpcp_v01r03_daily_d20130514_c20170530.nc
2013-05-15,0.6365710608533157,1.7578581186309248,288,/glade/work/jiachengye/33200/gpcp/daily/2013/gpcp_v01r03_daily_d20130515_c20170530.nc
2013-05-16,3.8594691347601,5.673861784112006,288,/glade/work/jiachengye/33200/gpcp/daily/2013/gpcp_v01r03_daily_d20130516_c20170530.nc
2013-05-17,3.5129213895693945,4.835168463450974,288,/glade/work/jiachengye/33200/gpcp/daily/2013/gpcp_v01r03_daily_d20130517_c20170530.nc
2013-05-18,4.783177755734788,5.966938155717711,288,/glade/work/jiachengye/33200/gpcp/daily/2013/gpcp_v01r03_daily_d20130518_c20170530.nc
2013-05-19,9.83829078833994,11.453951726150258,288,/glade/work/jiachengye/33200/gpcp/daily/2013/gpcp_v01r03_daily_d20130519_c20170530.nc
2013-05-20,8.09351079327584,8.392947225179718,288,/glade/work/jiachengye/33200/gpcp/daily/2013/gpcp_v01r03_daily_d20130520_c20170530.nc
2013-05-21,7.839593880912059,9.870028809941239,288,/glade/work/jiachengye/33200/gpcp/daily/2013/gpcp_v01r03_daily_d20130521_c20170530.nc
2013-05-22,5.215788056779481,6.6844753509302075,288,/glade/work/jiachengye/33200/gpcp/daily/2013/gpcp_v01r03_daily_d20130522_c20170530.nc
2013-05-23,1.1880978219283491,2.5208239054692,288,/glade/work/jiachengye/33200/gpcp/daily/2013/gpcp_v01r03_daily_d20130523_c20170530.nc
2013-05-24,0.3148675517447893,1.3650627992850646,288,/glade/work/jiachengye/33200/gpcp/daily/2013/gpcp_v01r03_daily_d20130524_c20170530.nc
2013-05-25,4.591887859902731,7.884959882898387,288,/glade/work/jiachengye/33200/gpcp/daily/2013/gpcp_v01r03_daily_d20130525_c20170530.nc
2013-05-26,4.7993285920420705,7.209607866348892,288,/glade/work/jiachengye/33200/gpcp/daily/2013/gpcp_v01r03_daily_d20130526_c20170530.nc
2013-05-27,12.069894629145312,19.562122434980367,288,/glade/work/jiachengye/33200/gpcp/daily/2013/gpcp_v01r03_daily_d20130527_c20170530.nc
2013-05-28,9.587978965204693,11.697920436547143,288,/glade/work/jiachengye/33200/gpcp/daily/2013/gpcp_v01r03_daily_d20130528_c20170530.nc
2013-05-29,8.49698758763524,10.594630693635724,288,/glade/work/jiachengye/33200/gpcp/daily/2013/gpcp_v01r03_daily_d20130529_c20170530.nc
2013-05-30,4.888158057847722,6.047528520754862,288,/glade/work/jiachengye/33200/gpcp/daily/2013/gpcp_v01r03_daily_d20130530_c20170530.nc
2013-05-31,5.350684133275053,6.939929159468769,288,/glade/work/jiachengye/33200/gpcp/daily/2013/gpcp_v01r03_daily_d20130531_c20170530.nc
2013-06-01,7.207761242377978,11.309046077464442,288,/glade/work/jiachengye/33200/gpcp/daily/2013/gpcp_v01r03_daily_d20130601_c20170530.nc
2013-06-02,1.8324184093974747,4.625016812865916,288,/glade/work/jiachengye/33200/gpcp/daily/2013/gpcp_v01r03_daily_d20130602_c20170530.nc
2013-06-03,1.3062602399238972,3.0841165573900646,288,/glade/work/jiachengye/33200/gpcp/daily/2013/gpcp_v01r03_daily_d20130603_c20170530.nc
2013-06-04,3.4142976696045495,5.248199448176467,288,/glade/work/jiachengye/33200/gpcp/daily/2013/gpcp_v01r03_daily_d20130604_c20170530.nc
2013-06-05,4.635302599939142,5.625009797392775,288,/glade/work/jiachengye/33200/gpcp/daily/2013/gpcp_v01r03_daily_d20130605_c20170530.nc
2013-06-06,2.944417526777554,5.400639110291493,288,/glade/work/jiachengye/33200/gpcp/daily/2013/gpcp_v01r03_daily_d20130606_c20170530.nc
2013-06-07,0.42930002128202777,1.63776963166578,288,/glade/work/jiachengye/33200/gpcp/daily/2013/gpcp_v01r03_daily_d20130607_c20170530.nc
2013-06-08,3.1343953385393952,4.473116684285128,288,/glade/work/jiachengye/33200/gpcp/daily/2013/gpcp_v01r03_daily_d20130608_c20170530.nc
2013-06-09,3.2131069425577317,4.44374133281329,288,/glade/work/jiachengye/33200/gpcp/daily/2013/gpcp_v01r03_daily_d20130609_c20170530.nc
2013-06-10,3.620193785646958,6.330103702196439,288,/glade/work/jiachengye/33200/gpcp/daily/2013/gpcp_v01r03_daily_d20130610_c20170530.nc
2013-06-11,1.9567207484012086,3.046214488420568,288,/glade/work/jiachengye/33200/gpcp/daily/2013/gpcp_v01r03_daily_d20130611_c20170530.nc
2013-06-12,4.444220781084633,5.571557884217844,288,/glade/work/jiachengye/33200/gpcp/daily/2013/gpcp_v01r03_daily_d20130612_c20170530.nc
2013-06-13,3.834997079819016,8.480378383597346,288,/glade/work/jiachengye/33200/gpcp/daily/2013/gpcp_v01r03_daily_d20130613_c20170530.nc
2013-06-14,2.144669876010225,3.7239339632277284,288,/glade/work/jiachengye/33200/gpcp/daily/2013/gpcp_v01r03_daily_d20130614_c20170530.nc
2013-06-15,5.304147844145798,6.9468644601849645,288,/glade/work/jiachengye/33200/gpcp/daily/2013/gpcp_v01r03_daily_d20130615_c20170530.nc
2013-06-16,3.1590823987517926,4.483254165920843,288,/glade/work/jiachengye/33200/gpcp/daily/2013/gpcp_v01r03_daily_d20130616_c20170530.nc
2013-06-17,2.4617886910311646,3.730674267818697,288,/glade/work/jiachengye/33200/gpcp/daily/2013/gpcp_v01r03_daily_d20130617_c20170530.nc
2013-06-18,1.8799584480224736,4.398032424879715,288,/glade/work/jiachengye/33200/gpcp/daily/2013/gpcp_v01r03_daily_d20130618_c20170530.nc
2013-06-19,0.7134399266491736,1.9609308687198737,288,/glade/work/jiachengye/33200/gpcp/daily/2013/gpcp_v01r03_daily_d20130619_c20170530.nc
2013-06-20,2.863578197284229,4.5158281148881905,288,/glade/work/jiachengye/33200/gpcp/daily/2013/gpcp_v01r03_daily_d20130620_c20170530.nc
2013-06-21,6.557710072080415,6.712470606312249,288,/glade/work/jiachengye/33200/gpcp/daily/2013/gpcp_v01r03_daily_d20130621_c20170530.nc
2013-06-22,6.072848620256326,7.592537997092519,288,/glade/work/jiachengye/33200/gpcp/daily/2013/gpcp_v01r03_daily_d20130622_c20170530.nc
2013-06-23,6.035681216302503,5.39880520196591,288,/glade/work/jiachengye/33200/gpcp/daily/2013/gpcp_v01r03_daily_d20130623_c20170530.nc
2013-06-24,4.810038887373335,6.9904763428048105,288,/glade/work/jiachengye/33200/gpcp/daily/2013/gpcp_v01r03_daily_d20130624_c20170530.nc
2013-06-25,3.8542538151692547,4.933292248292977,288,/glade/work/jiachengye/33200/gpcp/daily/2013/gpcp_v01r03_daily_d20130625_c20170530.nc
2013-06-26,7.434642860151594,12.073032732443393,288,/glade/work/jiachengye/33200/gpcp/daily/2013/gpcp_v01r03_daily_d20130626_c20170530.nc
2013-06-27,6.579410972944057,8.992391903548228,288,/glade/work/jiachengye/33200/gpcp/daily/2013/gpcp_v01r03_daily_d20130627_c20170530.nc
2013-06-28,4.776658203219568,6.010244080011499,288,/glade/work/jiachengye/33200/gpcp/daily/2013/gpcp_v01r03_daily_d20130628_c20170530.nc
2013-06-29,1.683006641549365,2.509431224613091,288,/glade/work/jiachengye/33200/gpcp/daily/2013/gpcp_v01r03_daily_d20130629_c20170530.nc
2013-06-30,0.4983845045652945,1.1872692157475253,288,/glade/work/jiachengye/33200/gpcp/daily/2013/gpcp_v01r03_daily_d20130630_c20170530.nc
2013-07-01,1.7766703477285513,4.157661832584718,288,/glade/work/jiachengye/33200/gpcp/daily/2013/gpcp_v01r03_daily_d20130701_c20170530.nc
2013-07-02,1.4727572747279951,3.0109250053503063,288,/glade/work/jiachengye/33200/gpcp/daily/2013/gpcp_v01r03_daily_d20130702_c20170530.nc
2013-07-03,0.8557914615104798,2.267498616430112,288,/glade/work/jiachengye/33200/gpcp/daily/2013/gpcp_v01r03_daily_d20130703_c20170530.nc
2013-07-04,2.292606406768997,5.336572422758261,288,/glade/work/jiachengye/33200/gpcp/daily/2013/gpcp_v01r03_daily_d20130704_c20170530.nc
2013-07-05,2.667150686772381,4.322685642967886,288,/glade/work/jiachengye/33200/gpcp/daily/2013/gpcp_v01r03_daily_d20130705_c20170530.nc
2013-07-06,2.4295392944856085,4.689472657500565,288,/glade/work/jiachengye/33200/gpcp/daily/2013/gpcp_v01r03_daily_d20130706_c20170530.nc
2013-07-07,4.439884825064953,4.9951761357016675,288,/glade/work/jiachengye/33200/gpcp/daily/2013/gpcp_v01r03_daily_d20130707_c20170530.nc
2013-07-08,5.051518079017377,5.907066543987616,288,/glade/work/jiachengye/33200/gpcp/daily/2013/gpcp_v01r03_daily_d20130708_c20170530.nc
2013-07-09,4.411407549562576,5.226096701876843,288,/glade/work/jiachengye/33200/gpcp/daily/2013/gpcp_v01r03_daily_d20130709_c20170530.nc
2013-07-10,5.384030923811569,7.670847570684077,288,/glade/work/jiachengye/33200/gpcp/daily/2013/gpcp_v01r03_daily_d20130710_c20170530.nc
2013-07-11,1.683418191112876,4.120052987505766,288,/glade/work/jiachengye/33200/gpcp/daily/2013/gpcp_v01r03_daily_d20130711_c20170530.nc
2013-07-12,1.2218261219442674,3.647451275868846,288,/glade/work/jiachengye/33200/gpcp/daily/2013/gpcp_v01r03_daily_d20130712_c20170530.nc
2013-07-13,3.8451600752474024,6.513595194183829,288,/glade/work/jiachengye/33200/gpcp/daily/2013/gpcp_v01r03_daily_d20130713_c20170530.nc
2013-07-14,4.497984942789252,6.8579458809401315,288,/glade/work/jiachengye/33200/gpcp/daily/2013/gpcp_v01r03_daily_d20130714_c20170530.nc
2013-07-15,1.7101236992285125,3.409525258806275,288,/glade/work/jiachengye/33200/gpcp/daily/2013/gpcp_v01r03_daily_d20130715_c20170530.nc
2013-07-16,0.8623437354530334,1.9865248303379377,288,/glade/work/jiachengye/33200/gpcp/daily/2013/gpcp_v01r03_daily_d20130716_c20170530.nc
2013-07-17,1.5444565731091426,3.7197299387314358,288,/glade/work/jiachengye/33200/gpcp/daily/2013/gpcp_v01r03_daily_d20130717_c20170530.nc
2013-07-18,3.193507782738011,6.549592805570653,288,/glade/work/jiachengye/33200/gpcp/daily/2013/gpcp_v01r03_daily_d20130718_c20170530.nc
2013-07-19,2.613464326623465,4.592071704940088,288,/glade/work/jiachengye/33200/gpcp/daily/2013/gpcp_v01r03_daily_d20130719_c20170530.nc
2013-07-20,4.384786161188468,6.371930471672453,288,/glade/work/jiachengye/33200/gpcp/daily/2013/gpcp_v01r03_daily_d20130720_c20170530.nc
2013-07-21,4.183349350169037,5.475228544114276,288,/glade/work/jiachengye/33200/gpcp/daily/2013/gpcp_v01r03_daily_d20130721_c20170530.nc
2013-07-22,3.6048272990279897,5.201577082074655,288,/glade/work/jiachengye/33200/gpcp/daily/2013/gpcp_v01r03_daily_d20130722_c20170530.nc
2013-07-23,2.5303717890005992,3.7551860621500337,288,/glade/work/jiachengye/33200/gpcp/daily/2013/gpcp_v01r03_daily_d20130723_c20170530.nc
2013-07-24,2.2246903319199793,5.640241135466496,288,/glade/work/jiachengye/33200/gpcp/daily/2013/gpcp_v01r03_daily_d20130724_c20170530.nc
2013-07-25,2.780203224566698,4.3549687678585105,288,/glade/work/jiachengye/33200/gpcp/daily/2013/gpcp_v01r03_daily_d20130725_c20170530.nc
2013-07-26,3.9863053358007883,6.24559670935532,288,/glade/work/jiachengye/33200/gpcp/daily/2013/gpcp_v01r03_daily_d20130726_c20170530.nc
2013-07-27,1.9931602226016616,4.066346331825936,288,/glade/work/jiachengye/33200/gpcp/daily/2013/gpcp_v01r03_daily_d20130727_c20170530.nc
2013-07-28,2.273230255585471,4.783378037001816,288,/glade/work/jiachengye/33200/gpcp/daily/2013/gpcp_v01r03_daily_d20130728_c20170530.nc
2013-07-29,1.8504121751306983,3.4888718175582594,288,/glade/work/jiachengye/33200/gpcp/daily/2013/gpcp_v01r03_daily_d20130729_c20170530.nc
2013-07-30,5.065848465451487,10.06357372256961,288,/glade/work/jiachengye/33200/gpcp/daily/2013/gpcp_v01r03_daily_d20130730_c20170530.nc
2013-07-31,2.856681113325495,3.755447058753385,288,/glade/work/jiachengye/33200/gpcp/daily/2013/gpcp_v01r03_daily_d20130731_c20170530.nc
2013-08-01,1.429165969022156,3.819528976045272,288,/glade/work/jiachengye/33200/gpcp/daily/2013/gpcp_v01r03_daily_d20130801_c20170530.nc
2013-08-02,3.9227529035512245,5.498159975412813,288,/glade/work/jiachengye/33200/gpcp/daily/2013/gpcp_v01r03_daily_d20130802_c20170530.nc
2013-08-03,2.6695078410650916,5.725999809214815,288,/glade/work/jiachengye/33200/gpcp/daily/2013/gpcp_v01r03_daily_d20130803_c20170530.nc
2013-08-04,3.6855704360549577,8.607319099422167,288,/glade/work/jiachengye/33200/gpcp/daily/2013/gpcp_v01r03_daily_d20130804_c20170530.nc
2013-08-05,3.4759094177536873,4.905026566462129,288,/glade/work/jiachengye/33200/gpcp/daily/2013/gpcp_v01r03_daily_d20130805_c20170530.nc
2013-08-06,5.8794663063835175,8.060269828278598,288,/glade/work/jiachengye/33200/gpcp/daily/2013/gpcp_v01r03_daily_d20130806_c20170530.nc
2013-08-07,6.020292070866348,7.4836150196596085,288,/glade/work/jiachengye/33200/gpcp/daily/2013/gpcp_v01r03_daily_d20130807_c20170530.nc
2013-08-08,2.559006657628175,4.727386046045967,288,/glade/work/jiachengye/33200/gpcp/daily/2013/gpcp_v01r03_daily_d20130808_c20170530.nc
2013-08-09,1.3612521930807369,2.7979662079408323,288,/glade/work/jiachengye/33200/gpcp/daily/2013/gpcp_v01r03_daily_d20130809_c20170530.nc
2013-08-10,0.8325607000042782,2.328809803708569,288,/glade/work/jiachengye/33200/gpcp/daily/2013/gpcp_v01r03_daily_d20130810_c20170530.nc
2013-08-11,2.133551439016316,3.5323346713527672,288,/glade/work/jiachengye/33200/gpcp/daily/2013/gpcp_v01r03_daily_d20130811_c20170530.nc
2013-08-12,2.0377049951365787,4.256796709539809,288,/glade/work/jiachengye/33200/gpcp/daily/2013/gpcp_v01r03_daily_d20130812_c20170530.nc
2013-08-13,1.4835156343175766,3.444159931318922,288,/glade/work/jiachengye/33200/gpcp/daily/2013/gpcp_v01r03_daily_d20130813_c20170530.nc
2013-08-14,0.8225468087140249,2.062188856600689,288,/glade/work/jiachengye/33200/gpcp/daily/2013/gpcp_v01r03_daily_d20130814_c20170530.nc
2013-08-15,0.6702421810490117,2.1283186915429875,288,/glade/work/jiachengye/33200/gpcp/daily/2013/gpcp_v01r03_daily_d20130815_c20170530.nc
2013-08-16,0.34796390686081285,1.4779234188140584,288,/glade/work/jiachengye/33200/gpcp/daily/2013/gpcp_v01r03_daily_d20130816_c20170530.nc
2013-08-17,0.29174532194939046,1.3276092537253648,288,/glade/work/jiachengye/33200/gpcp/daily/2013/gpcp_v01r03_daily_d20130817_c20170530.nc
2013-08-18,2.524269145084896,5.760862498193267,288,/glade/work/jiachengye/33200/gpcp/daily/2013/gpcp_v01r03_daily_d20130818_c20170530.nc
2013-08-19,1.2714736869209924,2.75297145964367,288,/glade/work/jiachengye/33200/gpcp/daily/2013/gpcp_v01r03_daily_d20130819_c20170530.nc
2013-08-20,0.020804114542190267,0.17764734556990638,288,/glade/work/jiachengye/33200/gpcp/daily/2013/gpcp_v01r03_daily_d20130820_c20170530.nc
2013-08-21,2.3413805698370225,4.659883133129953,288,/glade/work/jiachengye/33200/gpcp/daily/2013/gpcp_v01r03_daily_d20130821_c20170530.nc
2013-08-22,5.475301932225317,6.958968935544624,288,/glade/work/jiachengye/33200/gpcp/daily/2013/gpcp_v01r03_daily_d20130822_c20170530.nc
2013-08-23,1.117113620112833,3.990451553154088,288,/glade/work/jiachengye/33200/gpcp/daily/2013/gpcp_v01r03_daily_d20130823_c20170530.nc
2013-08-24,1.0838480661547343,2.85718407059292,288,/glade/work/jiachengye/33200/gpcp/daily/2013/gpcp_v01r03_daily_d20130824_c20170530.nc
2013-08-25,2.588071973588795,5.678646190580683,288,/glade/work/jiachengye/33200/gpcp/daily/2013/gpcp_v01r03_daily_d20130825_c20170530.nc
2013-08-26,4.610372158350748,7.790340508331177,288,/glade/work/jiachengye/33200/gpcp/daily/2013/gpcp_v01r03_daily_d20130826_c20170530.nc
2013-08-27,3.6375136150236322,6.412199645700588,288,/glade/work/jiachengye/33200/gpcp/daily/2013/gpcp_v01r03_daily_d20130827_c20170530.nc
2013-08-28,2.063569752266275,4.058628933092402,288,/glade/work/jiachengye/33200/gpcp/daily/2013/gpcp_v01r03_daily_d20130828_c20170530.nc
2013-08-29,2.190619295700597,5.854945804402543,288,/glade/work/jiachengye/33200/gpcp/daily/2013/gpcp_v01r03_daily_d20130829_c20170530.nc
2013-08-30,2.8484362360768105,7.429590873190331,288,/glade/work/jiachengye/33200/gpcp/daily/2013/gpcp_v01r03_daily_d20130830_c20170530.nc
2013-08-31,3.377804252343954,6.047852809041351,288,/glade/work/jiachengye/33200/gpcp/daily/2013/gpcp_v01r03_daily_d20130831_c20170530.nc
2013-09-01,8.307336079373094,9.335138157479962,288,/glade/work/jiachengye/33200/gpcp/daily/2013/gpcp_v01r03_daily_d20130901_c20170530.nc
2013-09-02,0.5805616285310895,1.7095578975268104,288,/glade/work/jiachengye/33200/gpcp/daily/2013/gpcp_v01r03_daily_d20130902_c20170530.nc
2013-09-03,0.626258643936157,1.783528503601146,288,/glade/work/jiachengye/33200/gpcp/daily/2013/gpcp_v01r03_daily_d20130903_c20170530.nc
2013-09-04,0.39134366649195557,0.8614086654660745,288,/glade/work/jiachengye/33200/gpcp/daily/2013/gpcp_v01r03_daily_d20130904_c20170530.nc
2013-09-05,1.3707742686908206,3.313792456871241,288,/glade/work/jiachengye/33200/gpcp/daily/2013/gpcp_v01r03_daily_d20130905_c20170530.nc
2013-09-06,1.066489951229185,2.3872968081722186,288,/glade/work/jiachengye/33200/gpcp/daily/2013/gpcp_v01r03_daily_d20130906_c20170530.nc
2013-09-07,2.5129003014754128,3.530839665915931,288,/glade/work/jiachengye/33200/gpcp/daily/2013/gpcp_v01r03_daily_d20130907_c20170530.nc
2013-09-08,3.6617765770613544,5.866872229711615,288,/glade/work/jiachengye/33200/gpcp/daily/2013/gpcp_v01r03_daily_d20130908_c20170530.nc
2013-09-09,3.7352173157089883,4.820836241023687,288,/glade/work/jiachengye/33200/gpcp/daily/2013/gpcp_v01r03_daily_d20130909_c20170530.nc
2013-09-10,2.563639614816963,3.933136148777595,288,/glade/work/jiachengye/33200/gpcp/daily/2013/gpcp_v01r03_daily_d20130910_c20170530.nc
2013-09-11,3.6811649787223253,4.958715347002969,288,/glade/work/jiachengye/33200/gpcp/daily/2013/gpcp_v01r03_daily_d20130911_c20170530.nc
2013-09-12,3.3799648777202993,5.86892757771686,288,/glade/work/jiachengye/33200/gpcp/daily/2013/gpcp_v01r03_daily_d20130912_c20170530.nc
2013-09-13,1.88666471699034,6.282686418261637,288,/glade/work/jiachengye/33200/gpcp/daily/2013/gpcp_v01r03_daily_d20130913_c20170530.nc
2013-09-14,2.2106099593142003,3.4356904723943296,288,/glade/work/jiachengye/33200/gpcp/daily/2013/gpcp_v01r03_daily_d20130914_c20170530.nc
2013-09-15,4.585213581886783,5.471034020445806,288,/glade/work/jiachengye/33200/gpcp/daily/2013/gpcp_v01r03_daily_d20130915_c20170530.nc
2013-09-16,0.9818251384304411,2.8291814426693653,288,/glade/work/jiachengye/33200/gpcp/daily/2013/gpcp_v01r03_daily_d20130916_c20170530.nc
2013-09-17,0.3031315917215632,0.9927054537533139,288,/glade/work/jiachengye/33200/gpcp/daily/2013/gpcp_v01r03_daily_d20130917_c20170530.nc
2013-09-18,1.1210606779816314,2.252379859242781,288,/glade/work/jiachengye/33200/gpcp/daily/2013/gpcp_v01r03_daily_d20130918_c20170530.nc
2013-09-19,6.190722417719888,7.145881818866886,288,/glade/work/jiachengye/33200/gpcp/daily/2013/gpcp_v01r03_daily_d20130919_c20170530.nc
2013-09-20,9.252495854881754,11.50395402938153,288,/glade/work/jiachengye/33200/gpcp/daily/2013/gpcp_v01r03_daily_d20130920_c20170530.nc
2013-09-21,4.8538274644330395,8.44902493373727,288,/glade/work/jiachengye/33200/gpcp/daily/2013/gpcp_v01r03_daily_d20130921_c20170530.nc
2013-09-22,0.0692558654028973,0.28840315475990014,288,/glade/work/jiachengye/33200/gpcp/daily/2013/gpcp_v01r03_daily_d20130922_c20170530.nc
2013-09-23,1.2116618726178396,3.0989173406282857,288,/glade/work/jiachengye/33200/gpcp/daily/2013/gpcp_v01r03_daily_d20130923_c20170530.nc
2013-09-24,0.31930761397717217,0.9338607356237528,288,/glade/work/jiachengye/33200/gpcp/daily/2013/gpcp_v01r03_daily_d20130924_c20170530.nc
2013-09-25,0.23351702140072894,0.8215860828503233,288,/glade/work/jiachengye/33200/gpcp/daily/2013/gpcp_v01r03_daily_d20130925_c20170530.nc
2013-09-26,0.34464047106540474,1.1541323092129752,288,/glade/work/jiachengye/33200/gpcp/daily/2013/gpcp_v01r03_daily_d20130926_c20170530.nc
2013-09-27,0.6954816362319951,1.5648066351947238,288,/glade/work/jiachengye/33200/gpcp/daily/2013/gpcp_v01r03_daily_d20130927_c20170530.nc
2013-09-28,3.367207367062487,5.22995960239895,288,/glade/work/jiachengye/33200/gpcp/daily/2013/gpcp_v01r03_daily_d20130928_c20170530.nc
2013-09-29,1.0418882081606855,2.2365425845634292,288,/glade/work/jiachengye/33200/gpcp/daily/2013/gpcp_v01r03_daily_d20130929_c20170530.nc
2013-09-30,1.4834798636811513,2.8698319652552913,288,/glade/work/jiachengye/33200/gpcp/daily/2013/gpcp_v01r03_daily_d20130930_c20170530.nc
2013-10-01,0.24728260704902308,0.7211375495578122,288,/glade/work/jiachengye/33200/gpcp/daily/2013/gpcp_v01r03_daily_d20131001_c20170530.nc
2013-10-02,0.5191253338686347,1.3710684005993024,288,/glade/work/jiachengye/33200/gpcp/daily/2013/gpcp_v01r03_daily_d20131002_c20170530.nc
2013-10-03,5.537645011879903,7.253283927700011,288,/glade/work/jiachengye/33200/gpcp/daily/2013/gpcp_v01r03_daily_d20131003_c20170530.nc
2013-10-04,7.022610311806028,8.497501104479793,288,/glade/work/jiachengye/33200/gpcp/daily/2013/gpcp_v01r03_daily_d20131004_c20170530.nc
2013-10-05,6.773367648335888,7.1515233106698535,288,/glade/work/jiachengye/33200/gpcp/daily/2013/gpcp_v01r03_daily_d20131005_c20170530.nc
2013-10-06,7.2271200635145565,10.892775019397915,288,/glade/work/jiachengye/33200/gpcp/daily/2013/gpcp_v01r03_daily_d20131006_c20170530.nc
2013-10-07,1.64010772019887,4.454451173955075,288,/glade/work/jiachengye/33200/gpcp/daily/2013/gpcp_v01r03_daily_d20131007_c20170530.nc
2013-10-08,0.28489063923072483,0.8941171909969046,288,/glade/work/jiachengye/33200/gpcp/daily/2013/gpcp_v01r03_daily_d20131008_c20170530.nc
2013-10-09,0.11742491680288698,0.49144320013986975,288,/glade/work/jiachengye/33200/gpcp/daily/2013/gpcp_v01r03_daily_d20131009_c20170530.nc
2013-10-10,1.0787454311853046,2.355596971361764,288,/glade/work/jiachengye/33200/gpcp/daily/2013/gpcp_v01r03_daily_d20131010_c20170530.nc
2013-10-11,3.487630492346899,5.250569155412384,288,/glade/work/jiachengye/33200/gpcp/daily/2013/gpcp_v01r03_daily_d20131011_c20170530.nc
2013-10-12,0.9259264466161666,2.214840135477066,288,/glade/work/jiachengye/33200/gpcp/daily/2013/gpcp_v01r03_daily_d20131012_c20170530.nc
2013-10-13,0.14007665026754645,0.533359946656295,288,/glade/work/jiachengye/33200/gpcp/daily/2013/gpcp_v01r03_daily_d20131013_c20170530.nc
2013-10-14,6.967698799267555,10.286840645635634,288,/glade/work/jiachengye/33200/gpcp/daily/2013/gpcp_v01r03_daily_d20131014_c20170530.nc
2013-10-15,10.25207588635454,10.813976627403365,288,/glade/work/jiachengye/33200/gpcp/daily/2013/gpcp_v01r03_daily_d20131015_c20170530.nc
2013-10-16,0.30023815755016675,0.9818678823516526,288,/glade/work/jiachengye/33200/gpcp/daily/2013/gpcp_v01r03_daily_d20131016_c20170530.nc
2013-10-17,1.6832536312542967,2.724023437498748,288,/glade/work/jiachengye/33200/gpcp/daily/2013/gpcp_v01r03_daily_d20131017_c20170530.nc
2013-10-18,1.3167246361952212,2.467746602442503,288,/glade/work/jiachengye/33200/gpcp/daily/2013/gpcp_v01r03_daily_d20131018_c20170530.nc
2013-10-19,1.7104892970805254,3.1129667272373354,288,/glade/work/jiachengye/33200/gpcp/daily/2013/gpcp_v01r03_daily_d20131019_c20170530.nc
2013-10-20,1.8377104741468997,2.6423259371678247,288,/glade/work/jiachengye/33200/gpcp/daily/2013/gpcp_v01r03_daily_d20131020_c20170530.nc
2013-10-21,0.9969872162031925,1.9654700712761273,288,/glade/work/jiachengye/33200/gpcp/daily/2013/gpcp_v01r03_daily_d20131021_c20170530.nc
2013-10-22,0.6103759442898645,1.423050946597905,288,/glade/work/jiachengye/33200/gpcp/daily/2013/gpcp_v01r03_daily_d20131022_c20170530.nc
2013-10-23,0.3928325765358994,1.104629554485319,288,/glade/work/jiachengye/33200/gpcp/daily/2013/gpcp_v01r03_daily_d20131023_c20170530.nc
2013-10-24,0.22954698714634392,0.7433303086100573,288,/glade/work/jiachengye/33200/gpcp/daily/2013/gpcp_v01r03_daily_d20131024_c20170530.nc
2013-10-25,0.5153761991495102,1.5209985715864682,288,/glade/work/jiachengye/33200/gpcp/daily/2013/gpcp_v01r03_daily_d20131025_c20170530.nc
2013-10-26,1.0895761795452947,2.756272752710207,288,/glade/work/jiachengye/33200/gpcp/daily/2013/gpcp_v01r03_daily_d20131026_c20170530.nc
2013-10-27,0.7030884297760145,1.9146190857723029,288,/glade/work/jiachengye/33200/gpcp/daily/2013/gpcp_v01r03_daily_d20131027_c20170530.nc
2013-10-28,1.0068229124313426,2.490062914601228,288,/glade/work/jiachengye/33200/gpcp/daily/2013/gpcp_v01r03_daily_d20131028_c20170530.nc
2013-10-29,6.8611585441926355,9.82243388187713,288,/glade/work/jiachengye/33200/gpcp/daily/2013/gpcp_v01r03_daily_d20131029_c20170530.nc
2013-10-30,4.210383728593085,5.985640411087324,288,/glade/work/jiachengye/33200/gpcp/daily/2013/gpcp_v01r03_daily_d20131030_c20170530.nc
2013-10-31,16.830547633942484,16.60398520515696,288,/glade/work/jiachengye/33200/gpcp/daily/2013/gpcp_v01r03_daily_d20131031_c20170530.nc
2013-11-01,2.4551354877131786,4.289047820881492,288,/glade/work/jiachengye/33200/gpcp/daily/2013/gpcp_v01r03_daily_d20131101_c20170530.nc
2013-11-02,0.11264958347334482,0.4517660581429236,288,/glade/work/jiachengye/33200/gpcp/daily/2013/gpcp_v01r03_daily_d20131102_c20170530.nc
2013-11-03,0.342813221306129,0.9610014663521435,288,/glade/work/jiachengye/33200/gpcp/daily/2013/gpcp_v01r03_daily_d20131103_c20170530.nc
2013-11-04,2.823160610146731,4.032231090299601,288,/glade/work/jiachengye/33200/gpcp/daily/2013/gpcp_v01r03_daily_d20131104_c20170530.nc
2013-11-05,1.9902527889965769,2.8929351124431775,288,/glade/work/jiachengye/33200/gpcp/daily/2013/gpcp_v01r03_daily_d20131105_c20170530.nc
2013-11-06,3.9292420976924607,6.849568494267504,288,/glade/work/jiachengye/33200/gpcp/daily/2013/gpcp_v01r03_daily_d20131106_c20170530.nc
2013-11-07,0.0023983667835595687,0.040112369841166326,288,/glade/work/jiachengye/33200/gpcp/daily/2013/gpcp_v01r03_daily_d20131107_c20170530.nc
2013-11-08,0.8395267924117944,1.8091819184564453,288,/glade/work/jiachengye/33200/gpcp/daily/2013/gpcp_v01r03_daily_d20131108_c20170530.nc
2013-11-09,2.2577933390554827,4.554788665285006,288,/glade/work/jiachengye/33200/gpcp/daily/2013/gpcp_v01r03_daily_d20131109_c20170530.nc
2013-11-10,0.24348129013236472,0.6776120534240899,288,/glade/work/jiachengye/33200/gpcp/daily/2013/gpcp_v01r03_daily_d20131110_c20170530.nc
2013-11-11,2.8204451137998987,4.944596799934438,288,/glade/work/jiachengye/33200/gpcp/daily/2013/gpcp_v01r03_daily_d20131111_c20170530.nc
2013-11-12,0.0474647014330126,0.28021946879775705,288,/glade/work/jiachengye/33200/gpcp/daily/2013/gpcp_v01r03_daily_d20131112_c20170530.nc
2013-11-13,0.13209961948836066,0.5978756609781503,288,/glade/work/jiachengye/33200/gpcp/daily/2013/gpcp_v01r03_daily_d20131113_c20170530.nc
2013-11-14,0.9073056144832214,2.282300035312104,288,/glade/work/jiachengye/33200/gpcp/daily/2013/gpcp_v01r03_daily_d20131114_c20170530.nc
2013-11-15,0.3179913305760642,1.0725114371965754,288,/glade/work/jiachengye/33200/gpcp/daily/2013/gpcp_v01r03_daily_d20131115_c20170530.nc
2013-11-16,1.302070387676804,2.2649470109792698,288,/glade/work/jiachengye/33200/gpcp/daily/2013/gpcp_v01r03_daily_d20131116_c20170530.nc
2013-11-17,4.5762718896343095,5.854052222144095,288,/glade/work/jiachengye/33200/gpcp/daily/2013/gpcp_v01r03_daily_d20131117_c20170530.nc
2013-11-18,0.607051707203062,2.1342063077454703,288,/glade/work/jiachengye/33200/gpcp/daily/2013/gpcp_v01r03_daily_d20131118_c20170530.nc
2013-11-19,0.5268390776493242,1.4618545089485477,288,/glade/work/jiachengye/33200/gpcp/daily/2013/gpcp_v01r03_daily_d20131119_c20170530.nc
2013-11-20,3.4681533006995817,5.365489813292598,288,/glade/work/jiachengye/33200/gpcp/daily/2013/gpcp_v01r03_daily_d20131120_c20170530.nc
2013-11-21,5.665475178961151,6.073931039122878,288,/glade/work/jiachengye/33200/gpcp/daily/2013/gpcp_v01r03_daily_d20131121_c20170530.nc
2013-11-22,2.0233497458420335,3.40837834089867,288,/glade/work/jiachengye/33200/gpcp/daily/2013/gpcp_v01r03_daily_d20131122_c20170530.nc
2013-11-23,0.6470145362704847,2.0455381237954384,288,/glade/work/jiachengye/33200/gpcp/daily/2013/gpcp_v01r03_daily_d20131123_c20170530.nc
2013-11-24,1.5017223342417976,3.978915459935918,288,/glade/work/jiachengye/33200/gpcp/daily/2013/gpcp_v01r03_daily_d20131124_c20170530.nc
2013-11-25,2.4092347867684123,4.762755350162356,288,/glade/work/jiachengye/33200/gpcp/daily/2013/gpcp_v01r03_daily_d20131125_c20170530.nc
2013-11-26,6.397192764458407,15.107703561524103,288,/glade/work/jiachengye/33200/gpcp/daily/2013/gpcp_v01r03_daily_d20131126_c20170530.nc
2013-11-27,0.38417930309578746,1.3850366245013186,288,/glade/work/jiachengye/33200/gpcp/daily/2013/gpcp_v01r03_daily_d20131127_c20170530.nc
2013-11-28,0.2838405689844991,1.3637129618720893,288,/glade/work/jiachengye/33200/gpcp/daily/2013/gpcp_v01r03_daily_d20131128_c20170530.nc
2013-11-29,0.18093129727590374,0.6498772266964615,288,/glade/work/jiachengye/33200/gpcp/daily/2013/gpcp_v01r03_daily_d20131129_c20170530.nc
2013-11-30,1.8831028066888882,4.1776155492045195,288,/glade/work/jiachengye/33200/gpcp/daily/2013/gpcp_v01r03_daily_d20131130_c20170530.nc
2013-12-01,0.21374396167163176,0.6996099295604011,288,/glade/work/jiachengye/33200/gpcp/daily/2013/gpcp_v01r03_daily_d20131201_c20170530.nc
2013-12-02,1.0896004157512766,1.3918008484726092,288,/glade/work/jiachengye/33200/gpcp/daily/2013/gpcp_v01r03_daily_d20131202_c20170530.nc
2013-12-03,1.8922673531076009,2.3518111608277046,288,/glade/work/jiachengye/33200/gpcp/daily/2013/gpcp_v01r03_daily_d20131203_c20170530.nc
2013-12-04,4.49035511138285,4.6737982005243595,288,/glade/work/jiachengye/33200/gpcp/daily/2013/gpcp_v01r03_daily_d20131204_c20170530.nc
2013-12-05,0.9875258851899642,2.3955947185426214,288,/glade/work/jiachengye/33200/gpcp/daily/2013/gpcp_v01r03_daily_d20131205_c20170530.nc
2013-12-06,3.364537301226336,7.316662901733543,288,/glade/work/jiachengye/33200/gpcp/daily/2013/gpcp_v01r03_daily_d20131206_c20170530.nc
2013-12-07,0.5415147079093421,2.343367610312089,288,/glade/work/jiachengye/33200/gpcp/daily/2013/gpcp_v01r03_daily_d20131207_c20170530.nc
2013-12-08,1.4399982649339653,2.2748070237545406,288,/glade/work/jiachengye/33200/gpcp/daily/2013/gpcp_v01r03_daily_d20131208_c20170530.nc
2013-12-09,0.7678711012156777,4.174323772070355,288,/glade/work/jiachengye/33200/gpcp/daily/2013/gpcp_v01r03_daily_d20131209_c20170530.nc
2013-12-10,0.5055029042193817,1.0281633907694228,288,/glade/work/jiachengye/33200/gpcp/daily/2013/gpcp_v01r03_daily_d20131210_c20170530.nc
2013-12-11,0.06280506059879461,0.25723167764083477,288,/glade/work/jiachengye/33200/gpcp/daily/2013/gpcp_v01r03_daily_d20131211_c20170530.nc
2013-12-12,0.3414975650492505,0.9806752637211681,288,/glade/work/jiachengye/33200/gpcp/daily/2013/gpcp_v01r03_daily_d20131212_c20170530.nc
2013-12-13,1.588960419901429,2.2277132216583104,288,/glade/work/jiachengye/33200/gpcp/daily/2013/gpcp_v01r03_daily_d20131213_c20170530.nc
2013-12-14,3.720620651010161,6.456522985104069,288,/glade/work/jiachengye/33200/gpcp/daily/2013/gpcp_v01r03_daily_d20131214_c20170530.nc
2013-12-15,0.35367725126322425,1.1104066325687232,288,/glade/work/jiachengye/33200/gpcp/daily/2013/gpcp_v01r03_daily_d20131215_c20170530.nc
2013-12-16,0.3011294173281278,0.6850277585384977,288,/glade/work/jiachengye/33200/gpcp/daily/2013/gpcp_v01r03_daily_d20131216_c20170530.nc
2013-12-17,0.30263403371157616,0.9576846384923633,288,/glade/work/jiachengye/33200/gpcp/daily/2013/gpcp_v01r03_daily_d20131217_c20170530.nc
2013-12-18,0.3354428624902155,1.1295436115872635,288,/glade/work/jiachengye/33200/gpcp/daily/2013/gpcp_v01r03_daily_d20131218_c20170530.nc
2013-12-19,2.754981069451592,2.9781146351628434,288,/glade/work/jiachengye/33200/gpcp/daily/2013/gpcp_v01r03_daily_d20131219_c20170530.nc
2013-12-20,2.381910508886955,3.20214331372616,288,/glade/work/jiachengye/33200/gpcp/daily/2013/gpcp_v01r03_daily_d20131220_c20170530.nc
2013-12-21,12.30053298186717,16.531774806183595,288,/glade/work/jiachengye/33200/gpcp/daily/2013/gpcp_v01r03_daily_d20131221_c20170530.nc
2013-12-22,9.40527083408866,12.593723053051402,288,/glade/work/jiachengye/33200/gpcp/daily/2013/gpcp_v01r03_daily_d20131222_c20170530.nc
2013-12-23,0.8219667840582584,3.2263790169489015,288,/glade/work/jiachengye/33200/gpcp/daily/2013/gpcp_v01r03_daily_d20131223_c20170530.nc
2013-12-24,0.2379416791163941,0.6720428478130628,288,/glade/work/jiachengye/33200/gpcp/daily/2013/gpcp_v01r03_daily_d20131224_c20170530.nc
2013-12-25,0.6588283998918092,1.781223832614717,288,/glade/work/jiachengye/33200/gpcp/daily/2013/gpcp_v01r03_daily_d20131225_c20170530.nc
2013-12-26,0.2413556399818956,0.6076858408396383,288,/glade/work/jiachengye/33200/gpcp/daily/2013/gpcp_v01r03_daily_d20131226_c20170530.nc
2013-12-27,0.3959815760608106,1.0270150744457651,288,/glade/work/jiachengye/33200/gpcp/daily/2013/gpcp_v01r03_daily_d20131227_c20170530.nc
2013-12-28,0.8752396013459859,2.2194463044302504,288,/glade/work/jiachengye/33200/gpcp/daily/2013/gpcp_v01r03_daily_d20131228_c20170530.nc
2013-12-29,3.35626436064709,6.7669245620843945,288,/glade/work/jiachengye/33200/gpcp/daily/2013/gpcp_v01r03_daily_d20131229_c20170530.nc
2013-12-30,0.21123512228961344,0.7564618669004572,288,/glade/work/jiachengye/33200/gpcp/daily/2013/gpcp_v01r03_daily_d20131230_c20170530.nc
2013-12-31,0.4215424071104071,0.9069807868167076,288,/glade/work/jiachengye/33200/gpcp/daily/2013/gpcp_v01r03_daily_d20131231_c20170530.nc
2014-01-01,1.124632039494416,2.1331072141665945,288,/glade/work/jiachengye/33200/gpcp/daily/2014/gpcp_v01r03_daily_d20140101_c20170530.nc
2014-01-02,0.7132513770561935,2.0186765859348053,288,/glade/work/jiachengye/33200/gpcp/daily/2014/gpcp_v01r03_daily_d20140102_c20170530.nc
2014-01-03,1.3036279994055906,2.3058257636757795,288,/glade/work/jiachengye/33200/gpcp/daily/2014/gpcp_v01r03_daily_d20140103_c20170530.nc
2014-01-04,1.681003782181487,3.1315646954716154,288,/glade/work/jiachengye/33200/gpcp/daily/2014/gpcp_v01r03_daily_d20140104_c20170530.nc
2014-01-05,2.544796693771024,4.777695224715422,288,/glade/work/jiachengye/33200/gpcp/daily/2014/gpcp_v01r03_daily_d20140105_c20170530.nc
2014-01-06,0.5841711915682748,1.4756998435424244,288,/glade/work/jiachengye/33200/gpcp/daily/2014/gpcp_v01r03_daily_d20140106_c20170530.nc
2014-01-07,0.12447085203915954,0.38247139968441984,288,/glade/work/jiachengye/33200/gpcp/daily/2014/gpcp_v01r03_daily_d20140107_c20170530.nc
2014-01-08,0.13046446488933178,0.5716045939538038,288,/glade/work/jiachengye/33200/gpcp/daily/2014/gpcp_v01r03_daily_d20140108_c20170530.nc
2014-01-09,0.14981204435993808,0.4309437509074733,288,/glade/work/jiachengye/33200/gpcp/daily/2014/gpcp_v01r03_daily_d20140109_c20170530.nc
2014-01-10,3.319156048871468,5.922944242954081,288,/glade/work/jiachengye/33200/gpcp/daily/2014/gpcp_v01r03_daily_d20140110_c20170530.nc
2014-01-11,8.863184994231924,15.136596429147612,288,/glade/work/jiachengye/33200/gpcp/daily/2014/gpcp_v01r03_daily_d20140111_c20170530.nc
2014-01-12,2.3459601857760823,3.2459179448931694,288,/glade/work/jiachengye/33200/gpcp/daily/2014/gpcp_v01r03_daily_d20140112_c20170530.nc
2014-01-13,1.9066483865884074,3.6233994383744164,288,/glade/work/jiachengye/33200/gpcp/daily/2014/gpcp_v01r03_daily_d20140113_c20170530.nc
2014-01-14,0.786878609286658,1.9903070456636032,288,/glade/work/jiachengye/33200/gpcp/daily/2014/gpcp_v01r03_daily_d20140114_c20170530.nc
2014-01-15,0.41118985758655685,1.0354844942202175,288,/glade/work/jiachengye/33200/gpcp/daily/2014/gpcp_v01r03_daily_d20140115_c20170530.nc
2014-01-16,0.563296408554467,1.3730407214191924,288,/glade/work/jiachengye/33200/gpcp/daily/2014/gpcp_v01r03_daily_d20140116_c20170530.nc
2014-01-17,0.16954473939312417,0.5010351260340635,288,/glade/work/jiachengye/33200/gpcp/daily/2014/gpcp_v01r03_daily_d20140117_c20170530.nc
2014-01-18,0.31549709796086434,0.9519373532013475,288,/glade/work/jiachengye/33200/gpcp/daily/2014/gpcp_v01r03_daily_d20140118_c20170530.nc
2014-01-19,0.504910624440151,1.1492898013972268,288,/glade/work/jiachengye/33200/gpcp/daily/2014/gpcp_v01r03_daily_d20140119_c20170530.nc
2014-01-20,0.2962997571709421,0.7841001166831554,288,/glade/work/jiachengye/33200/gpcp/daily/2014/gpcp_v01r03_daily_d20140120_c20170530.nc
2014-01-21,0.18023133220219914,0.47256108018071563,288,/glade/work/jiachengye/33200/gpcp/daily/2014/gpcp_v01r03_daily_d20140121_c20170530.nc
2014-01-22,0.4837615239336074,1.4470383523528625,288,/glade/work/jiachengye/33200/gpcp/daily/2014/gpcp_v01r03_daily_d20140122_c20170530.nc
2014-01-23,0.0016901175304087528,0.01695327469663262,288,/glade/work/jiachengye/33200/gpcp/daily/2014/gpcp_v01r03_daily_d20140123_c20170530.nc
2014-01-24,1.3850362867728365,2.3036588605197785,288,/glade/work/jiachengye/33200/gpcp/daily/2014/gpcp_v01r03_daily_d20140124_c20170530.nc
2014-01-25,0.6070368973373599,1.2622509186963051,288,/glade/work/jiachengye/33200/gpcp/daily/2014/gpcp_v01r03_daily_d20140125_c20170530.nc
2014-01-26,0.7400145256749784,1.5946998244477921,288,/glade/work/jiachengye/33200/gpcp/daily/2014/gpcp_v01r03_daily_d20140126_c20170530.nc
2014-01-27,0.1523590048306126,0.6852476207847558,288,/glade/work/jiachengye/33200/gpcp/daily/2014/gpcp_v01r03_daily_d20140127_c20170530.nc
2014-01-28,0.05829376419825073,0.3544486075848615,288,/glade/work/jiachengye/33200/gpcp/daily/2014/gpcp_v01r03_daily_d20140128_c20170530.nc
2014-01-29,0.2484930213652276,0.874947123731095,288,/glade/work/jiachengye/33200/gpcp/daily/2014/gpcp_v01r03_daily_d20140129_c20170530.nc
2014-01-30,5.58632578545426,5.578306140016835,288,/glade/work/jiachengye/33200/gpcp/daily/2014/gpcp_v01r03_daily_d20140130_c20170530.nc
2014-01-31,1.1189677353102183,2.396834279911024,288,/glade/work/jiachengye/33200/gpcp/daily/2014/gpcp_v01r03_daily_d20140131_c20170530.nc
2014-02-01,3.606393706390404,5.5495980994588905,288,/glade/work/jiachengye/33200/gpcp/daily/2014/gpcp_v01r03_daily_d20140201_c20180109.nc
2014-02-02,0.7184022075069907,2.4008083520730246,288,/glade/work/jiachengye/33200/gpcp/daily/2014/gpcp_v01r03_daily_d20140202_c20180109.nc
2014-02-03,1.574427252829861,4.6805652440398156,288,/glade/work/jiachengye/33200/gpcp/daily/2014/gpcp_v01r03_daily_d20140203_c20180109.nc
2014-02-04,5.937497712817942,10.667568595946495,288,/glade/work/jiachengye/33200/gpcp/daily/2014/gpcp_v01r03_daily_d20140204_c20180109.nc
2014-02-05,5.117395357391293,9.091782259641871,288,/glade/work/jiachengye/33200/gpcp/daily/2014/gpcp_v01r03_daily_d20140205_c20180109.nc
2014-02-06,0.04579693339626356,0.20926021593235253,288,/glade/work/jiachengye/33200/gpcp/daily/2014/gpcp_v01r03_daily_d20140206_c20180109.nc
2014-02-07,0.18042474010514606,0.805699501326579,288,/glade/work/jiachengye/33200/gpcp/daily/2014/gpcp_v01r03_daily_d20140207_c20180109.nc
2014-02-08,0.07629430911978141,0.5084386175733513,288,/glade/work/jiachengye/33200/gpcp/daily/2014/gpcp_v01r03_daily_d20140208_c20180109.nc
2014-02-09,0.8586888071115382,2.2527072043250453,288,/glade/work/jiachengye/33200/gpcp/daily/2014/gpcp_v01r03_daily_d20140209_c20180109.nc
2014-02-10,0.16275954237903598,0.6603473148685386,288,/glade/work/jiachengye/33200/gpcp/daily/2014/gpcp_v01r03_daily_d20140210_c20180109.nc
2014-02-11,0.2762315467153262,0.7410843269539925,288,/glade/work/jiachengye/33200/gpcp/daily/2014/gpcp_v01r03_daily_d20140211_c20180109.nc
2014-02-12,1.3078504467287395,2.514126937676873,288,/glade/work/jiachengye/33200/gpcp/daily/2014/gpcp_v01r03_daily_d20140212_c20180109.nc
2014-02-13,2.133761411683824,4.181784824367874,288,/glade/work/jiachengye/33200/gpcp/daily/2014/gpcp_v01r03_daily_d20140213_c20180109.nc
2014-02-14,2.343572117075453,4.192312058066131,288,/glade/work/jiachengye/33200/gpcp/daily/2014/gpcp_v01r03_daily_d20140214_c20180109.nc
2014-02-15,0.3993222791384808,0.8471972077749548,288,/glade/work/jiachengye/33200/gpcp/daily/2014/gpcp_v01r03_daily_d20140215_c20180109.nc
2014-02-16,0.6041659562985021,1.1314177719431733,288,/glade/work/jiachengye/33200/gpcp/daily/2014/gpcp_v01r03_daily_d20140216_c20180109.nc
2014-02-17,3.228340790206968,3.986112375486076,288,/glade/work/jiachengye/33200/gpcp/daily/2014/gpcp_v01r03_daily_d20140217_c20180109.nc
2014-02-18,1.232602404038091,2.371966990016358,288,/glade/work/jiachengye/33200/gpcp/daily/2014/gpcp_v01r03_daily_d20140218_c20180109.nc
2014-02-19,0.1707515976740768,0.8215694396011598,288,/glade/work/jiachengye/33200/gpcp/daily/2014/gpcp_v01r03_daily_d20140219_c20180109.nc
2014-02-20,4.110867485256706,4.650374101873768,288,/glade/work/jiachengye/33200/gpcp/daily/2014/gpcp_v01r03_daily_d20140220_c20180109.nc
2014-02-21,4.891764046330697,8.97941377217282,288,/glade/work/jiachengye/33200/gpcp/daily/2014/gpcp_v01r03_daily_d20140221_c20180109.nc
2014-02-22,0.11907633511535046,0.38325526058773435,288,/glade/work/jiachengye/33200/gpcp/daily/2014/gpcp_v01r03_daily_d20140222_c20180109.nc
2014-02-23,0.5352304390990297,1.255571509222117,288,/glade/work/jiachengye/33200/gpcp/daily/2014/gpcp_v01r03_daily_d20140223_c20180109.nc
2014-02-24,0.5023859926018711,1.2239156997018545,288,/glade/work/jiachengye/33200/gpcp/daily/2014/gpcp_v01r03_daily_d20140224_c20180109.nc
2014-02-25,0.31102018743496407,0.9240105647851501,288,/glade/work/jiachengye/33200/gpcp/daily/2014/gpcp_v01r03_daily_d20140225_c20180109.nc
2014-02-26,0.24470529974965194,0.677825171092826,288,/glade/work/jiachengye/33200/gpcp/daily/2014/gpcp_v01r03_daily_d20140226_c20180109.nc
2014-02-27,0.05780534594170497,0.277751285500408,288,/glade/work/jiachengye/33200/gpcp/daily/2014/gpcp_v01r03_daily_d20140227_c20180109.nc
2014-02-28,0.937252746784144,1.8152942762708966,288,/glade/work/jiachengye/33200/gpcp/daily/2014/gpcp_v01r03_daily_d20140228_c20180109.nc
2014-03-01,1.507785358129558,2.1673599585410446,288,/glade/work/jiachengye/33200/gpcp/daily/2014/gpcp_v01r03_daily_d20140301_c20180912.nc
2014-03-02,2.2252708642122188,4.386621710996316,288,/glade/work/jiachengye/33200/gpcp/daily/2014/gpcp_v01r03_daily_d20140302_c20180912.nc
2014-03-03,5.802674315541849,11.072869681189088,288,/glade/work/jiachengye/33200/gpcp/daily/2014/gpcp_v01r03_daily_d20140303_c20180912.nc
2014-03-04,0.5677584210526572,1.3964386096037518,288,/glade/work/jiachengye/33200/gpcp/daily/2014/gpcp_v01r03_daily_d20140304_c20180912.nc
2014-03-05,0.32017549596828765,0.8895694440645969,288,/glade/work/jiachengye/33200/gpcp/daily/2014/gpcp_v01r03_daily_d20140305_c20180912.nc
2014-03-06,0.5639186469170092,1.628545071098107,288,/glade/work/jiachengye/33200/gpcp/daily/2014/gpcp_v01r03_daily_d20140306_c20180912.nc
2014-03-07,1.2931738940141064,2.360110945233414,288,/glade/work/jiachengye/33200/gpcp/daily/2014/gpcp_v01r03_daily_d20140307_c20180912.nc
2014-03-08,0.44158119139569557,1.6379665804241745,288,/glade/work/jiachengye/33200/gpcp/daily/2014/gpcp_v01r03_daily_d20140308_c20180912.nc
2014-03-09,1.2611646750595984,2.0627357808436453,288,/glade/work/jiachengye/33200/gpcp/daily/2014/gpcp_v01r03_daily_d20140309_c20180912.nc
2014-03-10,0.4517632415437673,1.0280288088553295,288,/glade/work/jiachengye/33200/gpcp/daily/2014/gpcp_v01r03_daily_d20140310_c20180912.nc
2014-03-11,2.005600131363809,2.918403837943343,288,/glade/work/jiachengye/33200/gpcp/daily/2014/gpcp_v01r03_daily_d20140311_c20180912.nc
2014-03-12,1.2055261701660742,2.763282637136998,288,/glade/work/jiachengye/33200/gpcp/daily/2014/gpcp_v01r03_daily_d20140312_c20180912.nc
2014-03-13,0.03324947729909003,0.2309004162730734,288,/glade/work/jiachengye/33200/gpcp/daily/2014/gpcp_v01r03_daily_d20140313_c20180912.nc
2014-03-14,0.39223522438309844,1.2133478338706052,288,/glade/work/jiachengye/33200/gpcp/daily/2014/gpcp_v01r03_daily_d20140314_c20180912.nc
2014-03-15,0.19680985069160162,0.5324606786631276,288,/glade/work/jiachengye/33200/gpcp/daily/2014/gpcp_v01r03_daily_d20140315_c20180912.nc
2014-03-16,0.8478731386462104,2.5864700142142865,288,/glade/work/jiachengye/33200/gpcp/daily/2014/gpcp_v01r03_daily_d20140316_c20180912.nc
2014-03-17,0.8261759012742297,1.3565199893568074,288,/glade/work/jiachengye/33200/gpcp/daily/2014/gpcp_v01r03_daily_d20140317_c20180912.nc
2014-03-18,1.3537626143088213,2.42126422668405,288,/glade/work/jiachengye/33200/gpcp/daily/2014/gpcp_v01r03_daily_d20140318_c20180912.nc
2014-03-19,0.9318493442116405,2.2178036987147327,288,/glade/work/jiachengye/33200/gpcp/daily/2014/gpcp_v01r03_daily_d20140319_c20180912.nc
2014-03-20,0.11856646025619437,0.5473513862227349,288,/glade/work/jiachengye/33200/gpcp/daily/2014/gpcp_v01r03_daily_d20140320_c20180912.nc
2014-03-21,0.41057978316657684,1.2080400923755763,288,/glade/work/jiachengye/33200/gpcp/daily/2014/gpcp_v01r03_daily_d20140321_c20180912.nc
2014-03-22,0.03980734642502465,0.21724968755512436,72,/glade/work/jiachengye/33200/gpcp/daily/2014/gpcp_v01r03_daily_d20140322_c20180912.nc
2014-03-23,0.07408118562065759,0.44285484990749235,72,/glade/work/jiachengye/33200/gpcp/daily/2014/gpcp_v01r03_daily_d20140323_c20180912.nc
2014-03-24,0.0,0.0,72,/glade/work/jiachengye/33200/gpcp/daily/2014/gpcp_v01r03_daily_d20140324_c20180912.nc
2014-03-25,0.023901094412325057,0.14167394010796172,72,/glade/work/jiachengye/33200/gpcp/daily/2014/gpcp_v01r03_daily_d20140325_c20180912.nc
2014-03-26,0.74030911298557,1.6725608580208178,72,/glade/work/jiachengye/33200/gpcp/daily/2014/gpcp_v01r03_daily_d20140326_c20180912.nc
2014-03-27,0.51579785540361,1.4484150505506312,72,/glade/work/jiachengye/33200/gpcp/daily/2014/gpcp_v01r03_daily_d20140327_c20180912.nc
2014-03-28,2.641164441342011,4.240434813100355,72,/glade/work/jiachengye/33200/gpcp/daily/2014/gpcp_v01r03_daily_d20140328_c20180912.nc
2014-03-29,1.4916869519455596,2.953582155533026,288,/glade/work/jiachengye/33200/gpcp/daily/2014/gpcp_v01r03_daily_d20140329_c20180912.nc
2014-03-30,1.0415681261314187,2.608040337641234,288,/glade/work/jiachengye/33200/gpcp/daily/2014/gpcp_v01r03_daily_d20140330_c20180912.nc
2014-03-31,4.939748605558472,5.261861114321425,288,/glade/work/jiachengye/33200/gpcp/daily/2014/gpcp_v01r03_daily_d20140331_c20180912.nc
2014-04-01,1.3834953180481253,2.5258400882275795,288,/glade/work/jiachengye/33200/gpcp/daily/2014/gpcp_v01r03_daily_d20140401_c20170530.nc
2014-04-02,1.7712282399209283,3.731316223090388,288,/glade/work/jiachengye/33200/gpcp/daily/2014/gpcp_v01r03_daily_d20140402_c20170530.nc
2014-04-03,16.237212243188708,22.526708548267948,288,/glade/work/jiachengye/33200/gpcp/daily/2014/gpcp_v01r03_daily_d20140403_c20170530.nc
2014-04-04,7.08786366528459,8.599184675553929,288,/glade/work/jiachengye/33200/gpcp/daily/2014/gpcp_v01r03_daily_d20140404_c20170530.nc
2014-04-05,0.06140134653515201,0.38945491214682515,288,/glade/work/jiachengye/33200/gpcp/daily/2014/gpcp_v01r03_daily_d20140405_c20170530.nc
2014-04-06,0.4022427348682164,1.5079412941722392,288,/glade/work/jiachengye/33200/gpcp/daily/2014/gpcp_v01r03_daily_d20140406_c20170530.nc
2014-04-07,3.444834664591452,9.84416486837268,288,/glade/work/jiachengye/33200/gpcp/daily/2014/gpcp_v01r03_daily_d20140407_c20170530.nc
2014-04-08,0.2781250187569112,1.156360000963914,288,/glade/work/jiachengye/33200/gpcp/daily/2014/gpcp_v01r03_daily_d20140408_c20170530.nc
2014-04-09,0.07758372161118073,0.2942814531468822,288,/glade/work/jiachengye/33200/gpcp/daily/2014/gpcp_v01r03_daily_d20140409_c20170530.nc
2014-04-10,0.8942754299890355,2.418544352814993,288,/glade/work/jiachengye/33200/gpcp/daily/2014/gpcp_v01r03_daily_d20140410_c20170530.nc
2014-04-11,0.16446961990824005,0.5876509088359404,288,/glade/work/jiachengye/33200/gpcp/daily/2014/gpcp_v01r03_daily_d20140411_c20170530.nc
2014-04-12,2.2090951552465885,4.679653381002526,288,/glade/work/jiachengye/33200/gpcp/daily/2014/gpcp_v01r03_daily_d20140412_c20170530.nc
2014-04-13,9.152401452408226,10.813779230572806,288,/glade/work/jiachengye/33200/gpcp/daily/2014/gpcp_v01r03_daily_d20140413_c20170530.nc
2014-04-14,4.3080102763925465,5.696125153583695,288,/glade/work/jiachengye/33200/gpcp/daily/2014/gpcp_v01r03_daily_d20140414_c20170530.nc
2014-04-15,0.9598163268636059,2.157328350327723,288,/glade/work/jiachengye/33200/gpcp/daily/2014/gpcp_v01r03_daily_d20140415_c20170530.nc
2014-04-16,2.250780446660708,3.52119364594851,288,/glade/work/jiachengye/33200/gpcp/daily/2014/gpcp_v01r03_daily_d20140416_c20170530.nc
2014-04-17,0.9120828263175451,2.2991925425672624,288,/glade/work/jiachengye/33200/gpcp/daily/2014/gpcp_v01r03_daily_d20140417_c20170530.nc
2014-04-18,0.6433274084318903,1.4764890344861519,288,/glade/work/jiachengye/33200/gpcp/daily/2014/gpcp_v01r03_daily_d20140418_c20170530.nc
2014-04-19,1.7738287666077082,3.368449143865333,288,/glade/work/jiachengye/33200/gpcp/daily/2014/gpcp_v01r03_daily_d20140419_c20170530.nc
2014-04-20,1.1382891596346507,2.816122992501733,288,/glade/work/jiachengye/33200/gpcp/daily/2014/gpcp_v01r03_daily_d20140420_c20170530.nc
2014-04-21,2.4461354034852505,4.365221589937571,288,/glade/work/jiachengye/33200/gpcp/daily/2014/gpcp_v01r03_daily_d20140421_c20170530.nc
2014-04-22,0.2467462502949437,0.8138247052600799,288,/glade/work/jiachengye/33200/gpcp/daily/2014/gpcp_v01r03_daily_d20140422_c20170530.nc
2014-04-23,3.0977914846423125,4.853334875300347,288,/glade/work/jiachengye/33200/gpcp/daily/2014/gpcp_v01r03_daily_d20140423_c20170530.nc
2014-04-24,6.173555416929786,7.033041330484138,288,/glade/work/jiachengye/33200/gpcp/daily/2014/gpcp_v01r03_daily_d20140424_c20170530.nc
2014-04-25,1.9958553929134097,3.650160594456537,288,/glade/work/jiachengye/33200/gpcp/daily/2014/gpcp_v01r03_daily_d20140425_c20170530.nc
2014-04-26,0.9847015264369996,1.9791841095054872,288,/glade/work/jiachengye/33200/gpcp/daily/2014/gpcp_v01r03_daily_d20140426_c20170530.nc
2014-04-27,6.954269750635777,7.9367054491122495,288,/glade/work/jiachengye/33200/gpcp/daily/2014/gpcp_v01r03_daily_d20140427_c20170530.nc
2014-04-28,11.413537119948158,15.068534026100924,288,/glade/work/jiachengye/33200/gpcp/daily/2014/gpcp_v01r03_daily_d20140428_c20170530.nc
2014-04-29,4.562596507965065,5.696695857707459,288,/glade/work/jiachengye/33200/gpcp/daily/2014/gpcp_v01r03_daily_d20140429_c20170530.nc
2014-04-30,2.557129168542744,4.1057759269653165,288,/glade/work/jiachengye/33200/gpcp/daily/2014/gpcp_v01r03_daily_d20140430_c20170530.nc
2014-05-01,1.0243492145118365,1.8299042083054415,288,/glade/work/jiachengye/33200/gpcp/daily/2014/gpcp_v01r03_daily_d20140501_c20170530.nc
2014-05-02,0.9297368955844914,1.8344545080454047,288,/glade/work/jiachengye/33200/gpcp/daily/2014/gpcp_v01r03_daily_d20140502_c20170530.nc
2014-05-03,0.5127490704611775,1.2384767070759806,288,/glade/work/jiachengye/33200/gpcp/daily/2014/gpcp_v01r03_daily_d20140503_c20170530.nc
2014-05-04,1.216357228712826,2.356349774959688,288,/glade/work/jiachengye/33200/gpcp/daily/2014/gpcp_v01r03_daily_d20140504_c20170530.nc
2014-05-05,1.9139803865888099,3.153003008411649,288,/glade/work/jiachengye/33200/gpcp/daily/2014/gpcp_v01r03_daily_d20140505_c20170530.nc
2014-05-06,1.768102957440877,3.324821595234881,288,/glade/work/jiachengye/33200/gpcp/daily/2014/gpcp_v01r03_daily_d20140506_c20170530.nc
2014-05-07,3.577188109876446,4.0180086844248635,288,/glade/work/jiachengye/33200/gpcp/daily/2014/gpcp_v01r03_daily_d20140507_c20170530.nc
2014-05-08,5.652576036326661,5.651760463313077,288,/glade/work/jiachengye/33200/gpcp/daily/2014/gpcp_v01r03_daily_d20140508_c20170530.nc
2014-05-09,3.664887492572012,4.843199275194164,288,/glade/work/jiachengye/33200/gpcp/daily/2014/gpcp_v01r03_daily_d20140509_c20170530.nc
2014-05-10,2.7571677753143455,7.119412391611057,288,/glade/work/jiachengye/33200/gpcp/daily/2014/gpcp_v01r03_daily_d20140510_c20170530.nc
2014-05-11,5.60657426876006,7.208723400575644,288,/glade/work/jiachengye/33200/gpcp/daily/2014/gpcp_v01r03_daily_d20140511_c20170530.nc
2014-05-12,11.929948246042128,9.134535569278826,288,/glade/work/jiachengye/33200/gpcp/daily/2014/gpcp_v01r03_daily_d20140512_c20170530.nc
2014-05-13,3.3947383488531493,5.26617096065663,288,/glade/work/jiachengye/33200/gpcp/daily/2014/gpcp_v01r03_daily_d20140513_c20170530.nc
2014-05-14,1.8522439553458951,3.6597627667133596,288,/glade/work/jiachengye/33200/gpcp/daily/2014/gpcp_v01r03_daily_d20140514_c20170530.nc
2014-05-15,3.7659462853685,7.036573995493301,288,/glade/work/jiachengye/33200/gpcp/daily/2014/gpcp_v01r03_daily_d20140515_c20170530.nc
2014-05-16,1.1504468640517083,2.313352001269753,288,/glade/work/jiachengye/33200/gpcp/daily/2014/gpcp_v01r03_daily_d20140516_c20170530.nc
2014-05-17,0.24664816083088442,1.0112813415996051,288,/glade/work/jiachengye/33200/gpcp/daily/2014/gpcp_v01r03_daily_d20140517_c20170530.nc
2014-05-18,0.15744110757474347,0.53188801097153,288,/glade/work/jiachengye/33200/gpcp/daily/2014/gpcp_v01r03_daily_d20140518_c20170530.nc
2014-05-19,3.4049549268556265,4.614527923954583,288,/glade/work/jiachengye/33200/gpcp/daily/2014/gpcp_v01r03_daily_d20140519_c20170530.nc
2014-05-20,2.0858065848524934,3.284498829345936,288,/glade/work/jiachengye/33200/gpcp/daily/2014/gpcp_v01r03_daily_d20140520_c20170530.nc
2014-05-21,2.0832620488154823,4.325002234356934,288,/glade/work/jiachengye/33200/gpcp/daily/2014/gpcp_v01r03_daily_d20140521_c20170530.nc
2014-05-22,7.634995062738445,11.381041037414352,288,/glade/work/jiachengye/33200/gpcp/daily/2014/gpcp_v01r03_daily_d20140522_c20170530.nc
2014-05-23,3.7862083025327484,11.538263225185313,288,/glade/work/jiachengye/33200/gpcp/daily/2014/gpcp_v01r03_daily_d20140523_c20170530.nc
2014-05-24,1.6294461785827958,6.484122757654357,288,/glade/work/jiachengye/33200/gpcp/daily/2014/gpcp_v01r03_daily_d20140524_c20170530.nc
2014-05-25,2.4268287109769537,5.47893484713811,288,/glade/work/jiachengye/33200/gpcp/daily/2014/gpcp_v01r03_daily_d20140525_c20170530.nc
2014-05-26,3.056122714724774,4.651004670854298,288,/glade/work/jiachengye/33200/gpcp/daily/2014/gpcp_v01r03_daily_d20140526_c20170530.nc
2014-05-27,3.4509086584679807,3.995026902470874,288,/glade/work/jiachengye/33200/gpcp/daily/2014/gpcp_v01r03_daily_d20140527_c20170530.nc
2014-05-28,1.4196513161212345,3.0493074794403587,288,/glade/work/jiachengye/33200/gpcp/daily/2014/gpcp_v01r03_daily_d20140528_c20170530.nc
2014-05-29,0.4672402764778707,1.3745951064974449,288,/glade/work/jiachengye/33200/gpcp/daily/2014/gpcp_v01r03_daily_d20140529_c20170530.nc
2014-05-30,1.66086464255773,3.369739553435734,288,/glade/work/jiachengye/33200/gpcp/daily/2014/gpcp_v01r03_daily_d20140530_c20170530.nc
2014-05-31,4.02598901367854,7.000548105925153,288,/glade/work/jiachengye/33200/gpcp/daily/2014/gpcp_v01r03_daily_d20140531_c20170530.nc
2014-06-01,6.127990707707236,7.081388802635433,288,/glade/work/jiachengye/33200/gpcp/daily/2014/gpcp_v01r03_daily_d20140601_c20170530.nc
2014-06-02,6.170860501647964,6.730007546275283,288,/glade/work/jiachengye/33200/gpcp/daily/2014/gpcp_v01r03_daily_d20140602_c20170530.nc
2014-06-03,1.486043664161548,3.462557795919993,288,/glade/work/jiachengye/33200/gpcp/daily/2014/gpcp_v01r03_daily_d20140603_c20170530.nc
2014-06-04,8.79133585394329,15.421529083736413,288,/glade/work/jiachengye/33200/gpcp/daily/2014/gpcp_v01r03_daily_d20140604_c20170530.nc
2014-06-05,9.785927363990439,12.673397154108654,288,/glade/work/jiachengye/33200/gpcp/daily/2014/gpcp_v01r03_daily_d20140605_c20170530.nc
2014-06-06,2.300307051004233,4.652285071990167,288,/glade/work/jiachengye/33200/gpcp/daily/2014/gpcp_v01r03_daily_d20140606_c20170530.nc
2014-06-07,7.705530486463394,8.642231639340496,288,/glade/work/jiachengye/33200/gpcp/daily/2014/gpcp_v01r03_daily_d20140607_c20170530.nc
2014-06-08,3.310065712780371,4.936892396971099,288,/glade/work/jiachengye/33200/gpcp/daily/2014/gpcp_v01r03_daily_d20140608_c20170530.nc
2014-06-09,3.1210786973686075,4.974570721164214,288,/glade/work/jiachengye/33200/gpcp/daily/2014/gpcp_v01r03_daily_d20140609_c20170530.nc
2014-06-10,3.2474351837369078,5.81915316730576,288,/glade/work/jiachengye/33200/gpcp/daily/2014/gpcp_v01r03_daily_d20140610_c20170530.nc
2014-06-11,5.423330151423722,6.89452574957903,288,/glade/work/jiachengye/33200/gpcp/daily/2014/gpcp_v01r03_daily_d20140611_c20170530.nc
2014-06-12,4.84756599571462,8.54747616171902,288,/glade/work/jiachengye/33200/gpcp/daily/2014/gpcp_v01r03_daily_d20140612_c20170530.nc
2014-06-13,0.7117568189738968,1.7291844026605767,288,/glade/work/jiachengye/33200/gpcp/daily/2014/gpcp_v01r03_daily_d20140613_c20170530.nc
2014-06-14,5.158570490546496,7.655501264310007,288,/glade/work/jiachengye/33200/gpcp/daily/2014/gpcp_v01r03_daily_d20140614_c20170530.nc
2014-06-15,7.079097973453734,7.553510573829508,288,/glade/work/jiachengye/33200/gpcp/daily/2014/gpcp_v01r03_daily_d20140615_c20170530.nc
2014-06-16,3.098418261178898,5.179179302104351,288,/glade/work/jiachengye/33200/gpcp/daily/2014/gpcp_v01r03_daily_d20140616_c20170530.nc
2014-06-17,5.3343973237207685,6.788515233477366,288,/glade/work/jiachengye/33200/gpcp/daily/2014/gpcp_v01r03_daily_d20140617_c20170530.nc
2014-06-18,5.694266901924831,8.111097913055104,288,/glade/work/jiachengye/33200/gpcp/daily/2014/gpcp_v01r03_daily_d20140618_c20170530.nc
2014-06-19,8.818060537417331,10.074529474591003,288,/glade/work/jiachengye/33200/gpcp/daily/2014/gpcp_v01r03_daily_d20140619_c20170530.nc
2014-06-20,6.105264875536113,7.660946027279808,288,/glade/work/jiachengye/33200/gpcp/daily/2014/gpcp_v01r03_daily_d20140620_c20170530.nc
2014-06-21,4.776217145110634,6.616995555129583,288,/glade/work/jiachengye/33200/gpcp/daily/2014/gpcp_v01r03_daily_d20140621_c20170530.nc
2014-06-22,6.501968780998714,8.748751591842206,288,/glade/work/jiachengye/33200/gpcp/daily/2014/gpcp_v01r03_daily_d20140622_c20170530.nc
2014-06-23,10.64788773671554,11.88881425793471,288,/glade/work/jiachengye/33200/gpcp/daily/2014/gpcp_v01r03_daily_d20140623_c20170530.nc
2014-06-24,5.467968533308907,6.4325407225569755,288,/glade/work/jiachengye/33200/gpcp/daily/2014/gpcp_v01r03_daily_d20140624_c20170530.nc
2014-06-25,2.735074549972109,5.052866707685403,288,/glade/work/jiachengye/33200/gpcp/daily/2014/gpcp_v01r03_daily_d20140625_c20170530.nc
2014-06-26,5.434436752623392,8.894318469520313,288,/glade/work/jiachengye/33200/gpcp/daily/2014/gpcp_v01r03_daily_d20140626_c20170530.nc
2014-06-27,5.5851109288812655,7.420080801805629,288,/glade/work/jiachengye/33200/gpcp/daily/2014/gpcp_v01r03_daily_d20140627_c20170530.nc
2014-06-28,3.8925538993207116,5.397399844299057,288,/glade/work/jiachengye/33200/gpcp/daily/2014/gpcp_v01r03_daily_d20140628_c20170530.nc
2014-06-29,4.324400951192352,5.417403771344821,288,/glade/work/jiachengye/33200/gpcp/daily/2014/gpcp_v01r03_daily_d20140629_c20170530.nc
2014-06-30,7.020765988097331,9.797399812060386,288,/glade/work/jiachengye/33200/gpcp/daily/2014/gpcp_v01r03_daily_d20140630_c20170530.nc
2014-07-01,4.775645767618355,6.048748542980535,288,/glade/work/jiachengye/33200/gpcp/daily/2014/gpcp_v01r03_daily_d20140701_c20170530.nc
2014-07-02,2.3376108808854696,4.808209789034887,288,/glade/work/jiachengye/33200/gpcp/daily/2014/gpcp_v01r03_daily_d20140702_c20170530.nc
2014-07-03,0.5208832495611488,1.900155988897114,288,/glade/work/jiachengye/33200/gpcp/daily/2014/gpcp_v01r03_daily_d20140703_c20170530.nc
2014-07-04,0.9486303225303726,2.3642079484061687,288,/glade/work/jiachengye/33200/gpcp/daily/2014/gpcp_v01r03_daily_d20140704_c20170530.nc
2014-07-05,4.180572033769634,6.798176140414709,288,/glade/work/jiachengye/33200/gpcp/daily/2014/gpcp_v01r03_daily_d20140705_c20170530.nc
2014-07-06,4.8217794966832,7.030404772963997,288,/glade/work/jiachengye/33200/gpcp/daily/2014/gpcp_v01r03_daily_d20140706_c20170530.nc
2014-07-07,4.026671723389961,5.272911923267859,288,/glade/work/jiachengye/33200/gpcp/daily/2014/gpcp_v01r03_daily_d20140707_c20170530.nc
2014-07-08,9.27321491622165,9.371617927735803,288,/glade/work/jiachengye/33200/gpcp/daily/2014/gpcp_v01r03_daily_d20140708_c20170530.nc
2014-07-09,0.8026167638765671,2.5138594671072756,288,/glade/work/jiachengye/33200/gpcp/daily/2014/gpcp_v01r03_daily_d20140709_c20170530.nc
2014-07-10,1.1506192553699066,2.7119174964539745,288,/glade/work/jiachengye/33200/gpcp/daily/2014/gpcp_v01r03_daily_d20140710_c20170530.nc
2014-07-11,2.42770443996086,3.701155781841737,288,/glade/work/jiachengye/33200/gpcp/daily/2014/gpcp_v01r03_daily_d20140711_c20170530.nc
2014-07-12,5.247344138237695,5.671571415760562,288,/glade/work/jiachengye/33200/gpcp/daily/2014/gpcp_v01r03_daily_d20140712_c20170530.nc
2014-07-13,2.694778985347708,4.797372279016619,288,/glade/work/jiachengye/33200/gpcp/daily/2014/gpcp_v01r03_daily_d20140713_c20170530.nc
2014-07-14,2.112061399634067,4.2474583235881544,288,/glade/work/jiachengye/33200/gpcp/daily/2014/gpcp_v01r03_daily_d20140714_c20170530.nc
2014-07-15,1.846984694031056,3.907176242903295,288,/glade/work/jiachengye/33200/gpcp/daily/2014/gpcp_v01r03_daily_d20140715_c20170530.nc
2014-07-16,1.1931370840527151,3.1362998618556372,288,/glade/work/jiachengye/33200/gpcp/daily/2014/gpcp_v01r03_daily_d20140716_c20170530.nc
2014-07-17,0.13911417790389638,0.6964706997142679,288,/glade/work/jiachengye/33200/gpcp/daily/2014/gpcp_v01r03_daily_d20140717_c20170530.nc
2014-07-18,0.2216121396322261,0.7950739782729743,288,/glade/work/jiachengye/33200/gpcp/daily/2014/gpcp_v01r03_daily_d20140718_c20170530.nc
2014-07-19,1.679248291581852,3.148979942743843,288,/glade/work/jiachengye/33200/gpcp/daily/2014/gpcp_v01r03_daily_d20140719_c20170530.nc
2014-07-20,0.13903996441014496,0.5761481652820871,288,/glade/work/jiachengye/33200/gpcp/daily/2014/gpcp_v01r03_daily_d20140720_c20170530.nc
2014-07-21,1.158899585243026,2.764863362134319,288,/glade/work/jiachengye/33200/gpcp/daily/2014/gpcp_v01r03_daily_d20140721_c20170530.nc
2014-07-22,2.6344585772379854,4.9763501490198925,288,/glade/work/jiachengye/33200/gpcp/daily/2014/gpcp_v01r03_daily_d20140722_c20170530.nc
2014-07-23,2.1333687501330076,4.507843333849827,288,/glade/work/jiachengye/33200/gpcp/daily/2014/gpcp_v01r03_daily_d20140723_c20170530.nc
2014-07-24,1.4893101934749116,3.1434280646120043,288,/glade/work/jiachengye/33200/gpcp/daily/2014/gpcp_v01r03_daily_d20140724_c20170530.nc
2014-07-25,2.731649326932749,4.400098980392712,288,/glade/work/jiachengye/33200/gpcp/daily/2014/gpcp_v01r03_daily_d20140725_c20170530.nc
2014-07-26,3.069695206253371,4.014603458470795,288,/glade/work/jiachengye/33200/gpcp/daily/2014/gpcp_v01r03_daily_d20140726_c20170530.nc
2014-07-27,6.056068845219293,11.010815959998542,288,/glade/work/jiachengye/33200/gpcp/daily/2014/gpcp_v01r03_daily_d20140727_c20170530.nc
2014-07-28,0.757216915138861,2.74573130404512,288,/glade/work/jiachengye/33200/gpcp/daily/2014/gpcp_v01r03_daily_d20140728_c20170530.nc
2014-07-29,0.4711207735898858,1.1215151352575126,288,/glade/work/jiachengye/33200/gpcp/daily/2014/gpcp_v01r03_daily_d20140729_c20170530.nc
2014-07-30,1.38583883104494,3.4269891547661233,288,/glade/work/jiachengye/33200/gpcp/daily/2014/gpcp_v01r03_daily_d20140730_c20170530.nc
2014-07-31,0.8181288329590282,2.1737923740732645,288,/glade/work/jiachengye/33200/gpcp/daily/2014/gpcp_v01r03_daily_d20140731_c20170530.nc
2014-08-01,0.41831313391974134,1.6437063976886261,288,/glade/work/jiachengye/33200/gpcp/daily/2014/gpcp_v01r03_daily_d20140801_c20170530.nc
2014-08-02,0.9797213141958617,2.6263720366775782,288,/glade/work/jiachengye/33200/gpcp/daily/2014/gpcp_v01r03_daily_d20140802_c20170530.nc
2014-08-03,1.6445275527114194,3.506327417200022,288,/glade/work/jiachengye/33200/gpcp/daily/2014/gpcp_v01r03_daily_d20140803_c20170530.nc
2014-08-04,2.0803936275242374,4.290271344125581,288,/glade/work/jiachengye/33200/gpcp/daily/2014/gpcp_v01r03_daily_d20140804_c20170530.nc
2014-08-05,3.683290550474831,5.161663811685981,288,/glade/work/jiachengye/33200/gpcp/daily/2014/gpcp_v01r03_daily_d20140805_c20170530.nc
2014-08-06,3.7055422074438797,7.049845168136327,288,/glade/work/jiachengye/33200/gpcp/daily/2014/gpcp_v01r03_daily_d20140806_c20170530.nc
2014-08-07,3.633509301465419,9.052569207106922,288,/glade/work/jiachengye/33200/gpcp/daily/2014/gpcp_v01r03_daily_d20140807_c20170530.nc
2014-08-08,2.556686977442204,5.502553889733815,288,/glade/work/jiachengye/33200/gpcp/daily/2014/gpcp_v01r03_daily_d20140808_c20170530.nc
2014-08-09,1.7068527255704367,3.675027526286574,288,/glade/work/jiachengye/33200/gpcp/daily/2014/gpcp_v01r03_daily_d20140809_c20170530.nc
2014-08-10,4.292563415682009,6.87809110293742,288,/glade/work/jiachengye/33200/gpcp/daily/2014/gpcp_v01r03_daily_d20140810_c20170530.nc
2014-08-11,4.5987196562094015,6.976593314223405,288,/glade/work/jiachengye/33200/gpcp/daily/2014/gpcp_v01r03_daily_d20140811_c20170530.nc
2014-08-12,2.700683617652494,5.419968319376611,288,/glade/work/jiachengye/33200/gpcp/daily/2014/gpcp_v01r03_daily_d20140812_c20170530.nc
2014-08-13,0.5077743398777107,1.9845039904776598,288,/glade/work/jiachengye/33200/gpcp/daily/2014/gpcp_v01r03_daily_d20140813_c20170530.nc
2014-08-14,1.3788050518446153,2.8458554726657908,288,/glade/work/jiachengye/33200/gpcp/daily/2014/gpcp_v01r03_daily_d20140814_c20170530.nc
2014-08-15,4.05843277685721,6.325523761397276,288,/glade/work/jiachengye/33200/gpcp/daily/2014/gpcp_v01r03_daily_d20140815_c20170530.nc
2014-08-16,5.810908465646662,10.46997723160217,288,/glade/work/jiachengye/33200/gpcp/daily/2014/gpcp_v01r03_daily_d20140816_c20170530.nc
2014-08-17,3.998516397404071,8.71296489749941,288,/glade/work/jiachengye/33200/gpcp/daily/2014/gpcp_v01r03_daily_d20140817_c20170530.nc
2014-08-18,3.1810448139915786,4.581563865721261,288,/glade/work/jiachengye/33200/gpcp/daily/2014/gpcp_v01r03_daily_d20140818_c20170530.nc
2014-08-19,4.773542770801561,5.389541978226479,288,/glade/work/jiachengye/33200/gpcp/daily/2014/gpcp_v01r03_daily_d20140819_c20170530.nc
2014-08-20,6.763163139559301,7.41943312111739,288,/glade/work/jiachengye/33200/gpcp/daily/2014/gpcp_v01r03_daily_d20140820_c20170530.nc
2014-08-21,6.2904953659329435,7.857084531850036,288,/glade/work/jiachengye/33200/gpcp/daily/2014/gpcp_v01r03_daily_d20140821_c20170530.nc
2014-08-22,7.693858314159121,10.484594857943454,288,/glade/work/jiachengye/33200/gpcp/daily/2014/gpcp_v01r03_daily_d20140822_c20170530.nc
2014-08-23,10.552553019528721,9.897405853411826,288,/glade/work/jiachengye/33200/gpcp/daily/2014/gpcp_v01r03_daily_d20140823_c20170530.nc
2014-08-24,5.7248900851809905,9.044042226856144,288,/glade/work/jiachengye/33200/gpcp/daily/2014/gpcp_v01r03_daily_d20140824_c20170530.nc
2014-08-25,3.5578579893290576,6.090978120954595,288,/glade/work/jiachengye/33200/gpcp/daily/2014/gpcp_v01r03_daily_d20140825_c20170530.nc
2014-08-26,3.4238009161240504,5.479392508592842,288,/glade/work/jiachengye/33200/gpcp/daily/2014/gpcp_v01r03_daily_d20140826_c20170530.nc
2014-08-27,4.431004891947924,6.173521014556051,288,/glade/work/jiachengye/33200/gpcp/daily/2014/gpcp_v01r03_daily_d20140827_c20170530.nc
2014-08-28,5.707872186570927,6.910047150265361,288,/glade/work/jiachengye/33200/gpcp/daily/2014/gpcp_v01r03_daily_d20140828_c20170530.nc
2014-08-29,5.890508719050173,7.019082031949782,288,/glade/work/jiachengye/33200/gpcp/daily/2014/gpcp_v01r03_daily_d20140829_c20170530.nc
2014-08-30,3.053706331285891,5.69439998876553,288,/glade/work/jiachengye/33200/gpcp/daily/2014/gpcp_v01r03_daily_d20140830_c20170530.nc
2014-08-31,3.42342829153817,4.733510726082113,288,/glade/work/jiachengye/33200/gpcp/daily/2014/gpcp_v01r03_daily_d20140831_c20170530.nc
2014-09-01,7.193280633882796,9.953759847713696,288,/glade/work/jiachengye/33200/gpcp/daily/2014/gpcp_v01r03_daily_d20140901_c20170530.nc
2014-09-02,8.50465186236316,14.91199539605677,288,/glade/work/jiachengye/33200/gpcp/daily/2014/gpcp_v01r03_daily_d20140902_c20170530.nc
2014-09-03,2.216063263098718,5.356670558955581,288,/glade/work/jiachengye/33200/gpcp/daily/2014/gpcp_v01r03_daily_d20140903_c20170530.nc
2014-09-04,3.6578439593000396,6.5063409166902675,288,/glade/work/jiachengye/33200/gpcp/daily/2014/gpcp_v01r03_daily_d20140904_c20170530.nc
2014-09-05,5.9561789192517285,7.709140303848458,288,/glade/work/jiachengye/33200/gpcp/daily/2014/gpcp_v01r03_daily_d20140905_c20170530.nc
2014-09-06,2.3803821946379933,4.41322201019165,288,/glade/work/jiachengye/33200/gpcp/daily/2014/gpcp_v01r03_daily_d20140906_c20170530.nc
2014-09-07,0.1727525160391172,0.8748358257847724,288,/glade/work/jiachengye/33200/gpcp/daily/2014/gpcp_v01r03_daily_d20140907_c20170530.nc
2014-09-08,0.7670795135982896,2.542994138878429,288,/glade/work/jiachengye/33200/gpcp/daily/2014/gpcp_v01r03_daily_d20140908_c20170530.nc
2014-09-09,4.397526398055916,6.036339597137397,288,/glade/work/jiachengye/33200/gpcp/daily/2014/gpcp_v01r03_daily_d20140909_c20170530.nc
2014-09-10,15.449128084796946,14.570986497920485,288,/glade/work/jiachengye/33200/gpcp/daily/2014/gpcp_v01r03_daily_d20140910_c20170530.nc
2014-09-11,3.349630937741684,5.821554504205256,288,/glade/work/jiachengye/33200/gpcp/daily/2014/gpcp_v01r03_daily_d20140911_c20170530.nc
2014-09-12,2.495800043621527,3.678452664993186,288,/glade/work/jiachengye/33200/gpcp/daily/2014/gpcp_v01r03_daily_d20140912_c20170530.nc
2014-09-13,1.487372075653646,3.3058526322006925,288,/glade/work/jiachengye/33200/gpcp/daily/2014/gpcp_v01r03_daily_d20140913_c20170530.nc
2014-09-14,0.2433506998773581,0.7647725607696639,288,/glade/work/jiachengye/33200/gpcp/daily/2014/gpcp_v01r03_daily_d20140914_c20170530.nc
2014-09-15,2.2244229572707974,4.249379310316275,288,/glade/work/jiachengye/33200/gpcp/daily/2014/gpcp_v01r03_daily_d20140915_c20170530.nc
2014-09-16,0.24901526415176206,0.8285987975807493,288,/glade/work/jiachengye/33200/gpcp/daily/2014/gpcp_v01r03_daily_d20140916_c20170530.nc
2014-09-17,1.030971348630489,3.431803646733952,288,/glade/work/jiachengye/33200/gpcp/daily/2014/gpcp_v01r03_daily_d20140917_c20170530.nc
2014-09-18,0.9127202846906783,3.9219358070487615,288,/glade/work/jiachengye/33200/gpcp/daily/2014/gpcp_v01r03_daily_d20140918_c20170530.nc
2014-09-19,3.1377595986786995,5.753278662330378,288,/glade/work/jiachengye/33200/gpcp/daily/2014/gpcp_v01r03_daily_d20140919_c20170530.nc
2014-09-20,3.3593643058848266,5.474457033796487,288,/glade/work/jiachengye/33200/gpcp/daily/2014/gpcp_v01r03_daily_d20140920_c20170530.nc
2014-09-21,2.1207603205791243,4.132348712106797,288,/glade/work/jiachengye/33200/gpcp/daily/2014/gpcp_v01r03_daily_d20140921_c20170530.nc
2014-09-22,0.674142685988469,2.0230702410816814,288,/glade/work/jiachengye/33200/gpcp/daily/2014/gpcp_v01r03_daily_d20140922_c20170530.nc
2014-09-23,2.3697448371369725,4.5688756813258085,288,/glade/work/jiachengye/33200/gpcp/daily/2014/gpcp_v01r03_daily_d20140923_c20170530.nc
2014-09-24,1.6135401482983507,3.713291016695833,288,/glade/work/jiachengye/33200/gpcp/daily/2014/gpcp_v01r03_daily_d20140924_c20170530.nc
2014-09-25,0.24955075607109398,0.867532081446828,288,/glade/work/jiachengye/33200/gpcp/daily/2014/gpcp_v01r03_daily_d20140925_c20170530.nc
2014-09-26,0.00012601310690180917,0.0020475153206338578,288,/glade/work/jiachengye/33200/gpcp/daily/2014/gpcp_v01r03_daily_d20140926_c20170530.nc
2014-09-27,0.010361011971102016,0.1187850214091221,288,/glade/work/jiachengye/33200/gpcp/daily/2014/gpcp_v01r03_daily_d20140927_c20170530.nc
2014-09-28,0.8113731478750319,2.0320458866553777,288,/glade/work/jiachengye/33200/gpcp/daily/2014/gpcp_v01r03_daily_d20140928_c20170530.nc
2014-09-29,1.9175672282670615,3.6944837148456555,288,/glade/work/jiachengye/33200/gpcp/daily/2014/gpcp_v01r03_daily_d20140929_c20170530.nc
2014-09-30,2.8209064360373346,4.860876548346115,288,/glade/work/jiachengye/33200/gpcp/daily/2014/gpcp_v01r03_daily_d20140930_c20170530.nc
2014-10-01,3.3603955611607943,6.429216868105425,288,/glade/work/jiachengye/33200/gpcp/daily/2014/gpcp_v01r03_daily_d20141001_c20170530.nc
2014-10-02,11.269801742810364,17.71240870747558,288,/glade/work/jiachengye/33200/gpcp/daily/2014/gpcp_v01r03_daily_d20141002_c20170530.nc
2014-10-03,7.5408020083037615,8.745328929352361,288,/glade/work/jiachengye/33200/gpcp/daily/2014/gpcp_v01r03_daily_d20141003_c20170530.nc
2014-10-04,1.7810941244897498,2.9046395621898164,288,/glade/work/jiachengye/33200/gpcp/daily/2014/gpcp_v01r03_daily_d20141004_c20170530.nc
2014-10-05,0.35283665213518867,0.874080543042171,288,/glade/work/jiachengye/33200/gpcp/daily/2014/gpcp_v01r03_daily_d20141005_c20170530.nc
2014-10-06,2.1844078566171015,3.725118151293487,288,/glade/work/jiachengye/33200/gpcp/daily/2014/gpcp_v01r03_daily_d20141006_c20170530.nc
2014-10-07,3.4237862059726063,7.441379672758772,288,/glade/work/jiachengye/33200/gpcp/daily/2014/gpcp_v01r03_daily_d20141007_c20170530.nc
2014-10-08,0.44221132922976825,1.4096828514949118,288,/glade/work/jiachengye/33200/gpcp/daily/2014/gpcp_v01r03_daily_d20141008_c20170530.nc
2014-10-09,2.7113492275188307,6.036056750961724,288,/glade/work/jiachengye/33200/gpcp/daily/2014/gpcp_v01r03_daily_d20141009_c20170530.nc
2014-10-10,4.343561429017343,9.040712524831637,288,/glade/work/jiachengye/33200/gpcp/daily/2014/gpcp_v01r03_daily_d20141010_c20170530.nc
2014-10-11,0.6090423393505046,2.0798687360996513,288,/glade/work/jiachengye/33200/gpcp/daily/2014/gpcp_v01r03_daily_d20141011_c20170530.nc
2014-10-12,0.6465977774821414,1.2444747629813822,288,/glade/work/jiachengye/33200/gpcp/daily/2014/gpcp_v01r03_daily_d20141012_c20170530.nc
2014-10-13,6.206956602773557,6.926076082983346,288,/glade/work/jiachengye/33200/gpcp/daily/2014/gpcp_v01r03_daily_d20141013_c20170530.nc
2014-10-14,8.763333917375391,11.099009488033639,288,/glade/work/jiachengye/33200/gpcp/daily/2014/gpcp_v01r03_daily_d20141014_c20170530.nc
2014-10-15,1.861401395143717,4.830665913563074,288,/glade/work/jiachengye/33200/gpcp/daily/2014/gpcp_v01r03_daily_d20141015_c20170530.nc
2014-10-16,0.7635330768012396,3.332599003590605,288,/glade/work/jiachengye/33200/gpcp/daily/2014/gpcp_v01r03_daily_d20141016_c20170530.nc
2014-10-17,1.321779170962437,3.880166892816007,288,/glade/work/jiachengye/33200/gpcp/daily/2014/gpcp_v01r03_daily_d20141017_c20170530.nc
2014-10-18,1.1339077444464556,2.4134831511251824,288,/glade/work/jiachengye/33200/gpcp/daily/2014/gpcp_v01r03_daily_d20141018_c20170530.nc
2014-10-19,0.8799690750441421,1.9951472847418825,288,/glade/work/jiachengye/33200/gpcp/daily/2014/gpcp_v01r03_daily_d20141019_c20170530.nc
2014-10-20,0.4555684116813874,1.4488929336347978,288,/glade/work/jiachengye/33200/gpcp/daily/2014/gpcp_v01r03_daily_d20141020_c20170530.nc
2014-10-21,0.08741016308123639,0.42436621347868786,288,/glade/work/jiachengye/33200/gpcp/daily/2014/gpcp_v01r03_daily_d20141021_c20170530.nc
2014-10-22,0.5058061623827932,1.0894392274388884,288,/glade/work/jiachengye/33200/gpcp/daily/2014/gpcp_v01r03_daily_d20141022_c20170530.nc
2014-10-23,1.6118370192074314,2.7455002075223045,288,/glade/work/jiachengye/33200/gpcp/daily/2014/gpcp_v01r03_daily_d20141023_c20170530.nc
2014-10-24,1.1772461613398346,1.9828648165510048,288,/glade/work/jiachengye/33200/gpcp/daily/2014/gpcp_v01r03_daily_d20141024_c20170530.nc
2014-10-25,0.48735885935086903,1.809639782718797,288,/glade/work/jiachengye/33200/gpcp/daily/2014/gpcp_v01r03_daily_d20141025_c20170530.nc
2014-10-26,0.09799076535200008,0.45515814969168206,288,/glade/work/jiachengye/33200/gpcp/daily/2014/gpcp_v01r03_daily_d20141026_c20170530.nc
2014-10-27,3.090190261252612,5.003401469867156,288,/glade/work/jiachengye/33200/gpcp/daily/2014/gpcp_v01r03_daily_d20141027_c20170530.nc
2014-10-28,5.380530563881324,7.1450764478597595,288,/glade/work/jiachengye/33200/gpcp/daily/2014/gpcp_v01r03_daily_d20141028_c20170530.nc
2014-10-29,0.5806242360321119,1.5175177969868228,288,/glade/work/jiachengye/33200/gpcp/daily/2014/gpcp_v01r03_daily_d20141029_c20170530.nc
2014-10-30,0.8517395227879501,1.581849859964779,288,/glade/work/jiachengye/33200/gpcp/daily/2014/gpcp_v01r03_daily_d20141030_c20170530.nc
2014-10-31,0.7075106287244342,2.107141144287016,288,/glade/work/jiachengye/33200/gpcp/daily/2014/gpcp_v01r03_daily_d20141031_c20170530.nc
2014-11-01,0.054551217860791604,0.272793915164967,288,/glade/work/jiachengye/33200/gpcp/daily/2014/gpcp_v01r03_daily_d20141101_c20170530.nc
2014-11-02,0.12496144831678126,0.44243516023291474,288,/glade/work/jiachengye/33200/gpcp/daily/2014/gpcp_v01r03_daily_d20141102_c20170530.nc
2014-11-03,1.5071487998192277,1.919947176310988,288,/glade/work/jiachengye/33200/gpcp/daily/2014/gpcp_v01r03_daily_d20141103_c20170530.nc
2014-11-04,7.788297673960647,11.389593264820183,288,/glade/work/jiachengye/33200/gpcp/daily/2014/gpcp_v01r03_daily_d20141104_c20170530.nc
2014-11-05,2.637841147250429,3.8618715202423197,288,/glade/work/jiachengye/33200/gpcp/daily/2014/gpcp_v01r03_daily_d20141105_c20170530.nc
2014-11-06,3.173879997857742,6.183004774305353,288,/glade/work/jiachengye/33200/gpcp/daily/2014/gpcp_v01r03_daily_d20141106_c20170530.nc
2014-11-07,1.0474265944402605,1.6420598379205529,288,/glade/work/jiachengye/33200/gpcp/daily/2014/gpcp_v01r03_daily_d20141107_c20170530.nc
2014-11-08,1.865934503152033,3.7397132386074734,288,/glade/work/jiachengye/33200/gpcp/daily/2014/gpcp_v01r03_daily_d20141108_c20170530.nc
2014-11-09,1.707563706045648,2.4304678069553525,288,/glade/work/jiachengye/33200/gpcp/daily/2014/gpcp_v01r03_daily_d20141109_c20170530.nc
2014-11-10,4.472549362219273,5.301639128639135,288,/glade/work/jiachengye/33200/gpcp/daily/2014/gpcp_v01r03_daily_d20141110_c20170530.nc
2014-11-11,1.9618119866942665,3.6020878550144544,288,/glade/work/jiachengye/33200/gpcp/daily/2014/gpcp_v01r03_daily_d20141111_c20170530.nc
2014-11-12,0.19241080731733656,0.6322272695841666,288,/glade/work/jiachengye/33200/gpcp/daily/2014/gpcp_v01r03_daily_d20141112_c20170530.nc
2014-11-13,0.5759580117294413,1.6761856221103475,288,/glade/work/jiachengye/33200/gpcp/daily/2014/gpcp_v01r03_daily_d20141113_c20170530.nc
2014-11-14,0.01906026706578171,0.1311730807906611,288,/glade/work/jiachengye/33200/gpcp/daily/2014/gpcp_v01r03_daily_d20141114_c20170530.nc
2014-11-15,0.632680761628222,1.22879899694681,288,/glade/work/jiachengye/33200/gpcp/daily/2014/gpcp_v01r03_daily_d20141115_c20170530.nc
2014-11-16,1.4132212118452319,2.7199885516022446,288,/glade/work/jiachengye/33200/gpcp/daily/2014/gpcp_v01r03_daily_d20141116_c20170530.nc
2014-11-17,3.366466224469931,7.666857738841507,288,/glade/work/jiachengye/33200/gpcp/daily/2014/gpcp_v01r03_daily_d20141117_c20170530.nc
2014-11-18,0.011258763136003637,0.07301960448230738,288,/glade/work/jiachengye/33200/gpcp/daily/2014/gpcp_v01r03_daily_d20141118_c20170530.nc
2014-11-19,0.04789367456282527,0.2436890469056221,288,/glade/work/jiachengye/33200/gpcp/daily/2014/gpcp_v01r03_daily_d20141119_c20170530.nc
2014-11-20,0.011476394738394418,0.1407715243135454,288,/glade/work/jiachengye/33200/gpcp/daily/2014/gpcp_v01r03_daily_d20141120_c20170530.nc
2014-11-21,0.17108098140549272,0.5333166867058668,288,/glade/work/jiachengye/33200/gpcp/daily/2014/gpcp_v01r03_daily_d20141121_c20170530.nc
2014-11-22,1.1468332534521477,2.33931460125228,288,/glade/work/jiachengye/33200/gpcp/daily/2014/gpcp_v01r03_daily_d20141122_c20170530.nc
2014-11-23,3.1408861656415286,3.996276033388466,288,/glade/work/jiachengye/33200/gpcp/daily/2014/gpcp_v01r03_daily_d20141123_c20170530.nc
2014-11-24,5.612542300846955,7.002263021343846,288,/glade/work/jiachengye/33200/gpcp/daily/2014/gpcp_v01r03_daily_d20141124_c20170530.nc
2014-11-25,1.2284105447139226,2.924680068617986,288,/glade/work/jiachengye/33200/gpcp/daily/2014/gpcp_v01r03_daily_d20141125_c20170530.nc
2014-11-26,0.2737939029213235,0.7228469625520147,288,/glade/work/jiachengye/33200/gpcp/daily/2014/gpcp_v01r03_daily_d20141126_c20170530.nc
2014-11-27,0.14565753187996971,0.4006108594249191,288,/glade/work/jiachengye/33200/gpcp/daily/2014/gpcp_v01r03_daily_d20141127_c20170530.nc
2014-11-28,0.796055021878378,1.5465391706299578,288,/glade/work/jiachengye/33200/gpcp/daily/2014/gpcp_v01r03_daily_d20141128_c20170530.nc
2014-11-29,1.4892911257926307,2.916293399955212,288,/glade/work/jiachengye/33200/gpcp/daily/2014/gpcp_v01r03_daily_d20141129_c20170530.nc
2014-11-30,0.6775252651820565,1.896397703535041,288,/glade/work/jiachengye/33200/gpcp/daily/2014/gpcp_v01r03_daily_d20141130_c20170530.nc
2014-12-01,1.6088306092766433,2.780294325788295,288,/glade/work/jiachengye/33200/gpcp/daily/2014/gpcp_v01r03_daily_d20141201_c20170530.nc
2014-12-02,1.0371070841979133,2.26250379132401,288,/glade/work/jiachengye/33200/gpcp/daily/2014/gpcp_v01r03_daily_d20141202_c20170530.nc
2014-12-03,0.5266178633116817,1.6689472132989132,288,/glade/work/jiachengye/33200/gpcp/daily/2014/gpcp_v01r03_daily_d20141203_c20170530.nc
2014-12-04,0.722935976637512,1.4539193442924119,288,/glade/work/jiachengye/33200/gpcp/daily/2014/gpcp_v01r03_daily_d20141204_c20170530.nc
2014-12-05,4.954649585014001,7.281626125479958,288,/glade/work/jiachengye/33200/gpcp/daily/2014/gpcp_v01r03_daily_d20141205_c20170530.nc
2014-12-06,5.835737295355257,12.61589728292538,288,/glade/work/jiachengye/33200/gpcp/daily/2014/gpcp_v01r03_daily_d20141206_c20170530.nc
2014-12-07,2.241311748052033,2.819925578507396,288,/glade/work/jiachengye/33200/gpcp/daily/2014/gpcp_v01r03_daily_d20141207_c20170530.nc
2014-12-08,2.1841036544594097,3.5656349159390635,288,/glade/work/jiachengye/33200/gpcp/daily/2014/gpcp_v01r03_daily_d20141208_c20170530.nc
2014-12-09,0.31611907445788334,0.9930506157524621,288,/glade/work/jiachengye/33200/gpcp/daily/2014/gpcp_v01r03_daily_d20141209_c20170530.nc
2014-12-10,0.05279191756568779,0.3206098904143211,288,/glade/work/jiachengye/33200/gpcp/daily/2014/gpcp_v01r03_daily_d20141210_c20170530.nc
2014-12-11,0.2649417598219401,1.4133565085800714,288,/glade/work/jiachengye/33200/gpcp/daily/2014/gpcp_v01r03_daily_d20141211_c20170530.nc
2014-12-12,0.025058666174165908,0.26520661229654796,288,/glade/work/jiachengye/33200/gpcp/daily/2014/gpcp_v01r03_daily_d20141212_c20170530.nc
2014-12-13,0.07233339110897329,0.3382097632475111,288,/glade/work/jiachengye/33200/gpcp/daily/2014/gpcp_v01r03_daily_d20141213_c20170530.nc
2014-12-14,0.22127953619940216,1.3104356179291878,288,/glade/work/jiachengye/33200/gpcp/daily/2014/gpcp_v01r03_daily_d20141214_c20170530.nc
2014-12-15,3.2672646211690872,4.097810242898048,288,/glade/work/jiachengye/33200/gpcp/daily/2014/gpcp_v01r03_daily_d20141215_c20170530.nc
2014-12-16,1.9946569993112269,3.7410394272480456,288,/glade/work/jiachengye/33200/gpcp/daily/2014/gpcp_v01r03_daily_d20141216_c20170530.nc
2014-12-17,1.109445938746626,2.3021136822809245,288,/glade/work/jiachengye/33200/gpcp/daily/2014/gpcp_v01r03_daily_d20141217_c20170530.nc
2014-12-18,1.1795764942560367,2.865597819284759,288,/glade/work/jiachengye/33200/gpcp/daily/2014/gpcp_v01r03_daily_d20141218_c20170530.nc
2014-12-19,0.1900236833187032,0.8457521176191433,288,/glade/work/jiachengye/33200/gpcp/daily/2014/gpcp_v01r03_daily_d20141219_c20170530.nc
2014-12-20,0.8793035763991988,2.2624426008816116,288,/glade/work/jiachengye/33200/gpcp/daily/2014/gpcp_v01r03_daily_d20141220_c20170530.nc
2014-12-21,0.8872361056793148,1.6832593965506963,288,/glade/work/jiachengye/33200/gpcp/daily/2014/gpcp_v01r03_daily_d20141221_c20170530.nc
2014-12-22,1.9663204420396896,2.363607117892225,288,/glade/work/jiachengye/33200/gpcp/daily/2014/gpcp_v01r03_daily_d20141222_c20170530.nc
2014-12-23,3.4506797900294086,4.801164076889659,288,/glade/work/jiachengye/33200/gpcp/daily/2014/gpcp_v01r03_daily_d20141223_c20170530.nc
2014-12-24,3.608101454543234,5.8332443967054415,288,/glade/work/jiachengye/33200/gpcp/daily/2014/gpcp_v01r03_daily_d20141224_c20170530.nc
2014-12-25,1.9073224470845827,3.080967238295608,288,/glade/work/jiachengye/33200/gpcp/daily/2014/gpcp_v01r03_daily_d20141225_c20170530.nc
2014-12-26,0.7593991115824866,1.200244250179462,288,/glade/work/jiachengye/33200/gpcp/daily/2014/gpcp_v01r03_daily_d20141226_c20170530.nc
2014-12-27,0.97134364160357,2.1007210945232555,288,/glade/work/jiachengye/33200/gpcp/daily/2014/gpcp_v01r03_daily_d20141227_c20170530.nc
2014-12-28,1.4884861322374492,4.389528362043154,288,/glade/work/jiachengye/33200/gpcp/daily/2014/gpcp_v01r03_daily_d20141228_c20170530.nc
2014-12-29,0.43188633751546524,1.586627450821915,288,/glade/work/jiachengye/33200/gpcp/daily/2014/gpcp_v01r03_daily_d20141229_c20170530.nc
2014-12-30,0.09146168449472898,0.39743975782767144,288,/glade/work/jiachengye/33200/gpcp/daily/2014/gpcp_v01r03_daily_d20141230_c20170530.nc
2014-12-31,0.3776662596639207,1.0617936839385862,288,/glade/work/jiachengye/33200/gpcp/daily/2014/gpcp_v01r03_daily_d20141231_c20170530.nc
2015-01-01,0.7281364598137666,1.4320010310751092,288,/glade/work/jiachengye/33200/gpcp/daily/2015/gpcp_v01r03_daily_d20150101_c20170530.nc
2015-01-02,0.6190709703222652,1.8535011407156279,288,/glade/work/jiachengye/33200/gpcp/daily/2015/gpcp_v01r03_daily_d20150102_c20170530.nc
2015-01-03,9.535977212066136,12.145969815644342,288,/glade/work/jiachengye/33200/gpcp/daily/2015/gpcp_v01r03_daily_d20150103_c20170530.nc
2015-01-04,6.271309442706183,11.57757800584313,288,/glade/work/jiachengye/33200/gpcp/daily/2015/gpcp_v01r03_daily_d20150104_c20170530.nc
2015-01-05,1.576067988101542,2.9235695002724014,288,/glade/work/jiachengye/33200/gpcp/daily/2015/gpcp_v01r03_daily_d20150105_c20170530.nc
2015-01-06,2.969629637397906,4.3034938276975145,288,/glade/work/jiachengye/33200/gpcp/daily/2015/gpcp_v01r03_daily_d20150106_c20170530.nc
2015-01-07,0.22294281077953504,0.657891508913157,288,/glade/work/jiachengye/33200/gpcp/daily/2015/gpcp_v01r03_daily_d20150107_c20170530.nc
2015-01-08,1.9151569865360956,2.691704546089981,288,/glade/work/jiachengye/33200/gpcp/daily/2015/gpcp_v01r03_daily_d20150108_c20170530.nc
2015-01-09,0.234678265674698,0.9104958231300669,288,/glade/work/jiachengye/33200/gpcp/daily/2015/gpcp_v01r03_daily_d20150109_c20170530.nc
2015-01-10,0.06340964673735529,0.2494645932634139,288,/glade/work/jiachengye/33200/gpcp/daily/2015/gpcp_v01r03_daily_d20150110_c20170530.nc
2015-01-11,0.9480737129708664,1.7751790743370588,288,/glade/work/jiachengye/33200/gpcp/daily/2015/gpcp_v01r03_daily_d20150111_c20170530.nc
2015-01-12,0.4983426834193346,1.472467450145599,288,/glade/work/jiachengye/33200/gpcp/daily/2015/gpcp_v01r03_daily_d20150112_c20170530.nc
2015-01-13,0.021607534695745674,0.22650896111903707,288,/glade/work/jiachengye/33200/gpcp/daily/2015/gpcp_v01r03_daily_d20150113_c20170530.nc
2015-01-14,0.12337071176309528,0.4578480384569384,288,/glade/work/jiachengye/33200/gpcp/daily/2015/gpcp_v01r03_daily_d20150114_c20170530.nc
2015-01-15,0.20395295962968918,0.6274643409801542,288,/glade/work/jiachengye/33200/gpcp/daily/2015/gpcp_v01r03_daily_d20150115_c20170530.nc
2015-01-16,0.06514557674029578,0.25382356190867617,288,/glade/work/jiachengye/33200/gpcp/daily/2015/gpcp_v01r03_daily_d20150116_c20170530.nc
2015-01-17,1.7410090474091053,2.4760016900445394,288,/glade/work/jiachengye/33200/gpcp/daily/2015/gpcp_v01r03_daily_d20150117_c20170530.nc
2015-01-18,0.5026936406427099,1.5349187411554364,288,/glade/work/jiachengye/33200/gpcp/daily/2015/gpcp_v01r03_daily_d20150118_c20170530.nc
2015-01-19,0.1032105789003342,0.41971544719984966,288,/glade/work/jiachengye/33200/gpcp/daily/2015/gpcp_v01r03_daily_d20150119_c20170530.nc
2015-01-20,0.19606791180130206,0.5853492590651712,288,/glade/work/jiachengye/33200/gpcp/daily/2015/gpcp_v01r03_daily_d20150120_c20170530.nc
2015-01-21,0.18936024472717133,0.9667477292931107,288,/glade/work/jiachengye/33200/gpcp/daily/2015/gpcp_v01r03_daily_d20150121_c20170530.nc
2015-01-22,0.0925391955098546,0.46497069852644746,288,/glade/work/jiachengye/33200/gpcp/daily/2015/gpcp_v01r03_daily_d20150122_c20170530.nc
2015-01-23,0.6136759206924072,1.3193450308095522,288,/glade/work/jiachengye/33200/gpcp/daily/2015/gpcp_v01r03_daily_d20150123_c20170530.nc
2015-01-24,0.433527923293909,0.7921687523289026,288,/glade/work/jiachengye/33200/gpcp/daily/2015/gpcp_v01r03_daily_d20150124_c20170530.nc
2015-01-25,1.4480524422126835,2.577619622776916,288,/glade/work/jiachengye/33200/gpcp/daily/2015/gpcp_v01r03_daily_d20150125_c20170530.nc
2015-01-26,0.2828408545095055,0.7686582240577643,288,/glade/work/jiachengye/33200/gpcp/daily/2015/gpcp_v01r03_daily_d20150126_c20170530.nc
2015-01-27,0.036345356209670755,0.25791610091992856,288,/glade/work/jiachengye/33200/gpcp/daily/2015/gpcp_v01r03_daily_d20150127_c20170530.nc
2015-01-28,0.5235199534021285,1.2201431957428863,288,/glade/work/jiachengye/33200/gpcp/daily/2015/gpcp_v01r03_daily_d20150128_c20170530.nc
2015-01-29,1.5346850436021433,3.6983256633361616,288,/glade/work/jiachengye/33200/gpcp/daily/2015/gpcp_v01r03_daily_d20150129_c20170530.nc
2015-01-30,0.2265670672347388,0.8448639948672799,288,/glade/work/jiachengye/33200/gpcp/daily/2015/gpcp_v01r03_daily_d20150130_c20170530.nc
2015-01-31,2.1100442910088932,3.5036650098797573,288,/glade/work/jiachengye/33200/gpcp/daily/2015/gpcp_v01r03_daily_d20150131_c20170530.nc
2015-02-01,2.8505926065094354,3.378078180489198,288,/glade/work/jiachengye/33200/gpcp/daily/2015/gpcp_v01r03_daily_d20150201_c20170530.nc
2015-02-02,0.15817497554732196,0.4330914558469862,288,/glade/work/jiachengye/33200/gpcp/daily/2015/gpcp_v01r03_daily_d20150202_c20170530.nc
2015-02-03,0.3256491735613418,0.6809504471277817,288,/glade/work/jiachengye/33200/gpcp/daily/2015/gpcp_v01r03_daily_d20150203_c20170530.nc
2015-02-04,1.2935534986772552,1.8589812240350783,288,/glade/work/jiachengye/33200/gpcp/daily/2015/gpcp_v01r03_daily_d20150204_c20170530.nc
2015-02-05,0.47248349292835434,1.8335576020299655,288,/glade/work/jiachengye/33200/gpcp/daily/2015/gpcp_v01r03_daily_d20150205_c20170530.nc
2015-02-06,0.826865768805497,1.4287893961523388,288,/glade/work/jiachengye/33200/gpcp/daily/2015/gpcp_v01r03_daily_d20150206_c20170530.nc
2015-02-07,2.424365295698479,3.802442943157387,288,/glade/work/jiachengye/33200/gpcp/daily/2015/gpcp_v01r03_daily_d20150207_c20170530.nc
2015-02-08,1.577157851356475,2.5379753910186786,288,/glade/work/jiachengye/33200/gpcp/daily/2015/gpcp_v01r03_daily_d20150208_c20170530.nc
2015-02-09,0.0009584191175944913,0.009828239764063877,288,/glade/work/jiachengye/33200/gpcp/daily/2015/gpcp_v01r03_daily_d20150209_c20170530.nc
2015-02-10,0.6468128334564752,1.2982438258029931,288,/glade/work/jiachengye/33200/gpcp/daily/2015/gpcp_v01r03_daily_d20150210_c20170530.nc
2015-02-11,0.523006413018328,1.2418435522740021,288,/glade/work/jiachengye/33200/gpcp/daily/2015/gpcp_v01r03_daily_d20150211_c20170530.nc
2015-02-12,0.39777971567408893,0.7524429019637353,288,/glade/work/jiachengye/33200/gpcp/daily/2015/gpcp_v01r03_daily_d20150212_c20170530.nc
2015-02-13,0.3851250410819857,1.1602531779051204,288,/glade/work/jiachengye/33200/gpcp/daily/2015/gpcp_v01r03_daily_d20150213_c20170530.nc
2015-02-14,0.5117945622811434,1.0498287587085053,288,/glade/work/jiachengye/33200/gpcp/daily/2015/gpcp_v01r03_daily_d20150214_c20170530.nc
2015-02-15,1.3229136258476775,3.1483172021852175,288,/glade/work/jiachengye/33200/gpcp/daily/2015/gpcp_v01r03_daily_d20150215_c20170530.nc
2015-02-16,2.028554058520663,4.906584818482848,288,/glade/work/jiachengye/33200/gpcp/daily/2015/gpcp_v01r03_daily_d20150216_c20170530.nc
2015-02-17,0.24000957895008673,0.925584995910579,288,/glade/work/jiachengye/33200/gpcp/daily/2015/gpcp_v01r03_daily_d20150217_c20170530.nc
2015-02-18,0.05085165997438765,0.25357455381792143,288,/glade/work/jiachengye/33200/gpcp/daily/2015/gpcp_v01r03_daily_d20150218_c20170530.nc
2015-02-19,0.095944429136166,0.2992205953604466,288,/glade/work/jiachengye/33200/gpcp/daily/2015/gpcp_v01r03_daily_d20150219_c20170530.nc
2015-02-20,0.38954799199782303,0.7426110608764983,288,/glade/work/jiachengye/33200/gpcp/daily/2015/gpcp_v01r03_daily_d20150220_c20170530.nc
2015-02-21,8.090451603701094,14.346152623905121,288,/glade/work/jiachengye/33200/gpcp/daily/2015/gpcp_v01r03_daily_d20150221_c20170530.nc
2015-02-22,0.8357123057657414,3.8956736325172376,288,/glade/work/jiachengye/33200/gpcp/daily/2015/gpcp_v01r03_daily_d20150222_c20170530.nc
2015-02-23,0.2224062434209531,0.5925229504939551,288,/glade/work/jiachengye/33200/gpcp/daily/2015/gpcp_v01r03_daily_d20150223_c20170530.nc
2015-02-24,0.5876959776989517,1.248187520379539,288,/glade/work/jiachengye/33200/gpcp/daily/2015/gpcp_v01r03_daily_d20150224_c20170530.nc
2015-02-25,0.5035076119448936,0.8432620936910448,288,/glade/work/jiachengye/33200/gpcp/daily/2015/gpcp_v01r03_daily_d20150225_c20170530.nc
2015-02-26,0.37764347009696775,1.622844366245748,288,/glade/work/jiachengye/33200/gpcp/daily/2015/gpcp_v01r03_daily_d20150226_c20170530.nc
2015-02-27,0.023838034139605745,0.170804040761858,288,/glade/work/jiachengye/33200/gpcp/daily/2015/gpcp_v01r03_daily_d20150227_c20170530.nc
2015-02-28,0.3924634499012349,1.4810164723567705,288,/glade/work/jiachengye/33200/gpcp/daily/2015/gpcp_v01r03_daily_d20150228_c20170530.nc
2015-03-01,0.4678208737328894,1.235188736364967,288,/glade/work/jiachengye/33200/gpcp/daily/2015/gpcp_v01r03_daily_d20150301_c20170530.nc
2015-03-02,0.2987025734038918,1.4165516744545963,288,/glade/work/jiachengye/33200/gpcp/daily/2015/gpcp_v01r03_daily_d20150302_c20170530.nc
2015-03-03,5.969777249255959,6.33873457511804,288,/glade/work/jiachengye/33200/gpcp/daily/2015/gpcp_v01r03_daily_d20150303_c20170530.nc
2015-03-04,1.8911825004430078,5.059255211565345,288,/glade/work/jiachengye/33200/gpcp/daily/2015/gpcp_v01r03_daily_d20150304_c20170530.nc
2015-03-05,4.902165375310978,12.409716678727245,288,/glade/work/jiachengye/33200/gpcp/daily/2015/gpcp_v01r03_daily_d20150305_c20170530.nc
2015-03-06,0.06339934870182976,0.616150883712973,288,/glade/work/jiachengye/33200/gpcp/daily/2015/gpcp_v01r03_daily_d20150306_c20170530.nc
2015-03-07,0.05352675895292212,0.23455256442988234,288,/glade/work/jiachengye/33200/gpcp/daily/2015/gpcp_v01r03_daily_d20150307_c20170530.nc
2015-03-08,0.21468329739753542,0.9701540583944539,288,/glade/work/jiachengye/33200/gpcp/daily/2015/gpcp_v01r03_daily_d20150308_c20170530.nc
2015-03-09,0.5463276827022113,2.801760973234425,288,/glade/work/jiachengye/33200/gpcp/daily/2015/gpcp_v01r03_daily_d20150309_c20170530.nc
2015-03-10,2.667754172780861,6.0706122523646195,288,/glade/work/jiachengye/33200/gpcp/daily/2015/gpcp_v01r03_daily_d20150310_c20170530.nc
2015-03-11,0.05910319973305244,0.32116237809717507,288,/glade/work/jiachengye/33200/gpcp/daily/2015/gpcp_v01r03_daily_d20150311_c20170530.nc
2015-03-12,0.3942898275736386,0.964567186688673,288,/glade/work/jiachengye/33200/gpcp/daily/2015/gpcp_v01r03_daily_d20150312_c20170530.nc
2015-03-13,1.3347098745225996,2.717963324188829,288,/glade/work/jiachengye/33200/gpcp/daily/2015/gpcp_v01r03_daily_d20150313_c20170530.nc
2015-03-14,0.787832897254416,2.1100500994221196,288,/glade/work/jiachengye/33200/gpcp/daily/2015/gpcp_v01r03_daily_d20150314_c20170530.nc
2015-03-15,0.9573654641679715,1.4481664264543097,288,/glade/work/jiachengye/33200/gpcp/daily/2015/gpcp_v01r03_daily_d20150315_c20170530.nc
2015-03-16,3.5172027131649477,4.117069969909145,288,/glade/work/jiachengye/33200/gpcp/daily/2015/gpcp_v01r03_daily_d20150316_c20170530.nc
2015-03-17,0.29532113016436506,0.7352230163349808,288,/glade/work/jiachengye/33200/gpcp/daily/2015/gpcp_v01r03_daily_d20150317_c20170530.nc
2015-03-18,0.5807019709029326,1.0656097103409667,288,/glade/work/jiachengye/33200/gpcp/daily/2015/gpcp_v01r03_daily_d20150318_c20170530.nc
2015-03-19,0.5441242081104795,1.0648406356233566,288,/glade/work/jiachengye/33200/gpcp/daily/2015/gpcp_v01r03_daily_d20150319_c20170530.nc
2015-03-20,0.555435614574413,0.9712296651325935,288,/glade/work/jiachengye/33200/gpcp/daily/2015/gpcp_v01r03_daily_d20150320_c20170530.nc
2015-03-21,0.2558538914653836,0.7194630450820381,288,/glade/work/jiachengye/33200/gpcp/daily/2015/gpcp_v01r03_daily_d20150321_c20170530.nc
2015-03-22,0.6341723859181839,1.3497077393887198,288,/glade/work/jiachengye/33200/gpcp/daily/2015/gpcp_v01r03_daily_d20150322_c20170530.nc
2015-03-23,0.7739997521129549,2.0640930048068395,288,/glade/work/jiachengye/33200/gpcp/daily/2015/gpcp_v01r03_daily_d20150323_c20170530.nc
2015-03-24,1.5382470488985092,3.112274468424487,288,/glade/work/jiachengye/33200/gpcp/daily/2015/gpcp_v01r03_daily_d20150324_c20170530.nc
2015-03-25,4.937979680330566,7.920814275512143,288,/glade/work/jiachengye/33200/gpcp/daily/2015/gpcp_v01r03_daily_d20150325_c20170530.nc
2015-03-26,5.668733518313202,11.751430721499053,288,/glade/work/jiachengye/33200/gpcp/daily/2015/gpcp_v01r03_daily_d20150326_c20170530.nc
2015-03-27,0.20755592294005376,0.8081530723102143,288,/glade/work/jiachengye/33200/gpcp/daily/2015/gpcp_v01r03_daily_d20150327_c20170530.nc
2015-03-28,0.0,0.0,288,/glade/work/jiachengye/33200/gpcp/daily/2015/gpcp_v01r03_daily_d20150328_c20170530.nc
2015-03-29,1.0134268156828166,1.4689909287411844,288,/glade/work/jiachengye/33200/gpcp/daily/2015/gpcp_v01r03_daily_d20150329_c20170530.nc
2015-03-30,0.5044541022983091,1.4242113378121293,288,/glade/work/jiachengye/33200/gpcp/daily/2015/gpcp_v01r03_daily_d20150330_c20170530.nc
2015-03-31,0.17831140146931013,0.5963580528116516,288,/glade/work/jiachengye/33200/gpcp/daily/2015/gpcp_v01r03_daily_d20150331_c20170530.nc
2015-04-01,0.8509462940643165,1.6061480042048837,288,/glade/work/jiachengye/33200/gpcp/daily/2015/gpcp_v01r03_daily_d20150401_c20170530.nc
2015-04-02,5.921309397765269,6.663547634635312,288,/glade/work/jiachengye/33200/gpcp/daily/2015/gpcp_v01r03_daily_d20150402_c20170530.nc
2015-04-03,5.4910944221261,11.555401978716546,288,/glade/work/jiachengye/33200/gpcp/daily/2015/gpcp_v01r03_daily_d20150403_c20170530.nc
2015-04-04,0.2918934056875413,2.03922802409326,288,/glade/work/jiachengye/33200/gpcp/daily/2015/gpcp_v01r03_daily_d20150404_c20170530.nc
2015-04-05,0.6469571279149644,1.8710066479165601,288,/glade/work/jiachengye/33200/gpcp/daily/2015/gpcp_v01r03_daily_d20150405_c20170530.nc
2015-04-06,1.754071377136958,3.091738898290126,288,/glade/work/jiachengye/33200/gpcp/daily/2015/gpcp_v01r03_daily_d20150406_c20170530.nc
2015-04-07,7.2214021331078415,11.016551405481813,288,/glade/work/jiachengye/33200/gpcp/daily/2015/gpcp_v01r03_daily_d20150407_c20170530.nc
2015-04-08,9.246042311167429,12.52041822164606,288,/glade/work/jiachengye/33200/gpcp/daily/2015/gpcp_v01r03_daily_d20150408_c20170530.nc
2015-04-09,12.05130957163293,14.131802323299112,288,/glade/work/jiachengye/33200/gpcp/daily/2015/gpcp_v01r03_daily_d20150409_c20170530.nc
2015-04-10,4.877974515095814,8.269025432753716,288,/glade/work/jiachengye/33200/gpcp/daily/2015/gpcp_v01r03_daily_d20150410_c20170530.nc
2015-04-11,0.04832675984959022,0.26377996136404286,288,/glade/work/jiachengye/33200/gpcp/daily/2015/gpcp_v01r03_daily_d20150411_c20170530.nc
2015-04-12,2.860350526981481,5.530837608264243,288,/glade/work/jiachengye/33200/gpcp/daily/2015/gpcp_v01r03_daily_d20150412_c20170530.nc
2015-04-13,3.0157376163283764,5.362269411890839,288,/glade/work/jiachengye/33200/gpcp/daily/2015/gpcp_v01r03_daily_d20150413_c20170530.nc
2015-04-14,0.42020478619346663,1.484565647765916,288,/glade/work/jiachengye/33200/gpcp/daily/2015/gpcp_v01r03_daily_d20150414_c20170530.nc
2015-04-15,0.22690682299658796,0.9053314541615662,288,/glade/work/jiachengye/33200/gpcp/daily/2015/gpcp_v01r03_daily_d20150415_c20170530.nc
2015-04-16,1.81706165539272,3.4739146408391446,288,/glade/work/jiachengye/33200/gpcp/daily/2015/gpcp_v01r03_daily_d20150416_c20170530.nc
2015-04-17,2.7696337190548115,6.52521009692864,288,/glade/work/jiachengye/33200/gpcp/daily/2015/gpcp_v01r03_daily_d20150417_c20170530.nc
2015-04-18,1.9433617714867002,3.5526442045467697,288,/glade/work/jiachengye/33200/gpcp/daily/2015/gpcp_v01r03_daily_d20150418_c20170530.nc
2015-04-19,3.10008896180671,3.766790296077847,288,/glade/work/jiachengye/33200/gpcp/daily/2015/gpcp_v01r03_daily_d20150419_c20170530.nc
2015-04-20,3.346962924626365,5.1666445691201135,288,/glade/work/jiachengye/33200/gpcp/daily/2015/gpcp_v01r03_daily_d20150420_c20170530.nc
2015-04-21,0.5598928591168205,1.292843551870977,288,/glade/work/jiachengye/33200/gpcp/daily/2015/gpcp_v01r03_daily_d20150421_c20170530.nc
2015-04-22,0.8599581926826989,1.6769746483482577,288,/glade/work/jiachengye/33200/gpcp/daily/2015/gpcp_v01r03_daily_d20150422_c20170530.nc
2015-04-23,0.3064414332663948,0.8392361402331824,288,/glade/work/jiachengye/33200/gpcp/daily/2015/gpcp_v01r03_daily_d20150423_c20170530.nc
2015-04-24,1.4916793176488203,2.585609170756232,288,/glade/work/jiachengye/33200/gpcp/daily/2015/gpcp_v01r03_daily_d20150424_c20170530.nc
2015-04-25,1.701786696936822,3.381217764830287,288,/glade/work/jiachengye/33200/gpcp/daily/2015/gpcp_v01r03_daily_d20150425_c20170530.nc
2015-04-26,0.7454287717880757,2.2980283667851746,288,/glade/work/jiachengye/33200/gpcp/daily/2015/gpcp_v01r03_daily_d20150426_c20170530.nc
2015-04-27,0.8323934574828677,1.9851868025542778,288,/glade/work/jiachengye/33200/gpcp/daily/2015/gpcp_v01r03_daily_d20150427_c20170530.nc
2015-04-28,0.20070891829331938,0.6902421606538264,288,/glade/work/jiachengye/33200/gpcp/daily/2015/gpcp_v01r03_daily_d20150428_c20170530.nc
2015-04-29,0.1715414154888055,0.589453657429346,288,/glade/work/jiachengye/33200/gpcp/daily/2015/gpcp_v01r03_daily_d20150429_c20170530.nc
2015-04-30,0.22779751016976982,0.8924067210993905,288,/glade/work/jiachengye/33200/gpcp/daily/2015/gpcp_v01r03_daily_d20150430_c20170530.nc
2015-05-01,0.936891692147831,2.1491058817520754,288,/glade/work/jiachengye/33200/gpcp/daily/2015/gpcp_v01r03_daily_d20150501_c20170530.nc
2015-05-02,0.8955858346200806,2.9360861559821,288,/glade/work/jiachengye/33200/gpcp/daily/2015/gpcp_v01r03_daily_d20150502_c20170530.nc
2015-05-03,2.0563833814125445,3.8923228835446033,288,/glade/work/jiachengye/33200/gpcp/daily/2015/gpcp_v01r03_daily_d20150503_c20170530.nc
2015-05-04,5.510257829924693,5.734618204719024,288,/glade/work/jiachengye/33200/gpcp/daily/2015/gpcp_v01r03_daily_d20150504_c20170530.nc
2015-05-05,6.84134629371086,9.377041384836579,288,/glade/work/jiachengye/33200/gpcp/daily/2015/gpcp_v01r03_daily_d20150505_c20170530.nc
2015-05-06,3.1394627843692877,4.621473056731955,288,/glade/work/jiachengye/33200/gpcp/daily/2015/gpcp_v01r03_daily_d20150506_c20170530.nc
2015-05-07,3.285047891445618,4.442675803541937,288,/glade/work/jiachengye/33200/gpcp/daily/2015/gpcp_v01r03_daily_d20150507_c20170530.nc
2015-05-08,2.6215295744934917,3.732709357856394,288,/glade/work/jiachengye/33200/gpcp/daily/2015/gpcp_v01r03_daily_d20150508_c20170530.nc
2015-05-09,4.5135072274889065,7.120162803657808,288,/glade/work/jiachengye/33200/gpcp/daily/2015/gpcp_v01r03_daily_d20150509_c20170530.nc
2015-05-10,6.633216346624488,7.960385879533437,288,/glade/work/jiachengye/33200/gpcp/daily/2015/gpcp_v01r03_daily_d20150510_c20170530.nc
2015-05-11,6.261306578323835,7.9830827807192355,288,/glade/work/jiachengye/33200/gpcp/daily/2015/gpcp_v01r03_daily_d20150511_c20170530.nc
2015-05-12,1.2127409588560933,2.618477406198457,288,/glade/work/jiachengye/33200/gpcp/daily/2015/gpcp_v01r03_daily_d20150512_c20170530.nc
2015-05-13,1.1825103001809074,2.4958717199747436,288,/glade/work/jiachengye/33200/gpcp/daily/2015/gpcp_v01r03_daily_d20150513_c20170530.nc
2015-05-14,6.206538386291766,6.282141378861814,288,/glade/work/jiachengye/33200/gpcp/daily/2015/gpcp_v01r03_daily_d20150514_c20170530.nc
2015-05-15,5.851927669196383,5.333736825252027,288,/glade/work/jiachengye/33200/gpcp/daily/2015/gpcp_v01r03_daily_d20150515_c20170530.nc
2015-05-16,5.625811098642826,6.910148152586196,288,/glade/work/jiachengye/33200/gpcp/daily/2015/gpcp_v01r03_daily_d20150516_c20170530.nc
2015-05-17,8.34262692473322,10.241236733085382,288,/glade/work/jiachengye/33200/gpcp/daily/2015/gpcp_v01r03_daily_d20150517_c20170530.nc
2015-05-18,1.5200801730749227,2.7067387347855503,288,/glade/work/jiachengye/33200/gpcp/daily/2015/gpcp_v01r03_daily_d20150518_c20170530.nc
2015-05-19,4.464323898050672,10.028634742937848,288,/glade/work/jiachengye/33200/gpcp/daily/2015/gpcp_v01r03_daily_d20150519_c20170530.nc
2015-05-20,2.2524282970986373,3.540786373410792,288,/glade/work/jiachengye/33200/gpcp/daily/2015/gpcp_v01r03_daily_d20150520_c20170530.nc
2015-05-21,0.22214577599025115,0.6993858418133725,288,/glade/work/jiachengye/33200/gpcp/daily/2015/gpcp_v01r03_daily_d20150521_c20170530.nc
2015-05-22,1.1258196284154542,2.3464156958309945,288,/glade/work/jiachengye/33200/gpcp/daily/2015/gpcp_v01r03_daily_d20150522_c20170530.nc
2015-05-23,2.8378497753676104,6.879687753486358,288,/glade/work/jiachengye/33200/gpcp/daily/2015/gpcp_v01r03_daily_d20150523_c20170530.nc
2015-05-24,8.401922442556003,8.623987343475678,288,/glade/work/jiachengye/33200/gpcp/daily/2015/gpcp_v01r03_daily_d20150524_c20170530.nc
2015-05-25,7.106858162149972,6.957737971491676,288,/glade/work/jiachengye/33200/gpcp/daily/2015/gpcp_v01r03_daily_d20150525_c20170530.nc
2015-05-26,3.7511113787867614,4.398775218139957,288,/glade/work/jiachengye/33200/gpcp/daily/2015/gpcp_v01r03_daily_d20150526_c20170530.nc
2015-05-27,4.153513563640107,5.452334762434284,288,/glade/work/jiachengye/33200/gpcp/daily/2015/gpcp_v01r03_daily_d20150527_c20170530.nc
2015-05-28,6.847758425836042,11.616162208439649,288,/glade/work/jiachengye/33200/gpcp/daily/2015/gpcp_v01r03_daily_d20150528_c20170530.nc
2015-05-29,7.092759213380817,6.685402349904334,288,/glade/work/jiachengye/33200/gpcp/daily/2015/gpcp_v01r03_daily_d20150529_c20170530.nc
2015-05-30,4.252194389820998,5.86128189738355,288,/glade/work/jiachengye/33200/gpcp/daily/2015/gpcp_v01r03_daily_d20150530_c20170530.nc
2015-05-31,3.1008956777864327,4.860904593897293,288,/glade/work/jiachengye/33200/gpcp/daily/2015/gpcp_v01r03_daily_d20150531_c20170530.nc
2015-06-01,1.6059698000452671,3.919877966365199,288,/glade/work/jiachengye/33200/gpcp/daily/2015/gpcp_v01r03_daily_d20150601_c20170530.nc
2015-06-02,3.4314325641354637,5.065462748370097,288,/glade/work/jiachengye/33200/gpcp/daily/2015/gpcp_v01r03_daily_d20150602_c20170530.nc
2015-06-03,4.569175793626536,6.700937367397765,288,/glade/work/jiachengye/33200/gpcp/daily/2015/gpcp_v01r03_daily_d20150603_c20170530.nc
2015-06-04,7.461657068554918,10.947773323267711,288,/glade/work/jiachengye/33200/gpcp/daily/2015/gpcp_v01r03_daily_d20150604_c20170530.nc
2015-06-05,6.180917433324205,8.554489142775031,288,/glade/work/jiachengye/33200/gpcp/daily/2015/gpcp_v01r03_daily_d20150605_c20170530.nc
2015-06-06,3.6819465634150066,5.471746286336973,288,/glade/work/jiachengye/33200/gpcp/daily/2015/gpcp_v01r03_daily_d20150606_c20170530.nc
2015-06-07,4.614241704375948,5.732663490657434,288,/glade/work/jiachengye/33200/gpcp/daily/2015/gpcp_v01r03_daily_d20150607_c20170530.nc
2015-06-08,5.1542995353257846,7.611064077690038,288,/glade/work/jiachengye/33200/gpcp/daily/2015/gpcp_v01r03_daily_d20150608_c20170530.nc
2015-06-09,0.6284061762640534,1.4961835272096218,288,/glade/work/jiachengye/33200/gpcp/daily/2015/gpcp_v01r03_daily_d20150609_c20170530.nc
2015-06-10,1.6030896858447308,3.1366685289026006,288,/glade/work/jiachengye/33200/gpcp/daily/2015/gpcp_v01r03_daily_d20150610_c20170530.nc
2015-06-11,9.14298398451707,9.031170615071698,288,/glade/work/jiachengye/33200/gpcp/daily/2015/gpcp_v01r03_daily_d20150611_c20170530.nc
2015-06-12,4.293157204902796,5.697990859594318,288,/glade/work/jiachengye/33200/gpcp/daily/2015/gpcp_v01r03_daily_d20150612_c20170530.nc
2015-06-13,3.6769459985457793,4.632012396167075,288,/glade/work/jiachengye/33200/gpcp/daily/2015/gpcp_v01r03_daily_d20150613_c20170530.nc
2015-06-14,3.5562803626620045,4.64760554347413,288,/glade/work/jiachengye/33200/gpcp/daily/2015/gpcp_v01r03_daily_d20150614_c20170530.nc
2015-06-15,4.257241406248999,5.570092966195076,288,/glade/work/jiachengye/33200/gpcp/daily/2015/gpcp_v01r03_daily_d20150615_c20170530.nc
2015-06-16,3.6481009653573016,4.008383780416675,288,/glade/work/jiachengye/33200/gpcp/daily/2015/gpcp_v01r03_daily_d20150616_c20170530.nc
2015-06-17,3.852080217702287,5.579511283265294,288,/glade/work/jiachengye/33200/gpcp/daily/2015/gpcp_v01r03_daily_d20150617_c20170530.nc
2015-06-18,4.2481064984446055,5.7122743017373825,288,/glade/work/jiachengye/33200/gpcp/daily/2015/gpcp_v01r03_daily_d20150618_c20170530.nc
2015-06-19,3.7266098498634266,5.810280257308708,288,/glade/work/jiachengye/33200/gpcp/daily/2015/gpcp_v01r03_daily_d20150619_c20170530.nc
2015-06-20,6.8313250774195895,8.433132221387604,288,/glade/work/jiachengye/33200/gpcp/daily/2015/gpcp_v01r03_daily_d20150620_c20170530.nc
2015-06-21,8.078249596637201,14.691099482870696,288,/glade/work/jiachengye/33200/gpcp/daily/2015/gpcp_v01r03_daily_d20150621_c20170530.nc
2015-06-22,5.41800338042101,6.54895687706718,288,/glade/work/jiachengye/33200/gpcp/daily/2015/gpcp_v01r03_daily_d20150622_c20170530.nc
2015-06-23,4.753257633543158,7.140513990277171,288,/glade/work/jiachengye/33200/gpcp/daily/2015/gpcp_v01r03_daily_d20150623_c20170530.nc
2015-06-24,4.713833216290426,6.655252714135338,288,/glade/work/jiachengye/33200/gpcp/daily/2015/gpcp_v01r03_daily_d20150624_c20170530.nc
2015-06-25,6.47340475833381,8.763871890705532,288,/glade/work/jiachengye/33200/gpcp/daily/2015/gpcp_v01r03_daily_d20150625_c20170530.nc
2015-06-26,12.32994534461029,14.585664977777823,288,/glade/work/jiachengye/33200/gpcp/daily/2015/gpcp_v01r03_daily_d20150626_c20170530.nc
2015-06-27,3.1503418025271377,6.21402497538531,288,/glade/work/jiachengye/33200/gpcp/daily/2015/gpcp_v01r03_daily_d20150627_c20170530.nc
2015-06-28,1.566594400262999,3.082964577712145,288,/glade/work/jiachengye/33200/gpcp/daily/2015/gpcp_v01r03_daily_d20150628_c20170530.nc
2015-06-29,1.8994216945863385,3.4197088059780043,288,/glade/work/jiachengye/33200/gpcp/daily/2015/gpcp_v01r03_daily_d20150629_c20170530.nc
2015-06-30,3.253066537052459,4.164978915352143,288,/glade/work/jiachengye/33200/gpcp/daily/2015/gpcp_v01r03_daily_d20150630_c20170530.nc
2015-07-01,1.6423489377801292,3.9624368717537735,288,/glade/work/jiachengye/33200/gpcp/daily/2015/gpcp_v01r03_daily_d20150701_c20170530.nc
2015-07-02,4.050655097758994,7.24616151036156,288,/glade/work/jiachengye/33200/gpcp/daily/2015/gpcp_v01r03_daily_d20150702_c20170530.nc
2015-07-03,1.1990516652612568,2.8519573866612506,288,/glade/work/jiachengye/33200/gpcp/daily/2015/gpcp_v01r03_daily_d20150703_c20170530.nc
2015-07-04,0.40824057829025534,1.2311934799678068,288,/glade/work/jiachengye/33200/gpcp/daily/2015/gpcp_v01r03_daily_d20150704_c20170530.nc
2015-07-05,2.620784092752533,5.120069535162056,288,/glade/work/jiachengye/33200/gpcp/daily/2015/gpcp_v01r03_daily_d20150705_c20170530.nc
2015-07-06,8.287403526435906,7.949994251738574,288,/glade/work/jiachengye/33200/gpcp/daily/2015/gpcp_v01r03_daily_d20150706_c20170530.nc
2015-07-07,4.741254654265927,8.552820367610083,288,/glade/work/jiachengye/33200/gpcp/daily/2015/gpcp_v01r03_daily_d20150707_c20170530.nc
2015-07-08,1.6686996241104326,2.9120526045765818,288,/glade/work/jiachengye/33200/gpcp/daily/2015/gpcp_v01r03_daily_d20150708_c20170530.nc
2015-07-09,1.7886517921239933,3.0604424698504364,288,/glade/work/jiachengye/33200/gpcp/daily/2015/gpcp_v01r03_daily_d20150709_c20170530.nc
2015-07-10,2.0681600978295185,4.051752547404121,288,/glade/work/jiachengye/33200/gpcp/daily/2015/gpcp_v01r03_daily_d20150710_c20170530.nc
2015-07-11,2.9734050333239175,4.827910432755907,288,/glade/work/jiachengye/33200/gpcp/daily/2015/gpcp_v01r03_daily_d20150711_c20170530.nc
2015-07-12,4.44556882946466,7.496314375721945,288,/glade/work/jiachengye/33200/gpcp/daily/2015/gpcp_v01r03_daily_d20150712_c20170530.nc
2015-07-13,5.753494173198461,7.249277330626435,288,/glade/work/jiachengye/33200/gpcp/daily/2015/gpcp_v01r03_daily_d20150713_c20170530.nc
2015-07-14,7.37335377288131,10.212088226024644,288,/glade/work/jiachengye/33200/gpcp/daily/2015/gpcp_v01r03_daily_d20150714_c20170530.nc
2015-07-15,5.400657995483016,6.150557424237966,288,/glade/work/jiachengye/33200/gpcp/daily/2015/gpcp_v01r03_daily_d20150715_c20170530.nc
2015-07-16,6.398583913396191,7.646479714171674,288,/glade/work/jiachengye/33200/gpcp/daily/2015/gpcp_v01r03_daily_d20150716_c20170530.nc
2015-07-17,3.3564730612873976,4.918762891591713,288,/glade/work/jiachengye/33200/gpcp/daily/2015/gpcp_v01r03_daily_d20150717_c20170530.nc
2015-07-18,6.895562350763689,7.852204889877098,288,/glade/work/jiachengye/33200/gpcp/daily/2015/gpcp_v01r03_daily_d20150718_c20170530.nc
2015-07-19,7.900294365562147,11.131862179799795,288,/glade/work/jiachengye/33200/gpcp/daily/2015/gpcp_v01r03_daily_d20150719_c20170530.nc
2015-07-20,5.3521480276435,7.842154875690629,288,/glade/work/jiachengye/33200/gpcp/daily/2015/gpcp_v01r03_daily_d20150720_c20170530.nc
2015-07-21,2.813215186139398,6.504133646841728,288,/glade/work/jiachengye/33200/gpcp/daily/2015/gpcp_v01r03_daily_d20150721_c20170530.nc
2015-07-22,0.783052473186415,1.74717536400749,288,/glade/work/jiachengye/33200/gpcp/daily/2015/gpcp_v01r03_daily_d20150722_c20170530.nc
2015-07-23,0.31096751041529574,1.2977220869312944,288,/glade/work/jiachengye/33200/gpcp/daily/2015/gpcp_v01r03_daily_d20150723_c20170530.nc
2015-07-24,2.133465696984098,4.321842409233792,288,/glade/work/jiachengye/33200/gpcp/daily/2015/gpcp_v01r03_daily_d20150724_c20170530.nc
2015-07-25,5.348689324575067,8.872009419773779,288,/glade/work/jiachengye/33200/gpcp/daily/2015/gpcp_v01r03_daily_d20150725_c20170530.nc
2015-07-26,3.315554338253144,5.419958344739453,288,/glade/work/jiachengye/33200/gpcp/daily/2015/gpcp_v01r03_daily_d20150726_c20170530.nc
2015-07-27,3.0137827950140257,5.5343401187683305,288,/glade/work/jiachengye/33200/gpcp/daily/2015/gpcp_v01r03_daily_d20150727_c20170530.nc
2015-07-28,3.8109447913487053,5.750232963089716,288,/glade/work/jiachengye/33200/gpcp/daily/2015/gpcp_v01r03_daily_d20150728_c20170530.nc
2015-07-29,3.2747936584931074,5.811405530355133,288,/glade/work/jiachengye/33200/gpcp/daily/2015/gpcp_v01r03_daily_d20150729_c20170530.nc
2015-07-30,1.20436333820522,3.87645798688671,288,/glade/work/jiachengye/33200/gpcp/daily/2015/gpcp_v01r03_daily_d20150730_c20170530.nc
2015-07-31,0.29082073396289143,1.000838946544556,288,/glade/work/jiachengye/33200/gpcp/daily/2015/gpcp_v01r03_daily_d20150731_c20170530.nc
2015-08-01,0.43719812381187434,1.4424533311924645,288,/glade/work/jiachengye/33200/gpcp/daily/2015/gpcp_v01r03_daily_d20150801_c20170530.nc
2015-08-02,1.9467723000337172,3.7273306490065803,288,/glade/work/jiachengye/33200/gpcp/daily/2015/gpcp_v01r03_daily_d20150802_c20170530.nc
2015-08-03,2.5264632736203945,4.886899310415284,288,/glade/work/jiachengye/33200/gpcp/daily/2015/gpcp_v01r03_daily_d20150803_c20170530.nc
2015-08-04,2.788585759716062,4.658816822114475,288,/glade/work/jiachengye/33200/gpcp/daily/2015/gpcp_v01r03_daily_d20150804_c20170530.nc
2015-08-05,3.0119478842500795,5.013461096039557,288,/glade/work/jiachengye/33200/gpcp/daily/2015/gpcp_v01r03_daily_d20150805_c20170530.nc
2015-08-06,6.884711991669245,7.187052466846786,288,/glade/work/jiachengye/33200/gpcp/daily/2015/gpcp_v01r03_daily_d20150806_c20170530.nc
2015-08-07,2.567165704434576,4.330992367667527,288,/glade/work/jiachengye/33200/gpcp/daily/2015/gpcp_v01r03_daily_d20150807_c20170530.nc
2015-08-08,6.632313387227782,9.540781537199274,288,/glade/work/jiachengye/33200/gpcp/daily/2015/gpcp_v01r03_daily_d20150808_c20170530.nc
2015-08-09,6.055506188666614,8.618557880299546,288,/glade/work/jiachengye/33200/gpcp/daily/2015/gpcp_v01r03_daily_d20150809_c20170530.nc
2015-08-10,4.7480707206494985,9.97494483177588,288,/glade/work/jiachengye/33200/gpcp/daily/2015/gpcp_v01r03_daily_d20150810_c20170530.nc
2015-08-11,0.28550287719866685,1.387668237301905,288,/glade/work/jiachengye/33200/gpcp/daily/2015/gpcp_v01r03_daily_d20150811_c20170530.nc
2015-08-12,0.4727120455788527,1.8751948749761636,288,/glade/work/jiachengye/33200/gpcp/daily/2015/gpcp_v01r03_daily_d20150812_c20170530.nc
2015-08-13,2.968029797761208,4.902108107433128,288,/glade/work/jiachengye/33200/gpcp/daily/2015/gpcp_v01r03_daily_d20150813_c20170530.nc
2015-08-14,1.5479458631778547,2.2570182261605805,288,/glade/work/jiachengye/33200/gpcp/daily/2015/gpcp_v01r03_daily_d20150814_c20170530.nc
2015-08-15,0.6328312632913151,1.676761127453892,288,/glade/work/jiachengye/33200/gpcp/daily/2015/gpcp_v01r03_daily_d20150815_c20170530.nc
2015-08-16,3.514813695140357,6.802164421970671,288,/glade/work/jiachengye/33200/gpcp/daily/2015/gpcp_v01r03_daily_d20150816_c20170530.nc
2015-08-17,6.5023577207443175,8.191833035885656,288,/glade/work/jiachengye/33200/gpcp/daily/2015/gpcp_v01r03_daily_d20150817_c20170530.nc
2015-08-18,9.230376296150688,6.914957647258586,288,/glade/work/jiachengye/33200/gpcp/daily/2015/gpcp_v01r03_daily_d20150818_c20170530.nc
2015-08-19,6.198016671902214,7.617067394022882,288,/glade/work/jiachengye/33200/gpcp/daily/2015/gpcp_v01r03_daily_d20150819_c20170530.nc
2015-08-20,1.9729717758062524,3.2935207925544336,288,/glade/work/jiachengye/33200/gpcp/daily/2015/gpcp_v01r03_daily_d20150820_c20170530.nc
2015-08-21,0.19435538952177528,0.8387193032549505,288,/glade/work/jiachengye/33200/gpcp/daily/2015/gpcp_v01r03_daily_d20150821_c20170530.nc
2015-08-22,0.7819214799334985,2.2991794666302154,288,/glade/work/jiachengye/33200/gpcp/daily/2015/gpcp_v01r03_daily_d20150822_c20170530.nc
2015-08-23,3.348814981846735,6.11619186405854,288,/glade/work/jiachengye/33200/gpcp/daily/2015/gpcp_v01r03_daily_d20150823_c20170530.nc
2015-08-24,0.5050069149931892,1.2857921036938578,288,/glade/work/jiachengye/33200/gpcp/daily/2015/gpcp_v01r03_daily_d20150824_c20170530.nc
2015-08-25,0.6291669285024595,1.8910120827248864,288,/glade/work/jiachengye/33200/gpcp/daily/2015/gpcp_v01r03_daily_d20150825_c20170530.nc
2015-08-26,0.137253252679138,0.4405033789853557,288,/glade/work/jiachengye/33200/gpcp/daily/2015/gpcp_v01r03_daily_d20150826_c20170530.nc
2015-08-27,3.0296018505778126,5.053705019500084,288,/glade/work/jiachengye/33200/gpcp/daily/2015/gpcp_v01r03_daily_d20150827_c20170530.nc
2015-08-28,3.433830858150745,6.248712229260882,288,/glade/work/jiachengye/33200/gpcp/daily/2015/gpcp_v01r03_daily_d20150828_c20170530.nc
2015-08-29,2.8005775927350114,4.697472696691604,288,/glade/work/jiachengye/33200/gpcp/daily/2015/gpcp_v01r03_daily_d20150829_c20170530.nc
2015-08-30,0.41413802041602216,1.343043619113046,288,/glade/work/jiachengye/33200/gpcp/daily/2015/gpcp_v01r03_daily_d20150830_c20170530.nc
2015-08-31,0.8308433349845007,1.942374207673804,288,/glade/work/jiachengye/33200/gpcp/daily/2015/gpcp_v01r03_daily_d20150831_c20170530.nc
2015-09-01,1.8151112338228808,3.360824383899828,288,/glade/work/jiachengye/33200/gpcp/daily/2015/gpcp_v01r03_daily_d20150901_c20170530.nc
2015-09-02,2.06629449034708,5.003060814111668,288,/glade/work/jiachengye/33200/gpcp/daily/2015/gpcp_v01r03_daily_d20150902_c20170530.nc
2015-09-03,1.4533974438457502,3.3428787285518995,288,/glade/work/jiachengye/33200/gpcp/daily/2015/gpcp_v01r03_daily_d20150903_c20170530.nc
2015-09-04,2.3894404255296045,3.4844666426487634,288,/glade/work/jiachengye/33200/gpcp/daily/2015/gpcp_v01r03_daily_d20150904_c20170530.nc
2015-09-05,4.297525034349493,5.502269508446239,288,/glade/work/jiachengye/33200/gpcp/daily/2015/gpcp_v01r03_daily_d20150905_c20170530.nc
2015-09-06,2.6222823473478356,5.505327467785131,288,/glade/work/jiachengye/33200/gpcp/daily/2015/gpcp_v01r03_daily_d20150906_c20170530.nc
2015-09-07,4.317130055369358,5.928355409675221,288,/glade/work/jiachengye/33200/gpcp/daily/2015/gpcp_v01r03_daily_d20150907_c20170530.nc
2015-09-08,7.621071572062075,8.504810539797175,288,/glade/work/jiachengye/33200/gpcp/daily/2015/gpcp_v01r03_daily_d20150908_c20170530.nc
2015-09-09,4.937950150696624,8.59868336393866,288,/glade/work/jiachengye/33200/gpcp/daily/2015/gpcp_v01r03_daily_d20150909_c20170530.nc
2015-09-10,3.1197804846561796,4.013486038956838,288,/glade/work/jiachengye/33200/gpcp/daily/2015/gpcp_v01r03_daily_d20150910_c20170530.nc
2015-09-11,6.202871051140409,9.128223289812167,288,/glade/work/jiachengye/33200/gpcp/daily/2015/gpcp_v01r03_daily_d20150911_c20170530.nc
2015-09-12,1.0091454361680963,3.352793639781293,288,/glade/work/jiachengye/33200/gpcp/daily/2015/gpcp_v01r03_daily_d20150912_c20170530.nc
2015-09-13,0.23350720760466967,1.4993947122902864,288,/glade/work/jiachengye/33200/gpcp/daily/2015/gpcp_v01r03_daily_d20150913_c20170530.nc
2015-09-14,0.4177504906948237,2.0831144063905507,288,/glade/work/jiachengye/33200/gpcp/daily/2015/gpcp_v01r03_daily_d20150914_c20170530.nc
2015-09-15,0.3080723719265746,0.8211161405544829,288,/glade/work/jiachengye/33200/gpcp/daily/2015/gpcp_v01r03_daily_d20150915_c20170530.nc
2015-09-16,1.0346583780604717,2.3078163173135864,288,/glade/work/jiachengye/33200/gpcp/daily/2015/gpcp_v01r03_daily_d20150916_c20170530.nc
2015-09-17,2.5786037031418942,4.982635591068776,288,/glade/work/jiachengye/33200/gpcp/daily/2015/gpcp_v01r03_daily_d20150917_c20170530.nc
2015-09-18,5.741100297402862,6.788954113719073,288,/glade/work/jiachengye/33200/gpcp/daily/2015/gpcp_v01r03_daily_d20150918_c20170530.nc
2015-09-19,2.8048692520679257,4.876230047111815,288,/glade/work/jiachengye/33200/gpcp/daily/2015/gpcp_v01r03_daily_d20150919_c20170530.nc
2015-09-20,0.24302463231505708,1.2692757447516916,288,/glade/work/jiachengye/33200/gpcp/daily/2015/gpcp_v01r03_daily_d20150920_c20170530.nc
2015-09-21,0.49449605376404004,1.6203290163106572,288,/glade/work/jiachengye/33200/gpcp/daily/2015/gpcp_v01r03_daily_d20150921_c20170530.nc
2015-09-22,0.4354658228123843,1.19044058832108,288,/glade/work/jiachengye/33200/gpcp/daily/2015/gpcp_v01r03_daily_d20150922_c20170530.nc
2015-09-23,3.8828240803723113,6.94369267916916,288,/glade/work/jiachengye/33200/gpcp/daily/2015/gpcp_v01r03_daily_d20150923_c20170530.nc
2015-09-24,3.917443097042961,5.723380787346883,288,/glade/work/jiachengye/33200/gpcp/daily/2015/gpcp_v01r03_daily_d20150924_c20170530.nc
2015-09-25,1.3626500582349823,3.0194110933740674,288,/glade/work/jiachengye/33200/gpcp/daily/2015/gpcp_v01r03_daily_d20150925_c20170530.nc
2015-09-26,0.5039132134933596,2.2870940577885706,288,/glade/work/jiachengye/33200/gpcp/daily/2015/gpcp_v01r03_daily_d20150926_c20170530.nc
2015-09-27,0.3068954438688463,0.9892942239388663,288,/glade/work/jiachengye/33200/gpcp/daily/2015/gpcp_v01r03_daily_d20150927_c20170530.nc
2015-09-28,1.3945621747807149,2.243680410765301,288,/glade/work/jiachengye/33200/gpcp/daily/2015/gpcp_v01r03_daily_d20150928_c20170530.nc
2015-09-29,6.4712472937262255,9.517465404258676,288,/glade/work/jiachengye/33200/gpcp/daily/2015/gpcp_v01r03_daily_d20150929_c20170530.nc
2015-09-30,0.5905744144191739,1.9236408697648157,288,/glade/work/jiachengye/33200/gpcp/daily/2015/gpcp_v01r03_daily_d20150930_c20170530.nc
2015-10-01,0.20976141162586653,0.7846507957120687,288,/glade/work/jiachengye/33200/gpcp/daily/2015/gpcp_v01r03_daily_d20151001_c20170530.nc
2015-10-02,1.1807427793797518,2.6998406779654136,288,/glade/work/jiachengye/33200/gpcp/daily/2015/gpcp_v01r03_daily_d20151002_c20170530.nc
2015-10-03,6.02318380067251,7.126745468506327,288,/glade/work/jiachengye/33200/gpcp/daily/2015/gpcp_v01r03_daily_d20151003_c20170530.nc
2015-10-04,1.7074413932716772,2.51080056875729,288,/glade/work/jiachengye/33200/gpcp/daily/2015/gpcp_v01r03_daily_d20151004_c20170530.nc
2015-10-05,0.3012630274735943,0.7508566439336294,288,/glade/work/jiachengye/33200/gpcp/daily/2015/gpcp_v01r03_daily_d20151005_c20170530.nc
2015-10-06,0.3496160675916793,0.9625578003547285,288,/glade/work/jiachengye/33200/gpcp/daily/2015/gpcp_v01r03_daily_d20151006_c20170530.nc
2015-10-07,0.40416737416886783,1.045471831906369,288,/glade/work/jiachengye/33200/gpcp/daily/2015/gpcp_v01r03_daily_d20151007_c20170530.nc
2015-10-08,2.548764812933516,4.071824410659592,288,/glade/work/jiachengye/33200/gpcp/daily/2015/gpcp_v01r03_daily_d20151008_c20170530.nc
2015-10-09,1.3662103831813412,2.448331850959642,288,/glade/work/jiachengye/33200/gpcp/daily/2015/gpcp_v01r03_daily_d20151009_c20170530.nc
2015-10-10,1.828905120315314,3.5835860511110735,288,/glade/work/jiachengye/33200/gpcp/daily/2015/gpcp_v01r03_daily_d20151010_c20170530.nc
2015-10-11,0.164513932825305,0.48766477016117094,288,/glade/work/jiachengye/33200/gpcp/daily/2015/gpcp_v01r03_daily_d20151011_c20170530.nc
2015-10-12,0.8144492392995092,1.7193437365294921,288,/glade/work/jiachengye/33200/gpcp/daily/2015/gpcp_v01r03_daily_d20151012_c20170530.nc
2015-10-13,0.6331166788947521,1.6065585021006719,288,/glade/work/jiachengye/33200/gpcp/daily/2015/gpcp_v01r03_daily_d20151013_c20170530.nc
2015-10-14,0.0012054736630483511,0.015862881805966164,288,/glade/work/jiachengye/33200/gpcp/daily/2015/gpcp_v01r03_daily_d20151014_c20170530.nc
2015-10-15,0.13575955830561778,0.5218987117100647,288,/glade/work/jiachengye/33200/gpcp/daily/2015/gpcp_v01r03_daily_d20151015_c20170530.nc
2015-10-16,0.03436671244647879,0.22244803960320822,288,/glade/work/jiachengye/33200/gpcp/daily/2015/gpcp_v01r03_daily_d20151016_c20170530.nc
2015-10-17,0.0026682975892333423,0.03552814949735514,288,/glade/work/jiachengye/33200/gpcp/daily/2015/gpcp_v01r03_daily_d20151017_c20170530.nc
2015-10-18,0.012973071201290822,0.10596110503460103,288,/glade/work/jiachengye/33200/gpcp/daily/2015/gpcp_v01r03_daily_d20151018_c20170530.nc
2015-10-19,0.5502663799055577,1.4816963560608776,288,/glade/work/jiachengye/33200/gpcp/daily/2015/gpcp_v01r03_daily_d20151019_c20170530.nc
2015-10-20,1.300178967087351,2.8132408774822495,288,/glade/work/jiachengye/33200/gpcp/daily/2015/gpcp_v01r03_daily_d20151020_c20170530.nc
2015-10-21,2.806395041950022,3.5316529039853224,288,/glade/work/jiachengye/33200/gpcp/daily/2015/gpcp_v01r03_daily_d20151021_c20170530.nc
2015-10-22,5.068492293112232,10.96721512732206,288,/glade/work/jiachengye/33200/gpcp/daily/2015/gpcp_v01r03_daily_d20151022_c20170530.nc
2015-10-23,4.383377646067464,4.736544377848802,288,/glade/work/jiachengye/33200/gpcp/daily/2015/gpcp_v01r03_daily_d20151023_c20170530.nc
2015-10-24,2.9705309602619554,4.920574693512239,288,/glade/work/jiachengye/33200/gpcp/daily/2015/gpcp_v01r03_daily_d20151024_c20170530.nc
2015-10-25,0.3928224740572002,1.3422145077879668,288,/glade/work/jiachengye/33200/gpcp/daily/2015/gpcp_v01r03_daily_d20151025_c20170530.nc
2015-10-26,1.3827415122837405,2.2857117317125883,288,/glade/work/jiachengye/33200/gpcp/daily/2015/gpcp_v01r03_daily_d20151026_c20170530.nc
2015-10-27,6.071057965059381,7.766220420844541,288,/glade/work/jiachengye/33200/gpcp/daily/2015/gpcp_v01r03_daily_d20151027_c20170530.nc
2015-10-28,8.640307246262447,9.362629372148554,288,/glade/work/jiachengye/33200/gpcp/daily/2015/gpcp_v01r03_daily_d20151028_c20170530.nc
2015-10-29,0.8078210294067519,1.8124645373817638,288,/glade/work/jiachengye/33200/gpcp/daily/2015/gpcp_v01r03_daily_d20151029_c20170530.nc
2015-10-30,0.5681917351784458,1.3366572337833396,288,/glade/work/jiachengye/33200/gpcp/daily/2015/gpcp_v01r03_daily_d20151030_c20170530.nc
2015-10-31,5.016336306818019,5.619775482423394,288,/glade/work/jiachengye/33200/gpcp/daily/2015/gpcp_v01r03_daily_d20151031_c20170530.nc
2015-11-01,1.0197815876044134,1.9219274673684192,288,/glade/work/jiachengye/33200/gpcp/daily/2015/gpcp_v01r03_daily_d20151101_c20170530.nc
2015-11-02,1.0816097804588825,2.454972619690568,288,/glade/work/jiachengye/33200/gpcp/daily/2015/gpcp_v01r03_daily_d20151102_c20170530.nc
2015-11-03,0.359015673873579,1.0448087079661554,288,/glade/work/jiachengye/33200/gpcp/daily/2015/gpcp_v01r03_daily_d20151103_c20170530.nc
2015-11-04,0.03143320668688364,0.21092349142202024,288,/glade/work/jiachengye/33200/gpcp/daily/2015/gpcp_v01r03_daily_d20151104_c20170530.nc
2015-11-05,1.6144670821383154,3.1123879607268683,288,/glade/work/jiachengye/33200/gpcp/daily/2015/gpcp_v01r03_daily_d20151105_c20170530.nc
2015-11-06,2.7094069156430045,4.008571867281326,288,/glade/work/jiachengye/33200/gpcp/daily/2015/gpcp_v01r03_daily_d20151106_c20170530.nc
2015-11-07,0.2875385057692902,1.2969224624222222,288,/glade/work/jiachengye/33200/gpcp/daily/2015/gpcp_v01r03_daily_d20151107_c20170530.nc
2015-11-08,0.04958468596891211,0.319074847706345,288,/glade/work/jiachengye/33200/gpcp/daily/2015/gpcp_v01r03_daily_d20151108_c20170530.nc
2015-11-09,0.03961291265077734,0.46159131044127305,288,/glade/work/jiachengye/33200/gpcp/daily/2015/gpcp_v01r03_daily_d20151109_c20170530.nc
2015-11-10,0.1920846631945993,0.7286841049073682,288,/glade/work/jiachengye/33200/gpcp/daily/2015/gpcp_v01r03_daily_d20151110_c20170530.nc
2015-11-11,1.0959703874747555,2.4758188389726206,288,/glade/work/jiachengye/33200/gpcp/daily/2015/gpcp_v01r03_daily_d20151111_c20170530.nc
2015-11-12,3.038065949735378,5.044424288332863,288,/glade/work/jiachengye/33200/gpcp/daily/2015/gpcp_v01r03_daily_d20151112_c20170530.nc
2015-11-13,0.8326597734458848,1.942919690713583,288,/glade/work/jiachengye/33200/gpcp/daily/2015/gpcp_v01r03_daily_d20151113_c20170530.nc
2015-11-14,0.5578247969345395,1.299079237049468,288,/glade/work/jiachengye/33200/gpcp/daily/2015/gpcp_v01r03_daily_d20151114_c20170530.nc
2015-11-15,0.1199233943402277,0.4525634950645206,288,/glade/work/jiachengye/33200/gpcp/daily/2015/gpcp_v01r03_daily_d20151115_c20170530.nc
2015-11-16,1.8911503083061796,3.943579681849765,288,/glade/work/jiachengye/33200/gpcp/daily/2015/gpcp_v01r03_daily_d20151116_c20170530.nc
2015-11-17,14.724240216034218,16.90670297247473,288,/glade/work/jiachengye/33200/gpcp/daily/2015/gpcp_v01r03_daily_d20151117_c20170530.nc
2015-11-18,15.089072577877271,15.808122999724535,288,/glade/work/jiachengye/33200/gpcp/daily/2015/gpcp_v01r03_daily_d20151118_c20170530.nc
2015-11-19,3.546988301887905,6.690920870553795,288,/glade/work/jiachengye/33200/gpcp/daily/2015/gpcp_v01r03_daily_d20151119_c20170530.nc
2015-11-20,1.7223107474836687,3.309350002831995,288,/glade/work/jiachengye/33200/gpcp/daily/2015/gpcp_v01r03_daily_d20151120_c20170530.nc
2015-11-21,2.58269682521134,4.641956160773564,288,/glade/work/jiachengye/33200/gpcp/daily/2015/gpcp_v01r03_daily_d20151121_c20170530.nc
2015-11-22,0.1722957109136908,0.49331433284981124,288,/glade/work/jiachengye/33200/gpcp/daily/2015/gpcp_v01r03_daily_d20151122_c20170530.nc
2015-11-23,0.06825461752029821,0.20378772697285746,288,/glade/work/jiachengye/33200/gpcp/daily/2015/gpcp_v01r03_daily_d20151123_c20170530.nc
2015-11-24,0.403675885124617,0.9444921929451155,288,/glade/work/jiachengye/33200/gpcp/daily/2015/gpcp_v01r03_daily_d20151124_c20170530.nc
2015-11-25,2.6741181275043693,4.40775758236037,288,/glade/work/jiachengye/33200/gpcp/daily/2015/gpcp_v01r03_daily_d20151125_c20170530.nc
2015-11-26,7.630436821986988,7.584885197695487,288,/glade/work/jiachengye/33200/gpcp/daily/2015/gpcp_v01r03_daily_d20151126_c20170530.nc
2015-11-27,7.538028773671417,8.306968111972362,288,/glade/work/jiachengye/33200/gpcp/daily/2015/gpcp_v01r03_daily_d20151127_c20170530.nc
2015-11-28,7.496429186293174,12.779440603135452,288,/glade/work/jiachengye/33200/gpcp/daily/2015/gpcp_v01r03_daily_d20151128_c20170530.nc
2015-11-29,2.6347449739689623,7.0981982986541645,288,/glade/work/jiachengye/33200/gpcp/daily/2015/gpcp_v01r03_daily_d20151129_c20170530.nc
2015-11-30,3.841578749142903,6.974860277293547,288,/glade/work/jiachengye/33200/gpcp/daily/2015/gpcp_v01r03_daily_d20151130_c20170530.nc
2015-12-01,5.8619557497941495,14.066792333046202,288,/glade/work/jiachengye/33200/gpcp/daily/2015/gpcp_v01r03_daily_d20151201_c20170530.nc
2015-12-02,0.48254922504835296,1.6001145444745142,288,/glade/work/jiachengye/33200/gpcp/daily/2015/gpcp_v01r03_daily_d20151202_c20170530.nc
2015-12-03,0.02177241697114564,0.20874648828555403,288,/glade/work/jiachengye/33200/gpcp/daily/2015/gpcp_v01r03_daily_d20151203_c20170530.nc
2015-12-04,0.0035743191383489363,0.044741479177410066,288,/glade/work/jiachengye/33200/gpcp/daily/2015/gpcp_v01r03_daily_d20151204_c20170530.nc
2015-12-05,0.5263253737448381,1.1850684059002088,288,/glade/work/jiachengye/33200/gpcp/daily/2015/gpcp_v01r03_daily_d20151205_c20170530.nc
2015-12-06,0.31832656918504476,0.9798092697514598,288,/glade/work/jiachengye/33200/gpcp/daily/2015/gpcp_v01r03_daily_d20151206_c20170530.nc
2015-12-07,0.17354746963087803,0.4925850809348352,288,/glade/work/jiachengye/33200/gpcp/daily/2015/gpcp_v01r03_daily_d20151207_c20170530.nc
2015-12-08,3.2590910881745887,4.527894175522236,288,/glade/work/jiachengye/33200/gpcp/daily/2015/gpcp_v01r03_daily_d20151208_c20170530.nc
2015-12-09,1.4746699285161586,2.7924538165885835,288,/glade/work/jiachengye/33200/gpcp/daily/2015/gpcp_v01r03_daily_d20151209_c20170530.nc
2015-12-10,3.4355198866295007,4.413575355992846,288,/glade/work/jiachengye/33200/gpcp/daily/2015/gpcp_v01r03_daily_d20151210_c20170530.nc
2015-12-11,2.4245519272875584,3.4159448499903786,288,/glade/work/jiachengye/33200/gpcp/daily/2015/gpcp_v01r03_daily_d20151211_c20170530.nc
2015-12-12,3.1375409071057976,3.6042296928806277,288,/glade/work/jiachengye/33200/gpcp/daily/2015/gpcp_v01r03_daily_d20151212_c20170530.nc
2015-12-13,22.33578803129329,23.29796932289542,285,/glade/work/jiachengye/33200/gpcp/daily/2015/gpcp_v01r03_daily_d20151213_c20170530.nc
2015-12-14,7.915606179568403,7.120196370160952,288,/glade/work/jiachengye/33200/gpcp/daily/2015/gpcp_v01r03_daily_d20151214_c20170530.nc
2015-12-15,0.33090112691454127,0.9109680920187875,288,/glade/work/jiachengye/33200/gpcp/daily/2015/gpcp_v01r03_daily_d20151215_c20170530.nc
2015-12-16,1.0034286172951281,1.9051063749237165,288,/glade/work/jiachengye/33200/gpcp/daily/2015/gpcp_v01r03_daily_d20151216_c20170530.nc
2015-12-17,0.013594001135997536,0.08821171605908655,288,/glade/work/jiachengye/33200/gpcp/daily/2015/gpcp_v01r03_daily_d20151217_c20170530.nc
2015-12-18,0.0970580818711049,0.5568249093678883,288,/glade/work/jiachengye/33200/gpcp/daily/2015/gpcp_v01r03_daily_d20151218_c20170530.nc
2015-12-19,0.04759107065062081,0.18140314112098066,288,/glade/work/jiachengye/33200/gpcp/daily/2015/gpcp_v01r03_daily_d20151219_c20170530.nc
2015-12-20,3.1078586308491536,3.6503988984529396,288,/glade/work/jiachengye/33200/gpcp/daily/2015/gpcp_v01r03_daily_d20151220_c20170530.nc
2015-12-21,6.35349949580859,8.461079318402971,288,/glade/work/jiachengye/33200/gpcp/daily/2015/gpcp_v01r03_daily_d20151221_c20170530.nc
2015-12-22,3.5176872614983314,7.027389846116957,288,/glade/work/jiachengye/33200/gpcp/daily/2015/gpcp_v01r03_daily_d20151222_c20170530.nc
2015-12-23,5.376865497327321,6.297490111751597,288,/glade/work/jiachengye/33200/gpcp/daily/2015/gpcp_v01r03_daily_d20151223_c20170530.nc
2015-12-24,1.6727200733894185,4.113052497456956,288,/glade/work/jiachengye/33200/gpcp/daily/2015/gpcp_v01r03_daily_d20151224_c20170530.nc
2015-12-25,0.45672806290267637,1.5247989580326828,288,/glade/work/jiachengye/33200/gpcp/daily/2015/gpcp_v01r03_daily_d20151225_c20170530.nc
2015-12-26,7.645755831953484,8.922568048482685,288,/glade/work/jiachengye/33200/gpcp/daily/2015/gpcp_v01r03_daily_d20151226_c20170530.nc
2015-12-27,7.6554846468497,13.682360749516413,287,/glade/work/jiachengye/33200/gpcp/daily/2015/gpcp_v01r03_daily_d20151227_c20170530.nc
2015-12-28,7.777462350606211,8.344774175086677,288,/glade/work/jiachengye/33200/gpcp/daily/2015/gpcp_v01r03_daily_d20151228_c20170530.nc
2015-12-29,1.7954157542433584,2.8355851820079443,288,/glade/work/jiachengye/33200/gpcp/daily/2015/gpcp_v01r03_daily_d20151229_c20170530.nc
2015-12-30,0.7705929342729728,1.7172717045150414,288,/glade/work/jiachengye/33200/gpcp/daily/2015/gpcp_v01r03_daily_d20151230_c20170530.nc
2015-12-31,0.2593631134096275,0.9069679666270315,288,/glade/work/jiachengye/33200/gpcp/daily/2015/gpcp_v01r03_daily_d20151231_c20170530.nc
2016-01-01,0.22306942193306437,0.9718141942904694,288,/glade/work/jiachengye/33200/gpcp/daily/2016/gpcp_v01r03_daily_d20160101_c20170530.nc
2016-01-02,0.09638796317933687,0.4528980537551329,288,/glade/work/jiachengye/33200/gpcp/daily/2016/gpcp_v01r03_daily_d20160102_c20170530.nc
2016-01-03,0.03044515415749569,0.2246363395761158,288,/glade/work/jiachengye/33200/gpcp/daily/2016/gpcp_v01r03_daily_d20160103_c20170530.nc
2016-01-04,0.1132942427078533,0.4619521358867541,288,/glade/work/jiachengye/33200/gpcp/daily/2016/gpcp_v01r03_daily_d20160104_c20170530.nc
2016-01-05,0.07582230108477338,0.3035876275828211,288,/glade/work/jiachengye/33200/gpcp/daily/2016/gpcp_v01r03_daily_d20160105_c20170530.nc
2016-01-06,0.9201056490254504,1.434210554556969,288,/glade/work/jiachengye/33200/gpcp/daily/2016/gpcp_v01r03_daily_d20160106_c20170530.nc
2016-01-07,1.972101899230349,3.1180267029374718,288,/glade/work/jiachengye/33200/gpcp/daily/2016/gpcp_v01r03_daily_d20160107_c20170530.nc
2016-01-08,2.7501447921003925,3.3528621488080232,288,/glade/work/jiachengye/33200/gpcp/daily/2016/gpcp_v01r03_daily_d20160108_c20170530.nc
2016-01-09,2.4408157165339794,3.9671199692628663,288,/glade/work/jiachengye/33200/gpcp/daily/2016/gpcp_v01r03_daily_d20160109_c20170530.nc
2016-01-10,0.9695480275452089,2.1285595327551445,288,/glade/work/jiachengye/33200/gpcp/daily/2016/gpcp_v01r03_daily_d20160110_c20170530.nc
2016-01-11,0.2851365853718946,0.5505715807794247,288,/glade/work/jiachengye/33200/gpcp/daily/2016/gpcp_v01r03_daily_d20160111_c20170530.nc
2016-01-12,0.7253080481205332,1.6237743347849674,288,/glade/work/jiachengye/33200/gpcp/daily/2016/gpcp_v01r03_daily_d20160112_c20170530.nc
2016-01-13,0.48992138585818346,0.964119867784468,288,/glade/work/jiachengye/33200/gpcp/daily/2016/gpcp_v01r03_daily_d20160113_c20170530.nc
2016-01-14,1.2241416523421182,1.57805404976204,288,/glade/work/jiachengye/33200/gpcp/daily/2016/gpcp_v01r03_daily_d20160114_c20170530.nc
2016-01-15,2.3320551972422563,4.126330610012811,288,/glade/work/jiachengye/33200/gpcp/daily/2016/gpcp_v01r03_daily_d20160115_c20170530.nc
2016-01-16,0.2675498101704758,0.9728748658430448,288,/glade/work/jiachengye/33200/gpcp/daily/2016/gpcp_v01r03_daily_d20160116_c20170530.nc
2016-01-17,0.3948052307349994,0.9290029742372813,288,/glade/work/jiachengye/33200/gpcp/daily/2016/gpcp_v01r03_daily_d20160117_c20170530.nc
2016-01-18,0.3189826767076265,0.72190200713687,288,/glade/work/jiachengye/33200/gpcp/daily/2016/gpcp_v01r03_daily_d20160118_c20170530.nc
2016-01-19,0.6054144113730299,1.039745399569419,288,/glade/work/jiachengye/33200/gpcp/daily/2016/gpcp_v01r03_daily_d20160119_c20170530.nc
2016-01-20,0.7073103210941444,1.1768419121459894,288,/glade/work/jiachengye/33200/gpcp/daily/2016/gpcp_v01r03_daily_d20160120_c20170530.nc
2016-01-21,0.9823332970302096,2.1036708976059466,288,/glade/work/jiachengye/33200/gpcp/daily/2016/gpcp_v01r03_daily_d20160121_c20170530.nc
2016-01-22,2.589470847220379,6.4661997398793805,288,/glade/work/jiachengye/33200/gpcp/daily/2016/gpcp_v01r03_daily_d20160122_c20170530.nc
2016-01-23,0.4262247255829776,0.9566940090685235,288,/glade/work/jiachengye/33200/gpcp/daily/2016/gpcp_v01r03_daily_d20160123_c20170530.nc
2016-01-24,0.8020500067398245,1.1149444384440417,288,/glade/work/jiachengye/33200/gpcp/daily/2016/gpcp_v01r03_daily_d20160124_c20170530.nc
2016-01-25,1.0610633158497982,1.57542455494703,288,/glade/work/jiachengye/33200/gpcp/daily/2016/gpcp_v01r03_daily_d20160125_c20170530.nc
2016-01-26,1.5405428168412494,3.650901299951068,288,/glade/work/jiachengye/33200/gpcp/daily/2016/gpcp_v01r03_daily_d20160126_c20170530.nc
2016-01-27,0.8222347022924742,1.6552006595011215,288,/glade/work/jiachengye/33200/gpcp/daily/2016/gpcp_v01r03_daily_d20160127_c20170530.nc
2016-01-28,0.6216249713298958,1.3421404900770773,288,/glade/work/jiachengye/33200/gpcp/daily/2016/gpcp_v01r03_daily_d20160128_c20170530.nc
2016-01-29,0.2870531663524469,0.66469430256746,288,/glade/work/jiachengye/33200/gpcp/daily/2016/gpcp_v01r03_daily_d20160129_c20170530.nc
2016-01-30,3.0936484108386844,3.1990852699312,288,/glade/work/jiachengye/33200/gpcp/daily/2016/gpcp_v01r03_daily_d20160130_c20170530.nc
2016-01-31,3.2762047235625085,4.416285707690747,288,/glade/work/jiachengye/33200/gpcp/daily/2016/gpcp_v01r03_daily_d20160131_c20170530.nc
2016-02-01,0.2696951873411792,0.6093354117516009,288,/glade/work/jiachengye/33200/gpcp/daily/2016/gpcp_v01r03_daily_d20160201_c20170530.nc
2016-02-02,3.5170442483440922,3.5997296217728216,288,/glade/work/jiachengye/33200/gpcp/daily/2016/gpcp_v01r03_daily_d20160202_c20170530.nc
2016-02-03,3.227347443976263,7.463602375255917,288,/glade/work/jiachengye/33200/gpcp/daily/2016/gpcp_v01r03_daily_d20160203_c20170530.nc
2016-02-04,0.12506208352257858,1.599740210979233,288,/glade/work/jiachengye/33200/gpcp/daily/2016/gpcp_v01r03_daily_d20160204_c20170530.nc
2016-02-05,0.39663373797919166,0.7872103205017148,288,/glade/work/jiachengye/33200/gpcp/daily/2016/gpcp_v01r03_daily_d20160205_c20170530.nc
2016-02-06,0.7041401551012865,1.0739197474526458,288,/glade/work/jiachengye/33200/gpcp/daily/2016/gpcp_v01r03_daily_d20160206_c20170530.nc
2016-02-07,1.5701380276197867,2.6309419806828993,288,/glade/work/jiachengye/33200/gpcp/daily/2016/gpcp_v01r03_daily_d20160207_c20170530.nc
2016-02-08,0.8878414971255634,2.372035740523887,288,/glade/work/jiachengye/33200/gpcp/daily/2016/gpcp_v01r03_daily_d20160208_c20170530.nc
2016-02-09,0.4185595248560902,1.034047364474415,288,/glade/work/jiachengye/33200/gpcp/daily/2016/gpcp_v01r03_daily_d20160209_c20170530.nc
2016-02-10,0.3124631809730974,0.6350559188121367,288,/glade/work/jiachengye/33200/gpcp/daily/2016/gpcp_v01r03_daily_d20160210_c20170530.nc
2016-02-11,0.1896636829508351,0.4785671921820674,288,/glade/work/jiachengye/33200/gpcp/daily/2016/gpcp_v01r03_daily_d20160211_c20170530.nc
2016-02-12,0.17870681042875744,0.6773095073713593,288,/glade/work/jiachengye/33200/gpcp/daily/2016/gpcp_v01r03_daily_d20160212_c20170530.nc
2016-02-13,0.6029996522063563,1.38287597732739,288,/glade/work/jiachengye/33200/gpcp/daily/2016/gpcp_v01r03_daily_d20160213_c20170530.nc
2016-02-14,2.2299058191126973,3.7976233047273986,288,/glade/work/jiachengye/33200/gpcp/daily/2016/gpcp_v01r03_daily_d20160214_c20170530.nc
2016-02-15,2.322251519415146,4.775520190105916,288,/glade/work/jiachengye/33200/gpcp/daily/2016/gpcp_v01r03_daily_d20160215_c20170530.nc
2016-02-16,5.59612614923348,9.522824271916548,288,/glade/work/jiachengye/33200/gpcp/daily/2016/gpcp_v01r03_daily_d20160216_c20170530.nc
2016-02-17,0.12072640790703563,0.616041038910038,288,/glade/work/jiachengye/33200/gpcp/daily/2016/gpcp_v01r03_daily_d20160217_c20170530.nc
2016-02-18,1.8167190839147183,2.4595716023650973,288,/glade/work/jiachengye/33200/gpcp/daily/2016/gpcp_v01r03_daily_d20160218_c20170530.nc
2016-02-19,2.7578851023402375,3.8889706543329257,288,/glade/work/jiachengye/33200/gpcp/daily/2016/gpcp_v01r03_daily_d20160219_c20170530.nc
2016-02-20,0.5597769427751401,1.3808343534702023,288,/glade/work/jiachengye/33200/gpcp/daily/2016/gpcp_v01r03_daily_d20160220_c20170530.nc
2016-02-21,2.0032826027021877,4.705910396950211,288,/glade/work/jiachengye/33200/gpcp/daily/2016/gpcp_v01r03_daily_d20160221_c20170530.nc
2016-02-22,0.04852495612566966,0.24089014566873965,288,/glade/work/jiachengye/33200/gpcp/daily/2016/gpcp_v01r03_daily_d20160222_c20170530.nc
2016-02-23,0.6223554853594437,1.7235164135059624,288,/glade/work/jiachengye/33200/gpcp/daily/2016/gpcp_v01r03_daily_d20160223_c20170530.nc
2016-02-24,4.763674593674787,7.694733041803715,288,/glade/work/jiachengye/33200/gpcp/daily/2016/gpcp_v01r03_daily_d20160224_c20170530.nc
2016-02-25,1.315423121365002,2.8155588093837385,288,/glade/work/jiachengye/33200/gpcp/daily/2016/gpcp_v01r03_daily_d20160225_c20170530.nc
2016-02-26,0.020712007763437762,0.1301089689483998,288,/glade/work/jiachengye/33200/gpcp/daily/2016/gpcp_v01r03_daily_d20160226_c20170530.nc
2016-02-27,0.8639948102717614,1.9955141610631422,288,/glade/work/jiachengye/33200/gpcp/daily/2016/gpcp_v01r03_daily_d20160227_c20170530.nc
2016-02-28,1.5977548221337103,3.1962307817241653,288,/glade/work/jiachengye/33200/gpcp/daily/2016/gpcp_v01r03_daily_d20160228_c20170530.nc
2016-02-29,1.1539523065119515,1.6534175461063003,288,/glade/work/jiachengye/33200/gpcp/daily/2016/gpcp_v01r03_daily_d20160229_c20170530.nc
2016-03-01,3.351809300060329,4.603502685247126,288,/glade/work/jiachengye/33200/gpcp/daily/2016/gpcp_v01r03_daily_d20160301_c20170530.nc
2016-03-02,0.90965271959801,1.8435076947339843,288,/glade/work/jiachengye/33200/gpcp/daily/2016/gpcp_v01r03_daily_d20160302_c20170530.nc
2016-03-03,0.955342250180883,2.550481397038746,288,/glade/work/jiachengye/33200/gpcp/daily/2016/gpcp_v01r03_daily_d20160303_c20170530.nc
2016-03-04,0.5503906768692208,1.4012451016946657,288,/glade/work/jiachengye/33200/gpcp/daily/2016/gpcp_v01r03_daily_d20160304_c20170530.nc
2016-03-05,0.31180938216769893,1.0922424109202562,288,/glade/work/jiachengye/33200/gpcp/daily/2016/gpcp_v01r03_daily_d20160305_c20170530.nc
2016-03-06,0.38592429908819414,1.1048435156732752,288,/glade/work/jiachengye/33200/gpcp/daily/2016/gpcp_v01r03_daily_d20160306_c20170530.nc
2016-03-07,0.18600624676573924,0.709120095629875,288,/glade/work/jiachengye/33200/gpcp/daily/2016/gpcp_v01r03_daily_d20160307_c20170530.nc
2016-03-08,1.5871841837389422,3.0298580554846097,288,/glade/work/jiachengye/33200/gpcp/daily/2016/gpcp_v01r03_daily_d20160308_c20170530.nc
2016-03-09,2.8584804337107426,4.636633943725018,288,/glade/work/jiachengye/33200/gpcp/daily/2016/gpcp_v01r03_daily_d20160309_c20170530.nc
2016-03-10,4.3841178815643485,9.024570841932714,288,/glade/work/jiachengye/33200/gpcp/daily/2016/gpcp_v01r03_daily_d20160310_c20170530.nc
2016-03-11,1.1759162360652606,3.1745233480368134,288,/glade/work/jiachengye/33200/gpcp/daily/2016/gpcp_v01r03_daily_d20160311_c20170530.nc
2016-03-12,1.7048568998200944,4.086768505727479,288,/glade/work/jiachengye/33200/gpcp/daily/2016/gpcp_v01r03_daily_d20160312_c20170530.nc
2016-03-13,4.095816839374593,5.474159563043829,288,/glade/work/jiachengye/33200/gpcp/daily/2016/gpcp_v01r03_daily_d20160313_c20170530.nc
2016-03-14,1.8457357830959265,2.9083679995520235,288,/glade/work/jiachengye/33200/gpcp/daily/2016/gpcp_v01r03_daily_d20160314_c20170530.nc
2016-03-15,2.214679470052076,3.9107581794351267,288,/glade/work/jiachengye/33200/gpcp/daily/2016/gpcp_v01r03_daily_d20160315_c20170530.nc
2016-03-16,3.76257029751153,5.814488273689135,288,/glade/work/jiachengye/33200/gpcp/daily/2016/gpcp_v01r03_daily_d20160316_c20170530.nc
2016-03-17,0.6311565176420164,1.323769191179402,288,/glade/work/jiachengye/33200/gpcp/daily/2016/gpcp_v01r03_daily_d20160317_c20170530.nc
2016-03-18,0.6057786855587622,1.612561283568415,288,/glade/work/jiachengye/33200/gpcp/daily/2016/gpcp_v01r03_daily_d20160318_c20170530.nc
2016-03-19,0.3015850842718789,0.8950442191836687,288,/glade/work/jiachengye/33200/gpcp/daily/2016/gpcp_v01r03_daily_d20160319_c20170530.nc
2016-03-20,0.05056206284886286,0.36050168722120945,288,/glade/work/jiachengye/33200/gpcp/daily/2016/gpcp_v01r03_daily_d20160320_c20170530.nc
2016-03-21,0.32986665767528944,1.035309236447314,288,/glade/work/jiachengye/33200/gpcp/daily/2016/gpcp_v01r03_daily_d20160321_c20170530.nc
2016-03-22,3.451317061155886,4.537821402402768,288,/glade/work/jiachengye/33200/gpcp/daily/2016/gpcp_v01r03_daily_d20160322_c20170530.nc
2016-03-23,4.792189475959613,5.634524281245364,288,/glade/work/jiachengye/33200/gpcp/daily/2016/gpcp_v01r03_daily_d20160323_c20170530.nc
2016-03-24,6.450315840538401,8.075666730102899,288,/glade/work/jiachengye/33200/gpcp/daily/2016/gpcp_v01r03_daily_d20160324_c20170530.nc
2016-03-25,1.620184690912377,3.018410979863732,288,/glade/work/jiachengye/33200/gpcp/daily/2016/gpcp_v01r03_daily_d20160325_c20170530.nc
2016-03-26,2.046522129806426,3.240363399230967,288,/glade/work/jiachengye/33200/gpcp/daily/2016/gpcp_v01r03_daily_d20160326_c20170530.nc
2016-03-27,2.6897243979303953,4.539572041401619,288,/glade/work/jiachengye/33200/gpcp/daily/2016/gpcp_v01r03_daily_d20160327_c20170530.nc
2016-03-28,1.48980432139418,3.620664817051972,288,/glade/work/jiachengye/33200/gpcp/daily/2016/gpcp_v01r03_daily_d20160328_c20170530.nc
2016-03-29,1.015181481679209,1.8429035439187917,288,/glade/work/jiachengye/33200/gpcp/daily/2016/gpcp_v01r03_daily_d20160329_c20170530.nc
2016-03-30,7.860093042010924,7.521909073703379,288,/glade/work/jiachengye/33200/gpcp/daily/2016/gpcp_v01r03_daily_d20160330_c20170530.nc
2016-03-31,11.199046355835977,14.236964797532838,288,/glade/work/jiachengye/33200/gpcp/daily/2016/gpcp_v01r03_daily_d20160331_c20170530.nc
2016-04-01,0.2696105762440817,1.0740397492550369,288,/glade/work/jiachengye/33200/gpcp/daily/2016/gpcp_v01r03_daily_d20160401_c20170530.nc
2016-04-02,0.19969713368617698,0.49644133228460763,288,/glade/work/jiachengye/33200/gpcp/daily/2016/gpcp_v01r03_daily_d20160402_c20170530.nc
2016-04-03,0.5153138452060594,1.1405625289591086,288,/glade/work/jiachengye/33200/gpcp/daily/2016/gpcp_v01r03_daily_d20160403_c20170530.nc
2016-04-04,0.1123604209865831,0.3987594441006745,288,/glade/work/jiachengye/33200/gpcp/daily/2016/gpcp_v01r03_daily_d20160404_c20170530.nc
2016-04-05,1.3806063595709601,2.1858033791707885,288,/glade/work/jiachengye/33200/gpcp/daily/2016/gpcp_v01r03_daily_d20160405_c20170530.nc
2016-04-06,4.848746905677025,5.106339754195745,288,/glade/work/jiachengye/33200/gpcp/daily/2016/gpcp_v01r03_daily_d20160406_c20170530.nc
2016-04-07,1.2606092162682212,2.4356543001547837,288,/glade/work/jiachengye/33200/gpcp/daily/2016/gpcp_v01r03_daily_d20160407_c20170530.nc
2016-04-08,0.06671336873976455,0.3018582945043356,288,/glade/work/jiachengye/33200/gpcp/daily/2016/gpcp_v01r03_daily_d20160408_c20170530.nc
2016-04-09,0.19879145963751496,0.6778971788057252,288,/glade/work/jiachengye/33200/gpcp/daily/2016/gpcp_v01r03_daily_d20160409_c20170530.nc
2016-04-10,2.026782508750169,2.7034694647873447,288,/glade/work/jiachengye/33200/gpcp/daily/2016/gpcp_v01r03_daily_d20160410_c20170530.nc
2016-04-11,4.002474918512137,7.733206608617981,288,/glade/work/jiachengye/33200/gpcp/daily/2016/gpcp_v01r03_daily_d20160411_c20170530.nc
2016-04-12,0.4874321330468833,1.5178238297656068,288,/glade/work/jiachengye/33200/gpcp/daily/2016/gpcp_v01r03_daily_d20160412_c20170530.nc
2016-04-13,0.28919137740063383,0.7469601791293417,288,/glade/work/jiachengye/33200/gpcp/daily/2016/gpcp_v01r03_daily_d20160413_c20170530.nc
2016-04-14,0.34329191523270575,1.2068983061464875,288,/glade/work/jiachengye/33200/gpcp/daily/2016/gpcp_v01r03_daily_d20160414_c20170530.nc
2016-04-15,2.0738506473489653,3.8278739004418183,288,/glade/work/jiachengye/33200/gpcp/daily/2016/gpcp_v01r03_daily_d20160415_c20170530.nc
2016-04-16,7.356711577109419,14.73794676528698,288,/glade/work/jiachengye/33200/gpcp/daily/2016/gpcp_v01r03_daily_d20160416_c20170530.nc
2016-04-17,4.074301939844408,7.664204732635661,288,/glade/work/jiachengye/33200/gpcp/daily/2016/gpcp_v01r03_daily_d20160417_c20170530.nc
2016-04-18,3.8161716222466797,5.238519587601553,288,/glade/work/jiachengye/33200/gpcp/daily/2016/gpcp_v01r03_daily_d20160418_c20170530.nc
2016-04-19,1.6792723622550991,3.176056321553924,288,/glade/work/jiachengye/33200/gpcp/daily/2016/gpcp_v01r03_daily_d20160419_c20170530.nc
2016-04-20,2.5587719453423787,5.934487918231228,288,/glade/work/jiachengye/33200/gpcp/daily/2016/gpcp_v01r03_daily_d20160420_c20170530.nc
2016-04-21,1.4699604249004035,2.5337273799541324,288,/glade/work/jiachengye/33200/gpcp/daily/2016/gpcp_v01r03_daily_d20160421_c20170530.nc
2016-04-22,0.5183091385401671,1.4980990315299554,288,/glade/work/jiachengye/33200/gpcp/daily/2016/gpcp_v01r03_daily_d20160422_c20170530.nc
2016-04-23,1.6982738257547685,4.060316434350976,288,/glade/work/jiachengye/33200/gpcp/daily/2016/gpcp_v01r03_daily_d20160423_c20170530.nc
2016-04-24,3.7997939279929853,4.8880554650572,288,/glade/work/jiachengye/33200/gpcp/daily/2016/gpcp_v01r03_daily_d20160424_c20170530.nc
2016-04-25,3.3184319126348973,4.464357660703918,288,/glade/work/jiachengye/33200/gpcp/daily/2016/gpcp_v01r03_daily_d20160425_c20170530.nc
2016-04-26,6.415597586570997,8.638884271862361,288,/glade/work/jiachengye/33200/gpcp/daily/2016/gpcp_v01r03_daily_d20160426_c20170530.nc
2016-04-27,14.686932303255986,14.98604398517812,288,/glade/work/jiachengye/33200/gpcp/daily/2016/gpcp_v01r03_daily_d20160427_c20170530.nc
2016-04-28,6.193893793315337,7.962865595868077,288,/glade/work/jiachengye/33200/gpcp/daily/2016/gpcp_v01r03_daily_d20160428_c20170530.nc
2016-04-29,3.6145101471157886,9.148592175767394,288,/glade/work/jiachengye/33200/gpcp/daily/2016/gpcp_v01r03_daily_d20160429_c20170530.nc
2016-04-30,7.379715503471449,9.240515782492695,288,/glade/work/jiachengye/33200/gpcp/daily/2016/gpcp_v01r03_daily_d20160430_c20170530.nc
2016-05-01,3.029375361972531,7.236129150629305,288,/glade/work/jiachengye/33200/gpcp/daily/2016/gpcp_v01r03_daily_d20160501_c20170530.nc
2016-05-02,2.2393005864414937,4.823153292596709,288,/glade/work/jiachengye/33200/gpcp/daily/2016/gpcp_v01r03_daily_d20160502_c20170530.nc
2016-05-03,0.6246687580830272,1.7888940256914463,288,/glade/work/jiachengye/33200/gpcp/daily/2016/gpcp_v01r03_daily_d20160503_c20170530.nc
2016-05-04,0.7431866850674717,1.775650227675408,288,/glade/work/jiachengye/33200/gpcp/daily/2016/gpcp_v01r03_daily_d20160504_c20170530.nc
2016-05-05,0.2076563280659215,0.803437477355223,288,/glade/work/jiachengye/33200/gpcp/daily/2016/gpcp_v01r03_daily_d20160505_c20170530.nc
2016-05-06,0.3677802301177316,0.8751571012283157,288,/glade/work/jiachengye/33200/gpcp/daily/2016/gpcp_v01r03_daily_d20160506_c20170530.nc
2016-05-07,3.108108735789784,4.661671906282334,288,/glade/work/jiachengye/33200/gpcp/daily/2016/gpcp_v01r03_daily_d20160507_c20170530.nc
2016-05-08,2.376227245402311,4.730149769999668,288,/glade/work/jiachengye/33200/gpcp/daily/2016/gpcp_v01r03_daily_d20160508_c20170530.nc
2016-05-09,4.285144953601928,5.2444351688027036,288,/glade/work/jiachengye/33200/gpcp/daily/2016/gpcp_v01r03_daily_d20160509_c20170530.nc
2016-05-10,4.394504830672822,5.29880821342898,288,/glade/work/jiachengye/33200/gpcp/daily/2016/gpcp_v01r03_daily_d20160510_c20170530.nc
2016-05-11,5.960921408283241,7.120017172629464,288,/glade/work/jiachengye/33200/gpcp/daily/2016/gpcp_v01r03_daily_d20160511_c20170530.nc
2016-05-12,7.3117640747680115,12.326257657126346,288,/glade/work/jiachengye/33200/gpcp/daily/2016/gpcp_v01r03_daily_d20160512_c20170530.nc
2016-05-13,2.3049655442047814,3.312929739153915,288,/glade/work/jiachengye/33200/gpcp/daily/2016/gpcp_v01r03_daily_d20160513_c20170530.nc
2016-05-14,0.8848392862799741,1.8822926157194833,288,/glade/work/jiachengye/33200/gpcp/daily/2016/gpcp_v01r03_daily_d20160514_c20170530.nc
2016-05-15,0.20006059620885847,0.600519679767739,288,/glade/work/jiachengye/33200/gpcp/daily/2016/gpcp_v01r03_daily_d20160515_c20170530.nc
2016-05-16,1.0512089637482054,3.1284674834135044,288,/glade/work/jiachengye/33200/gpcp/daily/2016/gpcp_v01r03_daily_d20160516_c20170530.nc
2016-05-17,1.116792603448205,3.521549398496027,288,/glade/work/jiachengye/33200/gpcp/daily/2016/gpcp_v01r03_daily_d20160517_c20170530.nc
2016-05-18,0.04283509329231349,0.3285611395439636,288,/glade/work/jiachengye/33200/gpcp/daily/2016/gpcp_v01r03_daily_d20160518_c20170530.nc
2016-05-19,0.011445117525507602,0.09647379268894245,288,/glade/work/jiachengye/33200/gpcp/daily/2016/gpcp_v01r03_daily_d20160519_c20170530.nc
2016-05-20,0.8500205078435163,2.067182865493309,288,/glade/work/jiachengye/33200/gpcp/daily/2016/gpcp_v01r03_daily_d20160520_c20170530.nc
2016-05-21,1.6621616156344832,3.0449586599606624,288,/glade/work/jiachengye/33200/gpcp/daily/2016/gpcp_v01r03_daily_d20160521_c20170530.nc
2016-05-22,0.9636623564646812,2.9680422160722473,288,/glade/work/jiachengye/33200/gpcp/daily/2016/gpcp_v01r03_daily_d20160522_c20170530.nc
2016-05-23,4.27545632816323,6.820763569338656,288,/glade/work/jiachengye/33200/gpcp/daily/2016/gpcp_v01r03_daily_d20160523_c20170530.nc
2016-05-24,4.155855926943335,6.964892089038487,288,/glade/work/jiachengye/33200/gpcp/daily/2016/gpcp_v01r03_daily_d20160524_c20170530.nc
2016-05-25,6.301395697998011,8.715210712831373,288,/glade/work/jiachengye/33200/gpcp/daily/2016/gpcp_v01r03_daily_d20160525_c20170530.nc
2016-05-26,6.996877709314068,8.458447464052993,288,/glade/work/jiachengye/33200/gpcp/daily/2016/gpcp_v01r03_daily_d20160526_c20170530.nc
2016-05-27,8.5985698861442,8.596764675160966,288,/glade/work/jiachengye/33200/gpcp/daily/2016/gpcp_v01r03_daily_d20160527_c20170530.nc
2016-05-28,5.150816593749288,5.705077204798023,288,/glade/work/jiachengye/33200/gpcp/daily/2016/gpcp_v01r03_daily_d20160528_c20170530.nc
2016-05-29,1.57873061352853,2.5113723660495966,288,/glade/work/jiachengye/33200/gpcp/daily/2016/gpcp_v01r03_daily_d20160529_c20170530.nc
2016-05-30,2.9624887510450346,4.831770295207711,288,/glade/work/jiachengye/33200/gpcp/daily/2016/gpcp_v01r03_daily_d20160530_c20170530.nc
2016-05-31,4.976522703266162,6.657317085833459,288,/glade/work/jiachengye/33200/gpcp/daily/2016/gpcp_v01r03_daily_d20160531_c20170530.nc
2016-06-01,3.05047231017481,4.4723440656619,288,/glade/work/jiachengye/33200/gpcp/daily/2016/gpcp_v01r03_daily_d20160601_c20170530.nc
2016-06-02,1.0766983285333513,2.6201555382889596,288,/glade/work/jiachengye/33200/gpcp/daily/2016/gpcp_v01r03_daily_d20160602_c20170530.nc
2016-06-03,3.346825367612691,5.764502224981716,288,/glade/work/jiachengye/33200/gpcp/daily/2016/gpcp_v01r03_daily_d20160603_c20170530.nc
2016-06-04,4.349924938918901,6.773334730519818,288,/glade/work/jiachengye/33200/gpcp/daily/2016/gpcp_v01r03_daily_d20160604_c20170530.nc
2016-06-05,1.6631810399732556,3.3924687629982775,288,/glade/work/jiachengye/33200/gpcp/daily/2016/gpcp_v01r03_daily_d20160605_c20170530.nc
2016-06-06,0.8710932303052656,2.4995736166310563,288,/glade/work/jiachengye/33200/gpcp/daily/2016/gpcp_v01r03_daily_d20160606_c20170530.nc
2016-06-07,0.6401971596960208,1.9156703585614296,288,/glade/work/jiachengye/33200/gpcp/daily/2016/gpcp_v01r03_daily_d20160607_c20170530.nc
2016-06-08,0.9132553448434573,2.3702971708825418,288,/glade/work/jiachengye/33200/gpcp/daily/2016/gpcp_v01r03_daily_d20160608_c20170530.nc
2016-06-09,1.874311499425581,4.797681181534378,288,/glade/work/jiachengye/33200/gpcp/daily/2016/gpcp_v01r03_daily_d20160609_c20170530.nc
2016-06-10,2.430599743770186,4.573269451228761,288,/glade/work/jiachengye/33200/gpcp/daily/2016/gpcp_v01r03_daily_d20160610_c20170530.nc
2016-06-11,3.9315217189312497,7.391149462981676,288,/glade/work/jiachengye/33200/gpcp/daily/2016/gpcp_v01r03_daily_d20160611_c20170530.nc
2016-06-12,3.342362140257991,5.1900268899190705,288,/glade/work/jiachengye/33200/gpcp/daily/2016/gpcp_v01r03_daily_d20160612_c20170530.nc
2016-06-13,5.65892847082949,6.765462457118004,288,/glade/work/jiachengye/33200/gpcp/daily/2016/gpcp_v01r03_daily_d20160613_c20170530.nc
2016-06-14,5.6432886662164305,7.326578343886547,288,/glade/work/jiachengye/33200/gpcp/daily/2016/gpcp_v01r03_daily_d20160614_c20170530.nc
2016-06-15,4.341030987412045,6.179533842344156,288,/glade/work/jiachengye/33200/gpcp/daily/2016/gpcp_v01r03_daily_d20160615_c20170530.nc
2016-06-16,2.3132728001525766,4.360103026228936,288,/glade/work/jiachengye/33200/gpcp/daily/2016/gpcp_v01r03_daily_d20160616_c20170530.nc
2016-06-17,1.7493799182387795,4.517350765286489,288,/glade/work/jiachengye/33200/gpcp/daily/2016/gpcp_v01r03_daily_d20160617_c20170530.nc
2016-06-18,5.08747188089657,6.940894979917602,288,/glade/work/jiachengye/33200/gpcp/daily/2016/gpcp_v01r03_daily_d20160618_c20170530.nc
2016-06-19,1.1663394063891854,2.8921570322405863,288,/glade/work/jiachengye/33200/gpcp/daily/2016/gpcp_v01r03_daily_d20160619_c20170530.nc
2016-06-20,1.9160617263909152,4.4787163623717685,288,/glade/work/jiachengye/33200/gpcp/daily/2016/gpcp_v01r03_daily_d20160620_c20170530.nc
2016-06-21,5.494976336571522,10.585445243730364,288,/glade/work/jiachengye/33200/gpcp/daily/2016/gpcp_v01r03_daily_d20160621_c20170530.nc
2016-06-22,5.241139197447975,8.28692884962976,288,/glade/work/jiachengye/33200/gpcp/daily/2016/gpcp_v01r03_daily_d20160622_c20170530.nc
2016-06-23,4.749720942732978,10.629190692030035,288,/glade/work/jiachengye/33200/gpcp/daily/2016/gpcp_v01r03_daily_d20160623_c20170530.nc
2016-06-24,3.709320806436601,7.866845180405918,288,/glade/work/jiachengye/33200/gpcp/daily/2016/gpcp_v01r03_daily_d20160624_c20170530.nc
2016-06-25,2.315022231953329,4.836857387948933,288,/glade/work/jiachengye/33200/gpcp/daily/2016/gpcp_v01r03_daily_d20160625_c20170530.nc
2016-06-26,4.856051510479037,6.4768148473435,288,/glade/work/jiachengye/33200/gpcp/daily/2016/gpcp_v01r03_daily_d20160626_c20170530.nc
2016-06-27,3.255460414041474,5.705078495135497,288,/glade/work/jiachengye/33200/gpcp/daily/2016/gpcp_v01r03_daily_d20160627_c20170530.nc
2016-06-28,0.40325962315559133,1.2818882663299103,288,/glade/work/jiachengye/33200/gpcp/daily/2016/gpcp_v01r03_daily_d20160628_c20170530.nc
2016-06-29,0.9961778027910092,2.334977171849383,288,/glade/work/jiachengye/33200/gpcp/daily/2016/gpcp_v01r03_daily_d20160629_c20170530.nc
2016-06-30,2.2276407227823705,3.919358847442275,288,/glade/work/jiachengye/33200/gpcp/daily/2016/gpcp_v01r03_daily_d20160630_c20170530.nc
2016-07-01,2.952838752731137,4.216967463499982,288,/glade/work/jiachengye/33200/gpcp/daily/2016/gpcp_v01r03_daily_d20160701_c20170530.nc
2016-07-02,4.8260185216645635,6.3985968159602455,288,/glade/work/jiachengye/33200/gpcp/daily/2016/gpcp_v01r03_daily_d20160702_c20170530.nc
2016-07-03,4.369301693542875,7.868713604275753,288,/glade/work/jiachengye/33200/gpcp/daily/2016/gpcp_v01r03_daily_d20160703_c20170530.nc
2016-07-04,3.2305675069359143,6.72097832114789,288,/glade/work/jiachengye/33200/gpcp/daily/2016/gpcp_v01r03_daily_d20160704_c20170530.nc
2016-07-05,1.746590191718368,3.28791445207495,288,/glade/work/jiachengye/33200/gpcp/daily/2016/gpcp_v01r03_daily_d20160705_c20170530.nc
2016-07-06,7.859408709700296,7.38727554946225,288,/glade/work/jiachengye/33200/gpcp/daily/2016/gpcp_v01r03_daily_d20160706_c20170530.nc
2016-07-07,8.384656552105895,8.98948885779965,288,/glade/work/jiachengye/33200/gpcp/daily/2016/gpcp_v01r03_daily_d20160707_c20170530.nc
2016-07-08,6.080461046598719,6.379837075335524,288,/glade/work/jiachengye/33200/gpcp/daily/2016/gpcp_v01r03_daily_d20160708_c20170530.nc
2016-07-09,1.6611901396962987,3.220146524503821,288,/glade/work/jiachengye/33200/gpcp/daily/2016/gpcp_v01r03_daily_d20160709_c20170530.nc
2016-07-10,4.597723446193263,6.2875043748283685,288,/glade/work/jiachengye/33200/gpcp/daily/2016/gpcp_v01r03_daily_d20160710_c20170530.nc
2016-07-11,4.978306880194522,7.44423654072391,288,/glade/work/jiachengye/33200/gpcp/daily/2016/gpcp_v01r03_daily_d20160711_c20170530.nc
2016-07-12,4.108635031454433,5.576036355440417,288,/glade/work/jiachengye/33200/gpcp/daily/2016/gpcp_v01r03_daily_d20160712_c20170530.nc
2016-07-13,2.6296719181030457,3.6637950372655186,288,/glade/work/jiachengye/33200/gpcp/daily/2016/gpcp_v01r03_daily_d20160713_c20170530.nc
2016-07-14,4.410821870970566,5.241243764784538,288,/glade/work/jiachengye/33200/gpcp/daily/2016/gpcp_v01r03_daily_d20160714_c20170530.nc
2016-07-15,2.255909080163579,2.717613411221561,288,/glade/work/jiachengye/33200/gpcp/daily/2016/gpcp_v01r03_daily_d20160715_c20170530.nc
2016-07-16,1.5879311544058619,3.0218897165726792,288,/glade/work/jiachengye/33200/gpcp/daily/2016/gpcp_v01r03_daily_d20160716_c20170530.nc
2016-07-17,4.646849755195566,5.814956128098962,288,/glade/work/jiachengye/33200/gpcp/daily/2016/gpcp_v01r03_daily_d20160717_c20170530.nc
2016-07-18,3.084732924876412,5.783670618433155,288,/glade/work/jiachengye/33200/gpcp/daily/2016/gpcp_v01r03_daily_d20160718_c20170530.nc
2016-07-19,2.6351789894078355,4.79528189437111,288,/glade/work/jiachengye/33200/gpcp/daily/2016/gpcp_v01r03_daily_d20160719_c20170530.nc
2016-07-20,2.4828875783638646,5.264009903946661,288,/glade/work/jiachengye/33200/gpcp/daily/2016/gpcp_v01r03_daily_d20160720_c20170530.nc
2016-07-21,2.698783968594825,3.9253246687674794,288,/glade/work/jiachengye/33200/gpcp/daily/2016/gpcp_v01r03_daily_d20160721_c20170530.nc
2016-07-22,3.8431054401169216,6.197610289288592,288,/glade/work/jiachengye/33200/gpcp/daily/2016/gpcp_v01r03_daily_d20160722_c20170530.nc
2016-07-23,5.395057112305053,6.561960961450273,288,/glade/work/jiachengye/33200/gpcp/daily/2016/gpcp_v01r03_daily_d20160723_c20170530.nc
2016-07-24,3.5918289123820326,4.958988712059661,288,/glade/work/jiachengye/33200/gpcp/daily/2016/gpcp_v01r03_daily_d20160724_c20170530.nc
2016-07-25,4.999183541425677,7.713863855513962,288,/glade/work/jiachengye/33200/gpcp/daily/2016/gpcp_v01r03_daily_d20160725_c20170530.nc
2016-07-26,2.3129524117026814,4.019563422031236,288,/glade/work/jiachengye/33200/gpcp/daily/2016/gpcp_v01r03_daily_d20160726_c20170530.nc
2016-07-27,4.395015416313097,5.811231186733984,288,/glade/work/jiachengye/33200/gpcp/daily/2016/gpcp_v01r03_daily_d20160727_c20170530.nc
2016-07-28,4.405089286698623,6.116083587863148,288,/glade/work/jiachengye/33200/gpcp/daily/2016/gpcp_v01r03_daily_d20160728_c20170530.nc
2016-07-29,2.106815663624868,3.359769522390653,288,/glade/work/jiachengye/33200/gpcp/daily/2016/gpcp_v01r03_daily_d20160729_c20170530.nc
2016-07-30,1.0184865160899301,2.287868907250614,288,/glade/work/jiachengye/33200/gpcp/daily/2016/gpcp_v01r03_daily_d20160730_c20170530.nc
2016-07-31,1.8892230784326323,3.1307913507459233,288,/glade/work/jiachengye/33200/gpcp/daily/2016/gpcp_v01r03_daily_d20160731_c20170530.nc
2016-08-01,4.691481822141595,8.866740470758717,288,/glade/work/jiachengye/33200/gpcp/daily/2016/gpcp_v01r03_daily_d20160801_c20170530.nc
2016-08-02,3.277040895419607,6.501422591247007,288,/glade/work/jiachengye/33200/gpcp/daily/2016/gpcp_v01r03_daily_d20160802_c20170530.nc
2016-08-03,0.7313463013059026,2.065422475771654,288,/glade/work/jiachengye/33200/gpcp/daily/2016/gpcp_v01r03_daily_d20160803_c20170530.nc
2016-08-04,2.2912897440674023,4.155121725766555,288,/glade/work/jiachengye/33200/gpcp/daily/2016/gpcp_v01r03_daily_d20160804_c20170530.nc
2016-08-05,6.731234460544834,9.855856764275014,288,/glade/work/jiachengye/33200/gpcp/daily/2016/gpcp_v01r03_daily_d20160805_c20170530.nc
2016-08-06,2.3093658905525163,5.859548183260531,288,/glade/work/jiachengye/33200/gpcp/daily/2016/gpcp_v01r03_daily_d20160806_c20170530.nc
2016-08-07,3.67044111157568,6.107107236935274,288,/glade/work/jiachengye/33200/gpcp/daily/2016/gpcp_v01r03_daily_d20160807_c20170530.nc
2016-08-08,1.8065855561565585,4.399853682226131,288,/glade/work/jiachengye/33200/gpcp/daily/2016/gpcp_v01r03_daily_d20160808_c20170530.nc
2016-08-09,1.0218243172091344,2.0666065671880505,288,/glade/work/jiachengye/33200/gpcp/daily/2016/gpcp_v01r03_daily_d20160809_c20170530.nc
2016-08-10,4.628143241085078,7.101446679832159,288,/glade/work/jiachengye/33200/gpcp/daily/2016/gpcp_v01r03_daily_d20160810_c20170530.nc
2016-08-11,5.4700579882818445,6.7204921608885675,288,/glade/work/jiachengye/33200/gpcp/daily/2016/gpcp_v01r03_daily_d20160811_c20170530.nc
2016-08-12,7.489903694312986,8.380834215747926,288,/glade/work/jiachengye/33200/gpcp/daily/2016/gpcp_v01r03_daily_d20160812_c20170530.nc
2016-08-13,5.295844705157956,7.150019132169291,288,/glade/work/jiachengye/33200/gpcp/daily/2016/gpcp_v01r03_daily_d20160813_c20170530.nc
2016-08-14,1.8431138638139162,3.913578064934118,288,/glade/work/jiachengye/33200/gpcp/daily/2016/gpcp_v01r03_daily_d20160814_c20170530.nc
2016-08-15,8.498937350166667,12.384492473227548,288,/glade/work/jiachengye/33200/gpcp/daily/2016/gpcp_v01r03_daily_d20160815_c20170530.nc
2016-08-16,5.6499136665585805,7.794196823412185,288,/glade/work/jiachengye/33200/gpcp/daily/2016/gpcp_v01r03_daily_d20160816_c20170530.nc
2016-08-17,3.0111011975723168,6.0297816153094335,288,/glade/work/jiachengye/33200/gpcp/daily/2016/gpcp_v01r03_daily_d20160817_c20170530.nc
2016-08-18,2.6114836776385064,4.333873483182287,288,/glade/work/jiachengye/33200/gpcp/daily/2016/gpcp_v01r03_daily_d20160818_c20170530.nc
2016-08-19,7.1691870642137445,7.785326278790633,288,/glade/work/jiachengye/33200/gpcp/daily/2016/gpcp_v01r03_daily_d20160819_c20170530.nc
2016-08-20,8.270716189677982,7.618092547460647,288,/glade/work/jiachengye/33200/gpcp/daily/2016/gpcp_v01r03_daily_d20160820_c20170530.nc
2016-08-21,1.0314936248721966,2.314276527051646,288,/glade/work/jiachengye/33200/gpcp/daily/2016/gpcp_v01r03_daily_d20160821_c20170530.nc
2016-08-22,0.23001723928840806,0.8900296045091315,288,/glade/work/jiachengye/33200/gpcp/daily/2016/gpcp_v01r03_daily_d20160822_c20170530.nc
2016-08-23,1.2904694810465487,2.944530952415615,288,/glade/work/jiachengye/33200/gpcp/daily/2016/gpcp_v01r03_daily_d20160823_c20170530.nc
2016-08-24,5.663686886323787,7.011132574594446,288,/glade/work/jiachengye/33200/gpcp/daily/2016/gpcp_v01r03_daily_d20160824_c20170530.nc
2016-08-25,3.8411333804127668,5.821805472968837,288,/glade/work/jiachengye/33200/gpcp/daily/2016/gpcp_v01r03_daily_d20160825_c20170530.nc
2016-08-26,4.817976479151702,6.673068127821627,288,/glade/work/jiachengye/33200/gpcp/daily/2016/gpcp_v01r03_daily_d20160826_c20170530.nc
2016-08-27,6.128684838002887,5.942946904948507,288,/glade/work/jiachengye/33200/gpcp/daily/2016/gpcp_v01r03_daily_d20160827_c20170530.nc
2016-08-28,1.723780740042666,3.0857717504617184,288,/glade/work/jiachengye/33200/gpcp/daily/2016/gpcp_v01r03_daily_d20160828_c20170530.nc
2016-08-29,3.165786038046455,4.116881640114466,288,/glade/work/jiachengye/33200/gpcp/daily/2016/gpcp_v01r03_daily_d20160829_c20170530.nc
2016-08-30,3.9561854454589906,5.025709204127387,288,/glade/work/jiachengye/33200/gpcp/daily/2016/gpcp_v01r03_daily_d20160830_c20170530.nc
2016-08-31,2.6330443371066408,4.832902122684488,288,/glade/work/jiachengye/33200/gpcp/daily/2016/gpcp_v01r03_daily_d20160831_c20170530.nc
2016-09-01,0.24583352474439893,1.2355016926343583,288,/glade/work/jiachengye/33200/gpcp/daily/2016/gpcp_v01r03_daily_d20160901_c20171211.nc
2016-09-02,0.8969928988577418,2.0534539342171043,288,/glade/work/jiachengye/33200/gpcp/daily/2016/gpcp_v01r03_daily_d20160902_c20171211.nc
2016-09-03,2.001626692783134,4.533063115103143,288,/glade/work/jiachengye/33200/gpcp/daily/2016/gpcp_v01r03_daily_d20160903_c20171211.nc
2016-09-04,3.0520454244787123,6.064501301364407,288,/glade/work/jiachengye/33200/gpcp/daily/2016/gpcp_v01r03_daily_d20160904_c20171211.nc
2016-09-05,4.236378854476092,6.749087940679497,288,/glade/work/jiachengye/33200/gpcp/daily/2016/gpcp_v01r03_daily_d20160905_c20171211.nc
2016-09-06,4.228341611826198,7.020694307577686,288,/glade/work/jiachengye/33200/gpcp/daily/2016/gpcp_v01r03_daily_d20160906_c20171211.nc
2016-09-07,6.779230347043017,8.387301860568979,288,/glade/work/jiachengye/33200/gpcp/daily/2016/gpcp_v01r03_daily_d20160907_c20171211.nc
2016-09-08,6.263510698238614,8.370258687167508,288,/glade/work/jiachengye/33200/gpcp/daily/2016/gpcp_v01r03_daily_d20160908_c20171211.nc
2016-09-09,8.84662977660531,12.075858701983814,288,/glade/work/jiachengye/33200/gpcp/daily/2016/gpcp_v01r03_daily_d20160909_c20171211.nc
2016-09-10,8.695583406600266,9.910883282589152,288,/glade/work/jiachengye/33200/gpcp/daily/2016/gpcp_v01r03_daily_d20160910_c20171211.nc
2016-09-11,0.9456613592622665,2.607546744737635,288,/glade/work/jiachengye/33200/gpcp/daily/2016/gpcp_v01r03_daily_d20160911_c20171211.nc
2016-09-12,0.9067530977828009,1.9128679818599401,288,/glade/work/jiachengye/33200/gpcp/daily/2016/gpcp_v01r03_daily_d20160912_c20171211.nc
2016-09-13,4.3501329484264595,7.645642151239229,288,/glade/work/jiachengye/33200/gpcp/daily/2016/gpcp_v01r03_daily_d20160913_c20171211.nc
2016-09-14,1.785456536395839,3.3481028325307203,288,/glade/work/jiachengye/33200/gpcp/daily/2016/gpcp_v01r03_daily_d20160914_c20171211.nc
2016-09-15,2.77139396241743,4.811004043896527,288,/glade/work/jiachengye/33200/gpcp/daily/2016/gpcp_v01r03_daily_d20160915_c20171211.nc
2016-09-16,7.772393165111355,8.294441974934816,288,/glade/work/jiachengye/33200/gpcp/daily/2016/gpcp_v01r03_daily_d20160916_c20171211.nc
2016-09-17,5.690334014398215,8.821450225543325,288,/glade/work/jiachengye/33200/gpcp/daily/2016/gpcp_v01r03_daily_d20160917_c20171211.nc
2016-09-18,2.4661055635765563,5.897809912887713,288,/glade/work/jiachengye/33200/gpcp/daily/2016/gpcp_v01r03_daily_d20160918_c20171211.nc
2016-09-19,2.4085112163459845,5.272611965978849,288,/glade/work/jiachengye/33200/gpcp/daily/2016/gpcp_v01r03_daily_d20160919_c20171211.nc
2016-09-20,2.200910418753985,4.075584558468356,288,/glade/work/jiachengye/33200/gpcp/daily/2016/gpcp_v01r03_daily_d20160920_c20171211.nc
2016-09-21,3.541043853435116,6.621049459805425,288,/glade/work/jiachengye/33200/gpcp/daily/2016/gpcp_v01r03_daily_d20160921_c20171211.nc
2016-09-22,5.796768090558925,8.575775512197195,288,/glade/work/jiachengye/33200/gpcp/daily/2016/gpcp_v01r03_daily_d20160922_c20171211.nc
2016-09-23,2.7266519093342323,4.487091899725604,288,/glade/work/jiachengye/33200/gpcp/daily/2016/gpcp_v01r03_daily_d20160923_c20171211.nc
2016-09-24,1.9619934518246835,4.7114624723000675,72,/glade/work/jiachengye/33200/gpcp/daily/2016/gpcp_v01r03_daily_d20160924_c20171211.nc
2016-09-25,3.996749988440952,8.930619282382898,72,/glade/work/jiachengye/33200/gpcp/daily/2016/gpcp_v01r03_daily_d20160925_c20171211.nc
2016-09-26,0.594963898422736,1.1175998300817966,72,/glade/work/jiachengye/33200/gpcp/daily/2016/gpcp_v01r03_daily_d20160926_c20171211.nc
2016-09-27,0.32414899323330854,0.8270985343871874,72,/glade/work/jiachengye/33200/gpcp/daily/2016/gpcp_v01r03_daily_d20160927_c20171211.nc
2016-09-28,0.8571889743143071,2.115632782329769,288,/glade/work/jiachengye/33200/gpcp/daily/2016/gpcp_v01r03_daily_d20160928_c20171211.nc
2016-09-29,0.8372939811469197,2.8869185567286237,288,/glade/work/jiachengye/33200/gpcp/daily/2016/gpcp_v01r03_daily_d20160929_c20171211.nc
2016-09-30,2.761552097545996,5.41803126037148,288,/glade/work/jiachengye/33200/gpcp/daily/2016/gpcp_v01r03_daily_d20160930_c20171211.nc
2016-10-01,0.8457140049925922,1.7927914458326584,288,/glade/work/jiachengye/33200/gpcp/daily/2016/gpcp_v01r03_daily_d20161001_c20171211.nc
2016-10-02,0.7105055546426453,2.0262985801115527,288,/glade/work/jiachengye/33200/gpcp/daily/2016/gpcp_v01r03_daily_d20161002_c20171211.nc
2016-10-03,0.363508413928079,1.124679148461982,288,/glade/work/jiachengye/33200/gpcp/daily/2016/gpcp_v01r03_daily_d20161003_c20171211.nc
2016-10-04,2.5588969240444923,6.131434840148294,288,/glade/work/jiachengye/33200/gpcp/daily/2016/gpcp_v01r03_daily_d20161004_c20171211.nc
2016-10-05,1.1548129803963292,2.2883134202172304,288,/glade/work/jiachengye/33200/gpcp/daily/2016/gpcp_v01r03_daily_d20161005_c20171211.nc
2016-10-06,4.784633807623463,10.124437775483186,288,/glade/work/jiachengye/33200/gpcp/daily/2016/gpcp_v01r03_daily_d20161006_c20171211.nc
2016-10-07,4.5658507551541145,7.109464855559606,288,/glade/work/jiachengye/33200/gpcp/daily/2016/gpcp_v01r03_daily_d20161007_c20171211.nc
2016-10-08,1.370626542286761,7.498895690175118,288,/glade/work/jiachengye/33200/gpcp/daily/2016/gpcp_v01r03_daily_d20161008_c20171211.nc
2016-10-09,0.07393542966287403,0.3883240333280106,288,/glade/work/jiachengye/33200/gpcp/daily/2016/gpcp_v01r03_daily_d20161009_c20171211.nc
2016-10-10,0.35884731232701195,1.2925360697681978,288,/glade/work/jiachengye/33200/gpcp/daily/2016/gpcp_v01r03_daily_d20161010_c20171211.nc
2016-10-11,1.8017745973405637,2.5957922376901954,288,/glade/work/jiachengye/33200/gpcp/daily/2016/gpcp_v01r03_daily_d20161011_c20171211.nc
2016-10-12,1.8265474924332397,3.5503332830632806,288,/glade/work/jiachengye/33200/gpcp/daily/2016/gpcp_v01r03_daily_d20161012_c20171211.nc
2016-10-13,0.1317036054211349,0.6483770796183473,288,/glade/work/jiachengye/33200/gpcp/daily/2016/gpcp_v01r03_daily_d20161013_c20171211.nc
2016-10-14,2.3909314904304493,4.5142171192563225,288,/glade/work/jiachengye/33200/gpcp/daily/2016/gpcp_v01r03_daily_d20161014_c20171211.nc
2016-10-15,3.606412173320422,5.619527907973608,288,/glade/work/jiachengye/33200/gpcp/daily/2016/gpcp_v01r03_daily_d20161015_c20171211.nc
2016-10-16,1.8607880774813454,3.219728618004706,288,/glade/work/jiachengye/33200/gpcp/daily/2016/gpcp_v01r03_daily_d20161016_c20171211.nc
2016-10-17,2.1324958133895824,4.164575062702738,288,/glade/work/jiachengye/33200/gpcp/daily/2016/gpcp_v01r03_daily_d20161017_c20171211.nc
2016-10-18,0.5045078970941013,1.5565475614982214,288,/glade/work/jiachengye/33200/gpcp/daily/2016/gpcp_v01r03_daily_d20161018_c20171211.nc
2016-10-19,1.7433653034877372,3.7868955909132707,288,/glade/work/jiachengye/33200/gpcp/daily/2016/gpcp_v01r03_daily_d20161019_c20171211.nc
2016-10-20,7.368766823725283,13.138092196997338,288,/glade/work/jiachengye/33200/gpcp/daily/2016/gpcp_v01r03_daily_d20161020_c20171211.nc
2016-10-21,1.2045275008662895,3.687544964398512,288,/glade/work/jiachengye/33200/gpcp/daily/2016/gpcp_v01r03_daily_d20161021_c20171211.nc
2016-10-22,0.021456799815037345,0.10268418142086574,288,/glade/work/jiachengye/33200/gpcp/daily/2016/gpcp_v01r03_daily_d20161022_c20171211.nc
2016-10-23,0.2761064605593684,0.8992910196849704,288,/glade/work/jiachengye/33200/gpcp/daily/2016/gpcp_v01r03_daily_d20161023_c20171211.nc
2016-10-24,0.008751537029285779,0.11413578939501777,288,/glade/work/jiachengye/33200/gpcp/daily/2016/gpcp_v01r03_daily_d20161024_c20171211.nc
2016-10-25,1.8543771677518313,3.0653263036988854,288,/glade/work/jiachengye/33200/gpcp/daily/2016/gpcp_v01r03_daily_d20161025_c20171211.nc
2016-10-26,5.7656216837996235,6.762905097316102,288,/glade/work/jiachengye/33200/gpcp/daily/2016/gpcp_v01r03_daily_d20161026_c20171211.nc
2016-10-27,1.8993620618112081,3.210327540502464,288,/glade/work/jiachengye/33200/gpcp/daily/2016/gpcp_v01r03_daily_d20161027_c20171211.nc
2016-10-28,3.224048291578762,4.135590510534841,288,/glade/work/jiachengye/33200/gpcp/daily/2016/gpcp_v01r03_daily_d20161028_c20171211.nc
2016-10-29,2.6783602474105304,3.9134241294499805,288,/glade/work/jiachengye/33200/gpcp/daily/2016/gpcp_v01r03_daily_d20161029_c20171211.nc
2016-10-30,0.46300497815805863,1.5020345830916917,288,/glade/work/jiachengye/33200/gpcp/daily/2016/gpcp_v01r03_daily_d20161030_c20171211.nc
2016-10-31,1.3743510702966184,2.094723924251366,288,/glade/work/jiachengye/33200/gpcp/daily/2016/gpcp_v01r03_daily_d20161031_c20171211.nc
2016-11-01,0.2976786280838526,0.8794629889635647,288,/glade/work/jiachengye/33200/gpcp/daily/2016/gpcp_v01r03_daily_d20161101_c20171211.nc
2016-11-02,3.4305080228432927,5.73213151229464,288,/glade/work/jiachengye/33200/gpcp/daily/2016/gpcp_v01r03_daily_d20161102_c20171211.nc
2016-11-03,3.1735341696682253,5.435504289939707,288,/glade/work/jiachengye/33200/gpcp/daily/2016/gpcp_v01r03_daily_d20161103_c20171211.nc
2016-11-04,0.0039895353007505545,0.06377595180466501,288,/glade/work/jiachengye/33200/gpcp/daily/2016/gpcp_v01r03_daily_d20161104_c20171211.nc
2016-11-05,0.013258950620351794,0.10990367557541082,288,/glade/work/jiachengye/33200/gpcp/daily/2016/gpcp_v01r03_daily_d20161105_c20171211.nc
2016-11-06,0.011805816146995328,0.1035627253197383,288,/glade/work/jiachengye/33200/gpcp/daily/2016/gpcp_v01r03_daily_d20161106_c20171211.nc
2016-11-07,0.8128336482187989,1.8490696352571907,288,/glade/work/jiachengye/33200/gpcp/daily/2016/gpcp_v01r03_daily_d20161107_c20171211.nc
2016-11-08,0.867411588488303,2.0798769955877545,288,/glade/work/jiachengye/33200/gpcp/daily/2016/gpcp_v01r03_daily_d20161108_c20171211.nc
2016-11-09,0.0032614101120744814,0.03567026626969339,288,/glade/work/jiachengye/33200/gpcp/daily/2016/gpcp_v01r03_daily_d20161109_c20171211.nc
2016-11-10,0.13509308756849314,0.593374582682624,288,/glade/work/jiachengye/33200/gpcp/daily/2016/gpcp_v01r03_daily_d20161110_c20171211.nc
2016-11-11,0.0,0.0,288,/glade/work/jiachengye/33200/gpcp/daily/2016/gpcp_v01r03_daily_d20161111_c20171211.nc
2016-11-12,0.13847312292892447,0.6042459536400988,288,/glade/work/jiachengye/33200/gpcp/daily/2016/gpcp_v01r03_daily_d20161112_c20171211.nc
2016-11-13,0.001940144956419716,0.024982308709993132,288,/glade/work/jiachengye/33200/gpcp/daily/2016/gpcp_v01r03_daily_d20161113_c20171211.nc
2016-11-14,0.045451861744285435,0.2181339183439459,288,/glade/work/jiachengye/33200/gpcp/daily/2016/gpcp_v01r03_daily_d20161114_c20171211.nc
2016-11-15,0.44593606394978186,1.2184786662552474,288,/glade/work/jiachengye/33200/gpcp/daily/2016/gpcp_v01r03_daily_d20161115_c20171211.nc
2016-11-16,0.5524336295541402,1.2835169304353031,288,/glade/work/jiachengye/33200/gpcp/daily/2016/gpcp_v01r03_daily_d20161116_c20171211.nc
2016-11-17,2.5844660039017,3.7691665917175525,288,/glade/work/jiachengye/33200/gpcp/daily/2016/gpcp_v01r03_daily_d20161117_c20171211.nc
2016-11-18,3.251572617454625,4.740709596906595,288,/glade/work/jiachengye/33200/gpcp/daily/2016/gpcp_v01r03_daily_d20161118_c20171211.nc
2016-11-19,1.4295416937202607,3.106334945495821,288,/glade/work/jiachengye/33200/gpcp/daily/2016/gpcp_v01r03_daily_d20161119_c20171211.nc
2016-11-20,0.5433177357941575,1.118743411124262,288,/glade/work/jiachengye/33200/gpcp/daily/2016/gpcp_v01r03_daily_d20161120_c20171211.nc
2016-11-21,0.6293925740813531,1.527784162923445,288,/glade/work/jiachengye/33200/gpcp/daily/2016/gpcp_v01r03_daily_d20161121_c20171211.nc
2016-11-22,4.052937355146323,5.217159495339147,288,/glade/work/jiachengye/33200/gpcp/daily/2016/gpcp_v01r03_daily_d20161122_c20171211.nc
2016-11-23,3.121033648271783,4.90449617560247,288,/glade/work/jiachengye/33200/gpcp/daily/2016/gpcp_v01r03_daily_d20161123_c20171211.nc
2016-11-24,1.172084198603201,2.8285332753378634,288,/glade/work/jiachengye/33200/gpcp/daily/2016/gpcp_v01r03_daily_d20161124_c20171211.nc
2016-11-25,0.5432792927954353,1.681635623315508,288,/glade/work/jiachengye/33200/gpcp/daily/2016/gpcp_v01r03_daily_d20161125_c20171211.nc
2016-11-26,0.12120712433690342,0.49690707420802066,288,/glade/work/jiachengye/33200/gpcp/daily/2016/gpcp_v01r03_daily_d20161126_c20171211.nc
2016-11-27,6.645107212779499,9.426218301156704,288,/glade/work/jiachengye/33200/gpcp/daily/2016/gpcp_v01r03_daily_d20161127_c20171211.nc
2016-11-28,8.76475672239826,14.536011503733745,288,/glade/work/jiachengye/33200/gpcp/daily/2016/gpcp_v01r03_daily_d20161128_c20171211.nc
2016-11-29,4.5108351803246665,6.906402773353442,288,/glade/work/jiachengye/33200/gpcp/daily/2016/gpcp_v01r03_daily_d20161129_c20171211.nc
2016-11-30,1.8180199028910087,7.222754300716866,288,/glade/work/jiachengye/33200/gpcp/daily/2016/gpcp_v01r03_daily_d20161130_c20171211.nc
2016-12-01,0.1621909207952653,0.6095815461868269,288,/glade/work/jiachengye/33200/gpcp/daily/2016/gpcp_v01r03_daily_d20161201_c20171211.nc
2016-12-02,0.13241912514997883,0.54520578684495,288,/glade/work/jiachengye/33200/gpcp/daily/2016/gpcp_v01r03_daily_d20161202_c20171211.nc
2016-12-03,0.022789928949565344,0.15509149830199798,288,/glade/work/jiachengye/33200/gpcp/daily/2016/gpcp_v01r03_daily_d20161203_c20171211.nc
2016-12-04,2.3958032388634756,4.513337622072805,288,/glade/work/jiachengye/33200/gpcp/daily/2016/gpcp_v01r03_daily_d20161204_c20171211.nc
2016-12-05,0.9539550136694654,1.8864173130418196,288,/glade/work/jiachengye/33200/gpcp/daily/2016/gpcp_v01r03_daily_d20161205_c20171211.nc
2016-12-06,1.5912184437583048,2.655313277936607,288,/glade/work/jiachengye/33200/gpcp/daily/2016/gpcp_v01r03_daily_d20161206_c20171211.nc
2016-12-07,0.303225959583909,1.246036416213973,288,/glade/work/jiachengye/33200/gpcp/daily/2016/gpcp_v01r03_daily_d20161207_c20171211.nc
2016-12-08,0.03969111433042589,0.195804550644951,288,/glade/work/jiachengye/33200/gpcp/daily/2016/gpcp_v01r03_daily_d20161208_c20171211.nc
2016-12-09,0.09159521702019156,0.5818052167310827,288,/glade/work/jiachengye/33200/gpcp/daily/2016/gpcp_v01r03_daily_d20161209_c20171211.nc
2016-12-10,0.722831961321871,1.4542748970321653,288,/glade/work/jiachengye/33200/gpcp/daily/2016/gpcp_v01r03_daily_d20161210_c20171211.nc
2016-12-11,6.0620132867851275,5.55255245489419,288,/glade/work/jiachengye/33200/gpcp/daily/2016/gpcp_v01r03_daily_d20161211_c20171211.nc
2016-12-12,1.3145072475997306,4.114516223787438,288,/glade/work/jiachengye/33200/gpcp/daily/2016/gpcp_v01r03_daily_d20161212_c20171211.nc
2016-12-13,0.32743196657832496,1.2582668928283223,288,/glade/work/jiachengye/33200/gpcp/daily/2016/gpcp_v01r03_daily_d20161213_c20171211.nc
2016-12-14,0.2395033364139839,1.4246184503810073,288,/glade/work/jiachengye/33200/gpcp/daily/2016/gpcp_v01r03_daily_d20161214_c20171211.nc
2016-12-15,2.043848142880217,3.5635266023404086,288,/glade/work/jiachengye/33200/gpcp/daily/2016/gpcp_v01r03_daily_d20161215_c20171211.nc
2016-12-16,12.980241041060108,11.45253696137799,288,/glade/work/jiachengye/33200/gpcp/daily/2016/gpcp_v01r03_daily_d20161216_c20171211.nc
2016-12-17,4.834056092657417,5.537460457321917,288,/glade/work/jiachengye/33200/gpcp/daily/2016/gpcp_v01r03_daily_d20161217_c20171211.nc
2016-12-18,5.946382860730618,13.855816627068368,288,/glade/work/jiachengye/33200/gpcp/daily/2016/gpcp_v01r03_daily_d20161218_c20171211.nc
2016-12-19,1.0703381507420877,2.8912830182139886,288,/glade/work/jiachengye/33200/gpcp/daily/2016/gpcp_v01r03_daily_d20161219_c20171211.nc
2016-12-20,1.2630624728385926,2.667276264979696,288,/glade/work/jiachengye/33200/gpcp/daily/2016/gpcp_v01r03_daily_d20161220_c20171211.nc
2016-12-21,2.4279874742630083,3.3779152566103265,288,/glade/work/jiachengye/33200/gpcp/daily/2016/gpcp_v01r03_daily_d20161221_c20171211.nc
2016-12-22,0.11403858267629559,0.7048585489466568,288,/glade/work/jiachengye/33200/gpcp/daily/2016/gpcp_v01r03_daily_d20161222_c20171211.nc
2016-12-23,2.5610154083500674,3.913596139506127,288,/glade/work/jiachengye/33200/gpcp/daily/2016/gpcp_v01r03_daily_d20161223_c20171211.nc
2016-12-24,1.5251312531303476,2.7407837704521625,288,/glade/work/jiachengye/33200/gpcp/daily/2016/gpcp_v01r03_daily_d20161224_c20171211.nc
2016-12-25,1.9795308331532704,3.544834359589342,288,/glade/work/jiachengye/33200/gpcp/daily/2016/gpcp_v01r03_daily_d20161225_c20171211.nc
2016-12-26,2.816589390730867,5.19093470475089,288,/glade/work/jiachengye/33200/gpcp/daily/2016/gpcp_v01r03_daily_d20161226_c20171211.nc
2016-12-27,1.1872333074743897,4.420590631658943,288,/glade/work/jiachengye/33200/gpcp/daily/2016/gpcp_v01r03_daily_d20161227_c20171211.nc
2016-12-28,0.8471144111282518,1.801786531585207,288,/glade/work/jiachengye/33200/gpcp/daily/2016/gpcp_v01r03_daily_d20161228_c20171211.nc
2016-12-29,0.653566620252554,1.9278418264029504,288,/glade/work/jiachengye/33200/gpcp/daily/2016/gpcp_v01r03_daily_d20161229_c20171211.nc
2016-12-30,1.002919692473868,2.068215925621157,288,/glade/work/jiachengye/33200/gpcp/daily/2016/gpcp_v01r03_daily_d20161230_c20171211.nc
2016-12-31,1.4754430889108743,3.7411173352118285,288,/glade/work/jiachengye/33200/gpcp/daily/2016/gpcp_v01r03_daily_d20161231_c20171211.nc
2017-01-01,0.26813188286686807,0.8951680984203275,288,/glade/work/jiachengye/33200/gpcp/daily/2017/gpcp_v01r03_daily_d20170101_c20171211.nc
2017-01-02,2.615261945160139,3.3871266254945347,288,/glade/work/jiachengye/33200/gpcp/daily/2017/gpcp_v01r03_daily_d20170102_c20171211.nc
2017-01-03,6.115649218492027,9.142276742017899,288,/glade/work/jiachengye/33200/gpcp/daily/2017/gpcp_v01r03_daily_d20170103_c20171211.nc
2017-01-04,0.609797146742906,1.5835554985109952,288,/glade/work/jiachengye/33200/gpcp/daily/2017/gpcp_v01r03_daily_d20170104_c20171211.nc
2017-01-05,0.8445015315008697,2.145545442557653,288,/glade/work/jiachengye/33200/gpcp/daily/2017/gpcp_v01r03_daily_d20170105_c20171211.nc
2017-01-06,0.18011432109372097,0.8091526905354468,288,/glade/work/jiachengye/33200/gpcp/daily/2017/gpcp_v01r03_daily_d20170106_c20171211.nc
2017-01-07,0.26683213974818865,2.2889665786303413,288,/glade/work/jiachengye/33200/gpcp/daily/2017/gpcp_v01r03_daily_d20170107_c20171211.nc
2017-01-08,0.4223354550674683,0.9286789523390636,288,/glade/work/jiachengye/33200/gpcp/daily/2017/gpcp_v01r03_daily_d20170108_c20171211.nc
2017-01-09,4.775310989143874,4.342623071783994,288,/glade/work/jiachengye/33200/gpcp/daily/2017/gpcp_v01r03_daily_d20170109_c20171211.nc
2017-01-10,13.126578114747788,9.745656296028434,288,/glade/work/jiachengye/33200/gpcp/daily/2017/gpcp_v01r03_daily_d20170110_c20171211.nc
2017-01-11,3.4402413295726326,4.389741731127742,288,/glade/work/jiachengye/33200/gpcp/daily/2017/gpcp_v01r03_daily_d20170111_c20171211.nc
2017-01-12,1.3631175996221074,2.9109862759678706,288,/glade/work/jiachengye/33200/gpcp/daily/2017/gpcp_v01r03_daily_d20170112_c20171211.nc
2017-01-13,2.4582126073997794,3.850091719756094,288,/glade/work/jiachengye/33200/gpcp/daily/2017/gpcp_v01r03_daily_d20170113_c20171211.nc
2017-01-14,1.99379698504518,4.771152466146548,288,/glade/work/jiachengye/33200/gpcp/daily/2017/gpcp_v01r03_daily_d20170114_c20171211.nc
2017-01-15,1.6213196391973648,4.327696885754935,288,/glade/work/jiachengye/33200/gpcp/daily/2017/gpcp_v01r03_daily_d20170115_c20171211.nc
2017-01-16,4.296873853147083,6.203636016589854,288,/glade/work/jiachengye/33200/gpcp/daily/2017/gpcp_v01r03_daily_d20170116_c20171211.nc
2017-01-17,3.366006526632855,5.825548783564,288,/glade/work/jiachengye/33200/gpcp/daily/2017/gpcp_v01r03_daily_d20170117_c20171211.nc
2017-01-18,0.11679578942337523,0.5650770827450096,288,/glade/work/jiachengye/33200/gpcp/daily/2017/gpcp_v01r03_daily_d20170118_c20171211.nc
2017-01-19,6.218936949754723,12.837449484908737,288,/glade/work/jiachengye/33200/gpcp/daily/2017/gpcp_v01r03_daily_d20170119_c20171211.nc
2017-01-20,3.8513472058042204,5.951962268721817,288,/glade/work/jiachengye/33200/gpcp/daily/2017/gpcp_v01r03_daily_d20170120_c20171211.nc
2017-01-21,0.2523716845828195,1.0484045781179152,288,/glade/work/jiachengye/33200/gpcp/daily/2017/gpcp_v01r03_daily_d20170121_c20171211.nc
2017-01-22,0.3651455471610654,1.3608808062934274,288,/glade/work/jiachengye/33200/gpcp/daily/2017/gpcp_v01r03_daily_d20170122_c20171211.nc
2017-01-23,0.5910108796048188,1.8676531669637164,288,/glade/work/jiachengye/33200/gpcp/daily/2017/gpcp_v01r03_daily_d20170123_c20171211.nc
2017-01-24,1.473427791133686,2.706841903642385,288,/glade/work/jiachengye/33200/gpcp/daily/2017/gpcp_v01r03_daily_d20170124_c20171211.nc
2017-01-25,1.0065094531850503,2.0864945251974234,288,/glade/work/jiachengye/33200/gpcp/daily/2017/gpcp_v01r03_daily_d20170125_c20171211.nc
2017-01-26,0.13009070631094868,0.5100763631397744,288,/glade/work/jiachengye/33200/gpcp/daily/2017/gpcp_v01r03_daily_d20170126_c20171211.nc
2017-01-27,0.20291689666460197,0.8149698908583619,288,/glade/work/jiachengye/33200/gpcp/daily/2017/gpcp_v01r03_daily_d20170127_c20171211.nc
2017-01-28,0.10646153534818298,0.29852152664252907,288,/glade/work/jiachengye/33200/gpcp/daily/2017/gpcp_v01r03_daily_d20170128_c20171211.nc
2017-01-29,0.10717722745256217,0.4961347451287665,288,/glade/work/jiachengye/33200/gpcp/daily/2017/gpcp_v01r03_daily_d20170129_c20171211.nc
2017-01-30,0.43962422914483895,1.104613952278177,288,/glade/work/jiachengye/33200/gpcp/daily/2017/gpcp_v01r03_daily_d20170130_c20171211.nc
2017-01-31,1.2376605747980192,1.9657522803948135,288,/glade/work/jiachengye/33200/gpcp/daily/2017/gpcp_v01r03_daily_d20170131_c20171211.nc
2017-02-01,0.5832327909890631,1.2817981344797948,288,/glade/work/jiachengye/33200/gpcp/daily/2017/gpcp_v01r03_daily_d20170201_c20171211.nc
2017-02-02,0.11222732960416411,0.36131037173560526,288,/glade/work/jiachengye/33200/gpcp/daily/2017/gpcp_v01r03_daily_d20170202_c20171211.nc
2017-02-03,0.0756043015108806,0.33571546719096396,288,/glade/work/jiachengye/33200/gpcp/daily/2017/gpcp_v01r03_daily_d20170203_c20171211.nc
2017-02-04,0.7052331820129903,1.5914488095973092,288,/glade/work/jiachengye/33200/gpcp/daily/2017/gpcp_v01r03_daily_d20170204_c20171211.nc
2017-02-05,0.36902573309792347,1.0982207727926914,288,/glade/work/jiachengye/33200/gpcp/daily/2017/gpcp_v01r03_daily_d20170205_c20171211.nc
2017-02-06,1.2592665147918694,2.2592295603961428,288,/glade/work/jiachengye/33200/gpcp/daily/2017/gpcp_v01r03_daily_d20170206_c20171211.nc
2017-02-07,4.8643556442673805,7.04066570553256,288,/glade/work/jiachengye/33200/gpcp/daily/2017/gpcp_v01r03_daily_d20170207_c20171211.nc
2017-02-08,1.4775831828556374,2.83522463019104,288,/glade/work/jiachengye/33200/gpcp/daily/2017/gpcp_v01r03_daily_d20170208_c20171211.nc
2017-02-09,0.9176986658841159,2.9274790137264044,288,/glade/work/jiachengye/33200/gpcp/daily/2017/gpcp_v01r03_daily_d20170209_c20171211.nc
2017-02-10,3.2528333009574992,4.57686375966814,288,/glade/work/jiachengye/33200/gpcp/daily/2017/gpcp_v01r03_daily_d20170210_c20171211.nc
2017-02-11,2.765805960404347,4.097576099742222,288,/glade/work/jiachengye/33200/gpcp/daily/2017/gpcp_v01r03_daily_d20170211_c20171211.nc
2017-02-12,1.4536703704072944,3.313299404465443,288,/glade/work/jiachengye/33200/gpcp/daily/2017/gpcp_v01r03_daily_d20170212_c20171211.nc
2017-02-13,0.18129189107163918,0.865870179798102,288,/glade/work/jiachengye/33200/gpcp/daily/2017/gpcp_v01r03_daily_d20170213_c20171211.nc
2017-02-14,0.725928431668195,2.112452861702913,288,/glade/work/jiachengye/33200/gpcp/daily/2017/gpcp_v01r03_daily_d20170214_c20171211.nc
2017-02-15,1.0171136077623852,3.102227262613485,288,/glade/work/jiachengye/33200/gpcp/daily/2017/gpcp_v01r03_daily_d20170215_c20171211.nc
2017-02-16,0.5870526974162902,1.3144055528518663,288,/glade/work/jiachengye/33200/gpcp/daily/2017/gpcp_v01r03_daily_d20170216_c20171211.nc
2017-02-17,0.8494023108201779,2.5365336440426596,288,/glade/work/jiachengye/33200/gpcp/daily/2017/gpcp_v01r03_daily_d20170217_c20171211.nc
2017-02-18,0.10520554881332393,0.36786560553025993,288,/glade/work/jiachengye/33200/gpcp/daily/2017/gpcp_v01r03_daily_d20170218_c20171211.nc
2017-02-19,0.43678596630501704,1.1619994739903867,288,/glade/work/jiachengye/33200/gpcp/daily/2017/gpcp_v01r03_daily_d20170219_c20171211.nc
2017-02-20,4.24095435177455,5.430005868675714,288,/glade/work/jiachengye/33200/gpcp/daily/2017/gpcp_v01r03_daily_d20170220_c20171211.nc
2017-02-21,2.0161750767142337,3.345141915927,288,/glade/work/jiachengye/33200/gpcp/daily/2017/gpcp_v01r03_daily_d20170221_c20171211.nc
2017-02-22,1.3757713791834139,2.722803228396692,288,/glade/work/jiachengye/33200/gpcp/daily/2017/gpcp_v01r03_daily_d20170222_c20171211.nc
2017-02-23,1.343030842304685,2.0734239816761715,288,/glade/work/jiachengye/33200/gpcp/daily/2017/gpcp_v01r03_daily_d20170223_c20171211.nc
2017-02-24,2.415110644132799,4.02929910382547,288,/glade/work/jiachengye/33200/gpcp/daily/2017/gpcp_v01r03_daily_d20170224_c20171211.nc
2017-02-25,1.541816782484969,3.6427211140948783,288,/glade/work/jiachengye/33200/gpcp/daily/2017/gpcp_v01r03_daily_d20170225_c20171211.nc
2017-02-26,0.01579873668370323,0.17554159284627444,288,/glade/work/jiachengye/33200/gpcp/daily/2017/gpcp_v01r03_daily_d20170226_c20171211.nc
2017-02-27,0.0984442541429693,0.37413092001310105,288,/glade/work/jiachengye/33200/gpcp/daily/2017/gpcp_v01r03_daily_d20170227_c20171211.nc
2017-02-28,6.031107805340884,9.36621368835029,288,/glade/work/jiachengye/33200/gpcp/daily/2017/gpcp_v01r03_daily_d20170228_c20171211.nc
2017-03-01,9.84022754079406,13.314191007612022,288,/glade/work/jiachengye/33200/gpcp/daily/2017/gpcp_v01r03_daily_d20170301_c20171211.nc
2017-03-02,0.033365287943632,0.22178719803278973,288,/glade/work/jiachengye/33200/gpcp/daily/2017/gpcp_v01r03_daily_d20170302_c20171211.nc
2017-03-03,0.08914966394694838,0.28758283310226246,288,/glade/work/jiachengye/33200/gpcp/daily/2017/gpcp_v01r03_daily_d20170303_c20171211.nc
2017-03-04,0.023574898955206775,0.18836970630936278,288,/glade/work/jiachengye/33200/gpcp/daily/2017/gpcp_v01r03_daily_d20170304_c20171211.nc
2017-03-05,0.317996690604159,1.1121939499047258,288,/glade/work/jiachengye/33200/gpcp/daily/2017/gpcp_v01r03_daily_d20170305_c20171211.nc
2017-03-06,1.9097187420013733,2.23666152579306,288,/glade/work/jiachengye/33200/gpcp/daily/2017/gpcp_v01r03_daily_d20170306_c20171211.nc
2017-03-07,4.869698148436233,6.015716731502086,288,/glade/work/jiachengye/33200/gpcp/daily/2017/gpcp_v01r03_daily_d20170307_c20171211.nc
2017-03-08,0.7098757652479335,2.408998152757223,288,/glade/work/jiachengye/33200/gpcp/daily/2017/gpcp_v01r03_daily_d20170308_c20171211.nc
2017-03-09,1.1783917884426363,2.679254030345573,288,/glade/work/jiachengye/33200/gpcp/daily/2017/gpcp_v01r03_daily_d20170309_c20171211.nc
2017-03-10,2.470602257070673,6.088203881366407,288,/glade/work/jiachengye/33200/gpcp/daily/2017/gpcp_v01r03_daily_d20170310_c20171211.nc
2017-03-11,0.5548729606573793,2.0023825385790746,288,/glade/work/jiachengye/33200/gpcp/daily/2017/gpcp_v01r03_daily_d20170311_c20171211.nc
2017-03-12,3.095145402856591,4.916543869660607,288,/glade/work/jiachengye/33200/gpcp/daily/2017/gpcp_v01r03_daily_d20170312_c20171211.nc
2017-03-13,2.32888103495975,3.696014920065694,288,/glade/work/jiachengye/33200/gpcp/daily/2017/gpcp_v01r03_daily_d20170313_c20171211.nc
2017-03-14,0.4462598634969881,1.2337990933452718,288,/glade/work/jiachengye/33200/gpcp/daily/2017/gpcp_v01r03_daily_d20170314_c20171211.nc
2017-03-15,0.26191202125743795,0.7829097593231079,288,/glade/work/jiachengye/33200/gpcp/daily/2017/gpcp_v01r03_daily_d20170315_c20171211.nc
2017-03-16,0.6844841948274751,1.1868173990786703,288,/glade/work/jiachengye/33200/gpcp/daily/2017/gpcp_v01r03_daily_d20170316_c20171211.nc
2017-03-17,0.7314074934901538,1.528074266605634,288,/glade/work/jiachengye/33200/gpcp/daily/2017/gpcp_v01r03_daily_d20170317_c20171211.nc
2017-03-18,0.4228881099150426,2.0917636182289026,288,/glade/work/jiachengye/33200/gpcp/daily/2017/gpcp_v01r03_daily_d20170318_c20171211.nc
2017-03-19,0.6645401629436714,1.6639028598840875,288,/glade/work/jiachengye/33200/gpcp/daily/2017/gpcp_v01r03_daily_d20170319_c20171211.nc
2017-03-20,5.554239935195424,11.833918059988022,288,/glade/work/jiachengye/33200/gpcp/daily/2017/gpcp_v01r03_daily_d20170320_c20171211.nc
2017-03-21,1.9256468555802702,3.913310329800314,288,/glade/work/jiachengye/33200/gpcp/daily/2017/gpcp_v01r03_daily_d20170321_c20171211.nc
2017-03-22,0.5228004306296342,1.5269466007547492,288,/glade/work/jiachengye/33200/gpcp/daily/2017/gpcp_v01r03_daily_d20170322_c20171211.nc
2017-03-23,1.7013802918530916,2.519010394959398,288,/glade/work/jiachengye/33200/gpcp/daily/2017/gpcp_v01r03_daily_d20170323_c20171211.nc
2017-03-24,4.2889899574191395,4.748892450985989,288,/glade/work/jiachengye/33200/gpcp/daily/2017/gpcp_v01r03_daily_d20170324_c20171211.nc
2017-03-25,2.070295224229948,3.5873802163130426,288,/glade/work/jiachengye/33200/gpcp/daily/2017/gpcp_v01r03_daily_d20170325_c20171211.nc
2017-03-26,2.6257834491447216,3.6096059013392834,288,/glade/work/jiachengye/33200/gpcp/daily/2017/gpcp_v01r03_daily_d20170326_c20171211.nc
2017-03-27,2.0595306701440914,3.7823418978581653,288,/glade/work/jiachengye/33200/gpcp/daily/2017/gpcp_v01r03_daily_d20170327_c20171211.nc
2017-03-28,2.2610879258327485,5.607849800124984,288,/glade/work/jiachengye/33200/gpcp/daily/2017/gpcp_v01r03_daily_d20170328_c20171211.nc
2017-03-29,7.53656480417949,12.529943745843052,288,/glade/work/jiachengye/33200/gpcp/daily/2017/gpcp_v01r03_daily_d20170329_c20171211.nc
2017-03-30,4.22715159344578,6.383305400664674,288,/glade/work/jiachengye/33200/gpcp/daily/2017/gpcp_v01r03_daily_d20170330_c20171211.nc
2017-03-31,2.536362170270883,5.654147029804257,288,/glade/work/jiachengye/33200/gpcp/daily/2017/gpcp_v01r03_daily_d20170331_c20171211.nc
2017-04-01,2.115569781566236,7.651279883449845,288,/glade/work/jiachengye/33200/gpcp/daily/2017/gpcp_v01r03_daily_d20170401_c20171211.nc
2017-04-02,1.1484573577198116,2.486485759450351,288,/glade/work/jiachengye/33200/gpcp/daily/2017/gpcp_v01r03_daily_d20170402_c20171211.nc
2017-04-03,3.976898050676596,5.636130809129078,288,/glade/work/jiachengye/33200/gpcp/daily/2017/gpcp_v01r03_daily_d20170403_c20171211.nc
2017-04-04,2.3383780410038866,4.227806635423378,288,/glade/work/jiachengye/33200/gpcp/daily/2017/gpcp_v01r03_daily_d20170404_c20171211.nc
2017-04-05,3.092642196059901,4.849796528000956,288,/glade/work/jiachengye/33200/gpcp/daily/2017/gpcp_v01r03_daily_d20170405_c20171211.nc
2017-04-06,2.987664327653955,6.245686210932923,288,/glade/work/jiachengye/33200/gpcp/daily/2017/gpcp_v01r03_daily_d20170406_c20171211.nc
2017-04-07,0.46098574811126575,1.200194887436127,288,/glade/work/jiachengye/33200/gpcp/daily/2017/gpcp_v01r03_daily_d20170407_c20171211.nc
2017-04-08,3.5758693605838308,9.585267916307737,288,/glade/work/jiachengye/33200/gpcp/daily/2017/gpcp_v01r03_daily_d20170408_c20171211.nc
2017-04-09,3.0206062469556336,3.8925887393597285,288,/glade/work/jiachengye/33200/gpcp/daily/2017/gpcp_v01r03_daily_d20170409_c20171211.nc
2017-04-10,3.314715585265893,5.318018019604066,288,/glade/work/jiachengye/33200/gpcp/daily/2017/gpcp_v01r03_daily_d20170410_c20171211.nc
2017-04-11,1.131365120237607,2.8257067013826402,288,/glade/work/jiachengye/33200/gpcp/daily/2017/gpcp_v01r03_daily_d20170411_c20171211.nc
2017-04-12,0.9286315075708136,2.196377724088025,288,/glade/work/jiachengye/33200/gpcp/daily/2017/gpcp_v01r03_daily_d20170412_c20171211.nc
2017-04-13,2.4839093976240645,6.206777719127349,288,/glade/work/jiachengye/33200/gpcp/daily/2017/gpcp_v01r03_daily_d20170413_c20171211.nc
2017-04-14,0.3420671746690949,1.905728291032425,288,/glade/work/jiachengye/33200/gpcp/daily/2017/gpcp_v01r03_daily_d20170414_c20171211.nc
2017-04-15,3.121075490006441,4.479174738513035,288,/glade/work/jiachengye/33200/gpcp/daily/2017/gpcp_v01r03_daily_d20170415_c20171211.nc
2017-04-16,5.863597494472146,10.499413097811019,288,/glade/work/jiachengye/33200/gpcp/daily/2017/gpcp_v01r03_daily_d20170416_c20171211.nc
2017-04-17,1.4440448581874021,4.645854055234254,288,/glade/work/jiachengye/33200/gpcp/daily/2017/gpcp_v01r03_daily_d20170417_c20171211.nc
2017-04-18,3.063744114100861,4.556756925277544,288,/glade/work/jiachengye/33200/gpcp/daily/2017/gpcp_v01r03_daily_d20170418_c20171211.nc
2017-04-19,3.526860278941553,4.232518914117819,288,/glade/work/jiachengye/33200/gpcp/daily/2017/gpcp_v01r03_daily_d20170419_c20171211.nc
2017-04-20,3.112771378514915,5.316460876695611,288,/glade/work/jiachengye/33200/gpcp/daily/2017/gpcp_v01r03_daily_d20170420_c20171211.nc
2017-04-21,1.0532221923252654,2.7960638016978416,288,/glade/work/jiachengye/33200/gpcp/daily/2017/gpcp_v01r03_daily_d20170421_c20171211.nc
2017-04-22,1.3040839012574148,4.687440328367967,288,/glade/work/jiachengye/33200/gpcp/daily/2017/gpcp_v01r03_daily_d20170422_c20171211.nc
2017-04-23,1.0751664260326401,2.330560229251843,288,/glade/work/jiachengye/33200/gpcp/daily/2017/gpcp_v01r03_daily_d20170423_c20171211.nc
2017-04-24,1.8355354177705365,2.9436002618516453,288,/glade/work/jiachengye/33200/gpcp/daily/2017/gpcp_v01r03_daily_d20170424_c20171211.nc
2017-04-25,2.399622869538545,3.510411993392345,288,/glade/work/jiachengye/33200/gpcp/daily/2017/gpcp_v01r03_daily_d20170425_c20171211.nc
2017-04-26,3.570602643571261,7.051198802690251,288,/glade/work/jiachengye/33200/gpcp/daily/2017/gpcp_v01r03_daily_d20170426_c20171211.nc
2017-04-27,3.2254478170874123,5.467436038799584,288,/glade/work/jiachengye/33200/gpcp/daily/2017/gpcp_v01r03_daily_d20170427_c20171211.nc
2017-04-28,2.3246383518798366,4.559394667491676,288,/glade/work/jiachengye/33200/gpcp/daily/2017/gpcp_v01r03_daily_d20170428_c20171211.nc
2017-04-29,23.842053897190123,29.789384851773928,278,/glade/work/jiachengye/33200/gpcp/daily/2017/gpcp_v01r03_daily_d20170429_c20171211.nc
2017-04-30,16.522770072200547,19.31962250525463,287,/glade/work/jiachengye/33200/gpcp/daily/2017/gpcp_v01r03_daily_d20170430_c20171211.nc
2017-05-01,4.937031389534552,5.786202192310838,288,/glade/work/jiachengye/33200/gpcp/daily/2017/gpcp_v01r03_daily_d20170501_c20170823.nc
2017-05-02,1.2943966612437374,2.2206897765614158,288,/glade/work/jiachengye/33200/gpcp/daily/2017/gpcp_v01r03_daily_d20170502_c20170823.nc
2017-05-03,1.6914327373741165,5.39092291535096,288,/glade/work/jiachengye/33200/gpcp/daily/2017/gpcp_v01r03_daily_d20170503_c20170823.nc
2017-05-04,4.050688157561385,8.226411072862268,288,/glade/work/jiachengye/33200/gpcp/daily/2017/gpcp_v01r03_daily_d20170504_c20170823.nc
2017-05-05,3.562930385823285,10.73459619490588,288,/glade/work/jiachengye/33200/gpcp/daily/2017/gpcp_v01r03_daily_d20170505_c20170823.nc
2017-05-06,0.4064526344171551,1.4230931164347518,288,/glade/work/jiachengye/33200/gpcp/daily/2017/gpcp_v01r03_daily_d20170506_c20170823.nc
2017-05-07,0.2694894312790033,0.90622405178791,288,/glade/work/jiachengye/33200/gpcp/daily/2017/gpcp_v01r03_daily_d20170507_c20170823.nc
2017-05-08,1.678603605789301,4.2024078559759515,288,/glade/work/jiachengye/33200/gpcp/daily/2017/gpcp_v01r03_daily_d20170508_c20170823.nc
2017-05-09,5.064945668728037,8.945554699320125,288,/glade/work/jiachengye/33200/gpcp/daily/2017/gpcp_v01r03_daily_d20170509_c20170823.nc
2017-05-10,5.051743781418517,6.690640215746373,288,/glade/work/jiachengye/33200/gpcp/daily/2017/gpcp_v01r03_daily_d20170510_c20170823.nc
2017-05-11,2.9918322125453707,5.405037658702182,288,/glade/work/jiachengye/33200/gpcp/daily/2017/gpcp_v01r03_daily_d20170511_c20170823.nc
2017-05-12,0.2922882969652672,1.0768664049476284,288,/glade/work/jiachengye/33200/gpcp/daily/2017/gpcp_v01r03_daily_d20170512_c20170823.nc
2017-05-13,0.18564889302477516,1.0224743212530178,288,/glade/work/jiachengye/33200/gpcp/daily/2017/gpcp_v01r03_daily_d20170513_c20170823.nc
2017-05-14,0.45333422766725956,1.1617706968154307,288,/glade/work/jiachengye/33200/gpcp/daily/2017/gpcp_v01r03_daily_d20170514_c20170823.nc
2017-05-15,2.3388671217657926,3.9607144301444026,288,/glade/work/jiachengye/33200/gpcp/daily/2017/gpcp_v01r03_daily_d20170515_c20170823.nc
2017-05-16,5.406450540464084,5.928334953822514,288,/glade/work/jiachengye/33200/gpcp/daily/2017/gpcp_v01r03_daily_d20170516_c20170823.nc
2017-05-17,7.777177418412873,7.891650103277821,288,/glade/work/jiachengye/33200/gpcp/daily/2017/gpcp_v01r03_daily_d20170517_c20170823.nc
2017-05-18,3.4462169853042885,4.754296033259874,288,/glade/work/jiachengye/33200/gpcp/daily/2017/gpcp_v01r03_daily_d20170518_c20170823.nc
2017-05-19,12.807250516772632,14.797172748631567,288,/glade/work/jiachengye/33200/gpcp/daily/2017/gpcp_v01r03_daily_d20170519_c20170823.nc
2017-05-20,12.46458396064153,11.173252544036208,288,/glade/work/jiachengye/33200/gpcp/daily/2017/gpcp_v01r03_daily_d20170520_c20170823.nc
2017-05-21,3.7257207555852854,5.507196963014565,288,/glade/work/jiachengye/33200/gpcp/daily/2017/gpcp_v01r03_daily_d20170521_c20170823.nc
2017-05-22,1.001689803923372,1.5251527611130453,288,/glade/work/jiachengye/33200/gpcp/daily/2017/gpcp_v01r03_daily_d20170522_c20170823.nc
2017-05-23,2.7311220746136278,6.943601976806664,288,/glade/work/jiachengye/33200/gpcp/daily/2017/gpcp_v01r03_daily_d20170523_c20170823.nc
2017-05-24,2.1308317050210586,3.8139903492720064,288,/glade/work/jiachengye/33200/gpcp/daily/2017/gpcp_v01r03_daily_d20170524_c20170823.nc
2017-05-25,2.091380674598991,4.0923672022588455,288,/glade/work/jiachengye/33200/gpcp/daily/2017/gpcp_v01r03_daily_d20170525_c20170823.nc
2017-05-26,2.8549092383324086,4.392632230156802,288,/glade/work/jiachengye/33200/gpcp/daily/2017/gpcp_v01r03_daily_d20170526_c20170823.nc
2017-05-27,6.56360873487041,9.81762002189422,288,/glade/work/jiachengye/33200/gpcp/daily/2017/gpcp_v01r03_daily_d20170527_c20170823.nc
2017-05-28,7.320209087294486,12.581570234782491,288,/glade/work/jiachengye/33200/gpcp/daily/2017/gpcp_v01r03_daily_d20170528_c20170823.nc
2017-05-29,0.748376049742707,1.9344713879883826,288,/glade/work/jiachengye/33200/gpcp/daily/2017/gpcp_v01r03_daily_d20170529_c20170823.nc
2017-05-30,0.36040632024887725,1.047446944482463,288,/glade/work/jiachengye/33200/gpcp/daily/2017/gpcp_v01r03_daily_d20170530_c20170823.nc
2017-05-31,0.6085109954040488,1.5125724717024567,288,/glade/work/jiachengye/33200/gpcp/daily/2017/gpcp_v01r03_daily_d20170531_c20170823.nc
2017-06-01,0.6626769904628761,2.015634185446063,288,/glade/work/jiachengye/33200/gpcp/daily/2017/gpcp_v01r03_daily_d20170601_c20171024.nc
2017-06-02,0.10878588699693696,0.4170000725013305,288,/glade/work/jiachengye/33200/gpcp/daily/2017/gpcp_v01r03_daily_d20170602_c20171024.nc
2017-06-03,2.4267586408829955,4.220223084664395,288,/glade/work/jiachengye/33200/gpcp/daily/2017/gpcp_v01r03_daily_d20170603_c20171024.nc
2017-06-04,2.170652220226386,4.711870065824224,288,/glade/work/jiachengye/33200/gpcp/daily/2017/gpcp_v01r03_daily_d20170604_c20171024.nc
2017-06-05,1.6795363857505354,4.849343573653129,288,/glade/work/jiachengye/33200/gpcp/daily/2017/gpcp_v01r03_daily_d20170605_c20171024.nc
2017-06-06,1.1232983481569632,2.3072868521163032,288,/glade/work/jiachengye/33200/gpcp/daily/2017/gpcp_v01r03_daily_d20170606_c20171024.nc
2017-06-07,1.0939961834537715,2.977262316378089,288,/glade/work/jiachengye/33200/gpcp/daily/2017/gpcp_v01r03_daily_d20170607_c20171024.nc
2017-06-08,0.850972939009813,2.2342317903185696,288,/glade/work/jiachengye/33200/gpcp/daily/2017/gpcp_v01r03_daily_d20170608_c20171024.nc
2017-06-09,0.6036922919633974,1.3944938909062954,288,/glade/work/jiachengye/33200/gpcp/daily/2017/gpcp_v01r03_daily_d20170609_c20171024.nc
2017-06-10,2.051157802284717,4.073806471465324,288,/glade/work/jiachengye/33200/gpcp/daily/2017/gpcp_v01r03_daily_d20170610_c20171024.nc
2017-06-11,3.2356441585902562,5.438047220673179,288,/glade/work/jiachengye/33200/gpcp/daily/2017/gpcp_v01r03_daily_d20170611_c20171024.nc
2017-06-12,3.1863036122273747,5.476547659148089,288,/glade/work/jiachengye/33200/gpcp/daily/2017/gpcp_v01r03_daily_d20170612_c20171024.nc
2017-06-13,5.461127907326134,7.183294719376277,288,/glade/work/jiachengye/33200/gpcp/daily/2017/gpcp_v01r03_daily_d20170613_c20171024.nc
2017-06-14,4.438507418266896,5.576661500057448,288,/glade/work/jiachengye/33200/gpcp/daily/2017/gpcp_v01r03_daily_d20170614_c20171024.nc
2017-06-15,4.7047735521807805,7.0775318848334505,288,/glade/work/jiachengye/33200/gpcp/daily/2017/gpcp_v01r03_daily_d20170615_c20171024.nc
2017-06-16,4.992567137030792,5.762945161749472,288,/glade/work/jiachengye/33200/gpcp/daily/2017/gpcp_v01r03_daily_d20170616_c20171024.nc
2017-06-17,10.479221371710496,10.903583684317358,288,/glade/work/jiachengye/33200/gpcp/daily/2017/gpcp_v01r03_daily_d20170617_c20171024.nc
2017-06-18,11.888140790814772,13.633688086730576,288,/glade/work/jiachengye/33200/gpcp/daily/2017/gpcp_v01r03_daily_d20170618_c20171024.nc
2017-06-19,2.388657459355115,4.824478577877017,288,/glade/work/jiachengye/33200/gpcp/daily/2017/gpcp_v01r03_daily_d20170619_c20171024.nc
2017-06-20,0.8724798517498702,1.8550044795965366,288,/glade/work/jiachengye/33200/gpcp/daily/2017/gpcp_v01r03_daily_d20170620_c20171024.nc
2017-06-21,1.684587281304707,3.1743944697442297,288,/glade/work/jiachengye/33200/gpcp/daily/2017/gpcp_v01r03_daily_d20170621_c20171024.nc
2017-06-22,6.865847435670522,9.856229518256963,288,/glade/work/jiachengye/33200/gpcp/daily/2017/gpcp_v01r03_daily_d20170622_c20171024.nc
2017-06-23,5.620963084838062,7.303008542317112,288,/glade/work/jiachengye/33200/gpcp/daily/2017/gpcp_v01r03_daily_d20170623_c20171024.nc
2017-06-24,2.08869299001734,4.613579051233792,288,/glade/work/jiachengye/33200/gpcp/daily/2017/gpcp_v01r03_daily_d20170624_c20171024.nc
2017-06-25,0.9016045910141498,2.0074372814649473,288,/glade/work/jiachengye/33200/gpcp/daily/2017/gpcp_v01r03_daily_d20170625_c20171024.nc
2017-06-26,0.8024855667706339,2.111525384796299,288,/glade/work/jiachengye/33200/gpcp/daily/2017/gpcp_v01r03_daily_d20170626_c20171024.nc
2017-06-27,0.45845996066135164,1.130195275116607,288,/glade/work/jiachengye/33200/gpcp/daily/2017/gpcp_v01r03_daily_d20170627_c20171024.nc
2017-06-28,7.434234308481078,9.46387293877111,288,/glade/work/jiachengye/33200/gpcp/daily/2017/gpcp_v01r03_daily_d20170628_c20171024.nc
2017-06-29,6.378374742673612,5.779179456348034,288,/glade/work/jiachengye/33200/gpcp/daily/2017/gpcp_v01r03_daily_d20170629_c20171024.nc
2017-06-30,5.127718759891238,5.560765623395813,288,/glade/work/jiachengye/33200/gpcp/daily/2017/gpcp_v01r03_daily_d20170630_c20171024.nc
2017-07-01,1.5539828322645464,2.534844155745822,288,/glade/work/jiachengye/33200/gpcp/daily/2017/gpcp_v01r03_daily_d20170701_c20171024.nc
2017-07-02,0.6432987491898254,1.436914380125226,288,/glade/work/jiachengye/33200/gpcp/daily/2017/gpcp_v01r03_daily_d20170702_c20171024.nc
2017-07-03,1.9458812237561487,3.703203792343867,288,/glade/work/jiachengye/33200/gpcp/daily/2017/gpcp_v01r03_daily_d20170703_c20171024.nc
2017-07-04,1.0142971771229699,3.407365615067912,288,/glade/work/jiachengye/33200/gpcp/daily/2017/gpcp_v01r03_daily_d20170704_c20171024.nc
2017-07-05,1.6107081878300877,3.5765139084247206,288,/glade/work/jiachengye/33200/gpcp/daily/2017/gpcp_v01r03_daily_d20170705_c20171024.nc
2017-07-06,2.3404618178508896,3.8328338379834115,288,/glade/work/jiachengye/33200/gpcp/daily/2017/gpcp_v01r03_daily_d20170706_c20171024.nc
2017-07-07,1.9379430246205709,3.4218316412393563,288,/glade/work/jiachengye/33200/gpcp/daily/2017/gpcp_v01r03_daily_d20170707_c20171024.nc
2017-07-08,1.5967410383985787,3.438200159208068,288,/glade/work/jiachengye/33200/gpcp/daily/2017/gpcp_v01r03_daily_d20170708_c20171024.nc
2017-07-09,1.349643808070298,2.4305386142965304,288,/glade/work/jiachengye/33200/gpcp/daily/2017/gpcp_v01r03_daily_d20170709_c20171024.nc
2017-07-10,4.0018008356186145,6.192300166408694,288,/glade/work/jiachengye/33200/gpcp/daily/2017/gpcp_v01r03_daily_d20170710_c20171024.nc
2017-07-11,7.761956017875373,9.374089192554047,288,/glade/work/jiachengye/33200/gpcp/daily/2017/gpcp_v01r03_daily_d20170711_c20171024.nc
2017-07-12,6.515503552054957,7.657860746226984,288,/glade/work/jiachengye/33200/gpcp/daily/2017/gpcp_v01r03_daily_d20170712_c20171024.nc
2017-07-13,6.602002628761729,9.874604385287734,288,/glade/work/jiachengye/33200/gpcp/daily/2017/gpcp_v01r03_daily_d20170713_c20171024.nc
2017-07-14,2.8980817303454462,5.584370240100324,288,/glade/work/jiachengye/33200/gpcp/daily/2017/gpcp_v01r03_daily_d20170714_c20171024.nc
2017-07-15,0.5452238732475693,1.7450271188406916,288,/glade/work/jiachengye/33200/gpcp/daily/2017/gpcp_v01r03_daily_d20170715_c20171024.nc
2017-07-16,0.3292190598853646,1.188997467277003,288,/glade/work/jiachengye/33200/gpcp/daily/2017/gpcp_v01r03_daily_d20170716_c20171024.nc
2017-07-17,0.6985545436211105,1.7651443854103186,288,/glade/work/jiachengye/33200/gpcp/daily/2017/gpcp_v01r03_daily_d20170717_c20171024.nc
2017-07-18,1.6444985122984015,2.777103445890533,288,/glade/work/jiachengye/33200/gpcp/daily/2017/gpcp_v01r03_daily_d20170718_c20171024.nc
2017-07-19,1.7951866696579872,3.7267006445031097,288,/glade/work/jiachengye/33200/gpcp/daily/2017/gpcp_v01r03_daily_d20170719_c20171024.nc
2017-07-20,3.904113778984378,5.174989388014272,288,/glade/work/jiachengye/33200/gpcp/daily/2017/gpcp_v01r03_daily_d20170720_c20171024.nc
2017-07-21,4.857195845355445,6.371683242527408,288,/glade/work/jiachengye/33200/gpcp/daily/2017/gpcp_v01r03_daily_d20170721_c20171024.nc
2017-07-22,5.386534300781401,6.5501681532506675,288,/glade/work/jiachengye/33200/gpcp/daily/2017/gpcp_v01r03_daily_d20170722_c20171024.nc
2017-07-23,7.268355320301191,8.822480105460933,288,/glade/work/jiachengye/33200/gpcp/daily/2017/gpcp_v01r03_daily_d20170723_c20171024.nc
2017-07-24,0.887487377462262,2.5410389889064633,288,/glade/work/jiachengye/33200/gpcp/daily/2017/gpcp_v01r03_daily_d20170724_c20171024.nc
2017-07-25,1.3595190016317067,2.5811681679581646,288,/glade/work/jiachengye/33200/gpcp/daily/2017/gpcp_v01r03_daily_d20170725_c20171024.nc
2017-07-26,8.166995021782588,8.272491729890712,288,/glade/work/jiachengye/33200/gpcp/daily/2017/gpcp_v01r03_daily_d20170726_c20171024.nc
2017-07-27,7.149251393628925,11.619751069994518,288,/glade/work/jiachengye/33200/gpcp/daily/2017/gpcp_v01r03_daily_d20170727_c20171024.nc
2017-07-28,1.2104660766324464,2.5132947464438096,288,/glade/work/jiachengye/33200/gpcp/daily/2017/gpcp_v01r03_daily_d20170728_c20171024.nc
2017-07-29,1.1177865060029397,3.522422694428069,288,/glade/work/jiachengye/33200/gpcp/daily/2017/gpcp_v01r03_daily_d20170729_c20171024.nc
2017-07-30,0.9522365315688991,2.4709073370919055,288,/glade/work/jiachengye/33200/gpcp/daily/2017/gpcp_v01r03_daily_d20170730_c20171024.nc
2017-07-31,0.443549820209484,2.118517013269751,288,/glade/work/jiachengye/33200/gpcp/daily/2017/gpcp_v01r03_daily_d20170731_c20171024.nc
2017-08-01,0.9746172313624493,2.4280960013615207,288,/glade/work/jiachengye/33200/gpcp/daily/2017/gpcp_v01r03_daily_d20170801_c20171108.nc
2017-08-02,2.735818551468252,4.638994405573063,288,/glade/work/jiachengye/33200/gpcp/daily/2017/gpcp_v01r03_daily_d20170802_c20171108.nc
2017-08-03,4.941171097477737,6.078746351146644,288,/glade/work/jiachengye/33200/gpcp/daily/2017/gpcp_v01r03_daily_d20170803_c20171108.nc
2017-08-04,2.761067409927905,4.602115018871517,288,/glade/work/jiachengye/33200/gpcp/daily/2017/gpcp_v01r03_daily_d20170804_c20171108.nc
2017-08-05,3.6284119070852685,5.2326681638511845,288,/glade/work/jiachengye/33200/gpcp/daily/2017/gpcp_v01r03_daily_d20170805_c20171108.nc
2017-08-06,6.30675389596441,9.78338701322509,288,/glade/work/jiachengye/33200/gpcp/daily/2017/gpcp_v01r03_daily_d20170806_c20171108.nc
2017-08-07,2.196132576431244,4.662557210787125,288,/glade/work/jiachengye/33200/gpcp/daily/2017/gpcp_v01r03_daily_d20170807_c20171108.nc
2017-08-08,0.48702405394981324,1.336496927850053,288,/glade/work/jiachengye/33200/gpcp/daily/2017/gpcp_v01r03_daily_d20170808_c20171108.nc
2017-08-09,2.1476913510737123,3.5594277807628414,288,/glade/work/jiachengye/33200/gpcp/daily/2017/gpcp_v01r03_daily_d20170809_c20171108.nc
2017-08-10,3.8410027339143307,5.26309671162335,288,/glade/work/jiachengye/33200/gpcp/daily/2017/gpcp_v01r03_daily_d20170810_c20171108.nc
2017-08-11,4.328021557559776,6.462620591051157,288,/glade/work/jiachengye/33200/gpcp/daily/2017/gpcp_v01r03_daily_d20170811_c20171108.nc
2017-08-12,1.4423799848795205,2.7677052871829892,288,/glade/work/jiachengye/33200/gpcp/daily/2017/gpcp_v01r03_daily_d20170812_c20171108.nc
2017-08-13,2.9321713782479644,5.31296544257124,288,/glade/work/jiachengye/33200/gpcp/daily/2017/gpcp_v01r03_daily_d20170813_c20171108.nc
2017-08-14,3.6150355278351975,4.669567590113623,288,/glade/work/jiachengye/33200/gpcp/daily/2017/gpcp_v01r03_daily_d20170814_c20171108.nc
2017-08-15,5.969386175232035,9.430975205262639,288,/glade/work/jiachengye/33200/gpcp/daily/2017/gpcp_v01r03_daily_d20170815_c20171108.nc
2017-08-16,7.861184150094188,10.08015521863781,288,/glade/work/jiachengye/33200/gpcp/daily/2017/gpcp_v01r03_daily_d20170816_c20171108.nc
2017-08-17,7.905966617475945,7.6985865727530465,288,/glade/work/jiachengye/33200/gpcp/daily/2017/gpcp_v01r03_daily_d20170817_c20171108.nc
2017-08-18,3.0622553566001307,4.835628153038738,288,/glade/work/jiachengye/33200/gpcp/daily/2017/gpcp_v01r03_daily_d20170818_c20171108.nc
2017-08-19,0.25270822129710874,0.7081309258393234,288,/glade/work/jiachengye/33200/gpcp/daily/2017/gpcp_v01r03_daily_d20170819_c20171108.nc
2017-08-20,2.99581448739921,6.4470881543728185,288,/glade/work/jiachengye/33200/gpcp/daily/2017/gpcp_v01r03_daily_d20170820_c20171108.nc
2017-08-21,6.398790634736766,8.076098188913992,288,/glade/work/jiachengye/33200/gpcp/daily/2017/gpcp_v01r03_daily_d20170821_c20171108.nc
2017-08-22,8.125509736366471,10.277174826278133,288,/glade/work/jiachengye/33200/gpcp/daily/2017/gpcp_v01r03_daily_d20170822_c20171108.nc
2017-08-23,0.8192670669132803,3.1711487160118006,288,/glade/work/jiachengye/33200/gpcp/daily/2017/gpcp_v01r03_daily_d20170823_c20171108.nc
2017-08-24,1.2292789454001458,3.386344162631402,288,/glade/work/jiachengye/33200/gpcp/daily/2017/gpcp_v01r03_daily_d20170824_c20171108.nc
2017-08-25,1.6472047621885169,3.6895075513924467,288,/glade/work/jiachengye/33200/gpcp/daily/2017/gpcp_v01r03_daily_d20170825_c20171108.nc
2017-08-26,2.9954686816275204,5.458061763808288,288,/glade/work/jiachengye/33200/gpcp/daily/2017/gpcp_v01r03_daily_d20170826_c20171108.nc
2017-08-27,4.094595237599187,7.198779112510226,288,/glade/work/jiachengye/33200/gpcp/daily/2017/gpcp_v01r03_daily_d20170827_c20171108.nc
2017-08-28,2.397486768244562,4.403293365325563,288,/glade/work/jiachengye/33200/gpcp/daily/2017/gpcp_v01r03_daily_d20170828_c20171108.nc
2017-08-29,1.0458546130957223,2.653516161401389,288,/glade/work/jiachengye/33200/gpcp/daily/2017/gpcp_v01r03_daily_d20170829_c20171108.nc
2017-08-30,0.9166901421963786,2.509360561437147,288,/glade/work/jiachengye/33200/gpcp/daily/2017/gpcp_v01r03_daily_d20170830_c20171108.nc
2017-08-31,0.8006347726662302,2.253586910209598,288,/glade/work/jiachengye/33200/gpcp/daily/2017/gpcp_v01r03_daily_d20170831_c20171108.nc
2017-09-01,4.610017217553304,7.621597636237221,288,/glade/work/jiachengye/33200/gpcp/daily/2017/gpcp_v01r03_daily_d20170901_c20171211.nc
2017-09-02,2.2181302812711254,4.565540674971882,288,/glade/work/jiachengye/33200/gpcp/daily/2017/gpcp_v01r03_daily_d20170902_c20171211.nc
2017-09-03,0.8037947663213574,2.1738620640305597,288,/glade/work/jiachengye/33200/gpcp/daily/2017/gpcp_v01r03_daily_d20170903_c20171211.nc
2017-09-04,1.3776177150912163,3.2332548088972013,288,/glade/work/jiachengye/33200/gpcp/daily/2017/gpcp_v01r03_daily_d20170904_c20171211.nc
2017-09-05,4.187348937878409,7.595538738098641,288,/glade/work/jiachengye/33200/gpcp/daily/2017/gpcp_v01r03_daily_d20170905_c20171211.nc
2017-09-06,0.5185215744636893,2.2724935939111908,288,/glade/work/jiachengye/33200/gpcp/daily/2017/gpcp_v01r03_daily_d20170906_c20171211.nc
2017-09-07,1.3955881308404599,2.616453638317141,288,/glade/work/jiachengye/33200/gpcp/daily/2017/gpcp_v01r03_daily_d20170907_c20171211.nc
2017-09-08,0.34158694176163884,1.554409082222787,288,/glade/work/jiachengye/33200/gpcp/daily/2017/gpcp_v01r03_daily_d20170908_c20171211.nc
2017-09-09,0.5700763053823007,1.7921383001562745,288,/glade/work/jiachengye/33200/gpcp/daily/2017/gpcp_v01r03_daily_d20170909_c20171211.nc
2017-09-10,0.24884940801154024,0.9557685436613822,288,/glade/work/jiachengye/33200/gpcp/daily/2017/gpcp_v01r03_daily_d20170910_c20171211.nc
2017-09-11,1.0324455832493789,3.3587749271053133,288,/glade/work/jiachengye/33200/gpcp/daily/2017/gpcp_v01r03_daily_d20170911_c20171211.nc
2017-09-12,0.6714385474219453,1.9160658275971694,288,/glade/work/jiachengye/33200/gpcp/daily/2017/gpcp_v01r03_daily_d20170912_c20171211.nc
2017-09-13,0.2370986811664904,0.767397288580495,288,/glade/work/jiachengye/33200/gpcp/daily/2017/gpcp_v01r03_daily_d20170913_c20171211.nc
2017-09-14,1.5144882379308808,2.992963812280511,288,/glade/work/jiachengye/33200/gpcp/daily/2017/gpcp_v01r03_daily_d20170914_c20171211.nc
2017-09-15,4.327902196983086,5.819468161528985,288,/glade/work/jiachengye/33200/gpcp/daily/2017/gpcp_v01r03_daily_d20170915_c20171211.nc
2017-09-16,2.816766612982795,4.219900772229259,288,/glade/work/jiachengye/33200/gpcp/daily/2017/gpcp_v01r03_daily_d20170916_c20171211.nc
2017-09-17,6.788623193929227,12.595335780396496,288,/glade/work/jiachengye/33200/gpcp/daily/2017/gpcp_v01r03_daily_d20170917_c20171211.nc
2017-09-18,4.385187780239774,5.990111155855942,288,/glade/work/jiachengye/33200/gpcp/daily/2017/gpcp_v01r03_daily_d20170918_c20171211.nc
2017-09-19,4.531367322968469,5.004328786578909,288,/glade/work/jiachengye/33200/gpcp/daily/2017/gpcp_v01r03_daily_d20170919_c20171211.nc
2017-09-20,1.9749824293961815,3.9334497236063877,288,/glade/work/jiachengye/33200/gpcp/daily/2017/gpcp_v01r03_daily_d20170920_c20171211.nc
2017-09-21,2.1516949658892592,4.119277079945456,288,/glade/work/jiachengye/33200/gpcp/daily/2017/gpcp_v01r03_daily_d20170921_c20171211.nc
2017-09-22,1.9394735994260743,4.994921257493017,288,/glade/work/jiachengye/33200/gpcp/daily/2017/gpcp_v01r03_daily_d20170922_c20171211.nc
2017-09-23,4.389581941844974,7.153591850476807,288,/glade/work/jiachengye/33200/gpcp/daily/2017/gpcp_v01r03_daily_d20170923_c20171211.nc
2017-09-24,4.233082455410096,7.291917298961949,288,/glade/work/jiachengye/33200/gpcp/daily/2017/gpcp_v01r03_daily_d20170924_c20171211.nc
2017-09-25,5.415179457328778,9.283324586473073,288,/glade/work/jiachengye/33200/gpcp/daily/2017/gpcp_v01r03_daily_d20170925_c20171211.nc
2017-09-26,3.270860486354386,4.6450802886402665,288,/glade/work/jiachengye/33200/gpcp/daily/2017/gpcp_v01r03_daily_d20170926_c20171211.nc
2017-09-27,1.0113158867500738,2.173136598267141,288,/glade/work/jiachengye/33200/gpcp/daily/2017/gpcp_v01r03_daily_d20170927_c20171211.nc
2017-09-28,0.3534488743750783,1.196632651855866,288,/glade/work/jiachengye/33200/gpcp/daily/2017/gpcp_v01r03_daily_d20170928_c20171211.nc
2017-09-29,0.5268480428436879,1.6599032658521076,288,/glade/work/jiachengye/33200/gpcp/daily/2017/gpcp_v01r03_daily_d20170929_c20171211.nc
2017-09-30,0.3967863656545606,1.1895524463217753,288,/glade/work/jiachengye/33200/gpcp/daily/2017/gpcp_v01r03_daily_d20170930_c20171211.nc
2017-10-01,2.287542545561071,3.6497740014770317,288,/glade/work/jiachengye/33200/gpcp/daily/2017/gpcp_v01r03_daily_d20171001_c20180108.nc
2017-10-02,6.099363873077895,8.010760024559998,288,/glade/work/jiachengye/33200/gpcp/daily/2017/gpcp_v01r03_daily_d20171002_c20180108.nc
2017-10-03,7.193457926436627,12.091655877066248,288,/glade/work/jiachengye/33200/gpcp/daily/2017/gpcp_v01r03_daily_d20171003_c20180108.nc
2017-10-04,2.551832521309734,5.034647546657205,288,/glade/work/jiachengye/33200/gpcp/daily/2017/gpcp_v01r03_daily_d20171004_c20180108.nc
2017-10-05,2.4516808511530597,4.62111906684906,288,/glade/work/jiachengye/33200/gpcp/daily/2017/gpcp_v01r03_daily_d20171005_c20180108.nc
2017-10-06,3.1882141078427475,4.461577203590348,288,/glade/work/jiachengye/33200/gpcp/daily/2017/gpcp_v01r03_daily_d20171006_c20180108.nc
2017-10-07,7.754278858207627,9.158508068773969,288,/glade/work/jiachengye/33200/gpcp/daily/2017/gpcp_v01r03_daily_d20171007_c20180108.nc
2017-10-08,2.6317348592480783,7.554461309527376,288,/glade/work/jiachengye/33200/gpcp/daily/2017/gpcp_v01r03_daily_d20171008_c20180108.nc
2017-10-09,1.905275024709172,4.167705708498833,288,/glade/work/jiachengye/33200/gpcp/daily/2017/gpcp_v01r03_daily_d20171009_c20180108.nc
2017-10-10,3.24818834591529,5.081990927123905,288,/glade/work/jiachengye/33200/gpcp/daily/2017/gpcp_v01r03_daily_d20171010_c20180108.nc
2017-10-11,2.426254971428562,5.657052953362928,288,/glade/work/jiachengye/33200/gpcp/daily/2017/gpcp_v01r03_daily_d20171011_c20180108.nc
2017-10-12,0.06253878014506255,0.22284933082532069,288,/glade/work/jiachengye/33200/gpcp/daily/2017/gpcp_v01r03_daily_d20171012_c20180108.nc
2017-10-13,0.39597937560470164,1.1936469444668776,288,/glade/work/jiachengye/33200/gpcp/daily/2017/gpcp_v01r03_daily_d20171013_c20180108.nc
2017-10-14,4.054284001871444,6.537707387213666,288,/glade/work/jiachengye/33200/gpcp/daily/2017/gpcp_v01r03_daily_d20171014_c20180108.nc
2017-10-15,7.720974174687453,11.240594756167884,288,/glade/work/jiachengye/33200/gpcp/daily/2017/gpcp_v01r03_daily_d20171015_c20180108.nc
2017-10-16,0.18724363624929893,0.9168571107428749,288,/glade/work/jiachengye/33200/gpcp/daily/2017/gpcp_v01r03_daily_d20171016_c20180108.nc
2017-10-17,0.42824732335091914,1.3794555613856612,288,/glade/work/jiachengye/33200/gpcp/daily/2017/gpcp_v01r03_daily_d20171017_c20180108.nc
2017-10-18,0.20868084577469592,0.8275059128533828,288,/glade/work/jiachengye/33200/gpcp/daily/2017/gpcp_v01r03_daily_d20171018_c20180108.nc
2017-10-19,0.2645995767785239,0.8624715973353516,288,/glade/work/jiachengye/33200/gpcp/daily/2017/gpcp_v01r03_daily_d20171019_c20180108.nc
2017-10-20,0.15783095898786065,0.8748934404869316,288,/glade/work/jiachengye/33200/gpcp/daily/2017/gpcp_v01r03_daily_d20171020_c20180108.nc
2017-10-21,3.5600306992251785,3.825740404162611,288,/glade/work/jiachengye/33200/gpcp/daily/2017/gpcp_v01r03_daily_d20171021_c20180108.nc
2017-10-22,8.470943291589723,14.46639500606951,288,/glade/work/jiachengye/33200/gpcp/daily/2017/gpcp_v01r03_daily_d20171022_c20180108.nc
2017-10-23,15.85886405505298,18.696591064684426,288,/glade/work/jiachengye/33200/gpcp/daily/2017/gpcp_v01r03_daily_d20171023_c20180108.nc
2017-10-24,3.410796552977764,6.196402517296931,288,/glade/work/jiachengye/33200/gpcp/daily/2017/gpcp_v01r03_daily_d20171024_c20180108.nc
2017-10-25,0.9474173726034466,1.6882891422562079,288,/glade/work/jiachengye/33200/gpcp/daily/2017/gpcp_v01r03_daily_d20171025_c20180108.nc
2017-10-26,2.406700898041333,3.633799297083835,288,/glade/work/jiachengye/33200/gpcp/daily/2017/gpcp_v01r03_daily_d20171026_c20180108.nc
2017-10-27,3.1093638198233133,5.092586000949231,288,/glade/work/jiachengye/33200/gpcp/daily/2017/gpcp_v01r03_daily_d20171027_c20180108.nc
2017-10-28,2.5319875403095713,5.762430263914964,288,/glade/work/jiachengye/33200/gpcp/daily/2017/gpcp_v01r03_daily_d20171028_c20180108.nc
2017-10-29,2.5068335813709477,5.175601097556771,288,/glade/work/jiachengye/33200/gpcp/daily/2017/gpcp_v01r03_daily_d20171029_c20180108.nc
2017-10-30,1.5167864731321952,2.4941069646204754,288,/glade/work/jiachengye/33200/gpcp/daily/2017/gpcp_v01r03_daily_d20171030_c20180108.nc
2017-10-31,1.0263027020357374,3.048070621445798,288,/glade/work/jiachengye/33200/gpcp/daily/2017/gpcp_v01r03_daily_d20171031_c20180108.nc
2017-11-01,3.8764007583876348,4.469920371045705,288,/glade/work/jiachengye/33200/gpcp/daily/2017/gpcp_v01r03_daily_d20171101_c20180212.nc
2017-11-02,2.304091371497058,3.510237061889801,288,/glade/work/jiachengye/33200/gpcp/daily/2017/gpcp_v01r03_daily_d20171102_c20180212.nc
2017-11-03,2.501590245696311,6.069713014132712,288,/glade/work/jiachengye/33200/gpcp/daily/2017/gpcp_v01r03_daily_d20171103_c20180212.nc
2017-11-04,2.0126402768395004,3.1515312115748406,288,/glade/work/jiachengye/33200/gpcp/daily/2017/gpcp_v01r03_daily_d20171104_c20180212.nc
2017-11-05,3.101217298357397,5.3116567741141365,288,/glade/work/jiachengye/33200/gpcp/daily/2017/gpcp_v01r03_daily_d20171105_c20180212.nc
2017-11-06,3.531867110902133,8.351751542743113,288,/glade/work/jiachengye/33200/gpcp/daily/2017/gpcp_v01r03_daily_d20171106_c20180212.nc
2017-11-07,0.39930247338303415,1.055225690693005,288,/glade/work/jiachengye/33200/gpcp/daily/2017/gpcp_v01r03_daily_d20171107_c20180212.nc
2017-11-08,0.6591052997983933,1.4719829963632003,288,/glade/work/jiachengye/33200/gpcp/daily/2017/gpcp_v01r03_daily_d20171108_c20180212.nc
2017-11-09,1.2203739551344124,2.656646083641383,288,/glade/work/jiachengye/33200/gpcp/daily/2017/gpcp_v01r03_daily_d20171109_c20180212.nc
2017-11-10,0.4382182400507775,0.6910208191791496,288,/glade/work/jiachengye/33200/gpcp/daily/2017/gpcp_v01r03_daily_d20171110_c20180212.nc
2017-11-11,0.8938101726668322,1.702989451479157,288,/glade/work/jiachengye/33200/gpcp/daily/2017/gpcp_v01r03_daily_d20171111_c20180212.nc
2017-11-12,0.784270192391774,1.9042941119967782,288,/glade/work/jiachengye/33200/gpcp/daily/2017/gpcp_v01r03_daily_d20171112_c20180212.nc
2017-11-13,0.3115252726005919,0.7338760469331461,288,/glade/work/jiachengye/33200/gpcp/daily/2017/gpcp_v01r03_daily_d20171113_c20180212.nc
2017-11-14,0.08669123716003978,0.28614418231889366,288,/glade/work/jiachengye/33200/gpcp/daily/2017/gpcp_v01r03_daily_d20171114_c20180212.nc
2017-11-15,6.856987184814713,8.980919476093138,288,/glade/work/jiachengye/33200/gpcp/daily/2017/gpcp_v01r03_daily_d20171115_c20180212.nc
2017-11-16,0.514221371715025,0.9773715479461136,288,/glade/work/jiachengye/33200/gpcp/daily/2017/gpcp_v01r03_daily_d20171116_c20180212.nc
2017-11-17,2.6343234674335876,3.781063437035377,288,/glade/work/jiachengye/33200/gpcp/daily/2017/gpcp_v01r03_daily_d20171117_c20180212.nc
2017-11-18,4.132874439670829,6.878444848519052,288,/glade/work/jiachengye/33200/gpcp/daily/2017/gpcp_v01r03_daily_d20171118_c20180212.nc
2017-11-19,1.1981040374848635,3.618833021536662,288,/glade/work/jiachengye/33200/gpcp/daily/2017/gpcp_v01r03_daily_d20171119_c20180212.nc
2017-11-20,0.6952577892595823,1.2481033552620444,288,/glade/work/jiachengye/33200/gpcp/daily/2017/gpcp_v01r03_daily_d20171120_c20180212.nc
2017-11-21,1.5502766242206962,2.4728534362726675,288,/glade/work/jiachengye/33200/gpcp/daily/2017/gpcp_v01r03_daily_d20171121_c20180212.nc
2017-11-22,0.5217330935946428,1.1337035019219834,288,/glade/work/jiachengye/33200/gpcp/daily/2017/gpcp_v01r03_daily_d20171122_c20180212.nc
2017-11-23,0.4488406429691951,1.378544608267747,288,/glade/work/jiachengye/33200/gpcp/daily/2017/gpcp_v01r03_daily_d20171123_c20180212.nc
2017-11-24,1.0380821550265993,2.3895903372347242,288,/glade/work/jiachengye/33200/gpcp/daily/2017/gpcp_v01r03_daily_d20171124_c20180212.nc
2017-11-25,0.30791296435341275,1.2915547240423115,288,/glade/work/jiachengye/33200/gpcp/daily/2017/gpcp_v01r03_daily_d20171125_c20180212.nc
2017-11-26,0.1742458975751591,0.536230524772718,288,/glade/work/jiachengye/33200/gpcp/daily/2017/gpcp_v01r03_daily_d20171126_c20180212.nc
2017-11-27,1.4701025236552285,2.236475019652801,288,/glade/work/jiachengye/33200/gpcp/daily/2017/gpcp_v01r03_daily_d20171127_c20180212.nc
2017-11-28,0.9571144316753701,2.2878921342357703,288,/glade/work/jiachengye/33200/gpcp/daily/2017/gpcp_v01r03_daily_d20171128_c20180212.nc
2017-11-29,0.18480429716212288,0.5415573676026523,288,/glade/work/jiachengye/33200/gpcp/daily/2017/gpcp_v01r03_daily_d20171129_c20180212.nc
2017-11-30,0.6793959595634788,1.6059684594905674,288,/glade/work/jiachengye/33200/gpcp/daily/2017/gpcp_v01r03_daily_d20171130_c20180212.nc
2017-12-01,0.5085350747887092,1.2233687073410306,288,/glade/work/jiachengye/33200/gpcp/daily/2017/gpcp_v01r03_daily_d20171201_c20180307.nc
2017-12-02,0.9540289696854009,2.4844555240855453,288,/glade/work/jiachengye/33200/gpcp/daily/2017/gpcp_v01r03_daily_d20171202_c20180307.nc
2017-12-03,0.7849980868665186,1.3023691178788432,288,/glade/work/jiachengye/33200/gpcp/daily/2017/gpcp_v01r03_daily_d20171203_c20180307.nc
2017-12-04,5.403874436590764,7.07319304194285,288,/glade/work/jiachengye/33200/gpcp/daily/2017/gpcp_v01r03_daily_d20171204_c20180307.nc
2017-12-05,4.806546172064352,7.525438366411322,288,/glade/work/jiachengye/33200/gpcp/daily/2017/gpcp_v01r03_daily_d20171205_c20180307.nc
2017-12-06,1.3161763904960302,3.3946316184051577,288,/glade/work/jiachengye/33200/gpcp/daily/2017/gpcp_v01r03_daily_d20171206_c20180307.nc
2017-12-07,0.594852015395938,1.6156852516073834,288,/glade/work/jiachengye/33200/gpcp/daily/2017/gpcp_v01r03_daily_d20171207_c20180307.nc
2017-12-08,0.38675906277612776,1.0415017898930654,288,/glade/work/jiachengye/33200/gpcp/daily/2017/gpcp_v01r03_daily_d20171208_c20180307.nc
2017-12-09,0.2026330062546867,0.8196829757044806,288,/glade/work/jiachengye/33200/gpcp/daily/2017/gpcp_v01r03_daily_d20171209_c20180307.nc
2017-12-10,0.2723869930949605,0.9512091385355768,288,/glade/work/jiachengye/33200/gpcp/daily/2017/gpcp_v01r03_daily_d20171210_c20180307.nc
2017-12-11,0.9307837226391942,1.9233889201169196,288,/glade/work/jiachengye/33200/gpcp/daily/2017/gpcp_v01r03_daily_d20171211_c20180307.nc
2017-12-12,0.1237630561215957,0.4064519501759437,288,/glade/work/jiachengye/33200/gpcp/daily/2017/gpcp_v01r03_daily_d20171212_c20180307.nc
2017-12-13,1.2778447797371046,2.8089159297091157,288,/glade/work/jiachengye/33200/gpcp/daily/2017/gpcp_v01r03_daily_d20171213_c20180307.nc
2017-12-14,0.11149856661150322,0.408638378023669,288,/glade/work/jiachengye/33200/gpcp/daily/2017/gpcp_v01r03_daily_d20171214_c20180307.nc
2017-12-15,0.3300180346527084,0.815221326022916,288,/glade/work/jiachengye/33200/gpcp/daily/2017/gpcp_v01r03_daily_d20171215_c20180307.nc
2017-12-16,0.5397764200806495,1.215063063865585,288,/glade/work/jiachengye/33200/gpcp/daily/2017/gpcp_v01r03_daily_d20171216_c20180307.nc
2017-12-17,1.407244534781917,2.4321925706200096,288,/glade/work/jiachengye/33200/gpcp/daily/2017/gpcp_v01r03_daily_d20171217_c20180307.nc
2017-12-18,0.8521876515695017,1.8199315346286609,288,/glade/work/jiachengye/33200/gpcp/daily/2017/gpcp_v01r03_daily_d20171218_c20180307.nc
2017-12-19,0.3386886945567934,0.9795780335453956,288,/glade/work/jiachengye/33200/gpcp/daily/2017/gpcp_v01r03_daily_d20171219_c20180307.nc
2017-12-20,2.763770686538066,6.593341919564535,288,/glade/work/jiachengye/33200/gpcp/daily/2017/gpcp_v01r03_daily_d20171220_c20180307.nc
2017-12-21,1.3523319718335751,2.044713214350674,288,/glade/work/jiachengye/33200/gpcp/daily/2017/gpcp_v01r03_daily_d20171221_c20180307.nc
2017-12-22,1.1552316022752465,3.239410089326068,288,/glade/work/jiachengye/33200/gpcp/daily/2017/gpcp_v01r03_daily_d20171222_c20180307.nc
2017-12-23,4.131501109853425,6.493432230048141,288,/glade/work/jiachengye/33200/gpcp/daily/2017/gpcp_v01r03_daily_d20171223_c20180307.nc
2017-12-24,1.0651424171503745,2.1197554639760354,288,/glade/work/jiachengye/33200/gpcp/daily/2017/gpcp_v01r03_daily_d20171224_c20180307.nc
2017-12-25,0.4660259313240544,1.1635731384716075,288,/glade/work/jiachengye/33200/gpcp/daily/2017/gpcp_v01r03_daily_d20171225_c20180307.nc
2017-12-26,0.053109717903565765,0.4064773129374588,288,/glade/work/jiachengye/33200/gpcp/daily/2017/gpcp_v01r03_daily_d20171226_c20180307.nc
2017-12-27,0.087171760836223,0.3298224769505002,288,/glade/work/jiachengye/33200/gpcp/daily/2017/gpcp_v01r03_daily_d20171227_c20180307.nc
2017-12-28,0.4174269366341954,1.057580098253273,288,/glade/work/jiachengye/33200/gpcp/daily/2017/gpcp_v01r03_daily_d20171228_c20180307.nc
2017-12-29,0.9725386185292157,1.2554735555073708,288,/glade/work/jiachengye/33200/gpcp/daily/2017/gpcp_v01r03_daily_d20171229_c20180307.nc
2017-12-30,0.8841807995947211,1.5558660415057561,288,/glade/work/jiachengye/33200/gpcp/daily/2017/gpcp_v01r03_daily_d20171230_c20180307.nc
2017-12-31,0.23537293990178704,0.8226113600794057,288,/glade/work/jiachengye/33200/gpcp/daily/2017/gpcp_v01r03_daily_d20171231_c20180307.nc
2018-01-01,0.009576831961613573,0.10070615574913191,288,/glade/work/jiachengye/33200/gpcp/daily/2018/gpcp_v01r03_daily_d20180101_c20180409.nc
2018-01-02,0.7434042850225888,1.9751834534024306,288,/glade/work/jiachengye/33200/gpcp/daily/2018/gpcp_v01r03_daily_d20180102_c20180409.nc
2018-01-03,0.3655554294840624,1.010391487127927,288,/glade/work/jiachengye/33200/gpcp/daily/2018/gpcp_v01r03_daily_d20180103_c20180409.nc
2018-01-04,0.11897603161431178,0.49463472355484367,288,/glade/work/jiachengye/33200/gpcp/daily/2018/gpcp_v01r03_daily_d20180104_c20180409.nc
2018-01-05,0.018143829349929835,0.1454486567011383,288,/glade/work/jiachengye/33200/gpcp/daily/2018/gpcp_v01r03_daily_d20180105_c20180409.nc
2018-01-06,0.12505690011962586,0.4370505173078598,288,/glade/work/jiachengye/33200/gpcp/daily/2018/gpcp_v01r03_daily_d20180106_c20180409.nc
2018-01-07,1.8255858206477347,2.9647736169260472,288,/glade/work/jiachengye/33200/gpcp/daily/2018/gpcp_v01r03_daily_d20180107_c20180409.nc
2018-01-08,0.9055829207049881,1.8976196431586663,288,/glade/work/jiachengye/33200/gpcp/daily/2018/gpcp_v01r03_daily_d20180108_c20180409.nc
2018-01-09,0.6646926361377195,1.7704868686140387,288,/glade/work/jiachengye/33200/gpcp/daily/2018/gpcp_v01r03_daily_d20180109_c20180409.nc
2018-01-10,2.2088400859629282,2.8947042693643312,288,/glade/work/jiachengye/33200/gpcp/daily/2018/gpcp_v01r03_daily_d20180110_c20180409.nc
2018-01-11,3.2468404288935875,3.8828094848959838,288,/glade/work/jiachengye/33200/gpcp/daily/2018/gpcp_v01r03_daily_d20180111_c20180409.nc
2018-01-12,2.976734588157071,4.853247958591358,288,/glade/work/jiachengye/33200/gpcp/daily/2018/gpcp_v01r03_daily_d20180112_c20180409.nc
2018-01-13,0.9309053406014448,2.4970917936200414,288,/glade/work/jiachengye/33200/gpcp/daily/2018/gpcp_v01r03_daily_d20180113_c20180409.nc
2018-01-14,0.27348481062881047,0.690243679231289,288,/glade/work/jiachengye/33200/gpcp/daily/2018/gpcp_v01r03_daily_d20180114_c20180409.nc
2018-01-15,0.7988930322627907,1.745099357197685,288,/glade/work/jiachengye/33200/gpcp/daily/2018/gpcp_v01r03_daily_d20180115_c20180409.nc
2018-01-16,0.1154991197568186,0.7127390828650239,288,/glade/work/jiachengye/33200/gpcp/daily/2018/gpcp_v01r03_daily_d20180116_c20180409.nc
2018-01-17,0.32478433527418227,1.1411889206008885,288,/glade/work/jiachengye/33200/gpcp/daily/2018/gpcp_v01r03_daily_d20180117_c20180409.nc
2018-01-18,0.3346118076324355,0.795167573759004,288,/glade/work/jiachengye/33200/gpcp/daily/2018/gpcp_v01r03_daily_d20180118_c20180409.nc
2018-01-19,1.3848753135648488,2.4010993420322007,288,/glade/work/jiachengye/33200/gpcp/daily/2018/gpcp_v01r03_daily_d20180119_c20180409.nc
2018-01-20,0.6256221136767369,1.6803262489487136,288,/glade/work/jiachengye/33200/gpcp/daily/2018/gpcp_v01r03_daily_d20180120_c20180409.nc
2018-01-21,1.2241661379857736,2.2416190796471547,288,/glade/work/jiachengye/33200/gpcp/daily/2018/gpcp_v01r03_daily_d20180121_c20180409.nc
2018-01-22,7.9888289936627,8.7672568531496,288,/glade/work/jiachengye/33200/gpcp/daily/2018/gpcp_v01r03_daily_d20180122_c20180409.nc
2018-01-23,0.5264791923181719,1.9842363670647818,288,/glade/work/jiachengye/33200/gpcp/daily/2018/gpcp_v01r03_daily_d20180123_c20180409.nc
2018-01-24,0.04433258718979668,0.294884487778474,288,/glade/work/jiachengye/33200/gpcp/daily/2018/gpcp_v01r03_daily_d20180124_c20180409.nc
2018-01-25,0.051134844845237885,0.1703843333455836,288,/glade/work/jiachengye/33200/gpcp/daily/2018/gpcp_v01r03_daily_d20180125_c20180409.nc
2018-01-26,0.23277697367388886,0.7559858435985742,288,/glade/work/jiachengye/33200/gpcp/daily/2018/gpcp_v01r03_daily_d20180126_c20180409.nc
2018-01-27,1.6241841180242969,4.0251003981292595,288,/glade/work/jiachengye/33200/gpcp/daily/2018/gpcp_v01r03_daily_d20180127_c20180409.nc
2018-01-28,2.0496684927976943,6.191855115459656,288,/glade/work/jiachengye/33200/gpcp/daily/2018/gpcp_v01r03_daily_d20180128_c20180409.nc
2018-01-29,0.46538943911385877,2.1856624125927873,288,/glade/work/jiachengye/33200/gpcp/daily/2018/gpcp_v01r03_daily_d20180129_c20180409.nc
2018-01-30,0.9912716500175858,1.5899695507453375,288,/glade/work/jiachengye/33200/gpcp/daily/2018/gpcp_v01r03_daily_d20180130_c20180409.nc
2018-01-31,5.059835497204752,5.573394630800944,288,/glade/work/jiachengye/33200/gpcp/daily/2018/gpcp_v01r03_daily_d20180131_c20180409.nc
2018-02-01,0.585837193497711,1.3667570984345008,288,/glade/work/jiachengye/33200/gpcp/daily/2018/gpcp_v01r03_daily_d20180201_c20180508.nc
2018-02-02,0.046148305893082255,0.3007047580159852,288,/glade/work/jiachengye/33200/gpcp/daily/2018/gpcp_v01r03_daily_d20180202_c20180508.nc
2018-02-03,2.448193065694421,3.1988223111203884,288,/glade/work/jiachengye/33200/gpcp/daily/2018/gpcp_v01r03_daily_d20180203_c20180508.nc
2018-02-04,3.0752452524067646,6.549783677678927,288,/glade/work/jiachengye/33200/gpcp/daily/2018/gpcp_v01r03_daily_d20180204_c20180508.nc
2018-02-05,1.3087583003272276,2.362280308305856,288,/glade/work/jiachengye/33200/gpcp/daily/2018/gpcp_v01r03_daily_d20180205_c20180508.nc
2018-02-06,0.2705312105029067,0.945769448689049,288,/glade/work/jiachengye/33200/gpcp/daily/2018/gpcp_v01r03_daily_d20180206_c20180508.nc
2018-02-07,8.424172319445626,15.577085356977395,288,/glade/work/jiachengye/33200/gpcp/daily/2018/gpcp_v01r03_daily_d20180207_c20180508.nc
2018-02-08,0.7936343693518391,1.5667065104203852,288,/glade/work/jiachengye/33200/gpcp/daily/2018/gpcp_v01r03_daily_d20180208_c20180508.nc
2018-02-09,2.1534996733555785,3.8406903469010656,288,/glade/work/jiachengye/33200/gpcp/daily/2018/gpcp_v01r03_daily_d20180209_c20180508.nc
2018-02-10,7.17547968894101,13.650169769663005,288,/glade/work/jiachengye/33200/gpcp/daily/2018/gpcp_v01r03_daily_d20180210_c20180508.nc
2018-02-11,6.29774548917961,11.96898688817891,288,/glade/work/jiachengye/33200/gpcp/daily/2018/gpcp_v01r03_daily_d20180211_c20180508.nc
2018-02-12,0.9564375478643884,2.204306764379204,288,/glade/work/jiachengye/33200/gpcp/daily/2018/gpcp_v01r03_daily_d20180212_c20180508.nc
2018-02-13,0.5780722256437113,1.212773350306069,288,/glade/work/jiachengye/33200/gpcp/daily/2018/gpcp_v01r03_daily_d20180213_c20180508.nc
2018-02-14,0.9130761694793478,1.9159932904830874,288,/glade/work/jiachengye/33200/gpcp/daily/2018/gpcp_v01r03_daily_d20180214_c20180508.nc
2018-02-15,2.5486163785180476,3.147549398093974,288,/glade/work/jiachengye/33200/gpcp/daily/2018/gpcp_v01r03_daily_d20180215_c20180508.nc
2018-02-16,1.8514280305234954,3.7034791128560562,288,/glade/work/jiachengye/33200/gpcp/daily/2018/gpcp_v01r03_daily_d20180216_c20180508.nc
2018-02-17,4.704287522385634,6.0876895946175225,288,/glade/work/jiachengye/33200/gpcp/daily/2018/gpcp_v01r03_daily_d20180217_c20180508.nc
2018-02-18,2.5245799578172172,4.0579267706807025,288,/glade/work/jiachengye/33200/gpcp/daily/2018/gpcp_v01r03_daily_d20180218_c20180508.nc
2018-02-19,4.011968499223601,5.404514385663793,288,/glade/work/jiachengye/33200/gpcp/daily/2018/gpcp_v01r03_daily_d20180219_c20180508.nc
2018-02-20,7.83158473013277,9.724666994252784,288,/glade/work/jiachengye/33200/gpcp/daily/2018/gpcp_v01r03_daily_d20180220_c20180508.nc
2018-02-21,2.7879922216902555,4.995345988193072,288,/glade/work/jiachengye/33200/gpcp/daily/2018/gpcp_v01r03_daily_d20180221_c20180508.nc
2018-02-22,0.8418749951571467,2.0664212949438516,288,/glade/work/jiachengye/33200/gpcp/daily/2018/gpcp_v01r03_daily_d20180222_c20180508.nc
2018-02-23,2.011442581967472,3.92058547591186,288,/glade/work/jiachengye/33200/gpcp/daily/2018/gpcp_v01r03_daily_d20180223_c20180508.nc
2018-02-24,3.53287191173071,8.62103356866402,288,/glade/work/jiachengye/33200/gpcp/daily/2018/gpcp_v01r03_daily_d20180224_c20180508.nc
2018-02-25,3.6080776504873424,6.424207956972586,288,/glade/work/jiachengye/33200/gpcp/daily/2018/gpcp_v01r03_daily_d20180225_c20180508.nc
2018-02-26,0.03069234644895227,0.1605823371329415,288,/glade/work/jiachengye/33200/gpcp/daily/2018/gpcp_v01r03_daily_d20180226_c20180508.nc
2018-02-27,0.21967086523317197,0.8890888904774064,288,/glade/work/jiachengye/33200/gpcp/daily/2018/gpcp_v01r03_daily_d20180227_c20180508.nc
2018-02-28,2.328676984481808,6.365236289009148,288,/glade/work/jiachengye/33200/gpcp/daily/2018/gpcp_v01r03_daily_d20180228_c20180508.nc
2018-03-01,7.774907222589608,15.169437494016247,288,/glade/work/jiachengye/33200/gpcp/daily/2018/gpcp_v01r03_daily_d20180301_c20180606.nc
2018-03-02,0.42502962545430456,1.0094241146054335,288,/glade/work/jiachengye/33200/gpcp/daily/2018/gpcp_v01r03_daily_d20180302_c20180606.nc
2018-03-03,0.0278340071591039,0.14980013591627667,288,/glade/work/jiachengye/33200/gpcp/daily/2018/gpcp_v01r03_daily_d20180303_c20180606.nc
2018-03-04,0.34633732357035646,0.8265055121711039,288,/glade/work/jiachengye/33200/gpcp/daily/2018/gpcp_v01r03_daily_d20180304_c20180606.nc
2018-03-05,3.1603178687284905,4.136163319081021,288,/glade/work/jiachengye/33200/gpcp/daily/2018/gpcp_v01r03_daily_d20180305_c20180606.nc
2018-03-06,1.336441676127839,2.0378994419298824,288,/glade/work/jiachengye/33200/gpcp/daily/2018/gpcp_v01r03_daily_d20180306_c20180606.nc
2018-03-07,0.4402782895426015,1.1280348307686472,288,/glade/work/jiachengye/33200/gpcp/daily/2018/gpcp_v01r03_daily_d20180307_c20180606.nc
2018-03-08,0.20220558587843307,0.6553589748364715,288,/glade/work/jiachengye/33200/gpcp/daily/2018/gpcp_v01r03_daily_d20180308_c20180606.nc
2018-03-09,0.2555125204697695,0.7100099238684744,284,/glade/work/jiachengye/33200/gpcp/daily/2018/gpcp_v01r03_daily_d20180309_c20180606.nc
2018-03-10,0.6827772768886793,1.5320405396089765,288,/glade/work/jiachengye/33200/gpcp/daily/2018/gpcp_v01r03_daily_d20180310_c20180606.nc
2018-03-11,0.42333792023341743,1.8370294281277695,288,/glade/work/jiachengye/33200/gpcp/daily/2018/gpcp_v01r03_daily_d20180311_c20180606.nc
2018-03-12,0.20795989676396115,0.8320567341911768,288,/glade/work/jiachengye/33200/gpcp/daily/2018/gpcp_v01r03_daily_d20180312_c20180606.nc
2018-03-13,0.02542764820034323,0.13979434657155027,288,/glade/work/jiachengye/33200/gpcp/daily/2018/gpcp_v01r03_daily_d20180313_c20180606.nc
2018-03-14,0.09582887201487397,0.4234581654596816,288,/glade/work/jiachengye/33200/gpcp/daily/2018/gpcp_v01r03_daily_d20180314_c20180606.nc
2018-03-15,0.04810912098813824,0.23600877974951873,288,/glade/work/jiachengye/33200/gpcp/daily/2018/gpcp_v01r03_daily_d20180315_c20180606.nc
2018-03-16,1.3184237368397047,3.202205845219606,288,/glade/work/jiachengye/33200/gpcp/daily/2018/gpcp_v01r03_daily_d20180316_c20180606.nc
2018-03-17,0.39325038433822485,1.159657312965446,288,/glade/work/jiachengye/33200/gpcp/daily/2018/gpcp_v01r03_daily_d20180317_c20180606.nc
2018-03-18,0.21829722823127656,0.6812777533962194,288,/glade/work/jiachengye/33200/gpcp/daily/2018/gpcp_v01r03_daily_d20180318_c20180606.nc
2018-03-19,4.031085824618981,4.936905929664984,288,/glade/work/jiachengye/33200/gpcp/daily/2018/gpcp_v01r03_daily_d20180319_c20180606.nc
2018-03-20,1.9926820351419439,3.6204008227568796,288,/glade/work/jiachengye/33200/gpcp/daily/2018/gpcp_v01r03_daily_d20180320_c20180606.nc
2018-03-21,0.49633772283592587,1.2180849879537605,288,/glade/work/jiachengye/33200/gpcp/daily/2018/gpcp_v01r03_daily_d20180321_c20180606.nc
2018-03-22,0.026237769070520254,0.2004642163677054,288,/glade/work/jiachengye/33200/gpcp/daily/2018/gpcp_v01r03_daily_d20180322_c20180606.nc
2018-03-23,2.8960959709916647,4.413604534988967,288,/glade/work/jiachengye/33200/gpcp/daily/2018/gpcp_v01r03_daily_d20180323_c20180606.nc
2018-03-24,4.136486063604834,5.735285716864726,288,/glade/work/jiachengye/33200/gpcp/daily/2018/gpcp_v01r03_daily_d20180324_c20180606.nc
2018-03-25,1.256065170448206,2.9020812076522926,288,/glade/work/jiachengye/33200/gpcp/daily/2018/gpcp_v01r03_daily_d20180325_c20180606.nc
2018-03-26,6.017593237906731,8.178304380292218,288,/glade/work/jiachengye/33200/gpcp/daily/2018/gpcp_v01r03_daily_d20180326_c20180606.nc
2018-03-27,4.697817610631726,9.531354529250251,288,/glade/work/jiachengye/33200/gpcp/daily/2018/gpcp_v01r03_daily_d20180327_c20180606.nc
2018-03-28,2.583006944936185,4.553849960420021,288,/glade/work/jiachengye/33200/gpcp/daily/2018/gpcp_v01r03_daily_d20180328_c20180606.nc
2018-03-29,5.188434832799185,10.172373141275067,288,/glade/work/jiachengye/33200/gpcp/daily/2018/gpcp_v01r03_daily_d20180329_c20180606.nc
2018-03-30,1.7585238152652347,4.425749750722488,288,/glade/work/jiachengye/33200/gpcp/daily/2018/gpcp_v01r03_daily_d20180330_c20180606.nc
2018-03-31,1.9286572274133378,2.765728034509887,288,/glade/work/jiachengye/33200/gpcp/daily/2018/gpcp_v01r03_daily_d20180331_c20180606.nc
2018-04-01,0.40435326265691396,1.0390019648189077,288,/glade/work/jiachengye/33200/gpcp/daily/2018/gpcp_v01r03_daily_d20180401_c20180713.nc
2018-04-02,1.470532622024365,2.7951456835997064,288,/glade/work/jiachengye/33200/gpcp/daily/2018/gpcp_v01r03_daily_d20180402_c20180713.nc
2018-04-03,7.0588126726900855,11.024124112319367,288,/glade/work/jiachengye/33200/gpcp/daily/2018/gpcp_v01r03_daily_d20180403_c20180713.nc
2018-04-04,3.1905832234554663,6.536340602356203,288,/glade/work/jiachengye/33200/gpcp/daily/2018/gpcp_v01r03_daily_d20180404_c20180713.nc
2018-04-05,0.206505838037305,0.6586931433275576,288,/glade/work/jiachengye/33200/gpcp/daily/2018/gpcp_v01r03_daily_d20180405_c20180713.nc
2018-04-06,0.9968575174518606,1.8239498716271692,288,/glade/work/jiachengye/33200/gpcp/daily/2018/gpcp_v01r03_daily_d20180406_c20180713.nc
2018-04-07,0.45573732774727765,2.213707588660818,288,/glade/work/jiachengye/33200/gpcp/daily/2018/gpcp_v01r03_daily_d20180407_c20180713.nc
2018-04-08,0.9976638731385615,1.6118727170862333,288,/glade/work/jiachengye/33200/gpcp/daily/2018/gpcp_v01r03_daily_d20180408_c20180713.nc
2018-04-09,0.7648452784588888,1.7617017906435375,288,/glade/work/jiachengye/33200/gpcp/daily/2018/gpcp_v01r03_daily_d20180409_c20180713.nc
2018-04-10,0.010323117565664475,0.07073543688585426,288,/glade/work/jiachengye/33200/gpcp/daily/2018/gpcp_v01r03_daily_d20180410_c20180713.nc
2018-04-11,2.7685584056268966,4.407496031630836,288,/glade/work/jiachengye/33200/gpcp/daily/2018/gpcp_v01r03_daily_d20180411_c20180713.nc
2018-04-12,2.265527483088305,2.9713545962586063,288,/glade/work/jiachengye/33200/gpcp/daily/2018/gpcp_v01r03_daily_d20180412_c20180713.nc
2018-04-13,4.149889096315699,4.163299597980019,288,/glade/work/jiachengye/33200/gpcp/daily/2018/gpcp_v01r03_daily_d20180413_c20180713.nc
2018-04-14,10.502345612811357,13.56818447422773,288,/glade/work/jiachengye/33200/gpcp/daily/2018/gpcp_v01r03_daily_d20180414_c20180713.nc
2018-04-15,6.766288825613458,9.45056700464574,288,/glade/work/jiachengye/33200/gpcp/daily/2018/gpcp_v01r03_daily_d20180415_c20180713.nc
2018-04-16,2.2624877717691403,4.312825202084178,288,/glade/work/jiachengye/33200/gpcp/daily/2018/gpcp_v01r03_daily_d20180416_c20180713.nc
2018-04-17,0.7901232655554941,1.343280545250567,288,/glade/work/jiachengye/33200/gpcp/daily/2018/gpcp_v01r03_daily_d20180417_c20180713.nc
2018-04-18,0.9239512264871209,1.6943777040273635,288,/glade/work/jiachengye/33200/gpcp/daily/2018/gpcp_v01r03_daily_d20180418_c20180713.nc
2018-04-19,0.04181356760981233,0.259959241636115,288,/glade/work/jiachengye/33200/gpcp/daily/2018/gpcp_v01r03_daily_d20180419_c20180713.nc
2018-04-20,1.1451678779403784,2.843082371215332,288,/glade/work/jiachengye/33200/gpcp/daily/2018/gpcp_v01r03_daily_d20180420_c20180713.nc
2018-04-21,3.3029413051249406,4.963394601426591,288,/glade/work/jiachengye/33200/gpcp/daily/2018/gpcp_v01r03_daily_d20180421_c20180713.nc
2018-04-22,0.7651631478982107,2.4809924014855262,288,/glade/work/jiachengye/33200/gpcp/daily/2018/gpcp_v01r03_daily_d20180422_c20180713.nc
2018-04-23,1.1818571383381347,4.8504649646588,288,/glade/work/jiachengye/33200/gpcp/daily/2018/gpcp_v01r03_daily_d20180423_c20180713.nc
2018-04-24,1.6871346095326625,3.564196136056506,288,/glade/work/jiachengye/33200/gpcp/daily/2018/gpcp_v01r03_daily_d20180424_c20180713.nc
2018-04-25,0.5378096842604695,1.687219854301786,288,/glade/work/jiachengye/33200/gpcp/daily/2018/gpcp_v01r03_daily_d20180425_c20180713.nc
2018-04-26,0.14591491050682806,0.6502323737869989,288,/glade/work/jiachengye/33200/gpcp/daily/2018/gpcp_v01r03_daily_d20180426_c20180713.nc
2018-04-27,0.20204822369337874,0.7718602647792279,288,/glade/work/jiachengye/33200/gpcp/daily/2018/gpcp_v01r03_daily_d20180427_c20180713.nc
2018-04-28,0.055929270538012686,0.3398116809017383,288,/glade/work/jiachengye/33200/gpcp/daily/2018/gpcp_v01r03_daily_d20180428_c20180713.nc
2018-04-29,0.06742511967470749,0.37091299019273083,288,/glade/work/jiachengye/33200/gpcp/daily/2018/gpcp_v01r03_daily_d20180429_c20180713.nc
2018-04-30,0.8311824302025375,1.7419790351012798,288,/glade/work/jiachengye/33200/gpcp/daily/2018/gpcp_v01r03_daily_d20180430_c20180713.nc
2018-05-01,2.2723486915627986,2.717637910853385,288,/glade/work/jiachengye/33200/gpcp/daily/2018/gpcp_v01r03_daily_d20180501_c20180814.nc
2018-05-02,7.026637921841185,10.042847111923734,288,/glade/work/jiachengye/33200/gpcp/daily/2018/gpcp_v01r03_daily_d20180502_c20180814.nc
2018-05-03,8.492727238623624,10.06912087378397,288,/glade/work/jiachengye/33200/gpcp/daily/2018/gpcp_v01r03_daily_d20180503_c20180814.nc
2018-05-04,2.3555083281608207,3.5913132657187368,288,/glade/work/jiachengye/33200/gpcp/daily/2018/gpcp_v01r03_daily_d20180504_c20180814.nc
2018-05-05,2.0720870456335296,6.110548849630126,288,/glade/work/jiachengye/33200/gpcp/daily/2018/gpcp_v01r03_daily_d20180505_c20180814.nc
2018-05-06,1.8645171008504684,3.436331711048514,288,/glade/work/jiachengye/33200/gpcp/daily/2018/gpcp_v01r03_daily_d20180506_c20180814.nc
2018-05-07,0.5806144613909052,1.6872482942039486,288,/glade/work/jiachengye/33200/gpcp/daily/2018/gpcp_v01r03_daily_d20180507_c20180814.nc
2018-05-08,2.5951225642931743,4.24695011088647,288,/glade/work/jiachengye/33200/gpcp/daily/2018/gpcp_v01r03_daily_d20180508_c20180814.nc
2018-05-09,4.067783744057227,5.477102888363949,288,/glade/work/jiachengye/33200/gpcp/daily/2018/gpcp_v01r03_daily_d20180509_c20180814.nc
2018-05-10,3.1117604222947093,3.924432981814625,288,/glade/work/jiachengye/33200/gpcp/daily/2018/gpcp_v01r03_daily_d20180510_c20180814.nc
2018-05-11,5.36798848200156,5.4327993912229315,288,/glade/work/jiachengye/33200/gpcp/daily/2018/gpcp_v01r03_daily_d20180511_c20180814.nc
2018-05-12,4.291935708119023,4.838116939817286,288,/glade/work/jiachengye/33200/gpcp/daily/2018/gpcp_v01r03_daily_d20180512_c20180814.nc
2018-05-13,1.6569916109224767,3.6398843522397484,288,/glade/work/jiachengye/33200/gpcp/daily/2018/gpcp_v01r03_daily_d20180513_c20180814.nc
2018-05-14,4.961239170348619,6.813944263541821,288,/glade/work/jiachengye/33200/gpcp/daily/2018/gpcp_v01r03_daily_d20180514_c20180814.nc
2018-05-15,5.640066377582287,8.516522036531509,288,/glade/work/jiachengye/33200/gpcp/daily/2018/gpcp_v01r03_daily_d20180515_c20180814.nc
2018-05-16,1.6641374838844958,4.3737518967737055,288,/glade/work/jiachengye/33200/gpcp/daily/2018/gpcp_v01r03_daily_d20180516_c20180814.nc
2018-05-17,1.3554461688183148,2.5811916586610093,288,/glade/work/jiachengye/33200/gpcp/daily/2018/gpcp_v01r03_daily_d20180517_c20180814.nc
2018-05-18,3.6184101516163416,4.862074062996757,288,/glade/work/jiachengye/33200/gpcp/daily/2018/gpcp_v01r03_daily_d20180518_c20180814.nc
2018-05-19,6.305936237958444,7.126595851944925,288,/glade/work/jiachengye/33200/gpcp/daily/2018/gpcp_v01r03_daily_d20180519_c20180814.nc
2018-05-20,1.985383451693614,4.238729855546118,288,/glade/work/jiachengye/33200/gpcp/daily/2018/gpcp_v01r03_daily_d20180520_c20180814.nc
2018-05-21,3.0593690491233683,4.222387102579585,288,/glade/work/jiachengye/33200/gpcp/daily/2018/gpcp_v01r03_daily_d20180521_c20180814.nc
2018-05-22,1.8795768466308787,3.2425278075577184,288,/glade/work/jiachengye/33200/gpcp/daily/2018/gpcp_v01r03_daily_d20180522_c20180814.nc
2018-05-23,2.566880794541621,4.010973238315337,288,/glade/work/jiachengye/33200/gpcp/daily/2018/gpcp_v01r03_daily_d20180523_c20180814.nc
2018-05-24,2.143655002046118,3.8268858176002416,288,/glade/work/jiachengye/33200/gpcp/daily/2018/gpcp_v01r03_daily_d20180524_c20180814.nc
2018-05-25,2.3359402080287897,3.583277913472126,288,/glade/work/jiachengye/33200/gpcp/daily/2018/gpcp_v01r03_daily_d20180525_c20180814.nc
2018-05-26,1.4981872137809173,2.2621554698715998,288,/glade/work/jiachengye/33200/gpcp/daily/2018/gpcp_v01r03_daily_d20180526_c20180814.nc
2018-05-27,2.593364129019934,3.229936814994614,288,/glade/work/jiachengye/33200/gpcp/daily/2018/gpcp_v01r03_daily_d20180527_c20180814.nc
2018-05-28,4.890137548906836,7.1377413337927695,288,/glade/work/jiachengye/33200/gpcp/daily/2018/gpcp_v01r03_daily_d20180528_c20180814.nc
2018-05-29,4.92809372610217,7.205814627840771,288,/glade/work/jiachengye/33200/gpcp/daily/2018/gpcp_v01r03_daily_d20180529_c20180814.nc
2018-05-30,4.36175713682159,4.634491533885413,288,/glade/work/jiachengye/33200/gpcp/daily/2018/gpcp_v01r03_daily_d20180530_c20180814.nc
2018-05-31,2.7529016943624858,3.9596438203415474,288,/glade/work/jiachengye/33200/gpcp/daily/2018/gpcp_v01r03_daily_d20180531_c20180814.nc
2018-06-01,1.457478630740297,3.3706788485325654,288,/glade/work/jiachengye/33200/gpcp/daily/2018/gpcp_v01r03_daily_d20180601_c20180912.nc
2018-06-02,3.5868663068888713,6.1018672318365335,288,/glade/work/jiachengye/33200/gpcp/daily/2018/gpcp_v01r03_daily_d20180602_c20180912.nc
2018-06-03,1.1296324724667974,2.6243741249681305,288,/glade/work/jiachengye/33200/gpcp/daily/2018/gpcp_v01r03_daily_d20180603_c20180912.nc
2018-06-04,0.31886658393236667,1.1482953783867171,288,/glade/work/jiachengye/33200/gpcp/daily/2018/gpcp_v01r03_daily_d20180604_c20180912.nc
2018-06-05,0.5857246888313974,1.6744720092944985,288,/glade/work/jiachengye/33200/gpcp/daily/2018/gpcp_v01r03_daily_d20180605_c20180912.nc
2018-06-06,3.3955274282597254,4.999023443917002,288,/glade/work/jiachengye/33200/gpcp/daily/2018/gpcp_v01r03_daily_d20180606_c20180912.nc
2018-06-07,6.967796054366402,9.925601518444271,288,/glade/work/jiachengye/33200/gpcp/daily/2018/gpcp_v01r03_daily_d20180607_c20180912.nc
2018-06-08,3.7367063504818603,5.430932684529698,288,/glade/work/jiachengye/33200/gpcp/daily/2018/gpcp_v01r03_daily_d20180608_c20180912.nc
2018-06-09,4.838171246981459,5.428168755765277,288,/glade/work/jiachengye/33200/gpcp/daily/2018/gpcp_v01r03_daily_d20180609_c20180912.nc
2018-06-10,4.404990081045259,7.8713817567281685,288,/glade/work/jiachengye/33200/gpcp/daily/2018/gpcp_v01r03_daily_d20180610_c20180912.nc
2018-06-11,5.626139397446468,8.393001355662255,288,/glade/work/jiachengye/33200/gpcp/daily/2018/gpcp_v01r03_daily_d20180611_c20180912.nc
2018-06-12,7.651856927639172,15.235404608050388,288,/glade/work/jiachengye/33200/gpcp/daily/2018/gpcp_v01r03_daily_d20180612_c20180912.nc
2018-06-13,3.9503885557456484,6.484095308676593,288,/glade/work/jiachengye/33200/gpcp/daily/2018/gpcp_v01r03_daily_d20180613_c20180912.nc
2018-06-14,3.6727617771203445,6.001983216038589,288,/glade/work/jiachengye/33200/gpcp/daily/2018/gpcp_v01r03_daily_d20180614_c20180912.nc
2018-06-15,3.7175485905583177,5.226508317373278,288,/glade/work/jiachengye/33200/gpcp/daily/2018/gpcp_v01r03_daily_d20180615_c20180912.nc
2018-06-16,5.106811707354973,5.857777757477384,288,/glade/work/jiachengye/33200/gpcp/daily/2018/gpcp_v01r03_daily_d20180616_c20180912.nc
2018-06-17,5.780481175721988,6.8981288982331534,288,/glade/work/jiachengye/33200/gpcp/daily/2018/gpcp_v01r03_daily_d20180617_c20180912.nc
2018-06-18,3.7510126387183105,4.754127229984844,288,/glade/work/jiachengye/33200/gpcp/daily/2018/gpcp_v01r03_daily_d20180618_c20180912.nc
2018-06-19,4.336340003286826,5.509043123790092,288,/glade/work/jiachengye/33200/gpcp/daily/2018/gpcp_v01r03_daily_d20180619_c20180912.nc
2018-06-20,5.640655382698556,6.599109905220519,288,/glade/work/jiachengye/33200/gpcp/daily/2018/gpcp_v01r03_daily_d20180620_c20180912.nc
2018-06-21,4.574378529701078,7.058505344294603,288,/glade/work/jiachengye/33200/gpcp/daily/2018/gpcp_v01r03_daily_d20180621_c20180912.nc
2018-06-22,2.692128920183342,4.243165880614855,288,/glade/work/jiachengye/33200/gpcp/daily/2018/gpcp_v01r03_daily_d20180622_c20180912.nc
2018-06-23,2.134203935027282,2.9647711121712566,288,/glade/work/jiachengye/33200/gpcp/daily/2018/gpcp_v01r03_daily_d20180623_c20180912.nc
2018-06-24,6.204772885483169,9.22220526520528,288,/glade/work/jiachengye/33200/gpcp/daily/2018/gpcp_v01r03_daily_d20180624_c20180912.nc
2018-06-25,5.4880641530155145,7.1146024624981745,288,/glade/work/jiachengye/33200/gpcp/daily/2018/gpcp_v01r03_daily_d20180625_c20180912.nc
2018-06-26,5.3457971304512855,8.632127426683018,288,/glade/work/jiachengye/33200/gpcp/daily/2018/gpcp_v01r03_daily_d20180626_c20180912.nc
2018-06-27,3.6067203751829267,5.1537530012350246,288,/glade/work/jiachengye/33200/gpcp/daily/2018/gpcp_v01r03_daily_d20180627_c20180912.nc
2018-06-28,3.995999631857296,8.522782276667758,288,/glade/work/jiachengye/33200/gpcp/daily/2018/gpcp_v01r03_daily_d20180628_c20180912.nc
2018-06-29,5.043396420404425,7.68728349125147,288,/glade/work/jiachengye/33200/gpcp/daily/2018/gpcp_v01r03_daily_d20180629_c20180912.nc
2018-06-30,4.583764022644225,6.1736537033826595,288,/glade/work/jiachengye/33200/gpcp/daily/2018/gpcp_v01r03_daily_d20180630_c20180912.nc
2018-07-01,7.140402269683404,8.49693269894019,288,/glade/work/jiachengye/33200/gpcp/daily/2018/gpcp_v01r03_daily_d20180701_c20181010.nc
2018-07-02,2.8260591731450826,5.743775583930807,288,/glade/work/jiachengye/33200/gpcp/daily/2018/gpcp_v01r03_daily_d20180702_c20181010.nc
2018-07-03,4.354830988984819,6.387149572077392,288,/glade/work/jiachengye/33200/gpcp/daily/2018/gpcp_v01r03_daily_d20180703_c20181010.nc
2018-07-04,3.309429071167993,4.5402826978245,288,/glade/work/jiachengye/33200/gpcp/daily/2018/gpcp_v01r03_daily_d20180704_c20181010.nc
2018-07-05,4.220974645032284,5.865410441304724,288,/glade/work/jiachengye/33200/gpcp/daily/2018/gpcp_v01r03_daily_d20180705_c20181010.nc
2018-07-06,2.1979532532049606,6.275212697760319,288,/glade/work/jiachengye/33200/gpcp/daily/2018/gpcp_v01r03_daily_d20180706_c20181010.nc
2018-07-07,0.05321927488591791,0.3854845553447898,288,/glade/work/jiachengye/33200/gpcp/daily/2018/gpcp_v01r03_daily_d20180707_c20181010.nc
2018-07-08,1.054442866753474,2.682756580715231,288,/glade/work/jiachengye/33200/gpcp/daily/2018/gpcp_v01r03_daily_d20180708_c20181010.nc
2018-07-09,1.008648239158753,2.3637105902415523,288,/glade/work/jiachengye/33200/gpcp/daily/2018/gpcp_v01r03_daily_d20180709_c20181010.nc
2018-07-10,1.1301473864355023,2.5872057865693443,288,/glade/work/jiachengye/33200/gpcp/daily/2018/gpcp_v01r03_daily_d20180710_c20181010.nc
2018-07-11,1.9354887318196625,3.39835433634787,288,/glade/work/jiachengye/33200/gpcp/daily/2018/gpcp_v01r03_daily_d20180711_c20181010.nc
2018-07-12,4.319757297317099,6.642737046187984,288,/glade/work/jiachengye/33200/gpcp/daily/2018/gpcp_v01r03_daily_d20180712_c20181010.nc
2018-07-13,4.314257912226269,6.238663757111401,288,/glade/work/jiachengye/33200/gpcp/daily/2018/gpcp_v01r03_daily_d20180713_c20181010.nc
2018-07-14,4.074013091828968,6.652346628155831,288,/glade/work/jiachengye/33200/gpcp/daily/2018/gpcp_v01r03_daily_d20180714_c20181010.nc
2018-07-15,5.151387691113575,9.289936045752107,288,/glade/work/jiachengye/33200/gpcp/daily/2018/gpcp_v01r03_daily_d20180715_c20181010.nc
2018-07-16,1.987214893960417,3.07730864389863,288,/glade/work/jiachengye/33200/gpcp/daily/2018/gpcp_v01r03_daily_d20180716_c20181010.nc
2018-07-17,3.349893257517941,6.274583567527404,288,/glade/work/jiachengye/33200/gpcp/daily/2018/gpcp_v01r03_daily_d20180717_c20181010.nc
2018-07-18,1.9858818041599429,3.9447651617185917,288,/glade/work/jiachengye/33200/gpcp/daily/2018/gpcp_v01r03_daily_d20180718_c20181010.nc
2018-07-19,2.8351339212500593,5.160775144394329,288,/glade/work/jiachengye/33200/gpcp/daily/2018/gpcp_v01r03_daily_d20180719_c20181010.nc
2018-07-20,3.526564440051972,4.366634106983634,288,/glade/work/jiachengye/33200/gpcp/daily/2018/gpcp_v01r03_daily_d20180720_c20181010.nc
2018-07-21,3.9370182510796123,6.101249792213388,288,/glade/work/jiachengye/33200/gpcp/daily/2018/gpcp_v01r03_daily_d20180721_c20181010.nc
2018-07-22,3.040411151529855,4.62188811745478,288,/glade/work/jiachengye/33200/gpcp/daily/2018/gpcp_v01r03_daily_d20180722_c20181010.nc
2018-07-23,2.758162552023719,5.886179827754771,288,/glade/work/jiachengye/33200/gpcp/daily/2018/gpcp_v01r03_daily_d20180723_c20181010.nc
2018-07-24,1.7769692113755962,4.440733443369408,288,/glade/work/jiachengye/33200/gpcp/daily/2018/gpcp_v01r03_daily_d20180724_c20181010.nc
2018-07-25,2.0008346396051317,3.5494498276447,288,/glade/work/jiachengye/33200/gpcp/daily/2018/gpcp_v01r03_daily_d20180725_c20181010.nc
2018-07-26,2.2176436269728095,4.309461369917025,288,/glade/work/jiachengye/33200/gpcp/daily/2018/gpcp_v01r03_daily_d20180726_c20181010.nc
2018-07-27,1.107042993285946,2.121634343956563,288,/glade/work/jiachengye/33200/gpcp/daily/2018/gpcp_v01r03_daily_d20180727_c20181010.nc
2018-07-28,2.1420340559755346,3.9101597999426123,288,/glade/work/jiachengye/33200/gpcp/daily/2018/gpcp_v01r03_daily_d20180728_c20181010.nc
2018-07-29,4.055739677678115,5.690952461251005,288,/glade/work/jiachengye/33200/gpcp/daily/2018/gpcp_v01r03_daily_d20180729_c20181010.nc
2018-07-30,2.2247182416316607,3.657109949367816,288,/glade/work/jiachengye/33200/gpcp/daily/2018/gpcp_v01r03_daily_d20180730_c20181010.nc
2018-07-31,2.017631996327633,4.628784503003781,288,/glade/work/jiachengye/33200/gpcp/daily/2018/gpcp_v01r03_daily_d20180731_c20181010.nc
2018-08-01,2.8253908138653907,4.805842565810026,288,/glade/work/jiachengye/33200/gpcp/daily/2018/gpcp_v01r03_daily_d20180801_c20181106.nc
2018-08-02,1.5503376838249256,3.9176768456924034,288,/glade/work/jiachengye/33200/gpcp/daily/2018/gpcp_v01r03_daily_d20180802_c20181106.nc
2018-08-03,1.992058528707998,3.8621372361457738,288,/glade/work/jiachengye/33200/gpcp/daily/2018/gpcp_v01r03_daily_d20180803_c20181106.nc
2018-08-04,4.424022717227448,5.506564285730525,288,/glade/work/jiachengye/33200/gpcp/daily/2018/gpcp_v01r03_daily_d20180804_c20181106.nc
2018-08-05,3.529494028594934,5.016443814840794,288,/glade/work/jiachengye/33200/gpcp/daily/2018/gpcp_v01r03_daily_d20180805_c20181106.nc
2018-08-06,5.974568919449925,7.209634242383575,288,/glade/work/jiachengye/33200/gpcp/daily/2018/gpcp_v01r03_daily_d20180806_c20181106.nc
2018-08-07,7.046002709935488,7.427589990992172,288,/glade/work/jiachengye/33200/gpcp/daily/2018/gpcp_v01r03_daily_d20180807_c20181106.nc
2018-08-08,3.6265386530116053,5.5427067864842945,288,/glade/work/jiachengye/33200/gpcp/daily/2018/gpcp_v01r03_daily_d20180808_c20181106.nc
2018-08-09,0.9807036117821888,2.267066711153716,288,/glade/work/jiachengye/33200/gpcp/daily/2018/gpcp_v01r03_daily_d20180809_c20181106.nc
2018-08-10,0.6533686772117685,1.689242379916554,288,/glade/work/jiachengye/33200/gpcp/daily/2018/gpcp_v01r03_daily_d20180810_c20181106.nc
2018-08-11,1.9068967630924045,4.147085969095728,288,/glade/work/jiachengye/33200/gpcp/daily/2018/gpcp_v01r03_daily_d20180811_c20181106.nc
2018-08-12,0.40401023525221474,1.6127768071903053,288,/glade/work/jiachengye/33200/gpcp/daily/2018/gpcp_v01r03_daily_d20180812_c20181106.nc
2018-08-13,0.8982549713716667,2.517635902397629,288,/glade/work/jiachengye/33200/gpcp/daily/2018/gpcp_v01r03_daily_d20180813_c20181106.nc
2018-08-14,2.4591006263304003,3.7471279393914476,288,/glade/work/jiachengye/33200/gpcp/daily/2018/gpcp_v01r03_daily_d20180814_c20181106.nc
2018-08-15,2.660785518721426,4.330692828681218,288,/glade/work/jiachengye/33200/gpcp/daily/2018/gpcp_v01r03_daily_d20180815_c20181106.nc
2018-08-16,2.65052213718785,5.72305813156574,288,/glade/work/jiachengye/33200/gpcp/daily/2018/gpcp_v01r03_daily_d20180816_c20181106.nc
2018-08-17,4.496473938511711,6.958528870819449,288,/glade/work/jiachengye/33200/gpcp/daily/2018/gpcp_v01r03_daily_d20180817_c20181106.nc
2018-08-18,0.6393637420515464,1.9088552211210743,288,/glade/work/jiachengye/33200/gpcp/daily/2018/gpcp_v01r03_daily_d20180818_c20181106.nc
2018-08-19,4.907595858682087,6.539111312248142,288,/glade/work/jiachengye/33200/gpcp/daily/2018/gpcp_v01r03_daily_d20180819_c20181106.nc
2018-08-20,7.299191858902412,8.243828260034409,288,/glade/work/jiachengye/33200/gpcp/daily/2018/gpcp_v01r03_daily_d20180820_c20181106.nc
2018-08-21,4.398143425493516,4.744009852555376,288,/glade/work/jiachengye/33200/gpcp/daily/2018/gpcp_v01r03_daily_d20180821_c20181106.nc
2018-08-22,0.8302986563186778,2.6285013994261144,288,/glade/work/jiachengye/33200/gpcp/daily/2018/gpcp_v01r03_daily_d20180822_c20181106.nc
2018-08-23,1.3115655428459603,3.966919179371564,288,/glade/work/jiachengye/33200/gpcp/daily/2018/gpcp_v01r03_daily_d20180823_c20181106.nc
2018-08-24,5.464186749303147,8.693132489263569,288,/glade/work/jiachengye/33200/gpcp/daily/2018/gpcp_v01r03_daily_d20180824_c20181106.nc
2018-08-25,2.8216909182201975,4.13318346811166,288,/glade/work/jiachengye/33200/gpcp/daily/2018/gpcp_v01r03_daily_d20180825_c20181106.nc
2018-08-26,3.734350218000853,4.727567716375302,288,/glade/work/jiachengye/33200/gpcp/daily/2018/gpcp_v01r03_daily_d20180826_c20181106.nc
2018-08-27,4.881846842059394,5.783447590448453,288,/glade/work/jiachengye/33200/gpcp/daily/2018/gpcp_v01r03_daily_d20180827_c20181106.nc
2018-08-28,4.2257319607176145,5.852571809042888,288,/glade/work/jiachengye/33200/gpcp/daily/2018/gpcp_v01r03_daily_d20180828_c20181106.nc
2018-08-29,5.949175359327413,10.10889469385671,288,/glade/work/jiachengye/33200/gpcp/daily/2018/gpcp_v01r03_daily_d20180829_c20181106.nc
2018-08-30,3.2057661139119302,7.261246289649039,288,/glade/work/jiachengye/33200/gpcp/daily/2018/gpcp_v01r03_daily_d20180830_c20181106.nc
2018-08-31,4.627125487564803,8.307055623518703,288,/glade/work/jiachengye/33200/gpcp/daily/2018/gpcp_v01r03_daily_d20180831_c20181106.nc
2018-09-01,8.851312787587624,11.119205813739736,288,/glade/work/jiachengye/33200/gpcp/daily/2018/gpcp_v01r03_daily_d20180901_c20181207.nc
2018-09-02,6.859086332744167,8.796005916471515,288,/glade/work/jiachengye/33200/gpcp/daily/2018/gpcp_v01r03_daily_d20180902_c20181207.nc
2018-09-03,8.171940978539887,12.812208305494906,288,/glade/work/jiachengye/33200/gpcp/daily/2018/gpcp_v01r03_daily_d20180903_c20181207.nc
2018-09-04,7.368827369370133,8.734188299049693,288,/glade/work/jiachengye/33200/gpcp/daily/2018/gpcp_v01r03_daily_d20180904_c20181207.nc
2018-09-05,5.97554553117869,7.3414147373574465,288,/glade/work/jiachengye/33200/gpcp/daily/2018/gpcp_v01r03_daily_d20180905_c20181207.nc
2018-09-06,2.6304455086525613,4.251766930689403,288,/glade/work/jiachengye/33200/gpcp/daily/2018/gpcp_v01r03_daily_d20180906_c20181207.nc
2018-09-07,4.4288434546381525,7.221203752854951,288,/glade/work/jiachengye/33200/gpcp/daily/2018/gpcp_v01r03_daily_d20180907_c20181207.nc
2018-09-08,10.520319750846372,17.462415939378758,288,/glade/work/jiachengye/33200/gpcp/daily/2018/gpcp_v01r03_daily_d20180908_c20181207.nc
2018-09-09,4.922132147449817,11.07647758224691,288,/glade/work/jiachengye/33200/gpcp/daily/2018/gpcp_v01r03_daily_d20180909_c20181207.nc
2018-09-10,0.7985489116530292,2.3117399820845015,288,/glade/work/jiachengye/33200/gpcp/daily/2018/gpcp_v01r03_daily_d20180910_c20181207.nc
2018-09-11,0.19572534766946503,0.9568450379362461,288,/glade/work/jiachengye/33200/gpcp/daily/2018/gpcp_v01r03_daily_d20180911_c20181207.nc
2018-09-12,0.5126577129597581,1.469376603853414,288,/glade/work/jiachengye/33200/gpcp/daily/2018/gpcp_v01r03_daily_d20180912_c20181207.nc
2018-09-13,0.18322199423147187,0.9412973980670728,288,/glade/work/jiachengye/33200/gpcp/daily/2018/gpcp_v01r03_daily_d20180913_c20181207.nc
2018-09-14,0.17253940374077534,0.8212508623052761,288,/glade/work/jiachengye/33200/gpcp/daily/2018/gpcp_v01r03_daily_d20180914_c20181207.nc
2018-09-15,0.7301953161131386,2.3987389932736103,288,/glade/work/jiachengye/33200/gpcp/daily/2018/gpcp_v01r03_daily_d20180915_c20181207.nc
2018-09-16,0.4122385404025639,1.5696598417517085,288,/glade/work/jiachengye/33200/gpcp/daily/2018/gpcp_v01r03_daily_d20180916_c20181207.nc
2018-09-17,1.4901691948611655,3.715238286138762,288,/glade/work/jiachengye/33200/gpcp/daily/2018/gpcp_v01r03_daily_d20180917_c20181207.nc
2018-09-18,2.3177255394406795,3.9868773638124617,288,/glade/work/jiachengye/33200/gpcp/daily/2018/gpcp_v01r03_daily_d20180918_c20181207.nc
2018-09-19,2.492879395008596,4.157336393498748,288,/glade/work/jiachengye/33200/gpcp/daily/2018/gpcp_v01r03_daily_d20180919_c20181207.nc
2018-09-20,7.040160665357786,7.05263699168601,288,/glade/work/jiachengye/33200/gpcp/daily/2018/gpcp_v01r03_daily_d20180920_c20181207.nc
2018-09-21,2.501360217402058,4.137209789667172,288,/glade/work/jiachengye/33200/gpcp/daily/2018/gpcp_v01r03_daily_d20180921_c20181207.nc
2018-09-22,3.0218432779904236,6.055157484565528,288,/glade/work/jiachengye/33200/gpcp/daily/2018/gpcp_v01r03_daily_d20180922_c20181207.nc
2018-09-23,5.221565863393615,9.317347252040708,288,/glade/work/jiachengye/33200/gpcp/daily/2018/gpcp_v01r03_daily_d20180923_c20181207.nc
2018-09-24,5.024351729212961,7.685018230884057,288,/glade/work/jiachengye/33200/gpcp/daily/2018/gpcp_v01r03_daily_d20180924_c20181207.nc
2018-09-25,4.596777811496555,6.040840905419565,288,/glade/work/jiachengye/33200/gpcp/daily/2018/gpcp_v01r03_daily_d20180925_c20181207.nc
2018-09-26,2.7649345042509683,5.058376054644712,288,/glade/work/jiachengye/33200/gpcp/daily/2018/gpcp_v01r03_daily_d20180926_c20181207.nc
2018-09-27,5.411797934532911,5.883255283236557,288,/glade/work/jiachengye/33200/gpcp/daily/2018/gpcp_v01r03_daily_d20180927_c20181207.nc
2018-09-28,3.445509009079675,4.241256006809409,288,/glade/work/jiachengye/33200/gpcp/daily/2018/gpcp_v01r03_daily_d20180928_c20181207.nc
2018-09-29,1.4395335769575317,2.0558436611645114,288,/glade/work/jiachengye/33200/gpcp/daily/2018/gpcp_v01r03_daily_d20180929_c20181207.nc
2018-09-30,2.3810280212247537,3.1652049179730883,288,/glade/work/jiachengye/33200/gpcp/daily/2018/gpcp_v01r03_daily_d20180930_c20181207.nc
2018-10-01,4.533147225620772,5.8810210409335095,288,/glade/work/jiachengye/33200/gpcp/daily/2018/gpcp_v01r03_daily_d20181001_c20190115.nc
2018-10-02,1.1752371084756017,2.154275300327466,288,/glade/work/jiachengye/33200/gpcp/daily/2018/gpcp_v01r03_daily_d20181002_c20190115.nc
2018-10-03,3.597558064032971,5.481130731750911,288,/glade/work/jiachengye/33200/gpcp/daily/2018/gpcp_v01r03_daily_d20181003_c20190115.nc
2018-10-04,4.124814333613855,6.682833129207485,288,/glade/work/jiachengye/33200/gpcp/daily/2018/gpcp_v01r03_daily_d20181004_c20190115.nc
2018-10-05,4.069199983302418,4.404117524805545,288,/glade/work/jiachengye/33200/gpcp/daily/2018/gpcp_v01r03_daily_d20181005_c20190115.nc
2018-10-06,4.575936024642454,6.915837960556003,288,/glade/work/jiachengye/33200/gpcp/daily/2018/gpcp_v01r03_daily_d20181006_c20190115.nc
2018-10-07,8.237944944205148,10.531581274099485,288,/glade/work/jiachengye/33200/gpcp/daily/2018/gpcp_v01r03_daily_d20181007_c20190115.nc
2018-10-08,14.34560292072068,15.865418127107745,287,/glade/work/jiachengye/33200/gpcp/daily/2018/gpcp_v01r03_daily_d20181008_c20190115.nc
2018-10-09,6.131652473887788,6.388395867176292,288,/glade/work/jiachengye/33200/gpcp/daily/2018/gpcp_v01r03_daily_d20181009_c20190115.nc
2018-10-10,5.9822344786273804,7.001422943084505,288,/glade/work/jiachengye/33200/gpcp/daily/2018/gpcp_v01r03_daily_d20181010_c20190115.nc
2018-10-11,1.4273709119593159,4.431479436165211,288,/glade/work/jiachengye/33200/gpcp/daily/2018/gpcp_v01r03_daily_d20181011_c20190115.nc
2018-10-12,2.484744201810225,3.8075972112892287,288,/glade/work/jiachengye/33200/gpcp/daily/2018/gpcp_v01r03_daily_d20181012_c20190115.nc
2018-10-13,0.49892381429014837,1.397969258586904,288,/glade/work/jiachengye/33200/gpcp/daily/2018/gpcp_v01r03_daily_d20181013_c20190115.nc
2018-10-14,2.146155499488059,2.8080870153809547,288,/glade/work/jiachengye/33200/gpcp/daily/2018/gpcp_v01r03_daily_d20181014_c20190115.nc
2018-10-15,2.0116309052573147,3.464537923229372,288,/glade/work/jiachengye/33200/gpcp/daily/2018/gpcp_v01r03_daily_d20181015_c20190115.nc
2018-10-16,0.8371855661532926,2.1376792961814792,288,/glade/work/jiachengye/33200/gpcp/daily/2018/gpcp_v01r03_daily_d20181016_c20190115.nc
2018-10-17,0.09065686708536952,0.3360293345011291,288,/glade/work/jiachengye/33200/gpcp/daily/2018/gpcp_v01r03_daily_d20181017_c20190115.nc
2018-10-18,0.31250066627027545,0.9881126593924906,288,/glade/work/jiachengye/33200/gpcp/daily/2018/gpcp_v01r03_daily_d20181018_c20190115.nc
2018-10-19,3.762512503838528,6.106901696949222,288,/glade/work/jiachengye/33200/gpcp/daily/2018/gpcp_v01r03_daily_d20181019_c20190115.nc
2018-10-20,3.146232614321757,7.0545721009537035,288,/glade/work/jiachengye/33200/gpcp/daily/2018/gpcp_v01r03_daily_d20181020_c20190115.nc
2018-10-21,0.4623873657492483,1.2313390655034469,288,/glade/work/jiachengye/33200/gpcp/daily/2018/gpcp_v01r03_daily_d20181021_c20190115.nc
2018-10-22,0.07892594772471402,0.4326196247249721,288,/glade/work/jiachengye/33200/gpcp/daily/2018/gpcp_v01r03_daily_d20181022_c20190115.nc
2018-10-23,0.20871734939844525,0.8697633697977304,288,/glade/work/jiachengye/33200/gpcp/daily/2018/gpcp_v01r03_daily_d20181023_c20190115.nc
2018-10-24,1.0169434615948545,2.233862083096267,288,/glade/work/jiachengye/33200/gpcp/daily/2018/gpcp_v01r03_daily_d20181024_c20190115.nc
2018-10-25,7.191032522878204,6.880152938363871,288,/glade/work/jiachengye/33200/gpcp/daily/2018/gpcp_v01r03_daily_d20181025_c20190115.nc
2018-10-26,4.716052612493982,6.221517571749837,288,/glade/work/jiachengye/33200/gpcp/daily/2018/gpcp_v01r03_daily_d20181026_c20190115.nc
2018-10-27,1.9951729402674576,3.1979047471839395,288,/glade/work/jiachengye/33200/gpcp/daily/2018/gpcp_v01r03_daily_d20181027_c20190115.nc
2018-10-28,1.9518755811351929,3.5889286855301057,288,/glade/work/jiachengye/33200/gpcp/daily/2018/gpcp_v01r03_daily_d20181028_c20190115.nc
2018-10-29,1.136019403878612,2.2177689145335013,288,/glade/work/jiachengye/33200/gpcp/daily/2018/gpcp_v01r03_daily_d20181029_c20190115.nc
2018-10-30,2.5605074089694124,4.000421105776376,288,/glade/work/jiachengye/33200/gpcp/daily/2018/gpcp_v01r03_daily_d20181030_c20190115.nc
2018-10-31,6.878760796387961,9.616026040410567,288,/glade/work/jiachengye/33200/gpcp/daily/2018/gpcp_v01r03_daily_d20181031_c20190115.nc
2018-11-01,11.711021775712782,17.42860168354514,288,/glade/work/jiachengye/33200/gpcp/daily/2018/gpcp_v01r03_daily_d20181101_c20190208.nc
2018-11-02,1.9013911725957398,5.132445525310502,288,/glade/work/jiachengye/33200/gpcp/daily/2018/gpcp_v01r03_daily_d20181102_c20190208.nc
2018-11-03,2.0056975372058314,2.7358453665458127,288,/glade/work/jiachengye/33200/gpcp/daily/2018/gpcp_v01r03_daily_d20181103_c20190208.nc
2018-11-04,3.477887324007834,4.875126999021808,288,/glade/work/jiachengye/33200/gpcp/daily/2018/gpcp_v01r03_daily_d20181104_c20190208.nc
2018-11-05,3.164559764433089,3.2853892831697946,288,/glade/work/jiachengye/33200/gpcp/daily/2018/gpcp_v01r03_daily_d20181105_c20190208.nc
2018-11-06,3.3176549581982946,4.9157496341606075,288,/glade/work/jiachengye/33200/gpcp/daily/2018/gpcp_v01r03_daily_d20181106_c20190208.nc
2018-11-07,0.6192153897287778,1.5295486137956869,288,/glade/work/jiachengye/33200/gpcp/daily/2018/gpcp_v01r03_daily_d20181107_c20190208.nc
2018-11-08,0.061651495778452164,0.2892366429182248,288,/glade/work/jiachengye/33200/gpcp/daily/2018/gpcp_v01r03_daily_d20181108_c20190208.nc
2018-11-09,2.366558119252757,3.7571024712619847,288,/glade/work/jiachengye/33200/gpcp/daily/2018/gpcp_v01r03_daily_d20181109_c20190208.nc
2018-11-10,1.0255664421597703,1.8112282321869841,288,/glade/work/jiachengye/33200/gpcp/daily/2018/gpcp_v01r03_daily_d20181110_c20190208.nc
2018-11-11,0.2694349932973629,0.7404568339764577,288,/glade/work/jiachengye/33200/gpcp/daily/2018/gpcp_v01r03_daily_d20181111_c20190208.nc
2018-11-12,1.1314297204935937,3.2957614469066683,288,/glade/work/jiachengye/33200/gpcp/daily/2018/gpcp_v01r03_daily_d20181112_c20190208.nc
2018-11-13,0.6646942140107943,2.1660883277993475,288,/glade/work/jiachengye/33200/gpcp/daily/2018/gpcp_v01r03_daily_d20181113_c20190208.nc
2018-11-14,0.8914045234001844,2.9762263998058187,288,/glade/work/jiachengye/33200/gpcp/daily/2018/gpcp_v01r03_daily_d20181114_c20190208.nc
2018-11-15,7.755315095182922,13.763289866455768,288,/glade/work/jiachengye/33200/gpcp/daily/2018/gpcp_v01r03_daily_d20181115_c20190208.nc
2018-11-16,1.0154112069277779,1.8570557854354046,288,/glade/work/jiachengye/33200/gpcp/daily/2018/gpcp_v01r03_daily_d20181116_c20190208.nc
2018-11-17,1.0534925344596502,2.2696820847227737,288,/glade/work/jiachengye/33200/gpcp/daily/2018/gpcp_v01r03_daily_d20181117_c20190208.nc
2018-11-18,0.541248298028511,1.4037848316460504,288,/glade/work/jiachengye/33200/gpcp/daily/2018/gpcp_v01r03_daily_d20181118_c20190208.nc
2018-11-19,1.1526765303501885,2.380211124123612,288,/glade/work/jiachengye/33200/gpcp/daily/2018/gpcp_v01r03_daily_d20181119_c20190208.nc
2018-11-20,0.5534913369595168,1.3167596209468315,288,/glade/work/jiachengye/33200/gpcp/daily/2018/gpcp_v01r03_daily_d20181120_c20190208.nc
2018-11-21,0.16581346222717333,0.5403196136471017,288,/glade/work/jiachengye/33200/gpcp/daily/2018/gpcp_v01r03_daily_d20181121_c20190208.nc
2018-11-22,0.3127065256533424,1.0366522297322338,288,/glade/work/jiachengye/33200/gpcp/daily/2018/gpcp_v01r03_daily_d20181122_c20190208.nc
2018-11-23,1.7993605217278754,2.6320711828796126,288,/glade/work/jiachengye/33200/gpcp/daily/2018/gpcp_v01r03_daily_d20181123_c20190208.nc
2018-11-24,3.051022504967197,3.706781801419862,288,/glade/work/jiachengye/33200/gpcp/daily/2018/gpcp_v01r03_daily_d20181124_c20190208.nc
2018-11-25,2.077892710477416,4.216255828258877,288,/glade/work/jiachengye/33200/gpcp/daily/2018/gpcp_v01r03_daily_d20181125_c20190208.nc
2018-11-26,1.465649068780121,4.158161544604064,288,/glade/work/jiachengye/33200/gpcp/daily/2018/gpcp_v01r03_daily_d20181126_c20190208.nc
2018-11-27,0.41401564215578684,1.086388467410614,288,/glade/work/jiachengye/33200/gpcp/daily/2018/gpcp_v01r03_daily_d20181127_c20190208.nc
2018-11-28,1.3250610270713707,1.9652916842031503,288,/glade/work/jiachengye/33200/gpcp/daily/2018/gpcp_v01r03_daily_d20181128_c20190208.nc
2018-11-29,1.0131724229757868,2.2304326026412684,288,/glade/work/jiachengye/33200/gpcp/daily/2018/gpcp_v01r03_daily_d20181129_c20190208.nc
2018-11-30,1.504600324220128,3.8437881842358057,288,/glade/work/jiachengye/33200/gpcp/daily/2018/gpcp_v01r03_daily_d20181130_c20190208.nc
2018-12-01,12.82183384311122,12.149178723762331,288,/glade/work/jiachengye/33200/gpcp/daily/2018/gpcp_v01r03_daily_d20181201_c20190306.nc
2018-12-02,2.3143523182386727,3.4254954093810817,288,/glade/work/jiachengye/33200/gpcp/daily/2018/gpcp_v01r03_daily_d20181202_c20190306.nc
2018-12-03,0.4301052858019072,1.1717096176071273,288,/glade/work/jiachengye/33200/gpcp/daily/2018/gpcp_v01r03_daily_d20181203_c20190306.nc
2018-12-04,0.00855597557984633,0.06212334049742611,288,/glade/work/jiachengye/33200/gpcp/daily/2018/gpcp_v01r03_daily_d20181204_c20190306.nc
2018-12-05,0.17764562387655716,0.6177398110710014,288,/glade/work/jiachengye/33200/gpcp/daily/2018/gpcp_v01r03_daily_d20181205_c20190306.nc
2018-12-06,0.7551109782140484,1.9966429237973793,288,/glade/work/jiachengye/33200/gpcp/daily/2018/gpcp_v01r03_daily_d20181206_c20190306.nc
2018-12-07,0.04012771624753543,0.18077446200549288,288,/glade/work/jiachengye/33200/gpcp/daily/2018/gpcp_v01r03_daily_d20181207_c20190306.nc
2018-12-08,0.766686594974808,3.4212505496451144,288,/glade/work/jiachengye/33200/gpcp/daily/2018/gpcp_v01r03_daily_d20181208_c20190306.nc
2018-12-09,1.912502512329489,6.1744468595758395,288,/glade/work/jiachengye/33200/gpcp/daily/2018/gpcp_v01r03_daily_d20181209_c20190306.nc
2018-12-10,0.07166794612354972,0.4685096378920917,288,/glade/work/jiachengye/33200/gpcp/daily/2018/gpcp_v01r03_daily_d20181210_c20190306.nc
2018-12-11,1.168903850533672,2.503994764487997,288,/glade/work/jiachengye/33200/gpcp/daily/2018/gpcp_v01r03_daily_d20181211_c20190306.nc
2018-12-12,1.7554841003365995,3.4540160675556555,288,/glade/work/jiachengye/33200/gpcp/daily/2018/gpcp_v01r03_daily_d20181212_c20190306.nc
2018-12-13,0.40439453290593863,0.9047075549261266,288,/glade/work/jiachengye/33200/gpcp/daily/2018/gpcp_v01r03_daily_d20181213_c20190306.nc
2018-12-14,1.835043962434633,5.487017583135863,288,/glade/work/jiachengye/33200/gpcp/daily/2018/gpcp_v01r03_daily_d20181214_c20190306.nc
2018-12-15,4.400074708575747,9.429761789550376,288,/glade/work/jiachengye/33200/gpcp/daily/2018/gpcp_v01r03_daily_d20181215_c20190306.nc
2018-12-16,0.36317284604224526,1.681516617609891,288,/glade/work/jiachengye/33200/gpcp/daily/2018/gpcp_v01r03_daily_d20181216_c20190306.nc
2018-12-17,0.021149360298530172,0.1257499881821731,288,/glade/work/jiachengye/33200/gpcp/daily/2018/gpcp_v01r03_daily_d20181217_c20190306.nc
2018-12-18,0.25644805869329873,0.8274754677488205,288,/glade/work/jiachengye/33200/gpcp/daily/2018/gpcp_v01r03_daily_d20181218_c20190306.nc
2018-12-19,1.4888105817067754,1.9959278266834333,288,/glade/work/jiachengye/33200/gpcp/daily/2018/gpcp_v01r03_daily_d20181219_c20190306.nc
2018-12-20,3.872804506249116,5.124841125825937,288,/glade/work/jiachengye/33200/gpcp/daily/2018/gpcp_v01r03_daily_d20181220_c20190306.nc
2018-12-21,1.8264899372326528,3.1261299169403136,288,/glade/work/jiachengye/33200/gpcp/daily/2018/gpcp_v01r03_daily_d20181221_c20190306.nc
2018-12-22,0.35380775809060394,0.9402606569661015,288,/glade/work/jiachengye/33200/gpcp/daily/2018/gpcp_v01r03_daily_d20181222_c20190306.nc
2018-12-23,0.24571910035052544,0.803543130215815,288,/glade/work/jiachengye/33200/gpcp/daily/2018/gpcp_v01r03_daily_d20181223_c20190306.nc
2018-12-24,0.47907720366699497,1.2614051347866122,288,/glade/work/jiachengye/33200/gpcp/daily/2018/gpcp_v01r03_daily_d20181224_c20190306.nc
2018-12-25,0.23900162516563989,0.6359597983909189,288,/glade/work/jiachengye/33200/gpcp/daily/2018/gpcp_v01r03_daily_d20181225_c20190306.nc
2018-12-26,3.200874509649272,5.643149740818909,288,/glade/work/jiachengye/33200/gpcp/daily/2018/gpcp_v01r03_daily_d20181226_c20190306.nc
2018-12-27,13.591384004013213,12.086470388460713,288,/glade/work/jiachengye/33200/gpcp/daily/2018/gpcp_v01r03_daily_d20181227_c20190306.nc
2018-12-28,4.3505754750833034,8.892626269221088,288,/glade/work/jiachengye/33200/gpcp/daily/2018/gpcp_v01r03_daily_d20181228_c20190306.nc
2018-12-29,0.14885759606828544,0.5766215853442165,288,/glade/work/jiachengye/33200/gpcp/daily/2018/gpcp_v01r03_daily_d20181229_c20190306.nc
2018-12-30,1.4748350811534299,2.2065320200205503,288,/glade/work/jiachengye/33200/gpcp/daily/2018/gpcp_v01r03_daily_d20181230_c20190306.nc
2018-12-31,9.561900725915626,8.822338600993243,288,/glade/work/jiachengye/33200/gpcp/daily/2018/gpcp_v01r03_daily_d20181231_c20190306.nc
2019-01-01,0.1546575285422686,0.44310341553442556,288,/glade/work/jiachengye/33200/gpcp/daily/2019/gpcp_v01r03_daily_d20190101_c20190407.nc
2019-01-02,1.2154950017395225,3.3553332734842627,288,/glade/work/jiachengye/33200/gpcp/daily/2019/gpcp_v01r03_daily_d20190102_c20190407.nc
2019-01-03,4.183879245126248,6.977848208238564,288,/glade/work/jiachengye/33200/gpcp/daily/2019/gpcp_v01r03_daily_d20190103_c20190407.nc
2019-01-04,3.729366141266227,10.342219879907752,288,/glade/work/jiachengye/33200/gpcp/daily/2019/gpcp_v01r03_daily_d20190104_c20190407.nc
2019-01-05,0.16050099449644706,0.6331306830598574,288,/glade/work/jiachengye/33200/gpcp/daily/2019/gpcp_v01r03_daily_d20190105_c20190407.nc
2019-01-06,2.3028994804262086,2.4459232103630018,288,/glade/work/jiachengye/33200/gpcp/daily/2019/gpcp_v01r03_daily_d20190106_c20190407.nc
2019-01-07,4.05993384662785,6.198503272654194,288,/glade/work/jiachengye/33200/gpcp/daily/2019/gpcp_v01r03_daily_d20190107_c20190407.nc
2019-01-08,0.2423730817451557,0.8874949898878541,288,/glade/work/jiachengye/33200/gpcp/daily/2019/gpcp_v01r03_daily_d20190108_c20190407.nc
2019-01-09,0.21462988899235297,0.6745720779498804,288,/glade/work/jiachengye/33200/gpcp/daily/2019/gpcp_v01r03_daily_d20190109_c20190407.nc
2019-01-10,0.3264880791372951,0.7298113197020637,288,/glade/work/jiachengye/33200/gpcp/daily/2019/gpcp_v01r03_daily_d20190110_c20190407.nc
2019-01-11,2.0689924409099327,3.93042771457745,288,/glade/work/jiachengye/33200/gpcp/daily/2019/gpcp_v01r03_daily_d20190111_c20190407.nc
2019-01-12,4.329280085733058,5.694826576351533,288,/glade/work/jiachengye/33200/gpcp/daily/2019/gpcp_v01r03_daily_d20190112_c20190407.nc
2019-01-13,0.3054571550210199,1.347257263022924,288,/glade/work/jiachengye/33200/gpcp/daily/2019/gpcp_v01r03_daily_d20190113_c20190407.nc
2019-01-14,0.26994805724567383,0.9121752078065801,288,/glade/work/jiachengye/33200/gpcp/daily/2019/gpcp_v01r03_daily_d20190114_c20190407.nc
2019-01-15,0.0842744379212854,0.38777256245105757,288,/glade/work/jiachengye/33200/gpcp/daily/2019/gpcp_v01r03_daily_d20190115_c20190407.nc
2019-01-16,0.10915951403209119,0.42236522661322196,288,/glade/work/jiachengye/33200/gpcp/daily/2019/gpcp_v01r03_daily_d20190116_c20190407.nc
2019-01-17,0.6689720493415943,1.474593757427291,288,/glade/work/jiachengye/33200/gpcp/daily/2019/gpcp_v01r03_daily_d20190117_c20190407.nc
2019-01-18,1.5162702051178785,2.376283782668171,288,/glade/work/jiachengye/33200/gpcp/daily/2019/gpcp_v01r03_daily_d20190118_c20190407.nc
2019-01-19,4.773069017427563,9.120743045498811,288,/glade/work/jiachengye/33200/gpcp/daily/2019/gpcp_v01r03_daily_d20190119_c20190407.nc
2019-01-20,1.5875142882903406,3.834119755521295,288,/glade/work/jiachengye/33200/gpcp/daily/2019/gpcp_v01r03_daily_d20190120_c20190407.nc
2019-01-21,2.360781812875641,4.952635740685697,288,/glade/work/jiachengye/33200/gpcp/daily/2019/gpcp_v01r03_daily_d20190121_c20190407.nc
2019-01-22,3.6033887540937126,4.354797408921628,288,/glade/work/jiachengye/33200/gpcp/daily/2019/gpcp_v01r03_daily_d20190122_c20190407.nc
2019-01-23,3.8469958712554577,6.371130627774071,288,/glade/work/jiachengye/33200/gpcp/daily/2019/gpcp_v01r03_daily_d20190123_c20190407.nc
2019-01-24,1.0020532051079816,2.949884860049766,288,/glade/work/jiachengye/33200/gpcp/daily/2019/gpcp_v01r03_daily_d20190124_c20190407.nc
2019-01-25,0.049505151422159985,0.22273120500375213,288,/glade/work/jiachengye/33200/gpcp/daily/2019/gpcp_v01r03_daily_d20190125_c20190407.nc
2019-01-26,0.18776232430368953,0.4930387482016328,288,/glade/work/jiachengye/33200/gpcp/daily/2019/gpcp_v01r03_daily_d20190126_c20190407.nc
2019-01-27,0.7227613281202732,1.121238711434069,288,/glade/work/jiachengye/33200/gpcp/daily/2019/gpcp_v01r03_daily_d20190127_c20190407.nc
2019-01-28,1.6412038591736813,2.603201267855262,288,/glade/work/jiachengye/33200/gpcp/daily/2019/gpcp_v01r03_daily_d20190128_c20190407.nc
2019-01-29,0.2321132537655587,0.6633229663167687,288,/glade/work/jiachengye/33200/gpcp/daily/2019/gpcp_v01r03_daily_d20190129_c20190407.nc
2019-01-30,0.28172052750114546,0.7780027039838161,288,/glade/work/jiachengye/33200/gpcp/daily/2019/gpcp_v01r03_daily_d20190130_c20190407.nc
2019-01-31,0.4338818876065796,0.9733332276618096,288,/glade/work/jiachengye/33200/gpcp/daily/2019/gpcp_v01r03_daily_d20190131_c20190407.nc
2019-02-01,0.5337723582862455,1.036712368907754,288,/glade/work/jiachengye/33200/gpcp/daily/2019/gpcp_v01r03_daily_d20190201_c20190608.nc
2019-02-02,1.8982942301757475,3.7185120381279257,288,/glade/work/jiachengye/33200/gpcp/daily/2019/gpcp_v01r03_daily_d20190202_c20190608.nc
2019-02-03,1.6782267142319964,2.7084255255783587,288,/glade/work/jiachengye/33200/gpcp/daily/2019/gpcp_v01r03_daily_d20190203_c20190608.nc
2019-02-04,2.3026213113961496,3.9112359934818466,288,/glade/work/jiachengye/33200/gpcp/daily/2019/gpcp_v01r03_daily_d20190204_c20190608.nc
2019-02-05,1.21824614057027,2.462709447147581,288,/glade/work/jiachengye/33200/gpcp/daily/2019/gpcp_v01r03_daily_d20190205_c20190608.nc
2019-02-06,3.8615258143784787,6.208220609226177,288,/glade/work/jiachengye/33200/gpcp/daily/2019/gpcp_v01r03_daily_d20190206_c20190608.nc
2019-02-07,6.336161766952668,8.1660614187363,288,/glade/work/jiachengye/33200/gpcp/daily/2019/gpcp_v01r03_daily_d20190207_c20190608.nc
2019-02-08,0.4548296521215577,1.2009213610167775,288,/glade/work/jiachengye/33200/gpcp/daily/2019/gpcp_v01r03_daily_d20190208_c20190608.nc
2019-02-09,0.18669691071233463,0.6091087948355243,288,/glade/work/jiachengye/33200/gpcp/daily/2019/gpcp_v01r03_daily_d20190209_c20190608.nc
2019-02-10,4.152301250633439,5.13719284706055,288,/glade/work/jiachengye/33200/gpcp/daily/2019/gpcp_v01r03_daily_d20190210_c20190608.nc
2019-02-11,2.048732017383666,4.392334548750412,288,/glade/work/jiachengye/33200/gpcp/daily/2019/gpcp_v01r03_daily_d20190211_c20190608.nc
2019-02-12,9.706386085550013,13.483367340857585,288,/glade/work/jiachengye/33200/gpcp/daily/2019/gpcp_v01r03_daily_d20190212_c20190608.nc
2019-02-13,2.526557708606313,4.04482873812446,288,/glade/work/jiachengye/33200/gpcp/daily/2019/gpcp_v01r03_daily_d20190213_c20190608.nc
2019-02-14,3.783171811320539,4.52832830147886,288,/glade/work/jiachengye/33200/gpcp/daily/2019/gpcp_v01r03_daily_d20190214_c20190608.nc
2019-02-15,1.8014421316552964,2.567039933499904,288,/glade/work/jiachengye/33200/gpcp/daily/2019/gpcp_v01r03_daily_d20190215_c20190608.nc
2019-02-16,0.4143512332744826,1.5233634959903242,288,/glade/work/jiachengye/33200/gpcp/daily/2019/gpcp_v01r03_daily_d20190216_c20190608.nc
2019-02-17,1.8631723623565382,3.0404934907637617,288,/glade/work/jiachengye/33200/gpcp/daily/2019/gpcp_v01r03_daily_d20190217_c20190608.nc
2019-02-18,1.071072085350635,4.080742201226339,288,/glade/work/jiachengye/33200/gpcp/daily/2019/gpcp_v01r03_daily_d20190218_c20190608.nc
2019-02-19,1.3501152434955437,3.271018139840391,288,/glade/work/jiachengye/33200/gpcp/daily/2019/gpcp_v01r03_daily_d20190219_c20190608.nc
2019-02-20,7.56684130602409,8.911802541927269,288,/glade/work/jiachengye/33200/gpcp/daily/2019/gpcp_v01r03_daily_d20190220_c20190608.nc
2019-02-21,0.19938944072922093,0.7253687231083296,288,/glade/work/jiachengye/33200/gpcp/daily/2019/gpcp_v01r03_daily_d20190221_c20190608.nc
2019-02-22,1.0974395675033006,3.857610683581699,288,/glade/work/jiachengye/33200/gpcp/daily/2019/gpcp_v01r03_daily_d20190222_c20190608.nc
2019-02-23,9.502520976812987,13.967655366943777,288,/glade/work/jiachengye/33200/gpcp/daily/2019/gpcp_v01r03_daily_d20190223_c20190608.nc
2019-02-24,6.906684830632706,10.682843934472398,288,/glade/work/jiachengye/33200/gpcp/daily/2019/gpcp_v01r03_daily_d20190224_c20190608.nc
2019-02-25,0.9622441214912157,1.576718477956567,288,/glade/work/jiachengye/33200/gpcp/daily/2019/gpcp_v01r03_daily_d20190225_c20190608.nc
2019-02-26,2.2651903331035634,2.6137035895538356,288,/glade/work/jiachengye/33200/gpcp/daily/2019/gpcp_v01r03_daily_d20190226_c20190608.nc
2019-02-27,2.151847056083603,3.07687924923056,288,/glade/work/jiachengye/33200/gpcp/daily/2019/gpcp_v01r03_daily_d20190227_c20190608.nc
2019-02-28,0.9913405637051835,2.4225279512780835,288,/glade/work/jiachengye/33200/gpcp/daily/2019/gpcp_v01r03_daily_d20190228_c20190608.nc
2019-03-01,1.0916028662550195,2.2401820939058763,288,/glade/work/jiachengye/33200/gpcp/daily/2019/gpcp_v01r03_daily_d20190301_c20190608.nc
2019-03-02,1.1108236414149149,1.8223469309728924,288,/glade/work/jiachengye/33200/gpcp/daily/2019/gpcp_v01r03_daily_d20190302_c20190608.nc
2019-03-03,3.8009416218756,6.4093573098504795,288,/glade/work/jiachengye/33200/gpcp/daily/2019/gpcp_v01r03_daily_d20190303_c20190608.nc
2019-03-04,0.15947008528337775,0.40711174146209805,288,/glade/work/jiachengye/33200/gpcp/daily/2019/gpcp_v01r03_daily_d20190304_c20190608.nc
2019-03-05,0.09423700620822348,0.3558044964442161,288,/glade/work/jiachengye/33200/gpcp/daily/2019/gpcp_v01r03_daily_d20190305_c20190608.nc
2019-03-06,0.2857990184338999,1.2418131284158098,288,/glade/work/jiachengye/33200/gpcp/daily/2019/gpcp_v01r03_daily_d20190306_c20190608.nc
2019-03-07,3.157559509336528,5.290727857806085,288,/glade/work/jiachengye/33200/gpcp/daily/2019/gpcp_v01r03_daily_d20190307_c20190608.nc
2019-03-08,0.5840084481930351,1.5934734783875184,288,/glade/work/jiachengye/33200/gpcp/daily/2019/gpcp_v01r03_daily_d20190308_c20190608.nc
2019-03-09,14.546428957807386,12.548669953833791,288,/glade/work/jiachengye/33200/gpcp/daily/2019/gpcp_v01r03_daily_d20190309_c20190608.nc
2019-03-10,4.024645834227025,6.434212440239734,288,/glade/work/jiachengye/33200/gpcp/daily/2019/gpcp_v01r03_daily_d20190310_c20190608.nc
2019-03-11,0.35592170326529715,0.925572816645535,288,/glade/work/jiachengye/33200/gpcp/daily/2019/gpcp_v01r03_daily_d20190311_c20190608.nc
2019-03-12,0.7898262131313588,3.2468687525516273,288,/glade/work/jiachengye/33200/gpcp/daily/2019/gpcp_v01r03_daily_d20190312_c20190608.nc
2019-03-13,10.527803949320734,8.409651096700893,288,/glade/work/jiachengye/33200/gpcp/daily/2019/gpcp_v01r03_daily_d20190313_c20190608.nc
2019-03-14,4.456356209658474,4.856614524402801,288,/glade/work/jiachengye/33200/gpcp/daily/2019/gpcp_v01r03_daily_d20190314_c20190608.nc
2019-03-15,0.9884807412714081,1.8634565248762112,288,/glade/work/jiachengye/33200/gpcp/daily/2019/gpcp_v01r03_daily_d20190315_c20190608.nc
2019-03-16,0.06390255925281225,0.2413126335703829,288,/glade/work/jiachengye/33200/gpcp/daily/2019/gpcp_v01r03_daily_d20190316_c20190608.nc
2019-03-17,0.0015281863318108789,0.02555871593453079,288,/glade/work/jiachengye/33200/gpcp/daily/2019/gpcp_v01r03_daily_d20190317_c20190608.nc
2019-03-18,0.19054426668170207,0.6085345602452233,288,/glade/work/jiachengye/33200/gpcp/daily/2019/gpcp_v01r03_daily_d20190318_c20190608.nc
2019-03-19,0.31249249044572236,1.4530589278123414,288,/glade/work/jiachengye/33200/gpcp/daily/2019/gpcp_v01r03_daily_d20190319_c20190608.nc
2019-03-20,1.111720981769696,2.1125451108585085,288,/glade/work/jiachengye/33200/gpcp/daily/2019/gpcp_v01r03_daily_d20190320_c20190608.nc
2019-03-21,0.45012597004799515,1.6068196136227082,288,/glade/work/jiachengye/33200/gpcp/daily/2019/gpcp_v01r03_daily_d20190321_c20190608.nc
2019-03-22,0.2876406520600811,1.3742731062503828,288,/glade/work/jiachengye/33200/gpcp/daily/2019/gpcp_v01r03_daily_d20190322_c20190608.nc
2019-03-23,0.8302968437514107,2.309057318250593,288,/glade/work/jiachengye/33200/gpcp/daily/2019/gpcp_v01r03_daily_d20190323_c20190608.nc
2019-03-24,1.0680161910497274,2.0130677304477334,288,/glade/work/jiachengye/33200/gpcp/daily/2019/gpcp_v01r03_daily_d20190324_c20190608.nc
2019-03-25,0.6957515510607575,1.7187690316935662,288,/glade/work/jiachengye/33200/gpcp/daily/2019/gpcp_v01r03_daily_d20190325_c20190608.nc
2019-03-26,0.03189199282394057,0.20985150533375688,288,/glade/work/jiachengye/33200/gpcp/daily/2019/gpcp_v01r03_daily_d20190326_c20190608.nc
2019-03-27,0.5657838621789871,1.61633692237066,288,/glade/work/jiachengye/33200/gpcp/daily/2019/gpcp_v01r03_daily_d20190327_c20190608.nc
2019-03-28,4.751205625831304,7.313528672426038,288,/glade/work/jiachengye/33200/gpcp/daily/2019/gpcp_v01r03_daily_d20190328_c20190608.nc
2019-03-29,5.143397091857962,7.744179211793053,288,/glade/work/jiachengye/33200/gpcp/daily/2019/gpcp_v01r03_daily_d20190329_c20190608.nc
2019-03-30,6.588233713858468,9.657973189033942,288,/glade/work/jiachengye/33200/gpcp/daily/2019/gpcp_v01r03_daily_d20190330_c20190608.nc
2019-03-31,0.9348417408824893,2.6196277653543314,288,/glade/work/jiachengye/33200/gpcp/daily/2019/gpcp_v01r03_daily_d20190331_c20190608.nc
2019-04-01,0.1985631627909925,0.5672073532439631,288,/glade/work/jiachengye/33200/gpcp/daily/2019/gpcp_v01r03_daily_d20190401_c20190711.nc
2019-04-02,1.2680066530599436,2.131720880976656,288,/glade/work/jiachengye/33200/gpcp/daily/2019/gpcp_v01r03_daily_d20190402_c20190711.nc
2019-04-03,0.8776654450252347,1.752772240376365,288,/glade/work/jiachengye/33200/gpcp/daily/2019/gpcp_v01r03_daily_d20190403_c20190711.nc
2019-04-04,1.5931316263755049,2.961643068717799,288,/glade/work/jiachengye/33200/gpcp/daily/2019/gpcp_v01r03_daily_d20190404_c20190711.nc
2019-04-05,2.6377984436060102,4.740394805833384,288,/glade/work/jiachengye/33200/gpcp/daily/2019/gpcp_v01r03_daily_d20190405_c20190711.nc
2019-04-06,1.4963549483738643,3.0850623064949367,288,/glade/work/jiachengye/33200/gpcp/daily/2019/gpcp_v01r03_daily_d20190406_c20190711.nc
2019-04-07,3.883510881370631,5.668541210417684,288,/glade/work/jiachengye/33200/gpcp/daily/2019/gpcp_v01r03_daily_d20190407_c20190711.nc
2019-04-08,2.2441430094387544,3.3804380140480492,288,/glade/work/jiachengye/33200/gpcp/daily/2019/gpcp_v01r03_daily_d20190408_c20190711.nc
2019-04-09,1.1139434540389266,2.3298249983244252,288,/glade/work/jiachengye/33200/gpcp/daily/2019/gpcp_v01r03_daily_d20190409_c20190711.nc
2019-04-10,3.717226331306934,4.132465158485717,288,/glade/work/jiachengye/33200/gpcp/daily/2019/gpcp_v01r03_daily_d20190410_c20190711.nc
2019-04-11,7.2402493871394045,6.881443272210383,288,/glade/work/jiachengye/33200/gpcp/daily/2019/gpcp_v01r03_daily_d20190411_c20190711.nc
2019-04-12,5.661223069806344,6.84033483832322,288,/glade/work/jiachengye/33200/gpcp/daily/2019/gpcp_v01r03_daily_d20190412_c20190711.nc
2019-04-13,0.7662918882242278,1.9744629126450441,288,/glade/work/jiachengye/33200/gpcp/daily/2019/gpcp_v01r03_daily_d20190413_c20190711.nc
2019-04-14,5.874331519331395,8.281713358260545,288,/glade/work/jiachengye/33200/gpcp/daily/2019/gpcp_v01r03_daily_d20190414_c20190711.nc
2019-04-15,0.705420077595263,1.6745777451944752,288,/glade/work/jiachengye/33200/gpcp/daily/2019/gpcp_v01r03_daily_d20190415_c20190711.nc
2019-04-16,0.7970871149134499,1.2861268293885706,288,/glade/work/jiachengye/33200/gpcp/daily/2019/gpcp_v01r03_daily_d20190416_c20190711.nc
2019-04-17,2.692874090744892,3.2214051281810145,288,/glade/work/jiachengye/33200/gpcp/daily/2019/gpcp_v01r03_daily_d20190417_c20190711.nc
2019-04-18,5.148110935883564,7.806486213932245,288,/glade/work/jiachengye/33200/gpcp/daily/2019/gpcp_v01r03_daily_d20190418_c20190711.nc
2019-04-19,2.146404551073987,4.198023425842432,288,/glade/work/jiachengye/33200/gpcp/daily/2019/gpcp_v01r03_daily_d20190419_c20190711.nc
2019-04-20,0.5497299789988435,1.3688227811908384,288,/glade/work/jiachengye/33200/gpcp/daily/2019/gpcp_v01r03_daily_d20190420_c20190711.nc
2019-04-21,1.3288113816070635,2.4416724304414443,288,/glade/work/jiachengye/33200/gpcp/daily/2019/gpcp_v01r03_daily_d20190421_c20190711.nc
2019-04-22,3.9965348261587152,5.44396339482816,288,/glade/work/jiachengye/33200/gpcp/daily/2019/gpcp_v01r03_daily_d20190422_c20190711.nc
2019-04-23,1.3016488790982872,2.6682928116521167,288,/glade/work/jiachengye/33200/gpcp/daily/2019/gpcp_v01r03_daily_d20190423_c20190711.nc
2019-04-24,1.0292879141431384,2.1621065456570605,288,/glade/work/jiachengye/33200/gpcp/daily/2019/gpcp_v01r03_daily_d20190424_c20190711.nc
2019-04-25,2.648237438895132,4.5829305310318675,288,/glade/work/jiachengye/33200/gpcp/daily/2019/gpcp_v01r03_daily_d20190425_c20190711.nc
2019-04-26,2.6848171239727816,4.540402446043178,288,/glade/work/jiachengye/33200/gpcp/daily/2019/gpcp_v01r03_daily_d20190426_c20190711.nc
2019-04-27,3.23854239773612,3.479056599866619,288,/glade/work/jiachengye/33200/gpcp/daily/2019/gpcp_v01r03_daily_d20190427_c20190711.nc
2019-04-28,1.1660339161063455,1.86028109371597,288,/glade/work/jiachengye/33200/gpcp/daily/2019/gpcp_v01r03_daily_d20190428_c20190711.nc
2019-04-29,11.276008483368248,13.219433279219658,288,/glade/work/jiachengye/33200/gpcp/daily/2019/gpcp_v01r03_daily_d20190429_c20190711.nc
2019-04-30,9.486048214449545,14.286925951976873,288,/glade/work/jiachengye/33200/gpcp/daily/2019/gpcp_v01r03_daily_d20190430_c20190711.nc
2019-05-01,10.689568059142688,13.254594657128475,288,/glade/work/jiachengye/33200/gpcp/daily/2019/gpcp_v01r03_daily_d20190501_c20190807.nc
2019-05-02,2.248963772197675,3.9861526205413735,288,/glade/work/jiachengye/33200/gpcp/daily/2019/gpcp_v01r03_daily_d20190502_c20190807.nc
2019-05-03,1.8309876510639316,3.1487030773030455,288,/glade/work/jiachengye/33200/gpcp/daily/2019/gpcp_v01r03_daily_d20190503_c20190807.nc
2019-05-04,1.0554000914267283,1.8691454204845197,288,/glade/work/jiachengye/33200/gpcp/daily/2019/gpcp_v01r03_daily_d20190504_c20190807.nc
2019-05-05,1.042167741340696,2.111703975801668,288,/glade/work/jiachengye/33200/gpcp/daily/2019/gpcp_v01r03_daily_d20190505_c20190807.nc
2019-05-06,1.9955703035731693,3.5635596327403722,288,/glade/work/jiachengye/33200/gpcp/daily/2019/gpcp_v01r03_daily_d20190506_c20190807.nc
2019-05-07,11.909153757609788,19.335824599798222,288,/glade/work/jiachengye/33200/gpcp/daily/2019/gpcp_v01r03_daily_d20190507_c20190807.nc
2019-05-08,9.962442632604722,12.037295896143476,288,/glade/work/jiachengye/33200/gpcp/daily/2019/gpcp_v01r03_daily_d20190508_c20190807.nc
2019-05-09,4.164624073011054,6.525196095861156,288,/glade/work/jiachengye/33200/gpcp/daily/2019/gpcp_v01r03_daily_d20190509_c20190807.nc
2019-05-10,0.2070014854079781,0.6895872771812442,288,/glade/work/jiachengye/33200/gpcp/daily/2019/gpcp_v01r03_daily_d20190510_c20190807.nc
2019-05-11,2.1083092179995617,3.2955468850071763,288,/glade/work/jiachengye/33200/gpcp/daily/2019/gpcp_v01r03_daily_d20190511_c20190807.nc
2019-05-12,1.9537691997181772,5.684907987262567,288,/glade/work/jiachengye/33200/gpcp/daily/2019/gpcp_v01r03_daily_d20190512_c20190807.nc
2019-05-13,0.720593657403755,2.0812294996058007,288,/glade/work/jiachengye/33200/gpcp/daily/2019/gpcp_v01r03_daily_d20190513_c20190807.nc
2019-05-14,0.5055973251606638,1.491881191239906,288,/glade/work/jiachengye/33200/gpcp/daily/2019/gpcp_v01r03_daily_d20190514_c20190807.nc
2019-05-15,1.0372283973477623,2.2121242212962082,288,/glade/work/jiachengye/33200/gpcp/daily/2019/gpcp_v01r03_daily_d20190515_c20190807.nc
2019-05-16,3.279244176654799,4.69728584091828,288,/glade/work/jiachengye/33200/gpcp/daily/2019/gpcp_v01r03_daily_d20190516_c20190807.nc
2019-05-17,8.914662699399447,11.485412537324835,288,/glade/work/jiachengye/33200/gpcp/daily/2019/gpcp_v01r03_daily_d20190517_c20190807.nc
2019-05-18,6.532626033549088,5.78124944453632,288,/glade/work/jiachengye/33200/gpcp/daily/2019/gpcp_v01r03_daily_d20190518_c20190807.nc
2019-05-19,4.071348904103389,5.406256297043256,288,/glade/work/jiachengye/33200/gpcp/daily/2019/gpcp_v01r03_daily_d20190519_c20190807.nc
2019-05-20,6.394912344996098,12.318153312397845,288,/glade/work/jiachengye/33200/gpcp/daily/2019/gpcp_v01r03_daily_d20190520_c20190807.nc
2019-05-21,14.411820695632825,19.081960072061076,288,/glade/work/jiachengye/33200/gpcp/daily/2019/gpcp_v01r03_daily_d20190521_c20190807.nc
2019-05-22,5.9221494801845065,5.3532264104182135,288,/glade/work/jiachengye/33200/gpcp/daily/2019/gpcp_v01r03_daily_d20190522_c20190807.nc
2019-05-23,7.365566139335247,13.300571186281644,288,/glade/work/jiachengye/33200/gpcp/daily/2019/gpcp_v01r03_daily_d20190523_c20190807.nc
2019-05-24,4.8230777975186845,6.0467356384861075,288,/glade/work/jiachengye/33200/gpcp/daily/2019/gpcp_v01r03_daily_d20190524_c20190807.nc
2019-05-25,3.242879112984262,5.873758750164768,288,/glade/work/jiachengye/33200/gpcp/daily/2019/gpcp_v01r03_daily_d20190525_c20190807.nc
2019-05-26,3.503412048264859,5.128250695774141,288,/glade/work/jiachengye/33200/gpcp/daily/2019/gpcp_v01r03_daily_d20190526_c20190807.nc
2019-05-27,8.756908329453617,8.88287511290326,288,/glade/work/jiachengye/33200/gpcp/daily/2019/gpcp_v01r03_daily_d20190527_c20190807.nc
2019-05-28,5.9247501988430225,7.621174489061864,288,/glade/work/jiachengye/33200/gpcp/daily/2019/gpcp_v01r03_daily_d20190528_c20190807.nc
2019-05-29,5.9979842864427395,8.066761511589654,288,/glade/work/jiachengye/33200/gpcp/daily/2019/gpcp_v01r03_daily_d20190529_c20190807.nc
2019-05-30,1.9084355019096724,3.661362962409986,288,/glade/work/jiachengye/33200/gpcp/daily/2019/gpcp_v01r03_daily_d20190530_c20190807.nc
2019-05-31,0.39200759094470156,1.115129473691811,288,/glade/work/jiachengye/33200/gpcp/daily/2019/gpcp_v01r03_daily_d20190531_c20190807.nc
2019-06-01,1.735460170148071,3.5316650654857265,288,/glade/work/jiachengye/33200/gpcp/daily/2019/gpcp_v01r03_daily_d20190601_c20190911.nc
2019-06-02,1.5235393816356995,3.213026702598206,288,/glade/work/jiachengye/33200/gpcp/daily/2019/gpcp_v01r03_daily_d20190602_c20190911.nc
2019-06-03,1.6453968513995745,2.97433850027682,288,/glade/work/jiachengye/33200/gpcp/daily/2019/gpcp_v01r03_daily_d20190603_c20190911.nc
2019-06-04,2.6060901789387945,3.5706133982363073,288,/glade/work/jiachengye/33200/gpcp/daily/2019/gpcp_v01r03_daily_d20190604_c20190911.nc
2019-06-05,2.926690316617962,3.7540182713133783,288,/glade/work/jiachengye/33200/gpcp/daily/2019/gpcp_v01r03_daily_d20190605_c20190911.nc
2019-06-06,2.0510001666352506,4.619393857748642,288,/glade/work/jiachengye/33200/gpcp/daily/2019/gpcp_v01r03_daily_d20190606_c20190911.nc
2019-06-07,1.1445537479303192,3.8968962428131633,288,/glade/work/jiachengye/33200/gpcp/daily/2019/gpcp_v01r03_daily_d20190607_c20190911.nc
2019-06-08,1.8312281282689822,3.015021808642754,288,/glade/work/jiachengye/33200/gpcp/daily/2019/gpcp_v01r03_daily_d20190608_c20190911.nc
2019-06-09,4.1577202615138855,5.278973109908215,288,/glade/work/jiachengye/33200/gpcp/daily/2019/gpcp_v01r03_daily_d20190609_c20190911.nc
2019-06-10,2.6603903356633,5.333629423971926,288,/glade/work/jiachengye/33200/gpcp/daily/2019/gpcp_v01r03_daily_d20190610_c20190911.nc
2019-06-11,1.973469646470228,3.4409564039053313,288,/glade/work/jiachengye/33200/gpcp/daily/2019/gpcp_v01r03_daily_d20190611_c20190911.nc
2019-06-12,2.7613558251634553,4.277575294480561,288,/glade/work/jiachengye/33200/gpcp/daily/2019/gpcp_v01r03_daily_d20190612_c20190911.nc
2019-06-13,2.699838522636492,5.130648573263774,288,/glade/work/jiachengye/33200/gpcp/daily/2019/gpcp_v01r03_daily_d20190613_c20190911.nc
2019-06-14,2.711827637796792,3.1440169563527873,288,/glade/work/jiachengye/33200/gpcp/daily/2019/gpcp_v01r03_daily_d20190614_c20190911.nc
2019-06-15,9.023860561414258,9.919042630535174,288,/glade/work/jiachengye/33200/gpcp/daily/2019/gpcp_v01r03_daily_d20190615_c20190911.nc
2019-06-16,7.2901025181971395,9.395591797857453,288,/glade/work/jiachengye/33200/gpcp/daily/2019/gpcp_v01r03_daily_d20190616_c20190911.nc
2019-06-17,4.577569278603027,8.695805033192695,288,/glade/work/jiachengye/33200/gpcp/daily/2019/gpcp_v01r03_daily_d20190617_c20190911.nc
2019-06-18,3.9445812748102855,6.432649817473311,288,/glade/work/jiachengye/33200/gpcp/daily/2019/gpcp_v01r03_daily_d20190618_c20190911.nc
2019-06-19,3.004453843847047,4.220621229309741,288,/glade/work/jiachengye/33200/gpcp/daily/2019/gpcp_v01r03_daily_d20190619_c20190911.nc
2019-06-20,4.016358375680035,5.17721034359583,288,/glade/work/jiachengye/33200/gpcp/daily/2019/gpcp_v01r03_daily_d20190620_c20190911.nc
2019-06-21,9.45938695371644,12.19904387378876,288,/glade/work/jiachengye/33200/gpcp/daily/2019/gpcp_v01r03_daily_d20190621_c20190911.nc
2019-06-22,5.928955625271921,10.044377131885872,288,/glade/work/jiachengye/33200/gpcp/daily/2019/gpcp_v01r03_daily_d20190622_c20190911.nc
2019-06-23,9.39724258255899,13.207101743054352,288,/glade/work/jiachengye/33200/gpcp/daily/2019/gpcp_v01r03_daily_d20190623_c20190911.nc
2019-06-24,5.255958187242592,6.239325572555763,288,/glade/work/jiachengye/33200/gpcp/daily/2019/gpcp_v01r03_daily_d20190624_c20190911.nc
2019-06-25,1.6040132450330304,3.424576019750155,288,/glade/work/jiachengye/33200/gpcp/daily/2019/gpcp_v01r03_daily_d20190625_c20190911.nc
2019-06-26,2.4961856388629795,4.254636786670466,288,/glade/work/jiachengye/33200/gpcp/daily/2019/gpcp_v01r03_daily_d20190626_c20190911.nc
2019-06-27,4.1544536584913585,5.630164216688625,288,/glade/work/jiachengye/33200/gpcp/daily/2019/gpcp_v01r03_daily_d20190627_c20190911.nc
2019-06-28,3.4714316922533865,5.174530633507409,288,/glade/work/jiachengye/33200/gpcp/daily/2019/gpcp_v01r03_daily_d20190628_c20190911.nc
2019-06-29,0.8071993482762737,1.806980982722435,288,/glade/work/jiachengye/33200/gpcp/daily/2019/gpcp_v01r03_daily_d20190629_c20190911.nc
2019-06-30,3.658257815083039,5.142738658943884,288,/glade/work/jiachengye/33200/gpcp/daily/2019/gpcp_v01r03_daily_d20190630_c20190911.nc
2019-07-01,6.472447709948386,6.818086217936952,288,/glade/work/jiachengye/33200/gpcp/daily/2019/gpcp_v01r03_daily_d20190701_c20191008.nc
2019-07-02,3.443625641655784,4.901091770870266,288,/glade/work/jiachengye/33200/gpcp/daily/2019/gpcp_v01r03_daily_d20190702_c20191008.nc
2019-07-03,5.517547724264652,6.318535179655916,288,/glade/work/jiachengye/33200/gpcp/daily/2019/gpcp_v01r03_daily_d20190703_c20191008.nc
2019-07-04,6.126954080890427,6.463490152003989,288,/glade/work/jiachengye/33200/gpcp/daily/2019/gpcp_v01r03_daily_d20190704_c20191008.nc
2019-07-05,5.698502387623861,6.865024359960399,288,/glade/work/jiachengye/33200/gpcp/daily/2019/gpcp_v01r03_daily_d20190705_c20191008.nc
2019-07-06,5.2208754749162365,7.03129049499142,288,/glade/work/jiachengye/33200/gpcp/daily/2019/gpcp_v01r03_daily_d20190706_c20191008.nc
2019-07-07,2.5166984857250587,5.444353063915917,288,/glade/work/jiachengye/33200/gpcp/daily/2019/gpcp_v01r03_daily_d20190707_c20191008.nc
2019-07-08,1.6600773504116557,2.949834977964612,288,/glade/work/jiachengye/33200/gpcp/daily/2019/gpcp_v01r03_daily_d20190708_c20191008.nc
2019-07-09,4.78067433819859,6.862978905912989,288,/glade/work/jiachengye/33200/gpcp/daily/2019/gpcp_v01r03_daily_d20190709_c20191008.nc
2019-07-10,2.4446483263898906,4.219127224815933,288,/glade/work/jiachengye/33200/gpcp/daily/2019/gpcp_v01r03_daily_d20190710_c20191008.nc
2019-07-11,1.4941243645575382,3.8417016303467153,288,/glade/work/jiachengye/33200/gpcp/daily/2019/gpcp_v01r03_daily_d20190711_c20191008.nc
2019-07-12,1.3426670174363797,2.932349574891172,288,/glade/work/jiachengye/33200/gpcp/daily/2019/gpcp_v01r03_daily_d20190712_c20191008.nc
2019-07-13,1.4043831747767057,2.64175388149595,288,/glade/work/jiachengye/33200/gpcp/daily/2019/gpcp_v01r03_daily_d20190713_c20191008.nc
2019-07-14,1.7569456279759261,3.168265257160889,288,/glade/work/jiachengye/33200/gpcp/daily/2019/gpcp_v01r03_daily_d20190714_c20191008.nc
2019-07-15,3.01790167804846,4.377632521719151,288,/glade/work/jiachengye/33200/gpcp/daily/2019/gpcp_v01r03_daily_d20190715_c20191008.nc
2019-07-16,2.4886713390662893,3.6685966567089845,288,/glade/work/jiachengye/33200/gpcp/daily/2019/gpcp_v01r03_daily_d20190716_c20191008.nc
2019-07-17,4.322899140163611,4.856920074783782,288,/glade/work/jiachengye/33200/gpcp/daily/2019/gpcp_v01r03_daily_d20190717_c20191008.nc
2019-07-18,5.907129784524428,6.797016508508497,288,/glade/work/jiachengye/33200/gpcp/daily/2019/gpcp_v01r03_daily_d20190718_c20191008.nc
2019-07-19,2.221141162335268,3.9070275925744573,288,/glade/work/jiachengye/33200/gpcp/daily/2019/gpcp_v01r03_daily_d20190719_c20191008.nc
2019-07-20,6.44317140637177,7.849298980391088,288,/glade/work/jiachengye/33200/gpcp/daily/2019/gpcp_v01r03_daily_d20190720_c20191008.nc
2019-07-21,5.688598167508588,7.897872033946594,288,/glade/work/jiachengye/33200/gpcp/daily/2019/gpcp_v01r03_daily_d20190721_c20191008.nc
2019-07-22,4.336163829371598,7.709302435384827,288,/glade/work/jiachengye/33200/gpcp/daily/2019/gpcp_v01r03_daily_d20190722_c20191008.nc
2019-07-23,0.2378112136124282,0.6943205085857916,288,/glade/work/jiachengye/33200/gpcp/daily/2019/gpcp_v01r03_daily_d20190723_c20191008.nc
2019-07-24,0.6254108332347108,1.5669562922245046,288,/glade/work/jiachengye/33200/gpcp/daily/2019/gpcp_v01r03_daily_d20190724_c20191008.nc
2019-07-25,2.332307347655631,4.521975210338465,288,/glade/work/jiachengye/33200/gpcp/daily/2019/gpcp_v01r03_daily_d20190725_c20191008.nc
2019-07-26,1.3359801876345803,2.374417558821966,288,/glade/work/jiachengye/33200/gpcp/daily/2019/gpcp_v01r03_daily_d20190726_c20191008.nc
2019-07-27,1.096479650162076,2.036387605505558,288,/glade/work/jiachengye/33200/gpcp/daily/2019/gpcp_v01r03_daily_d20190727_c20191008.nc
2019-07-28,3.6057960705523002,4.879640087966156,288,/glade/work/jiachengye/33200/gpcp/daily/2019/gpcp_v01r03_daily_d20190728_c20191008.nc
2019-07-29,2.19614513376328,3.282356704544002,288,/glade/work/jiachengye/33200/gpcp/daily/2019/gpcp_v01r03_daily_d20190729_c20191008.nc
2019-07-30,1.1617588744557565,2.409212205341126,288,/glade/work/jiachengye/33200/gpcp/daily/2019/gpcp_v01r03_daily_d20190730_c20191008.nc
2019-07-31,0.9501521650869188,2.4751167118890334,288,/glade/work/jiachengye/33200/gpcp/daily/2019/gpcp_v01r03_daily_d20190731_c20191008.nc
2019-08-01,2.6109739578888354,5.086624266753136,288,/glade/work/jiachengye/33200/gpcp/daily/2019/gpcp_v01r03_daily_d20190801_c20191106.nc
2019-08-02,3.755846284520004,5.842692532059666,288,/glade/work/jiachengye/33200/gpcp/daily/2019/gpcp_v01r03_daily_d20190802_c20191106.nc
2019-08-03,0.7165493046327573,1.5044955471648278,288,/glade/work/jiachengye/33200/gpcp/daily/2019/gpcp_v01r03_daily_d20190803_c20191106.nc
2019-08-04,0.579351792775987,1.6584873997038168,288,/glade/work/jiachengye/33200/gpcp/daily/2019/gpcp_v01r03_daily_d20190804_c20191106.nc
2019-08-05,3.3710401180169143,4.3049728178058455,288,/glade/work/jiachengye/33200/gpcp/daily/2019/gpcp_v01r03_daily_d20190805_c20191106.nc
2019-08-06,2.2455161408351714,4.2774917693894485,288,/glade/work/jiachengye/33200/gpcp/daily/2019/gpcp_v01r03_daily_d20190806_c20191106.nc
2019-08-07,4.144262022568735,5.692931366434538,288,/glade/work/jiachengye/33200/gpcp/daily/2019/gpcp_v01r03_daily_d20190807_c20191106.nc
2019-08-08,4.352833239525343,7.327782585057722,288,/glade/work/jiachengye/33200/gpcp/daily/2019/gpcp_v01r03_daily_d20190808_c20191106.nc
2019-08-09,2.3297071856002654,4.56611705365144,288,/glade/work/jiachengye/33200/gpcp/daily/2019/gpcp_v01r03_daily_d20190809_c20191106.nc
2019-08-10,1.8541268093511838,3.3575468272525875,288,/glade/work/jiachengye/33200/gpcp/daily/2019/gpcp_v01r03_daily_d20190810_c20191106.nc
2019-08-11,4.858831565242139,6.68818642469188,288,/glade/work/jiachengye/33200/gpcp/daily/2019/gpcp_v01r03_daily_d20190811_c20191106.nc
2019-08-12,7.464135570290305,6.9143618895089105,288,/glade/work/jiachengye/33200/gpcp/daily/2019/gpcp_v01r03_daily_d20190812_c20191106.nc
2019-08-13,5.2223960791945325,6.338134284512964,288,/glade/work/jiachengye/33200/gpcp/daily/2019/gpcp_v01r03_daily_d20190813_c20191106.nc
2019-08-14,1.1813528360316712,3.0230305951113725,288,/glade/work/jiachengye/33200/gpcp/daily/2019/gpcp_v01r03_daily_d20190814_c20191106.nc
2019-08-15,2.7867266674658753,4.067097758067598,288,/glade/work/jiachengye/33200/gpcp/daily/2019/gpcp_v01r03_daily_d20190815_c20191106.nc
2019-08-16,4.959874073172822,7.507018712530493,288,/glade/work/jiachengye/33200/gpcp/daily/2019/gpcp_v01r03_daily_d20190816_c20191106.nc
2019-08-17,5.425831828535204,6.2723177368053,288,/glade/work/jiachengye/33200/gpcp/daily/2019/gpcp_v01r03_daily_d20190817_c20191106.nc
2019-08-18,4.711821108590617,5.424849941571581,288,/glade/work/jiachengye/33200/gpcp/daily/2019/gpcp_v01r03_daily_d20190818_c20191106.nc
2019-08-19,0.7472404239246663,1.9942606459380405,288,/glade/work/jiachengye/33200/gpcp/daily/2019/gpcp_v01r03_daily_d20190819_c20191106.nc
2019-08-20,5.038617015027152,6.227882930980518,288,/glade/work/jiachengye/33200/gpcp/daily/2019/gpcp_v01r03_daily_d20190820_c20191106.nc
2019-08-21,3.9175280740584077,5.082113637184824,288,/glade/work/jiachengye/33200/gpcp/daily/2019/gpcp_v01r03_daily_d20190821_c20191106.nc
2019-08-22,3.0623605765554505,5.093883515384095,288,/glade/work/jiachengye/33200/gpcp/daily/2019/gpcp_v01r03_daily_d20190822_c20191106.nc
2019-08-23,1.3887909162443892,2.8017418277014277,288,/glade/work/jiachengye/33200/gpcp/daily/2019/gpcp_v01r03_daily_d20190823_c20191106.nc
2019-08-24,2.6544700302190747,5.468987925196322,288,/glade/work/jiachengye/33200/gpcp/daily/2019/gpcp_v01r03_daily_d20190824_c20191106.nc
2019-08-25,2.1286973153668933,3.5993326579727487,288,/glade/work/jiachengye/33200/gpcp/daily/2019/gpcp_v01r03_daily_d20190825_c20191106.nc
2019-08-26,6.378982931837072,6.026958385492853,288,/glade/work/jiachengye/33200/gpcp/daily/2019/gpcp_v01r03_daily_d20190826_c20191106.nc
2019-08-27,3.218347337621705,6.094766550973678,288,/glade/work/jiachengye/33200/gpcp/daily/2019/gpcp_v01r03_daily_d20190827_c20191106.nc
2019-08-28,1.009163181662797,2.653130933047379,288,/glade/work/jiachengye/33200/gpcp/daily/2019/gpcp_v01r03_daily_d20190828_c20191106.nc
2019-08-29,1.0384877276712101,2.3910234645527684,288,/glade/work/jiachengye/33200/gpcp/daily/2019/gpcp_v01r03_daily_d20190829_c20191106.nc
2019-08-30,5.664047062050528,8.600482984578171,288,/glade/work/jiachengye/33200/gpcp/daily/2019/gpcp_v01r03_daily_d20190830_c20191106.nc
2019-08-31,2.2035101364213365,3.243301540103647,288,/glade/work/jiachengye/33200/gpcp/daily/2019/gpcp_v01r03_daily_d20190831_c20191106.nc
2019-09-01,2.564077858357827,4.514134903112248,288,/glade/work/jiachengye/33200/gpcp/daily/2019/gpcp_v01r03_daily_d20190901_c20191206.nc
2019-09-02,1.9837896811139593,4.403840865846135,288,/glade/work/jiachengye/33200/gpcp/daily/2019/gpcp_v01r03_daily_d20190902_c20191206.nc
2019-09-03,3.9362543838448136,6.6158947130290375,288,/glade/work/jiachengye/33200/gpcp/daily/2019/gpcp_v01r03_daily_d20190903_c20191206.nc
2019-09-04,0.14467450279252603,0.6250121156550092,288,/glade/work/jiachengye/33200/gpcp/daily/2019/gpcp_v01r03_daily_d20190904_c20191206.nc
2019-09-05,0.9642424869487013,2.4904070305438926,288,/glade/work/jiachengye/33200/gpcp/daily/2019/gpcp_v01r03_daily_d20190905_c20191206.nc
2019-09-06,1.2603539532142778,2.6476406292468333,288,/glade/work/jiachengye/33200/gpcp/daily/2019/gpcp_v01r03_daily_d20190906_c20191206.nc
2019-09-07,4.744427172953222,6.746307048106809,288,/glade/work/jiachengye/33200/gpcp/daily/2019/gpcp_v01r03_daily_d20190907_c20191206.nc
2019-09-08,8.540044874641614,13.221680096917344,288,/glade/work/jiachengye/33200/gpcp/daily/2019/gpcp_v01r03_daily_d20190908_c20191206.nc
2019-09-09,5.9555255073731335,7.46793823979153,288,/glade/work/jiachengye/33200/gpcp/daily/2019/gpcp_v01r03_daily_d20190909_c20191206.nc
2019-09-10,4.372432979747935,6.113883624799678,288,/glade/work/jiachengye/33200/gpcp/daily/2019/gpcp_v01r03_daily_d20190910_c20191206.nc
2019-09-11,7.0290458536693174,7.790328365041752,288,/glade/work/jiachengye/33200/gpcp/daily/2019/gpcp_v01r03_daily_d20190911_c20191206.nc
2019-09-12,9.169301758667153,9.591900384388243,288,/glade/work/jiachengye/33200/gpcp/daily/2019/gpcp_v01r03_daily_d20190912_c20191206.nc
2019-09-13,6.431087926081943,8.152912783398635,288,/glade/work/jiachengye/33200/gpcp/daily/2019/gpcp_v01r03_daily_d20190913_c20191206.nc
2019-09-14,0.9276474069468426,2.27262152858864,288,/glade/work/jiachengye/33200/gpcp/daily/2019/gpcp_v01r03_daily_d20190914_c20191206.nc
2019-09-15,3.0331524851678107,5.789329526083433,288,/glade/work/jiachengye/33200/gpcp/daily/2019/gpcp_v01r03_daily_d20190915_c20191206.nc
2019-09-16,0.8261290287585032,1.9416819964671526,288,/glade/work/jiachengye/33200/gpcp/daily/2019/gpcp_v01r03_daily_d20190916_c20191206.nc
2019-09-17,1.886433835115206,3.796844800577962,288,/glade/work/jiachengye/33200/gpcp/daily/2019/gpcp_v01r03_daily_d20190917_c20191206.nc
2019-09-18,2.226466393496642,4.191952060595858,288,/glade/work/jiachengye/33200/gpcp/daily/2019/gpcp_v01r03_daily_d20190918_c20191206.nc
2019-09-19,3.069702864017571,5.755210468139403,288,/glade/work/jiachengye/33200/gpcp/daily/2019/gpcp_v01r03_daily_d20190919_c20191206.nc
2019-09-20,1.664913075930246,2.816191713466217,288,/glade/work/jiachengye/33200/gpcp/daily/2019/gpcp_v01r03_daily_d20190920_c20191206.nc
2019-09-21,3.0702012751105685,5.024402810654004,288,/glade/work/jiachengye/33200/gpcp/daily/2019/gpcp_v01r03_daily_d20190921_c20191206.nc
2019-09-22,9.47240000129001,10.537326172767,288,/glade/work/jiachengye/33200/gpcp/daily/2019/gpcp_v01r03_daily_d20190922_c20191206.nc
2019-09-23,1.302602927371031,2.4515337815979947,288,/glade/work/jiachengye/33200/gpcp/daily/2019/gpcp_v01r03_daily_d20190923_c20191206.nc
2019-09-24,1.9174859405755966,4.143142645145566,288,/glade/work/jiachengye/33200/gpcp/daily/2019/gpcp_v01r03_daily_d20190924_c20191206.nc
2019-09-25,4.993839884000478,8.488845608554856,288,/glade/work/jiachengye/33200/gpcp/daily/2019/gpcp_v01r03_daily_d20190925_c20191206.nc
2019-09-26,4.6809275580708265,9.777023786604797,288,/glade/work/jiachengye/33200/gpcp/daily/2019/gpcp_v01r03_daily_d20190926_c20191206.nc
2019-09-27,5.5707442341231515,6.144227665834257,288,/glade/work/jiachengye/33200/gpcp/daily/2019/gpcp_v01r03_daily_d20190927_c20191206.nc
2019-09-28,6.399767664637561,8.346176175037732,288,/glade/work/jiachengye/33200/gpcp/daily/2019/gpcp_v01r03_daily_d20190928_c20191206.nc
2019-09-29,7.348130565134388,10.029637025020081,288,/glade/work/jiachengye/33200/gpcp/daily/2019/gpcp_v01r03_daily_d20190929_c20191206.nc
2019-09-30,4.068149841058418,6.265430023752171,288,/glade/work/jiachengye/33200/gpcp/daily/2019/gpcp_v01r03_daily_d20190930_c20191206.nc
2019-10-01,7.219444179135445,8.625578621497157,288,/glade/work/jiachengye/33200/gpcp/daily/2019/gpcp_v01r03_daily_d20191001_c20200110.nc
2019-10-02,4.997317449950438,5.551064576427993,288,/glade/work/jiachengye/33200/gpcp/daily/2019/gpcp_v01r03_daily_d20191002_c20200110.nc
2019-10-03,2.2708681101229966,3.8892942832531903,288,/glade/work/jiachengye/33200/gpcp/daily/2019/gpcp_v01r03_daily_d20191003_c20200110.nc
2019-10-04,0.19866368783350918,1.0786280274529287,288,/glade/work/jiachengye/33200/gpcp/daily/2019/gpcp_v01r03_daily_d20191004_c20200110.nc
2019-10-05,6.1672342171617975,6.785747797383517,288,/glade/work/jiachengye/33200/gpcp/daily/2019/gpcp_v01r03_daily_d20191005_c20200110.nc
2019-10-06,3.018202708708001,8.029979008309969,288,/glade/work/jiachengye/33200/gpcp/daily/2019/gpcp_v01r03_daily_d20191006_c20200110.nc
2019-10-07,3.9144861682607566,9.14247744917603,288,/glade/work/jiachengye/33200/gpcp/daily/2019/gpcp_v01r03_daily_d20191007_c20200110.nc
2019-10-08,0.020990760048345637,0.12839719319691603,288,/glade/work/jiachengye/33200/gpcp/daily/2019/gpcp_v01r03_daily_d20191008_c20200110.nc
2019-10-09,1.606960558121067,4.364385601700864,288,/glade/work/jiachengye/33200/gpcp/daily/2019/gpcp_v01r03_daily_d20191009_c20200110.nc
2019-10-10,6.692063776370503,9.59032031382523,288,/glade/work/jiachengye/33200/gpcp/daily/2019/gpcp_v01r03_daily_d20191010_c20200110.nc
2019-10-11,5.374070231331811,6.954890177156049,288,/glade/work/jiachengye/33200/gpcp/daily/2019/gpcp_v01r03_daily_d20191011_c20200110.nc
2019-10-12,2.295800719126167,2.7001106172932423,288,/glade/work/jiachengye/33200/gpcp/daily/2019/gpcp_v01r03_daily_d20191012_c20200110.nc
2019-10-13,2.011838473509956,3.3624639169060626,288,/glade/work/jiachengye/33200/gpcp/daily/2019/gpcp_v01r03_daily_d20191013_c20200110.nc
2019-10-14,0.2487690160807096,0.6829968322907918,288,/glade/work/jiachengye/33200/gpcp/daily/2019/gpcp_v01r03_daily_d20191014_c20200110.nc
2019-10-15,1.8160037807148535,3.55172620858365,288,/glade/work/jiachengye/33200/gpcp/daily/2019/gpcp_v01r03_daily_d20191015_c20200110.nc
2019-10-16,3.7534469420545227,6.9902645958110226,288,/glade/work/jiachengye/33200/gpcp/daily/2019/gpcp_v01r03_daily_d20191016_c20200110.nc
2019-10-17,0.4677894149805407,0.9726579298526213,288,/glade/work/jiachengye/33200/gpcp/daily/2019/gpcp_v01r03_daily_d20191017_c20200110.nc
2019-10-18,0.1747579553892667,0.5223097134452388,288,/glade/work/jiachengye/33200/gpcp/daily/2019/gpcp_v01r03_daily_d20191018_c20200110.nc
2019-10-19,1.3853337862826667,2.3771300701166633,288,/glade/work/jiachengye/33200/gpcp/daily/2019/gpcp_v01r03_daily_d20191019_c20200110.nc
2019-10-20,2.83093170409493,3.7763145176697206,288,/glade/work/jiachengye/33200/gpcp/daily/2019/gpcp_v01r03_daily_d20191020_c20200110.nc
2019-10-21,9.091400453381972,7.644935861163356,288,/glade/work/jiachengye/33200/gpcp/daily/2019/gpcp_v01r03_daily_d20191021_c20200110.nc
2019-10-22,1.2570569147214472,2.1649703243242127,288,/glade/work/jiachengye/33200/gpcp/daily/2019/gpcp_v01r03_daily_d20191022_c20200110.nc
2019-10-23,1.4397322919918532,2.2880012258439644,288,/glade/work/jiachengye/33200/gpcp/daily/2019/gpcp_v01r03_daily_d20191023_c20200110.nc
2019-10-24,2.181408502707897,3.8191783470909613,288,/glade/work/jiachengye/33200/gpcp/daily/2019/gpcp_v01r03_daily_d20191024_c20200110.nc
2019-10-25,1.655319741800261,3.4250831048708763,288,/glade/work/jiachengye/33200/gpcp/daily/2019/gpcp_v01r03_daily_d20191025_c20200110.nc
2019-10-26,4.650212176849797,8.31564330744101,288,/glade/work/jiachengye/33200/gpcp/daily/2019/gpcp_v01r03_daily_d20191026_c20200110.nc
2019-10-27,2.189183011554802,3.2819051280327804,288,/glade/work/jiachengye/33200/gpcp/daily/2019/gpcp_v01r03_daily_d20191027_c20200110.nc
2019-10-28,0.9124175005902502,1.579059042381781,288,/glade/work/jiachengye/33200/gpcp/daily/2019/gpcp_v01r03_daily_d20191028_c20200110.nc
2019-10-29,1.6618641017625622,2.8692476672006086,288,/glade/work/jiachengye/33200/gpcp/daily/2019/gpcp_v01r03_daily_d20191029_c20200110.nc
2019-10-30,8.796876561864785,14.038242758107774,288,/glade/work/jiachengye/33200/gpcp/daily/2019/gpcp_v01r03_daily_d20191030_c20200110.nc
2019-10-31,5.177858580569126,7.856934399514717,288,/glade/work/jiachengye/33200/gpcp/daily/2019/gpcp_v01r03_daily_d20191031_c20200110.nc
2019-11-01,0.5814670353902465,1.0534119650919471,288,/glade/work/jiachengye/33200/gpcp/daily/2019/gpcp_v01r03_daily_d20191101_c20200206.nc
2019-11-02,0.36430796197155774,0.8673200919423683,288,/glade/work/jiachengye/33200/gpcp/daily/2019/gpcp_v01r03_daily_d20191102_c20200206.nc
2019-11-03,0.5794569968414487,1.4771486230568522,288,/glade/work/jiachengye/33200/gpcp/daily/2019/gpcp_v01r03_daily_d20191103_c20200206.nc
2019-11-04,1.0837035582120178,1.7506239559682257,288,/glade/work/jiachengye/33200/gpcp/daily/2019/gpcp_v01r03_daily_d20191104_c20200206.nc
2019-11-05,0.3730814072407811,0.9074095152125866,288,/glade/work/jiachengye/33200/gpcp/daily/2019/gpcp_v01r03_daily_d20191105_c20200206.nc
2019-11-06,1.126576697381474,2.2049767037212424,288,/glade/work/jiachengye/33200/gpcp/daily/2019/gpcp_v01r03_daily_d20191106_c20200206.nc
2019-11-07,6.143600031055031,13.203516873831326,288,/glade/work/jiachengye/33200/gpcp/daily/2019/gpcp_v01r03_daily_d20191107_c20200206.nc
2019-11-08,0.3942069744135492,1.0345155658200984,288,/glade/work/jiachengye/33200/gpcp/daily/2019/gpcp_v01r03_daily_d20191108_c20200206.nc
2019-11-09,1.2163986938387137,1.8674190243337545,288,/glade/work/jiachengye/33200/gpcp/daily/2019/gpcp_v01r03_daily_d20191109_c20200206.nc
2019-11-10,2.1882916598171973,2.4746475731786632,288,/glade/work/jiachengye/33200/gpcp/daily/2019/gpcp_v01r03_daily_d20191110_c20200206.nc
2019-11-11,2.3156323135879218,3.5634342755039885,288,/glade/work/jiachengye/33200/gpcp/daily/2019/gpcp_v01r03_daily_d20191111_c20200206.nc
2019-11-12,0.46413194560412196,1.5841508183042223,288,/glade/work/jiachengye/33200/gpcp/daily/2019/gpcp_v01r03_daily_d20191112_c20200206.nc
2019-11-13,3.2774987665057487,3.4238151581463394,288,/glade/work/jiachengye/33200/gpcp/daily/2019/gpcp_v01r03_daily_d20191113_c20200206.nc
2019-11-14,0.2596980712393236,0.8943102277259812,288,/glade/work/jiachengye/33200/gpcp/daily/2019/gpcp_v01r03_daily_d20191114_c20200206.nc
2019-11-15,0.1797911744257781,0.616484943311787,288,/glade/work/jiachengye/33200/gpcp/daily/2019/gpcp_v01r03_daily_d20191115_c20200206.nc
2019-11-16,0.7390635760117714,1.3400890826426397,288,/glade/work/jiachengye/33200/gpcp/daily/2019/gpcp_v01r03_daily_d20191116_c20200206.nc
2019-11-17,2.0032741608433455,2.9250754267405346,288,/glade/work/jiachengye/33200/gpcp/daily/2019/gpcp_v01r03_daily_d20191117_c20200206.nc
2019-11-18,1.075886808827188,1.8849823692605627,288,/glade/work/jiachengye/33200/gpcp/daily/2019/gpcp_v01r03_daily_d20191118_c20200206.nc
2019-11-19,0.23679368109096613,0.6435215237907723,288,/glade/work/jiachengye/33200/gpcp/daily/2019/gpcp_v01r03_daily_d20191119_c20200206.nc
2019-11-20,1.1354549814608956,1.6618666646866824,288,/glade/work/jiachengye/33200/gpcp/daily/2019/gpcp_v01r03_daily_d20191120_c20200206.nc
2019-11-21,3.197555700624496,3.9515974208763316,288,/glade/work/jiachengye/33200/gpcp/daily/2019/gpcp_v01r03_daily_d20191121_c20200206.nc
2019-11-22,1.3762758680066483,3.170592694726364,288,/glade/work/jiachengye/33200/gpcp/daily/2019/gpcp_v01r03_daily_d20191122_c20200206.nc
2019-11-23,1.2102493783048895,4.004498512449716,288,/glade/work/jiachengye/33200/gpcp/daily/2019/gpcp_v01r03_daily_d20191123_c20200206.nc
2019-11-24,0.46677684688706106,0.9984230754424688,288,/glade/work/jiachengye/33200/gpcp/daily/2019/gpcp_v01r03_daily_d20191124_c20200206.nc
2019-11-25,0.44625044869577574,0.9027960891780169,288,/glade/work/jiachengye/33200/gpcp/daily/2019/gpcp_v01r03_daily_d20191125_c20200206.nc
2019-11-26,1.2993822238074524,2.4468256330232485,288,/glade/work/jiachengye/33200/gpcp/daily/2019/gpcp_v01r03_daily_d20191126_c20200206.nc
2019-11-27,5.5633506730337166,7.117273921937291,288,/glade/work/jiachengye/33200/gpcp/daily/2019/gpcp_v01r03_daily_d20191127_c20200206.nc
2019-11-28,2.6826800674610176,3.5389960395194793,288,/glade/work/jiachengye/33200/gpcp/daily/2019/gpcp_v01r03_daily_d20191128_c20200206.nc
2019-11-29,2.8041938771577146,3.0219038727180347,288,/glade/work/jiachengye/33200/gpcp/daily/2019/gpcp_v01r03_daily_d20191129_c20200206.nc
2019-11-30,8.334384445798866,12.51665048938921,288,/glade/work/jiachengye/33200/gpcp/daily/2019/gpcp_v01r03_daily_d20191130_c20200206.nc
2019-12-01,5.626830699025771,7.827113806621725,288,/glade/work/jiachengye/33200/gpcp/daily/2019/gpcp_v01r03_daily_d20191201_c20200309.nc
2019-12-02,0.29155814592791274,0.9129682991293707,288,/glade/work/jiachengye/33200/gpcp/daily/2019/gpcp_v01r03_daily_d20191202_c20200309.nc
2019-12-03,1.2056319072111101,2.2802806903748207,288,/glade/work/jiachengye/33200/gpcp/daily/2019/gpcp_v01r03_daily_d20191203_c20200309.nc
2019-12-04,0.1877115177902673,0.5877280086720258,288,/glade/work/jiachengye/33200/gpcp/daily/2019/gpcp_v01r03_daily_d20191204_c20200309.nc
2019-12-05,0.18697123008097416,0.5637044653025067,288,/glade/work/jiachengye/33200/gpcp/daily/2019/gpcp_v01r03_daily_d20191205_c20200309.nc
2019-12-06,0.23083435089084592,0.685577851148787,288,/glade/work/jiachengye/33200/gpcp/daily/2019/gpcp_v01r03_daily_d20191206_c20200309.nc
2019-12-07,0.4396372224475899,0.9293255204507405,288,/glade/work/jiachengye/33200/gpcp/daily/2019/gpcp_v01r03_daily_d20191207_c20200309.nc
2019-12-08,2.618685312190271,3.693016021329308,288,/glade/work/jiachengye/33200/gpcp/daily/2019/gpcp_v01r03_daily_d20191208_c20200309.nc
2019-12-09,2.4616608188801874,3.1048531259413203,288,/glade/work/jiachengye/33200/gpcp/daily/2019/gpcp_v01r03_daily_d20191209_c20200309.nc
2019-12-10,0.24582662179722162,1.7618907365395613,288,/glade/work/jiachengye/33200/gpcp/daily/2019/gpcp_v01r03_daily_d20191210_c20200309.nc
2019-12-11,0.3897693706294349,0.9404711364550908,288,/glade/work/jiachengye/33200/gpcp/daily/2019/gpcp_v01r03_daily_d20191211_c20200309.nc
2019-12-12,2.3652657931110452,2.8491220156685277,288,/glade/work/jiachengye/33200/gpcp/daily/2019/gpcp_v01r03_daily_d20191212_c20200309.nc
2019-12-13,0.6405854782422401,1.3923144803590444,288,/glade/work/jiachengye/33200/gpcp/daily/2019/gpcp_v01r03_daily_d20191213_c20200309.nc
2019-12-14,1.309585538415487,3.4566416617425513,288,/glade/work/jiachengye/33200/gpcp/daily/2019/gpcp_v01r03_daily_d20191214_c20200309.nc
2019-12-15,0.34831039879073133,1.152174933957383,288,/glade/work/jiachengye/33200/gpcp/daily/2019/gpcp_v01r03_daily_d20191215_c20200309.nc
2019-12-16,2.6532801917013105,6.335571719364398,288,/glade/work/jiachengye/33200/gpcp/daily/2019/gpcp_v01r03_daily_d20191216_c20200309.nc
2019-12-17,3.138112200647803,7.434050343868083,288,/glade/work/jiachengye/33200/gpcp/daily/2019/gpcp_v01r03_daily_d20191217_c20200309.nc
2019-12-18,0.08319050290049676,0.315174035314501,288,/glade/work/jiachengye/33200/gpcp/daily/2019/gpcp_v01r03_daily_d20191218_c20200309.nc
2019-12-19,0.26221707534530564,0.8209026607331369,288,/glade/work/jiachengye/33200/gpcp/daily/2019/gpcp_v01r03_daily_d20191219_c20200309.nc
2019-12-20,0.20892780855616974,0.7366153361252241,288,/glade/work/jiachengye/33200/gpcp/daily/2019/gpcp_v01r03_daily_d20191220_c20200309.nc
2019-12-21,0.6043467585847296,1.2107110019571317,288,/glade/work/jiachengye/33200/gpcp/daily/2019/gpcp_v01r03_daily_d20191221_c20200309.nc
2019-12-22,0.47774613756150786,1.1629805031537264,288,/glade/work/jiachengye/33200/gpcp/daily/2019/gpcp_v01r03_daily_d20191222_c20200309.nc
2019-12-23,1.8869582022688824,6.130506769838526,288,/glade/work/jiachengye/33200/gpcp/daily/2019/gpcp_v01r03_daily_d20191223_c20200309.nc
2019-12-24,2.136099337760003,2.654244599868814,288,/glade/work/jiachengye/33200/gpcp/daily/2019/gpcp_v01r03_daily_d20191224_c20200309.nc
2019-12-25,2.154400418098633,3.278839398782387,288,/glade/work/jiachengye/33200/gpcp/daily/2019/gpcp_v01r03_daily_d20191225_c20200309.nc
2019-12-26,1.1539857286065316,2.577585211008359,288,/glade/work/jiachengye/33200/gpcp/daily/2019/gpcp_v01r03_daily_d20191226_c20200309.nc
2019-12-27,0.10287169721092415,0.4433683193191866,288,/glade/work/jiachengye/33200/gpcp/daily/2019/gpcp_v01r03_daily_d20191227_c20200309.nc
2019-12-28,5.581919832919032,8.772793814570516,288,/glade/work/jiachengye/33200/gpcp/daily/2019/gpcp_v01r03_daily_d20191228_c20200309.nc
2019-12-29,10.639192630563738,11.767385135032654,288,/glade/work/jiachengye/33200/gpcp/daily/2019/gpcp_v01r03_daily_d20191229_c20200309.nc
2019-12-30,5.882889278394189,7.895792628582964,288,/glade/work/jiachengye/33200/gpcp/daily/2019/gpcp_v01r03_daily_d20191230_c20200309.nc
2019-12-31,0.8828930985635712,2.087743650570088,288,/glade/work/jiachengye/33200/gpcp/daily/2019/gpcp_v01r03_daily_d20191231_c20200309.nc
2020-01-01,0.5192781169426458,0.8372129659528311,288,/glade/work/jiachengye/33200/gpcp/daily/2020/gpcp_v01r03_daily_d20200101_c20200408.nc
2020-01-02,0.7929372540962237,1.5113425146081827,288,/glade/work/jiachengye/33200/gpcp/daily/2020/gpcp_v01r03_daily_d20200102_c20200408.nc
2020-01-03,0.44697899530491586,1.7486369713683205,288,/glade/work/jiachengye/33200/gpcp/daily/2020/gpcp_v01r03_daily_d20200103_c20200408.nc
2020-01-04,0.2645163890550808,0.78959396443287,288,/glade/work/jiachengye/33200/gpcp/daily/2020/gpcp_v01r03_daily_d20200104_c20200408.nc
2020-01-05,1.242698985883152,2.3239479468306468,288,/glade/work/jiachengye/33200/gpcp/daily/2020/gpcp_v01r03_daily_d20200105_c20200408.nc
2020-01-06,0.11511726824253656,0.45446645429122806,288,/glade/work/jiachengye/33200/gpcp/daily/2020/gpcp_v01r03_daily_d20200106_c20200408.nc
2020-01-07,0.1325483256520334,0.4454480627418005,288,/glade/work/jiachengye/33200/gpcp/daily/2020/gpcp_v01r03_daily_d20200107_c20200408.nc
2020-01-08,0.5731302091891081,1.1718132564912898,288,/glade/work/jiachengye/33200/gpcp/daily/2020/gpcp_v01r03_daily_d20200108_c20200408.nc
2020-01-09,1.9813175625345634,3.431237997013686,288,/glade/work/jiachengye/33200/gpcp/daily/2020/gpcp_v01r03_daily_d20200109_c20200408.nc
2020-01-10,5.808422320079972,8.532924361094787,288,/glade/work/jiachengye/33200/gpcp/daily/2020/gpcp_v01r03_daily_d20200110_c20200408.nc
2020-01-11,21.839956593649752,26.10936379800044,288,/glade/work/jiachengye/33200/gpcp/daily/2020/gpcp_v01r03_daily_d20200111_c20200408.nc
2020-01-12,2.037828149538512,3.8829849392820637,288,/glade/work/jiachengye/33200/gpcp/daily/2020/gpcp_v01r03_daily_d20200112_c20200408.nc
2020-01-13,0.8542301383788022,2.422024590410772,288,/glade/work/jiachengye/33200/gpcp/daily/2020/gpcp_v01r03_daily_d20200113_c20200408.nc
2020-01-14,4.708112885558715,13.043584407901404,288,/glade/work/jiachengye/33200/gpcp/daily/2020/gpcp_v01r03_daily_d20200114_c20200408.nc
2020-01-15,0.9005559564982673,1.9765484776280104,288,/glade/work/jiachengye/33200/gpcp/daily/2020/gpcp_v01r03_daily_d20200115_c20200408.nc
2020-01-16,0.10698662678464274,0.42661272964187164,288,/glade/work/jiachengye/33200/gpcp/daily/2020/gpcp_v01r03_daily_d20200116_c20200408.nc
2020-01-17,6.189544922561817,7.713927234185484,288,/glade/work/jiachengye/33200/gpcp/daily/2020/gpcp_v01r03_daily_d20200117_c20200408.nc
2020-01-18,6.635030717431916,8.834624330402454,288,/glade/work/jiachengye/33200/gpcp/daily/2020/gpcp_v01r03_daily_d20200118_c20200408.nc
2020-01-19,0.33884024079969693,0.8514032601184878,288,/glade/work/jiachengye/33200/gpcp/daily/2020/gpcp_v01r03_daily_d20200119_c20200408.nc
2020-01-20,0.005683017062753388,0.05388433973685116,288,/glade/work/jiachengye/33200/gpcp/daily/2020/gpcp_v01r03_daily_d20200120_c20200408.nc
2020-01-21,1.0790506607655992,1.9302099509702617,288,/glade/work/jiachengye/33200/gpcp/daily/2020/gpcp_v01r03_daily_d20200121_c20200408.nc
2020-01-22,2.4202575863020033,3.2826055407551737,288,/glade/work/jiachengye/33200/gpcp/daily/2020/gpcp_v01r03_daily_d20200122_c20200408.nc
2020-01-23,2.8326429321641102,4.558279874623103,288,/glade/work/jiachengye/33200/gpcp/daily/2020/gpcp_v01r03_daily_d20200123_c20200408.nc
2020-01-24,2.830328710762642,5.373807927694834,288,/glade/work/jiachengye/33200/gpcp/daily/2020/gpcp_v01r03_daily_d20200124_c20200408.nc
2020-01-25,1.2332320405187218,2.6883854898052557,288,/glade/work/jiachengye/33200/gpcp/daily/2020/gpcp_v01r03_daily_d20200125_c20200408.nc
2020-01-26,0.2715314666074118,0.9082337534393422,288,/glade/work/jiachengye/33200/gpcp/daily/2020/gpcp_v01r03_daily_d20200126_c20200408.nc
2020-01-27,0.04346190158924954,0.19475489716712407,288,/glade/work/jiachengye/33200/gpcp/daily/2020/gpcp_v01r03_daily_d20200127_c20200408.nc
2020-01-28,0.7989001255588201,2.547736670464235,288,/glade/work/jiachengye/33200/gpcp/daily/2020/gpcp_v01r03_daily_d20200128_c20200408.nc
2020-01-29,1.0762804539557984,2.167454601262873,288,/glade/work/jiachengye/33200/gpcp/daily/2020/gpcp_v01r03_daily_d20200129_c20200408.nc
2020-01-30,0.206179038173289,0.5704337448705815,288,/glade/work/jiachengye/33200/gpcp/daily/2020/gpcp_v01r03_daily_d20200130_c20200408.nc
2020-01-31,1.0845599600170042,2.0672781809937355,288,/glade/work/jiachengye/33200/gpcp/daily/2020/gpcp_v01r03_daily_d20200131_c20200408.nc
2020-02-01,0.502790089570003,0.9483767152230824,288,/glade/work/jiachengye/33200/gpcp/daily/2020/gpcp_v01r03_daily_d20200201_c20200509.nc
2020-02-02,1.6105157573234101,2.593998698395067,288,/glade/work/jiachengye/33200/gpcp/daily/2020/gpcp_v01r03_daily_d20200202_c20200509.nc
2020-02-03,1.530317107333042,2.0889154164911905,288,/glade/work/jiachengye/33200/gpcp/daily/2020/gpcp_v01r03_daily_d20200203_c20200509.nc
2020-02-04,2.1797575892941983,3.4696854561409,288,/glade/work/jiachengye/33200/gpcp/daily/2020/gpcp_v01r03_daily_d20200204_c20200509.nc
2020-02-05,1.8716113966603865,2.9941212321280744,288,/glade/work/jiachengye/33200/gpcp/daily/2020/gpcp_v01r03_daily_d20200205_c20200509.nc
2020-02-06,9.019419196030356,19.733496144940215,287,/glade/work/jiachengye/33200/gpcp/daily/2020/gpcp_v01r03_daily_d20200206_c20200509.nc
2020-02-07,1.0278178305745083,3.167686199120176,288,/glade/work/jiachengye/33200/gpcp/daily/2020/gpcp_v01r03_daily_d20200207_c20200509.nc
2020-02-08,0.08379679928224708,0.31532053857869397,288,/glade/work/jiachengye/33200/gpcp/daily/2020/gpcp_v01r03_daily_d20200208_c20200509.nc
2020-02-09,2.148666231904336,2.89841981294141,288,/glade/work/jiachengye/33200/gpcp/daily/2020/gpcp_v01r03_daily_d20200209_c20200509.nc
2020-02-10,0.9588599160011126,3.491093575845367,288,/glade/work/jiachengye/33200/gpcp/daily/2020/gpcp_v01r03_daily_d20200210_c20200509.nc
2020-02-11,0.8016056209855973,2.1970380874043736,288,/glade/work/jiachengye/33200/gpcp/daily/2020/gpcp_v01r03_daily_d20200211_c20200509.nc
2020-02-12,5.4152984356761875,8.002531383239225,288,/glade/work/jiachengye/33200/gpcp/daily/2020/gpcp_v01r03_daily_d20200212_c20200509.nc
2020-02-13,2.8070918103856206,4.794592723327105,288,/glade/work/jiachengye/33200/gpcp/daily/2020/gpcp_v01r03_daily_d20200213_c20200509.nc
2020-02-14,0.054702432374690656,0.23370669961861912,288,/glade/work/jiachengye/33200/gpcp/daily/2020/gpcp_v01r03_daily_d20200214_c20200509.nc
2020-02-15,0.6775595324931751,1.731370389076302,288,/glade/work/jiachengye/33200/gpcp/daily/2020/gpcp_v01r03_daily_d20200215_c20200509.nc
2020-02-16,0.20294971356488606,0.7206638492339693,288,/glade/work/jiachengye/33200/gpcp/daily/2020/gpcp_v01r03_daily_d20200216_c20200509.nc
2020-02-17,0.7150706819091697,1.7965147473766025,288,/glade/work/jiachengye/33200/gpcp/daily/2020/gpcp_v01r03_daily_d20200217_c20200509.nc
2020-02-18,0.71237493695623,1.7790825737666083,288,/glade/work/jiachengye/33200/gpcp/daily/2020/gpcp_v01r03_daily_d20200218_c20200509.nc
2020-02-19,0.7142148526070891,4.187632108113398,288,/glade/work/jiachengye/33200/gpcp/daily/2020/gpcp_v01r03_daily_d20200219_c20200509.nc
2020-02-20,0.4823853588348437,2.210873556475047,288,/glade/work/jiachengye/33200/gpcp/daily/2020/gpcp_v01r03_daily_d20200220_c20200509.nc
2020-02-21,0.0,0.0,288,/glade/work/jiachengye/33200/gpcp/daily/2020/gpcp_v01r03_daily_d20200221_c20200509.nc
2020-02-22,0.4112183435983574,1.5250615758906136,288,/glade/work/jiachengye/33200/gpcp/daily/2020/gpcp_v01r03_daily_d20200222_c20200509.nc
2020-02-23,0.17951976533143485,0.6361223038562123,288,/glade/work/jiachengye/33200/gpcp/daily/2020/gpcp_v01r03_daily_d20200223_c20200509.nc
2020-02-24,2.6134622875427245,4.759040634208748,288,/glade/work/jiachengye/33200/gpcp/daily/2020/gpcp_v01r03_daily_d20200224_c20200509.nc
2020-02-25,1.5268082783699068,2.510522552784001,288,/glade/work/jiachengye/33200/gpcp/daily/2020/gpcp_v01r03_daily_d20200225_c20200509.nc
2020-02-26,0.8370627903096856,2.3661064535181873,288,/glade/work/jiachengye/33200/gpcp/daily/2020/gpcp_v01r03_daily_d20200226_c20200509.nc
2020-02-27,0.5460430529109445,1.5256694116665477,288,/glade/work/jiachengye/33200/gpcp/daily/2020/gpcp_v01r03_daily_d20200227_c20200509.nc
2020-02-28,0.6421286484932651,1.8925916517411194,288,/glade/work/jiachengye/33200/gpcp/daily/2020/gpcp_v01r03_daily_d20200228_c20200509.nc
2020-02-29,0.1448326099536089,0.5409164667097953,288,/glade/work/jiachengye/33200/gpcp/daily/2020/gpcp_v01r03_daily_d20200229_c20200509.nc
2020-03-01,0.41134558996745096,1.1432730040278296,288,/glade/work/jiachengye/33200/gpcp/daily/2020/gpcp_v01r03_daily_d20200301_c20200615.nc
2020-03-02,1.654304191662734,3.0296165487865685,288,/glade/work/jiachengye/33200/gpcp/daily/2020/gpcp_v01r03_daily_d20200302_c20200615.nc
2020-03-03,1.0635639377836317,2.556446311106881,288,/glade/work/jiachengye/33200/gpcp/daily/2020/gpcp_v01r03_daily_d20200303_c20200615.nc
2020-03-04,0.13384597007771643,0.4592748515888784,288,/glade/work/jiachengye/33200/gpcp/daily/2020/gpcp_v01r03_daily_d20200304_c20200615.nc
2020-03-05,1.3664415390534737,2.7371647355828723,288,/glade/work/jiachengye/33200/gpcp/daily/2020/gpcp_v01r03_daily_d20200305_c20200615.nc
2020-03-06,0.1412472821680186,0.6063017162511711,288,/glade/work/jiachengye/33200/gpcp/daily/2020/gpcp_v01r03_daily_d20200306_c20200615.nc
2020-03-07,0.17754818942567033,0.5888111109935216,288,/glade/work/jiachengye/33200/gpcp/daily/2020/gpcp_v01r03_daily_d20200307_c20200615.nc
2020-03-08,0.20475662948461693,0.6156887970036855,288,/glade/work/jiachengye/33200/gpcp/daily/2020/gpcp_v01r03_daily_d20200308_c20200615.nc
2020-03-09,4.8674740954709135,5.296604338839849,288,/glade/work/jiachengye/33200/gpcp/daily/2020/gpcp_v01r03_daily_d20200309_c20200615.nc
2020-03-10,1.9500656221551755,3.1887198198739246,288,/glade/work/jiachengye/33200/gpcp/daily/2020/gpcp_v01r03_daily_d20200310_c20200615.nc
2020-03-11,1.9087106383470336,3.213085217073362,288,/glade/work/jiachengye/33200/gpcp/daily/2020/gpcp_v01r03_daily_d20200311_c20200615.nc
2020-03-12,4.009643512953181,5.571697643193426,288,/glade/work/jiachengye/33200/gpcp/daily/2020/gpcp_v01r03_daily_d20200312_c20200615.nc
2020-03-13,3.108892280452872,6.666853741423031,288,/glade/work/jiachengye/33200/gpcp/daily/2020/gpcp_v01r03_daily_d20200313_c20200615.nc
2020-03-14,8.229974773193668,7.81677120258787,288,/glade/work/jiachengye/33200/gpcp/daily/2020/gpcp_v01r03_daily_d20200314_c20200615.nc
2020-03-15,0.7476532131116088,1.8116876759312484,288,/glade/work/jiachengye/33200/gpcp/daily/2020/gpcp_v01r03_daily_d20200315_c20200615.nc
2020-03-16,2.1327537583063365,3.9350991175896426,288,/glade/work/jiachengye/33200/gpcp/daily/2020/gpcp_v01r03_daily_d20200316_c20200615.nc
2020-03-17,0.4022210274625807,1.3012701852242972,288,/glade/work/jiachengye/33200/gpcp/daily/2020/gpcp_v01r03_daily_d20200317_c20200615.nc
2020-03-18,6.170359991908667,7.343766941121779,288,/glade/work/jiachengye/33200/gpcp/daily/2020/gpcp_v01r03_daily_d20200318_c20200615.nc
2020-03-19,11.159602620419806,9.372409383788925,288,/glade/work/jiachengye/33200/gpcp/daily/2020/gpcp_v01r03_daily_d20200319_c20200615.nc
2020-03-20,4.2662634422054495,7.204711626308904,288,/glade/work/jiachengye/33200/gpcp/daily/2020/gpcp_v01r03_daily_d20200320_c20200615.nc
2020-03-21,0.5038142334184184,1.5711954990033936,288,/glade/work/jiachengye/33200/gpcp/daily/2020/gpcp_v01r03_daily_d20200321_c20200615.nc
2020-03-22,1.2359216996999562,2.3068587119691166,288,/glade/work/jiachengye/33200/gpcp/daily/2020/gpcp_v01r03_daily_d20200322_c20200615.nc
2020-03-23,1.0979027805627186,3.6343848040099314,288,/glade/work/jiachengye/33200/gpcp/daily/2020/gpcp_v01r03_daily_d20200323_c20200615.nc
2020-03-24,0.21948061757601953,0.8390536592572877,288,/glade/work/jiachengye/33200/gpcp/daily/2020/gpcp_v01r03_daily_d20200324_c20200615.nc
2020-03-25,1.6851146060901945,2.9560183468886487,288,/glade/work/jiachengye/33200/gpcp/daily/2020/gpcp_v01r03_daily_d20200325_c20200615.nc
2020-03-26,1.4479460453063004,2.330972671087815,288,/glade/work/jiachengye/33200/gpcp/daily/2020/gpcp_v01r03_daily_d20200326_c20200615.nc
2020-03-27,3.7136130506860603,6.157190850558148,288,/glade/work/jiachengye/33200/gpcp/daily/2020/gpcp_v01r03_daily_d20200327_c20200615.nc
2020-03-28,7.530683147564851,7.470431089662251,288,/glade/work/jiachengye/33200/gpcp/daily/2020/gpcp_v01r03_daily_d20200328_c20200615.nc
2020-03-29,4.906771434292756,6.786422141725176,288,/glade/work/jiachengye/33200/gpcp/daily/2020/gpcp_v01r03_daily_d20200329_c20200615.nc
2020-03-30,0.6778354190115587,1.4296942831337154,288,/glade/work/jiachengye/33200/gpcp/daily/2020/gpcp_v01r03_daily_d20200330_c20200615.nc
2020-03-31,1.6414728834706451,4.875664131540706,288,/glade/work/jiachengye/33200/gpcp/daily/2020/gpcp_v01r03_daily_d20200331_c20200615.nc
2020-04-01,0.46475394174565793,1.1187252902162506,288,/glade/work/jiachengye/33200/gpcp/daily/2020/gpcp_v01r03_daily_d20200401_c20200707.nc
2020-04-02,1.319184631954648,2.341806842823505,288,/glade/work/jiachengye/33200/gpcp/daily/2020/gpcp_v01r03_daily_d20200402_c20200707.nc
2020-04-03,0.7824245946438981,1.2523185789951676,288,/glade/work/jiachengye/33200/gpcp/daily/2020/gpcp_v01r03_daily_d20200403_c20200707.nc
2020-04-04,0.31399136672967204,0.9759885943508604,288,/glade/work/jiachengye/33200/gpcp/daily/2020/gpcp_v01r03_daily_d20200404_c20200707.nc
2020-04-05,0.090427789740748,0.36211043793726605,288,/glade/work/jiachengye/33200/gpcp/daily/2020/gpcp_v01r03_daily_d20200405_c20200707.nc
2020-04-06,0.9445559178965924,1.815925585707237,288,/glade/work/jiachengye/33200/gpcp/daily/2020/gpcp_v01r03_daily_d20200406_c20200707.nc
2020-04-07,1.6893747793048135,3.389392245717136,288,/glade/work/jiachengye/33200/gpcp/daily/2020/gpcp_v01r03_daily_d20200407_c20200707.nc
2020-04-08,1.161294226806375,2.967850711251711,288,/glade/work/jiachengye/33200/gpcp/daily/2020/gpcp_v01r03_daily_d20200408_c20200707.nc
2020-04-09,3.0024610492557096,5.116401247327482,288,/glade/work/jiachengye/33200/gpcp/daily/2020/gpcp_v01r03_daily_d20200409_c20200707.nc
2020-04-10,0.15053136464210604,0.5172744910931596,288,/glade/work/jiachengye/33200/gpcp/daily/2020/gpcp_v01r03_daily_d20200410_c20200707.nc
2020-04-11,0.8636826801012458,1.6265325815793956,288,/glade/work/jiachengye/33200/gpcp/daily/2020/gpcp_v01r03_daily_d20200411_c20200707.nc
2020-04-12,5.972589176577147,6.55064153299801,288,/glade/work/jiachengye/33200/gpcp/daily/2020/gpcp_v01r03_daily_d20200412_c20200707.nc
2020-04-13,6.891954843826106,12.937026175961734,288,/glade/work/jiachengye/33200/gpcp/daily/2020/gpcp_v01r03_daily_d20200413_c20200707.nc
2020-04-14,0.10960606835134289,0.6207017179810097,288,/glade/work/jiachengye/33200/gpcp/daily/2020/gpcp_v01r03_daily_d20200414_c20200707.nc
2020-04-15,0.10537342652650919,0.4144172049890757,288,/glade/work/jiachengye/33200/gpcp/daily/2020/gpcp_v01r03_daily_d20200415_c20200707.nc
2020-04-16,0.8633481712275637,2.0627909099122945,288,/glade/work/jiachengye/33200/gpcp/daily/2020/gpcp_v01r03_daily_d20200416_c20200707.nc
2020-04-17,1.8287546612748218,3.50010587152755,288,/glade/work/jiachengye/33200/gpcp/daily/2020/gpcp_v01r03_daily_d20200417_c20200707.nc
2020-04-18,0.7016494697340706,1.412785684759881,288,/glade/work/jiachengye/33200/gpcp/daily/2020/gpcp_v01r03_daily_d20200418_c20200707.nc
2020-04-19,0.7286155893712869,1.7319894436680838,288,/glade/work/jiachengye/33200/gpcp/daily/2020/gpcp_v01r03_daily_d20200419_c20200707.nc
2020-04-20,0.9453889774853174,1.9301245228234252,288,/glade/work/jiachengye/33200/gpcp/daily/2020/gpcp_v01r03_daily_d20200420_c20200707.nc
2020-04-21,0.3470639572392012,0.999017264286293,288,/glade/work/jiachengye/33200/gpcp/daily/2020/gpcp_v01r03_daily_d20200421_c20200707.nc
2020-04-22,2.88175568782873,7.931021628210367,288,/glade/work/jiachengye/33200/gpcp/daily/2020/gpcp_v01r03_daily_d20200422_c20200707.nc
2020-04-23,2.648871664608652,7.545806046491238,288,/glade/work/jiachengye/33200/gpcp/daily/2020/gpcp_v01r03_daily_d20200423_c20200707.nc
2020-04-24,2.6738579607771977,4.838651357049299,288,/glade/work/jiachengye/33200/gpcp/daily/2020/gpcp_v01r03_daily_d20200424_c20200707.nc
2020-04-25,2.843256914089432,5.6059669148621785,288,/glade/work/jiachengye/33200/gpcp/daily/2020/gpcp_v01r03_daily_d20200425_c20200707.nc
2020-04-26,0.9432717766699734,2.3357306928136166,288,/glade/work/jiachengye/33200/gpcp/daily/2020/gpcp_v01r03_daily_d20200426_c20200707.nc
2020-04-27,2.2132304367026743,3.5700705867342393,288,/glade/work/jiachengye/33200/gpcp/daily/2020/gpcp_v01r03_daily_d20200427_c20200707.nc
2020-04-28,3.5288672015611198,4.111855733076251,288,/glade/work/jiachengye/33200/gpcp/daily/2020/gpcp_v01r03_daily_d20200428_c20200707.nc
2020-04-29,8.94154737564719,11.661444484778523,288,/glade/work/jiachengye/33200/gpcp/daily/2020/gpcp_v01r03_daily_d20200429_c20200707.nc
2020-04-30,1.6245257561771913,4.3014679194767895,288,/glade/work/jiachengye/33200/gpcp/daily/2020/gpcp_v01r03_daily_d20200430_c20200707.nc
2020-05-01,1.677294100488789,2.7113237650839377,288,/glade/work/jiachengye/33200/gpcp/daily/2020/gpcp_v01r03_daily_d20200501_c20200806.nc
2020-05-02,2.0589696691045685,2.8031907410055883,288,/glade/work/jiachengye/33200/gpcp/daily/2020/gpcp_v01r03_daily_d20200502_c20200806.nc
2020-05-03,3.952385585889708,7.163851379532434,288,/glade/work/jiachengye/33200/gpcp/daily/2020/gpcp_v01r03_daily_d20200503_c20200806.nc
2020-05-04,9.720979156514503,11.439591431883622,288,/glade/work/jiachengye/33200/gpcp/daily/2020/gpcp_v01r03_daily_d20200504_c20200806.nc
2020-05-05,6.488982272632484,10.569879799907417,288,/glade/work/jiachengye/33200/gpcp/daily/2020/gpcp_v01r03_daily_d20200505_c20200806.nc
2020-05-06,0.27927386057474146,0.8311781984890396,288,/glade/work/jiachengye/33200/gpcp/daily/2020/gpcp_v01r03_daily_d20200506_c20200806.nc
2020-05-07,0.8379632528609329,2.3349351633260556,288,/glade/work/jiachengye/33200/gpcp/daily/2020/gpcp_v01r03_daily_d20200507_c20200806.nc
2020-05-08,2.142621427571928,5.083939279038983,288,/glade/work/jiachengye/33200/gpcp/daily/2020/gpcp_v01r03_daily_d20200508_c20200806.nc
2020-05-09,0.8417324816086844,1.5459120962386108,288,/glade/work/jiachengye/33200/gpcp/daily/2020/gpcp_v01r03_daily_d20200509_c20200806.nc
2020-05-10,0.769337544457349,1.360866587420611,288,/glade/work/jiachengye/33200/gpcp/daily/2020/gpcp_v01r03_daily_d20200510_c20200806.nc
2020-05-11,0.7104274124884323,1.7858352873689223,288,/glade/work/jiachengye/33200/gpcp/daily/2020/gpcp_v01r03_daily_d20200511_c20200806.nc
2020-05-12,1.0787270136320994,2.502693951910958,288,/glade/work/jiachengye/33200/gpcp/daily/2020/gpcp_v01r03_daily_d20200512_c20200806.nc
2020-05-13,2.00304204220793,3.2618740309383627,288,/glade/work/jiachengye/33200/gpcp/daily/2020/gpcp_v01r03_daily_d20200513_c20200806.nc
2020-05-14,4.524787877101541,5.903882844198365,288,/glade/work/jiachengye/33200/gpcp/daily/2020/gpcp_v01r03_daily_d20200514_c20200806.nc
2020-05-15,12.657698901964883,19.487127776926442,287,/glade/work/jiachengye/33200/gpcp/daily/2020/gpcp_v01r03_daily_d20200515_c20200806.nc
2020-05-16,2.887578483014013,3.9684752464403084,288,/glade/work/jiachengye/33200/gpcp/daily/2020/gpcp_v01r03_daily_d20200516_c20200806.nc
2020-05-17,5.540011417140109,7.685745259912629,288,/glade/work/jiachengye/33200/gpcp/daily/2020/gpcp_v01r03_daily_d20200517_c20200806.nc
2020-05-18,4.831691915366132,7.325934861086202,288,/glade/work/jiachengye/33200/gpcp/daily/2020/gpcp_v01r03_daily_d20200518_c20200806.nc
2020-05-19,3.05493706768158,5.826852455518318,288,/glade/work/jiachengye/33200/gpcp/daily/2020/gpcp_v01r03_daily_d20200519_c20200806.nc
2020-05-20,1.405841009300597,4.713365825660568,288,/glade/work/jiachengye/33200/gpcp/daily/2020/gpcp_v01r03_daily_d20200520_c20200806.nc
2020-05-21,1.9277700823447141,6.767267956601784,288,/glade/work/jiachengye/33200/gpcp/daily/2020/gpcp_v01r03_daily_d20200521_c20200806.nc
2020-05-22,3.7355271471245493,6.903933301035377,288,/glade/work/jiachengye/33200/gpcp/daily/2020/gpcp_v01r03_daily_d20200522_c20200806.nc
2020-05-23,2.079036769158582,2.93722926244892,288,/glade/work/jiachengye/33200/gpcp/daily/2020/gpcp_v01r03_daily_d20200523_c20200806.nc
2020-05-24,3.5116368101891138,3.9804866448838756,288,/glade/work/jiachengye/33200/gpcp/daily/2020/gpcp_v01r03_daily_d20200524_c20200806.nc
2020-05-25,6.565560617054937,6.55042134892476,288,/glade/work/jiachengye/33200/gpcp/daily/2020/gpcp_v01r03_daily_d20200525_c20200806.nc
2020-05-26,2.0784380710044057,3.14971420558656,288,/glade/work/jiachengye/33200/gpcp/daily/2020/gpcp_v01r03_daily_d20200526_c20200806.nc
2020-05-27,1.5137648595867585,2.4761225544867154,288,/glade/work/jiachengye/33200/gpcp/daily/2020/gpcp_v01r03_daily_d20200527_c20200806.nc
2020-05-28,4.481820090278012,6.423884003123431,288,/glade/work/jiachengye/33200/gpcp/daily/2020/gpcp_v01r03_daily_d20200528_c20200806.nc
2020-05-29,1.3025950392378443,2.6587588332799523,288,/glade/work/jiachengye/33200/gpcp/daily/2020/gpcp_v01r03_daily_d20200529_c20200806.nc
2020-05-30,0.569020315340567,1.643688903649122,288,/glade/work/jiachengye/33200/gpcp/daily/2020/gpcp_v01r03_daily_d20200530_c20200806.nc
2020-05-31,0.49530311829639223,1.580266721516486,288,/glade/work/jiachengye/33200/gpcp/daily/2020/gpcp_v01r03_daily_d20200531_c20200806.nc
2020-06-01,2.2273036995084277,3.110532492345655,288,/glade/work/jiachengye/33200/gpcp/daily/2020/gpcp_v01r03_daily_d20200601_c20200922.nc
2020-06-02,0.9976095001408515,2.0926000397623494,288,/glade/work/jiachengye/33200/gpcp/daily/2020/gpcp_v01r03_daily_d20200602_c20200922.nc
2020-06-03,4.506451092679453,6.943698634665664,288,/glade/work/jiachengye/33200/gpcp/daily/2020/gpcp_v01r03_daily_d20200603_c20200922.nc
2020-06-04,10.79056456639975,17.160218653723238,288,/glade/work/jiachengye/33200/gpcp/daily/2020/gpcp_v01r03_daily_d20200604_c20200922.nc
2020-06-05,4.631992660416068,6.0001548972960075,288,/glade/work/jiachengye/33200/gpcp/daily/2020/gpcp_v01r03_daily_d20200605_c20200922.nc
2020-06-06,3.4941279224456236,5.143431952612878,288,/glade/work/jiachengye/33200/gpcp/daily/2020/gpcp_v01r03_daily_d20200606_c20200922.nc
2020-06-07,2.7596470778657642,4.667390799188675,288,/glade/work/jiachengye/33200/gpcp/daily/2020/gpcp_v01r03_daily_d20200607_c20200922.nc
2020-06-08,1.4833593477771192,3.0831623067053777,288,/glade/work/jiachengye/33200/gpcp/daily/2020/gpcp_v01r03_daily_d20200608_c20200922.nc
2020-06-09,5.123053062976812,6.082504542995234,288,/glade/work/jiachengye/33200/gpcp/daily/2020/gpcp_v01r03_daily_d20200609_c20200922.nc
2020-06-10,2.665097751592912,4.234067129798622,288,/glade/work/jiachengye/33200/gpcp/daily/2020/gpcp_v01r03_daily_d20200610_c20200922.nc
2020-06-11,0.6920652090754484,1.8085041270383402,288,/glade/work/jiachengye/33200/gpcp/daily/2020/gpcp_v01r03_daily_d20200611_c20200922.nc
2020-06-12,0.890043763072918,2.966599127370276,288,/glade/work/jiachengye/33200/gpcp/daily/2020/gpcp_v01r03_daily_d20200612_c20200922.nc
2020-06-13,0.11675974752740348,0.39916617674715177,288,/glade/work/jiachengye/33200/gpcp/daily/2020/gpcp_v01r03_daily_d20200613_c20200922.nc
2020-06-14,1.6126234763535119,3.4092582110363945,288,/glade/work/jiachengye/33200/gpcp/daily/2020/gpcp_v01r03_daily_d20200614_c20200922.nc
2020-06-15,1.2696031164001331,2.517681466917511,288,/glade/work/jiachengye/33200/gpcp/daily/2020/gpcp_v01r03_daily_d20200615_c20200922.nc
2020-06-16,1.4539914565008438,2.8222697452782888,288,/glade/work/jiachengye/33200/gpcp/daily/2020/gpcp_v01r03_daily_d20200616_c20200922.nc
2020-06-17,1.2541750832763867,4.0281871817595745,288,/glade/work/jiachengye/33200/gpcp/daily/2020/gpcp_v01r03_daily_d20200617_c20200922.nc
2020-06-18,3.8537527790571624,5.973529460865992,288,/glade/work/jiachengye/33200/gpcp/daily/2020/gpcp_v01r03_daily_d20200618_c20200922.nc
2020-06-19,5.4144873355669425,9.450769046884997,288,/glade/work/jiachengye/33200/gpcp/daily/2020/gpcp_v01r03_daily_d20200619_c20200922.nc
2020-06-20,3.7798937922843496,4.908643192116784,288,/glade/work/jiachengye/33200/gpcp/daily/2020/gpcp_v01r03_daily_d20200620_c20200922.nc
2020-06-21,3.481725188177264,3.9420100725974225,288,/glade/work/jiachengye/33200/gpcp/daily/2020/gpcp_v01r03_daily_d20200621_c20200922.nc
2020-06-22,7.606926949477901,9.37986363460866,288,/glade/work/jiachengye/33200/gpcp/daily/2020/gpcp_v01r03_daily_d20200622_c20200922.nc
2020-06-23,3.3066310073281144,5.759102130360595,288,/glade/work/jiachengye/33200/gpcp/daily/2020/gpcp_v01r03_daily_d20200623_c20200922.nc
2020-06-24,1.5164933969004755,4.467020243118374,288,/glade/work/jiachengye/33200/gpcp/daily/2020/gpcp_v01r03_daily_d20200624_c20200922.nc
2020-06-25,1.737161179599177,3.028273894574056,288,/glade/work/jiachengye/33200/gpcp/daily/2020/gpcp_v01r03_daily_d20200625_c20200922.nc
2020-06-26,4.803238582748709,6.172734495948856,288,/glade/work/jiachengye/33200/gpcp/daily/2020/gpcp_v01r03_daily_d20200626_c20200922.nc
2020-06-27,8.770500037832019,11.994829576298155,288,/glade/work/jiachengye/33200/gpcp/daily/2020/gpcp_v01r03_daily_d20200627_c20200922.nc
2020-06-28,4.041534346209547,9.079981023332495,288,/glade/work/jiachengye/33200/gpcp/daily/2020/gpcp_v01r03_daily_d20200628_c20200922.nc
2020-06-29,4.167252807584768,7.010828961407073,288,/glade/work/jiachengye/33200/gpcp/daily/2020/gpcp_v01r03_daily_d20200629_c20200922.nc
2020-06-30,5.7997014002360014,9.583379487767008,288,/glade/work/jiachengye/33200/gpcp/daily/2020/gpcp_v01r03_daily_d20200630_c20200922.nc
2020-07-01,5.504725738604045,9.40950182010978,288,/glade/work/jiachengye/33200/gpcp/daily/2020/gpcp_v01r03_daily_d20200701_c20201007.nc
2020-07-02,1.2435081069020169,2.806779100967026,288,/glade/work/jiachengye/33200/gpcp/daily/2020/gpcp_v01r03_daily_d20200702_c20201007.nc
2020-07-03,2.6773559368871056,4.796743410007228,288,/glade/work/jiachengye/33200/gpcp/daily/2020/gpcp_v01r03_daily_d20200703_c20201007.nc
2020-07-04,1.8932725084947377,3.307530051626843,288,/glade/work/jiachengye/33200/gpcp/daily/2020/gpcp_v01r03_daily_d20200704_c20201007.nc
2020-07-05,1.8034115771704984,3.1118405337658226,288,/glade/work/jiachengye/33200/gpcp/daily/2020/gpcp_v01r03_daily_d20200705_c20201007.nc
2020-07-06,2.680079146600875,3.917542207565026,288,/glade/work/jiachengye/33200/gpcp/daily/2020/gpcp_v01r03_daily_d20200706_c20201007.nc
2020-07-07,2.145872230532929,3.622719317162574,288,/glade/work/jiachengye/33200/gpcp/daily/2020/gpcp_v01r03_daily_d20200707_c20201007.nc
2020-07-08,2.30832520601633,4.206199430198166,288,/glade/work/jiachengye/33200/gpcp/daily/2020/gpcp_v01r03_daily_d20200708_c20201007.nc
2020-07-09,4.883169942363508,6.812121795612011,288,/glade/work/jiachengye/33200/gpcp/daily/2020/gpcp_v01r03_daily_d20200709_c20201007.nc
2020-07-10,4.246844992821613,6.08670984039031,288,/glade/work/jiachengye/33200/gpcp/daily/2020/gpcp_v01r03_daily_d20200710_c20201007.nc
2020-07-11,1.740672790108081,3.718493986699953,288,/glade/work/jiachengye/33200/gpcp/daily/2020/gpcp_v01r03_daily_d20200711_c20201007.nc
2020-07-12,1.7732587808466596,5.220048607178954,288,/glade/work/jiachengye/33200/gpcp/daily/2020/gpcp_v01r03_daily_d20200712_c20201007.nc
2020-07-13,2.4606737416043294,4.637344714552423,288,/glade/work/jiachengye/33200/gpcp/daily/2020/gpcp_v01r03_daily_d20200713_c20201007.nc
2020-07-14,6.134657137974591,6.550297643511656,288,/glade/work/jiachengye/33200/gpcp/daily/2020/gpcp_v01r03_daily_d20200714_c20201007.nc
2020-07-15,10.336311926521567,11.383920058103577,288,/glade/work/jiachengye/33200/gpcp/daily/2020/gpcp_v01r03_daily_d20200715_c20201007.nc
2020-07-16,7.297176718266088,10.249241418901036,288,/glade/work/jiachengye/33200/gpcp/daily/2020/gpcp_v01r03_daily_d20200716_c20201007.nc
2020-07-17,2.246756598024525,5.041951390409281,288,/glade/work/jiachengye/33200/gpcp/daily/2020/gpcp_v01r03_daily_d20200717_c20201007.nc
2020-07-18,3.991112130236022,5.301795776372631,288,/glade/work/jiachengye/33200/gpcp/daily/2020/gpcp_v01r03_daily_d20200718_c20201007.nc
2020-07-19,5.042899164931316,6.641748268866697,288,/glade/work/jiachengye/33200/gpcp/daily/2020/gpcp_v01r03_daily_d20200719_c20201007.nc
2020-07-20,7.886630925098699,9.2149473511015,288,/glade/work/jiachengye/33200/gpcp/daily/2020/gpcp_v01r03_daily_d20200720_c20201007.nc
2020-07-21,6.202818355314625,5.710170898599943,288,/glade/work/jiachengye/33200/gpcp/daily/2020/gpcp_v01r03_daily_d20200721_c20201007.nc
2020-07-22,4.446099630839044,6.499542811464201,288,/glade/work/jiachengye/33200/gpcp/daily/2020/gpcp_v01r03_daily_d20200722_c20201007.nc
2020-07-23,2.142630685199995,4.660503719016058,288,/glade/work/jiachengye/33200/gpcp/daily/2020/gpcp_v01r03_daily_d20200723_c20201007.nc
2020-07-24,1.0168857015623496,2.322679745993393,288,/glade/work/jiachengye/33200/gpcp/daily/2020/gpcp_v01r03_daily_d20200724_c20201007.nc
2020-07-25,2.8970936027276015,4.16658642514912,288,/glade/work/jiachengye/33200/gpcp/daily/2020/gpcp_v01r03_daily_d20200725_c20201007.nc
2020-07-26,4.940310272446979,6.07135321634101,288,/glade/work/jiachengye/33200/gpcp/daily/2020/gpcp_v01r03_daily_d20200726_c20201007.nc
2020-07-27,4.832660104796224,6.958734508398723,288,/glade/work/jiachengye/33200/gpcp/daily/2020/gpcp_v01r03_daily_d20200727_c20201007.nc
2020-07-28,1.7734513239935357,3.4694607060091536,288,/glade/work/jiachengye/33200/gpcp/daily/2020/gpcp_v01r03_daily_d20200728_c20201007.nc
2020-07-29,2.115156836808982,3.602965910476157,288,/glade/work/jiachengye/33200/gpcp/daily/2020/gpcp_v01r03_daily_d20200729_c20201007.nc
2020-07-30,3.5747352938278616,5.291175025626421,288,/glade/work/jiachengye/33200/gpcp/daily/2020/gpcp_v01r03_daily_d20200730_c20201007.nc
2020-07-31,1.4832309999237792,4.423405555777491,288,/glade/work/jiachengye/33200/gpcp/daily/2020/gpcp_v01r03_daily_d20200731_c20201007.nc
2020-08-01,2.2667548478528508,4.135000566874993,288,/glade/work/jiachengye/33200/gpcp/daily/2020/gpcp_v01r03_daily_d20200801_c20201109.nc
2020-08-02,2.784557924957222,5.344735771159432,288,/glade/work/jiachengye/33200/gpcp/daily/2020/gpcp_v01r03_daily_d20200802_c20201109.nc
2020-08-03,1.2509252881672175,2.20454865567682,288,/glade/work/jiachengye/33200/gpcp/daily/2020/gpcp_v01r03_daily_d20200803_c20201109.nc
2020-08-04,1.3248927326252062,2.688560177966456,288,/glade/work/jiachengye/33200/gpcp/daily/2020/gpcp_v01r03_daily_d20200804_c20201109.nc
2020-08-05,1.0728005003920678,2.6589027957926668,288,/glade/work/jiachengye/33200/gpcp/daily/2020/gpcp_v01r03_daily_d20200805_c20201109.nc
2020-08-06,0.5984070565172449,1.7676504825585417,288,/glade/work/jiachengye/33200/gpcp/daily/2020/gpcp_v01r03_daily_d20200806_c20201109.nc
2020-08-07,0.8823689511629487,1.7150639383274677,288,/glade/work/jiachengye/33200/gpcp/daily/2020/gpcp_v01r03_daily_d20200807_c20201109.nc
2020-08-08,3.061554869251296,4.951595366419409,288,/glade/work/jiachengye/33200/gpcp/daily/2020/gpcp_v01r03_daily_d20200808_c20201109.nc
2020-08-09,3.1530659023697964,3.936479623365904,288,/glade/work/jiachengye/33200/gpcp/daily/2020/gpcp_v01r03_daily_d20200809_c20201109.nc
2020-08-10,3.8801789721083932,5.089481894505909,288,/glade/work/jiachengye/33200/gpcp/daily/2020/gpcp_v01r03_daily_d20200810_c20201109.nc
2020-08-11,3.586403841522041,5.57272984059343,288,/glade/work/jiachengye/33200/gpcp/daily/2020/gpcp_v01r03_daily_d20200811_c20201109.nc
2020-08-12,2.1575417230230776,3.131941330205278,288,/glade/work/jiachengye/33200/gpcp/daily/2020/gpcp_v01r03_daily_d20200812_c20201109.nc
2020-08-13,1.5755729716262392,3.2285637263630336,288,/glade/work/jiachengye/33200/gpcp/daily/2020/gpcp_v01r03_daily_d20200813_c20201109.nc
2020-08-14,2.7439915872356684,6.052683059108669,288,/glade/work/jiachengye/33200/gpcp/daily/2020/gpcp_v01r03_daily_d20200814_c20201109.nc
2020-08-15,3.0541043410096917,4.167948242091574,288,/glade/work/jiachengye/33200/gpcp/daily/2020/gpcp_v01r03_daily_d20200815_c20201109.nc
2020-08-16,5.801153037005299,7.028423624310221,164,/glade/work/jiachengye/33200/gpcp/daily/2020/gpcp_v01r03_daily_d20200816_c20201109.nc
2020-08-17,2.6995288216365125,4.348632843366112,72,/glade/work/jiachengye/33200/gpcp/daily/2020/gpcp_v01r03_daily_d20200817_c20201109.nc
2020-08-18,1.4395024408369161,3.4949490859200556,72,/glade/work/jiachengye/33200/gpcp/daily/2020/gpcp_v01r03_daily_d20200818_c20201109.nc
2020-08-19,0.5488680790458565,1.4665175100643895,72,/glade/work/jiachengye/33200/gpcp/daily/2020/gpcp_v01r03_daily_d20200819_c20201109.nc
2020-08-20,0.38867702980116287,1.105051010993223,72,/glade/work/jiachengye/33200/gpcp/daily/2020/gpcp_v01r03_daily_d20200820_c20201109.nc
2020-08-21,4.584483883420725,7.131941175227234,72,/glade/work/jiachengye/33200/gpcp/daily/2020/gpcp_v01r03_daily_d20200821_c20201109.nc
2020-08-22,2.1883033760247548,3.8184300802121585,72,/glade/work/jiachengye/33200/gpcp/daily/2020/gpcp_v01r03_daily_d20200822_c20201109.nc
2020-08-23,0.8451666270354443,1.561468580897585,72,/glade/work/jiachengye/33200/gpcp/daily/2020/gpcp_v01r03_daily_d20200823_c20201109.nc
2020-08-24,0.06003311802805515,0.22819492578026246,72,/glade/work/jiachengye/33200/gpcp/daily/2020/gpcp_v01r03_daily_d20200824_c20201109.nc
2020-08-25,0.569262374806452,2.116075530168343,72,/glade/work/jiachengye/33200/gpcp/daily/2020/gpcp_v01r03_daily_d20200825_c20201109.nc
2020-08-26,1.2479919844902174,3.221626156905009,72,/glade/work/jiachengye/33200/gpcp/daily/2020/gpcp_v01r03_daily_d20200826_c20201109.nc
2020-08-27,6.755966399551697,9.094189342932205,72,/glade/work/jiachengye/33200/gpcp/daily/2020/gpcp_v01r03_daily_d20200827_c20201109.nc
2020-08-28,4.991537662862655,6.267927895911159,72,/glade/work/jiachengye/33200/gpcp/daily/2020/gpcp_v01r03_daily_d20200828_c20201109.nc
2020-08-29,7.522967902734044,6.060598286120283,72,/glade/work/jiachengye/33200/gpcp/daily/2020/gpcp_v01r03_daily_d20200829_c20201109.nc
2020-08-30,1.7032349256889614,3.7969706859711794,72,/glade/work/jiachengye/33200/gpcp/daily/2020/gpcp_v01r03_daily_d20200830_c20201109.nc
2020-08-31,6.314275251005614,6.786517074578604,72,/glade/work/jiachengye/33200/gpcp/daily/2020/gpcp_v01r03_daily_d20200831_c20201109.nc
2020-09-01,8.351990799554342,13.513981816837184,72,/glade/work/jiachengye/33200/gpcp/daily/2020/gpcp_v01r03_daily_d20200901_c20201217.nc
2020-09-02,3.839623543167833,5.445399140251132,72,/glade/work/jiachengye/33200/gpcp/daily/2020/gpcp_v01r03_daily_d20200902_c20201217.nc
2020-09-03,1.6642226500580524,3.4817809991781727,288,/glade/work/jiachengye/33200/gpcp/daily/2020/gpcp_v01r03_daily_d20200903_c20201217.nc
2020-09-04,0.3544178666619508,1.6871445089616348,288,/glade/work/jiachengye/33200/gpcp/daily/2020/gpcp_v01r03_daily_d20200904_c20201217.nc
2020-09-05,0.1484576828379963,0.4778806494216601,288,/glade/work/jiachengye/33200/gpcp/daily/2020/gpcp_v01r03_daily_d20200905_c20201217.nc
2020-09-06,3.421503325276044,6.763267885746216,288,/glade/work/jiachengye/33200/gpcp/daily/2020/gpcp_v01r03_daily_d20200906_c20201217.nc
2020-09-07,3.4128051315683017,5.935608185040694,288,/glade/work/jiachengye/33200/gpcp/daily/2020/gpcp_v01r03_daily_d20200907_c20201217.nc
2020-09-08,7.555727378358276,8.690766513497591,288,/glade/work/jiachengye/33200/gpcp/daily/2020/gpcp_v01r03_daily_d20200908_c20201217.nc
2020-09-09,5.292131934097902,5.801805252881922,288,/glade/work/jiachengye/33200/gpcp/daily/2020/gpcp_v01r03_daily_d20200909_c20201217.nc
2020-09-10,2.184115150282278,3.535058331688549,288,/glade/work/jiachengye/33200/gpcp/daily/2020/gpcp_v01r03_daily_d20200910_c20201217.nc
2020-09-11,2.0180544797274846,3.5478995421479094,288,/glade/work/jiachengye/33200/gpcp/daily/2020/gpcp_v01r03_daily_d20200911_c20201217.nc
2020-09-12,3.8217301387196487,5.162178715181174,288,/glade/work/jiachengye/33200/gpcp/daily/2020/gpcp_v01r03_daily_d20200912_c20201217.nc
2020-09-13,2.0159349738452543,5.569024087515339,288,/glade/work/jiachengye/33200/gpcp/daily/2020/gpcp_v01r03_daily_d20200913_c20201217.nc
2020-09-14,0.0334138261758768,0.1772226557154863,288,/glade/work/jiachengye/33200/gpcp/daily/2020/gpcp_v01r03_daily_d20200914_c20201217.nc
2020-09-15,0.7152951648063143,2.025940444544909,288,/glade/work/jiachengye/33200/gpcp/daily/2020/gpcp_v01r03_daily_d20200915_c20201217.nc
2020-09-16,0.43819245698338216,1.272578525493739,288,/glade/work/jiachengye/33200/gpcp/daily/2020/gpcp_v01r03_daily_d20200916_c20201217.nc
2020-09-17,0.43599319605461073,2.7745681216027904,288,/glade/work/jiachengye/33200/gpcp/daily/2020/gpcp_v01r03_daily_d20200917_c20201217.nc
2020-09-18,0.017035403499800768,0.12518598729379238,288,/glade/work/jiachengye/33200/gpcp/daily/2020/gpcp_v01r03_daily_d20200918_c20201217.nc
2020-09-19,0.6640514353330702,1.7961383496948788,288,/glade/work/jiachengye/33200/gpcp/daily/2020/gpcp_v01r03_daily_d20200919_c20201217.nc
2020-09-20,0.3113161298810495,0.6075684139400325,288,/glade/work/jiachengye/33200/gpcp/daily/2020/gpcp_v01r03_daily_d20200920_c20201217.nc
2020-09-21,0.26026843500510327,0.7174931735587549,288,/glade/work/jiachengye/33200/gpcp/daily/2020/gpcp_v01r03_daily_d20200921_c20201217.nc
2020-09-22,0.37445732872628695,1.6585439583517736,288,/glade/work/jiachengye/33200/gpcp/daily/2020/gpcp_v01r03_daily_d20200922_c20201217.nc
2020-09-23,1.0500818178619602,2.1404867173900155,288,/glade/work/jiachengye/33200/gpcp/daily/2020/gpcp_v01r03_daily_d20200923_c20201217.nc
2020-09-24,0.7360820573582703,1.6310084566502925,72,/glade/work/jiachengye/33200/gpcp/daily/2020/gpcp_v01r03_daily_d20200924_c20201217.nc
2020-09-25,0.8403481401790135,1.9512126154828837,288,/glade/work/jiachengye/33200/gpcp/daily/2020/gpcp_v01r03_daily_d20200925_c20201217.nc
2020-09-26,4.09058824864451,4.7171812734208505,288,/glade/work/jiachengye/33200/gpcp/daily/2020/gpcp_v01r03_daily_d20200926_c20201217.nc
2020-09-27,5.9445726208521945,8.11540684129383,288,/glade/work/jiachengye/33200/gpcp/daily/2020/gpcp_v01r03_daily_d20200927_c20201217.nc
2020-09-28,5.103665473786644,6.981769149947193,288,/glade/work/jiachengye/33200/gpcp/daily/2020/gpcp_v01r03_daily_d20200928_c20201217.nc
2020-09-29,2.1363096736238334,3.8126673965830506,288,/glade/work/jiachengye/33200/gpcp/daily/2020/gpcp_v01r03_daily_d20200929_c20201217.nc
2020-09-30,2.1420581715122067,5.05059293537444,288,/glade/work/jiachengye/33200/gpcp/daily/2020/gpcp_v01r03_daily_d20200930_c20201217.nc
2020-10-01,0.19927237955169702,0.5054768280043711,288,/glade/work/jiachengye/33200/gpcp/daily/2020/gpcp_v01r03_daily_d20201001_c20210113.nc
2020-10-02,0.23696899859736273,0.6333681535149576,288,/glade/work/jiachengye/33200/gpcp/daily/2020/gpcp_v01r03_daily_d20201002_c20210113.nc
2020-10-03,1.1872325961891994,1.853699328318538,288,/glade/work/jiachengye/33200/gpcp/daily/2020/gpcp_v01r03_daily_d20201003_c20210113.nc
2020-10-04,0.5184191751634962,1.3940984299610237,288,/glade/work/jiachengye/33200/gpcp/daily/2020/gpcp_v01r03_daily_d20201004_c20210113.nc
2020-10-05,0.8313925655594664,2.373486584178859,288,/glade/work/jiachengye/33200/gpcp/daily/2020/gpcp_v01r03_daily_d20201005_c20210113.nc
2020-10-06,0.5464616593469855,1.1367867431534089,288,/glade/work/jiachengye/33200/gpcp/daily/2020/gpcp_v01r03_daily_d20201006_c20210113.nc
2020-10-07,0.4070680273109194,1.3187018789919274,288,/glade/work/jiachengye/33200/gpcp/daily/2020/gpcp_v01r03_daily_d20201007_c20210113.nc
2020-10-08,0.1066006192185545,0.5178092474985874,288,/glade/work/jiachengye/33200/gpcp/daily/2020/gpcp_v01r03_daily_d20201008_c20210113.nc
2020-10-09,0.4301879785236514,1.1092878173184966,288,/glade/work/jiachengye/33200/gpcp/daily/2020/gpcp_v01r03_daily_d20201009_c20210113.nc
2020-10-10,1.0678968838919816,3.300175170182318,288,/glade/work/jiachengye/33200/gpcp/daily/2020/gpcp_v01r03_daily_d20201010_c20210113.nc
2020-10-11,0.40951212243154556,0.9019841524327024,288,/glade/work/jiachengye/33200/gpcp/daily/2020/gpcp_v01r03_daily_d20201011_c20210113.nc
2020-10-12,1.53476993044628,3.2658966842915866,288,/glade/work/jiachengye/33200/gpcp/daily/2020/gpcp_v01r03_daily_d20201012_c20210113.nc
2020-10-13,0.44980949516145474,1.236936872550518,288,/glade/work/jiachengye/33200/gpcp/daily/2020/gpcp_v01r03_daily_d20201013_c20210113.nc
2020-10-14,4.186109959627826,4.984165756675775,288,/glade/work/jiachengye/33200/gpcp/daily/2020/gpcp_v01r03_daily_d20201014_c20210113.nc
2020-10-15,1.7841070463356192,3.18665296265082,288,/glade/work/jiachengye/33200/gpcp/daily/2020/gpcp_v01r03_daily_d20201015_c20210113.nc
2020-10-16,0.24809029224987098,0.6353179227287126,288,/glade/work/jiachengye/33200/gpcp/daily/2020/gpcp_v01r03_daily_d20201016_c20210113.nc
2020-10-17,1.8266089266250811,2.5832474103415404,288,/glade/work/jiachengye/33200/gpcp/daily/2020/gpcp_v01r03_daily_d20201017_c20210113.nc
2020-10-18,3.6723521601851483,4.863728697011159,288,/glade/work/jiachengye/33200/gpcp/daily/2020/gpcp_v01r03_daily_d20201018_c20210113.nc
2020-10-19,6.236203909262472,10.427009188558076,288,/glade/work/jiachengye/33200/gpcp/daily/2020/gpcp_v01r03_daily_d20201019_c20210113.nc
2020-10-20,5.165230062316065,8.728350511141056,288,/glade/work/jiachengye/33200/gpcp/daily/2020/gpcp_v01r03_daily_d20201020_c20210113.nc
2020-10-21,5.056911202392529,7.591364808278868,288,/glade/work/jiachengye/33200/gpcp/daily/2020/gpcp_v01r03_daily_d20201021_c20210113.nc
2020-10-22,4.496980205302733,5.426100945154941,288,/glade/work/jiachengye/33200/gpcp/daily/2020/gpcp_v01r03_daily_d20201022_c20210113.nc
2020-10-23,5.804558729552241,6.905175564695633,288,/glade/work/jiachengye/33200/gpcp/daily/2020/gpcp_v01r03_daily_d20201023_c20210113.nc
2020-10-24,2.8681362639427834,3.682189083688737,288,/glade/work/jiachengye/33200/gpcp/daily/2020/gpcp_v01r03_daily_d20201024_c20210113.nc
2020-10-25,4.117626981297119,4.4426570921159385,288,/glade/work/jiachengye/33200/gpcp/daily/2020/gpcp_v01r03_daily_d20201025_c20210113.nc
2020-10-26,4.893709739167173,7.232615085298353,288,/glade/work/jiachengye/33200/gpcp/daily/2020/gpcp_v01r03_daily_d20201026_c20210113.nc
2020-10-27,1.6399857960429614,3.1312389536088534,288,/glade/work/jiachengye/33200/gpcp/daily/2020/gpcp_v01r03_daily_d20201027_c20210113.nc
2020-10-28,2.854306822312936,4.790204445105511,288,/glade/work/jiachengye/33200/gpcp/daily/2020/gpcp_v01r03_daily_d20201028_c20210113.nc
2020-10-29,11.594359927762753,13.14889782810853,288,/glade/work/jiachengye/33200/gpcp/daily/2020/gpcp_v01r03_daily_d20201029_c20210113.nc
2020-10-30,0.07515002465085477,0.27908275362962337,288,/glade/work/jiachengye/33200/gpcp/daily/2020/gpcp_v01r03_daily_d20201030_c20210113.nc
2020-10-31,0.24356821811053342,0.7258373134899427,288,/glade/work/jiachengye/33200/gpcp/daily/2020/gpcp_v01r03_daily_d20201031_c20210113.nc
2020-11-01,0.9645013608873392,2.1865715525611047,288,/glade/work/jiachengye/33200/gpcp/daily/2020/gpcp_v01r03_daily_d20201101_c20210226.nc
2020-11-02,0.42493565851674003,1.0890798925978997,288,/glade/work/jiachengye/33200/gpcp/daily/2020/gpcp_v01r03_daily_d20201102_c20210226.nc
2020-11-03,0.47668493767454956,1.3531479177679755,288,/glade/work/jiachengye/33200/gpcp/daily/2020/gpcp_v01r03_daily_d20201103_c20210226.nc
2020-11-04,0.00518440497640098,0.03055900867992446,288,/glade/work/jiachengye/33200/gpcp/daily/2020/gpcp_v01r03_daily_d20201104_c20210226.nc
2020-11-05,0.7389400389971078,1.4930095718709742,288,/glade/work/jiachengye/33200/gpcp/daily/2020/gpcp_v01r03_daily_d20201105_c20210226.nc
2020-11-06,0.5462063783188855,1.6854515277998867,288,/glade/work/jiachengye/33200/gpcp/daily/2020/gpcp_v01r03_daily_d20201106_c20210226.nc
2020-11-07,0.33742608475606095,0.8275067078950499,288,/glade/work/jiachengye/33200/gpcp/daily/2020/gpcp_v01r03_daily_d20201107_c20210226.nc
2020-11-08,0.14280467361551455,0.35297476793226107,288,/glade/work/jiachengye/33200/gpcp/daily/2020/gpcp_v01r03_daily_d20201108_c20210226.nc
2020-11-09,1.1721013664819349,2.2072446082211252,288,/glade/work/jiachengye/33200/gpcp/daily/2020/gpcp_v01r03_daily_d20201109_c20210226.nc
2020-11-10,3.2946733143547626,5.200206568713946,288,/glade/work/jiachengye/33200/gpcp/daily/2020/gpcp_v01r03_daily_d20201110_c20210226.nc
2020-11-11,1.1627090405156224,2.950547180147157,288,/glade/work/jiachengye/33200/gpcp/daily/2020/gpcp_v01r03_daily_d20201111_c20210226.nc
2020-11-12,0.6635581051381921,2.7113480781113477,288,/glade/work/jiachengye/33200/gpcp/daily/2020/gpcp_v01r03_daily_d20201112_c20210226.nc
2020-11-13,0.3621939441058521,0.9985889922564647,288,/glade/work/jiachengye/33200/gpcp/daily/2020/gpcp_v01r03_daily_d20201113_c20210226.nc
2020-11-14,1.851669246708012,2.4981693802448524,288,/glade/work/jiachengye/33200/gpcp/daily/2020/gpcp_v01r03_daily_d20201114_c20210226.nc
2020-11-15,3.818415517388389,5.6869948148792835,288,/glade/work/jiachengye/33200/gpcp/daily/2020/gpcp_v01r03_daily_d20201115_c20210226.nc
2020-11-16,0.28156925590624887,0.787777241428715,288,/glade/work/jiachengye/33200/gpcp/daily/2020/gpcp_v01r03_daily_d20201116_c20210226.nc
2020-11-17,0.2602713849128997,0.6771853942762215,288,/glade/work/jiachengye/33200/gpcp/daily/2020/gpcp_v01r03_daily_d20201117_c20210226.nc
2020-11-18,1.3756834794078856,1.9641799782024576,288,/glade/work/jiachengye/33200/gpcp/daily/2020/gpcp_v01r03_daily_d20201118_c20210226.nc
2020-11-19,2.50174058330188,3.56202170306881,288,/glade/work/jiachengye/33200/gpcp/daily/2020/gpcp_v01r03_daily_d20201119_c20210226.nc
2020-11-20,0.7137533981845713,1.8846478497964194,288,/glade/work/jiachengye/33200/gpcp/daily/2020/gpcp_v01r03_daily_d20201120_c20210226.nc
2020-11-21,1.307420320598476,2.987570673884301,288,/glade/work/jiachengye/33200/gpcp/daily/2020/gpcp_v01r03_daily_d20201121_c20210226.nc
2020-11-22,6.402118580493731,10.618095182314294,288,/glade/work/jiachengye/33200/gpcp/daily/2020/gpcp_v01r03_daily_d20201122_c20210226.nc
2020-11-23,1.780375592737932,4.224303471896846,288,/glade/work/jiachengye/33200/gpcp/daily/2020/gpcp_v01r03_daily_d20201123_c20210226.nc
2020-11-24,6.978631038029487,7.891677999873719,288,/glade/work/jiachengye/33200/gpcp/daily/2020/gpcp_v01r03_daily_d20201124_c20210226.nc
2020-11-25,9.85477927389929,12.891284326095501,288,/glade/work/jiachengye/33200/gpcp/daily/2020/gpcp_v01r03_daily_d20201125_c20210226.nc
2020-11-26,0.4719817907016427,2.029090567983008,288,/glade/work/jiachengye/33200/gpcp/daily/2020/gpcp_v01r03_daily_d20201126_c20210226.nc
2020-11-27,0.04191683555651805,0.1765377506542842,288,/glade/work/jiachengye/33200/gpcp/daily/2020/gpcp_v01r03_daily_d20201127_c20210226.nc
2020-11-28,0.3269837163199133,0.9662720890893408,288,/glade/work/jiachengye/33200/gpcp/daily/2020/gpcp_v01r03_daily_d20201128_c20210226.nc
2020-11-29,1.6076219126626563,3.376745184389738,288,/glade/work/jiachengye/33200/gpcp/daily/2020/gpcp_v01r03_daily_d20201129_c20210226.nc
2020-11-30,2.610675757411028,5.893591348177333,288,/glade/work/jiachengye/33200/gpcp/daily/2020/gpcp_v01r03_daily_d20201130_c20210226.nc
2020-12-01,0.363180668421209,1.3588715599849235,288,/glade/work/jiachengye/33200/gpcp/daily/2020/gpcp_v01r03_daily_d20201201_c20210310.nc
2020-12-02,0.16387084066838797,1.3454250655066526,288,/glade/work/jiachengye/33200/gpcp/daily/2020/gpcp_v01r03_daily_d20201202_c20210310.nc
2020-12-03,1.8606292357199712,4.526153008772735,288,/glade/work/jiachengye/33200/gpcp/daily/2020/gpcp_v01r03_daily_d20201203_c20210310.nc
2020-12-04,0.20967727948623036,1.1627107052590562,288,/glade/work/jiachengye/33200/gpcp/daily/2020/gpcp_v01r03_daily_d20201204_c20210310.nc
2020-12-05,0.09130405046402233,0.7356039396899821,288,/glade/work/jiachengye/33200/gpcp/daily/2020/gpcp_v01r03_daily_d20201205_c20210310.nc
2020-12-06,0.02060306059560917,0.18288090201600354,288,/glade/work/jiachengye/33200/gpcp/daily/2020/gpcp_v01r03_daily_d20201206_c20210310.nc
2020-12-07,0.009243086867894844,0.06247173571303375,288,/glade/work/jiachengye/33200/gpcp/daily/2020/gpcp_v01r03_daily_d20201207_c20210310.nc
2020-12-08,1.6003359569920652,2.817857748268562,288,/glade/work/jiachengye/33200/gpcp/daily/2020/gpcp_v01r03_daily_d20201208_c20210310.nc
2020-12-09,0.6156423200731922,1.3048735881382623,288,/glade/work/jiachengye/33200/gpcp/daily/2020/gpcp_v01r03_daily_d20201209_c20210310.nc
2020-12-10,0.5673104568554057,1.2846201708046066,288,/glade/work/jiachengye/33200/gpcp/daily/2020/gpcp_v01r03_daily_d20201210_c20210310.nc
2020-12-11,2.7211311607959328,3.6410844895648724,288,/glade/work/jiachengye/33200/gpcp/daily/2020/gpcp_v01r03_daily_d20201211_c20210310.nc
2020-12-12,4.279396226030686,6.147295334111481,288,/glade/work/jiachengye/33200/gpcp/daily/2020/gpcp_v01r03_daily_d20201212_c20210310.nc
2020-12-13,0.5401018057687265,1.8192209481460395,288,/glade/work/jiachengye/33200/gpcp/daily/2020/gpcp_v01r03_daily_d20201213_c20210310.nc
2020-12-14,3.3090985590201325,7.6653607072563394,288,/glade/work/jiachengye/33200/gpcp/daily/2020/gpcp_v01r03_daily_d20201214_c20210310.nc
2020-12-15,2.3195901800488206,2.862494270340573,288,/glade/work/jiachengye/33200/gpcp/daily/2020/gpcp_v01r03_daily_d20201215_c20210310.nc
2020-12-16,1.3361136608355382,1.9819844728609495,288,/glade/work/jiachengye/33200/gpcp/daily/2020/gpcp_v01r03_daily_d20201216_c20210310.nc
2020-12-17,0.1114122611806318,0.40622985371624465,288,/glade/work/jiachengye/33200/gpcp/daily/2020/gpcp_v01r03_daily_d20201217_c20210310.nc
2020-12-18,2.758273271245466,3.995585828182996,288,/glade/work/jiachengye/33200/gpcp/daily/2020/gpcp_v01r03_daily_d20201218_c20210310.nc
2020-12-19,1.0920155116664718,2.4860300664356947,288,/glade/work/jiachengye/33200/gpcp/daily/2020/gpcp_v01r03_daily_d20201219_c20210310.nc
2020-12-20,0.3842474772825432,0.8225824980664306,288,/glade/work/jiachengye/33200/gpcp/daily/2020/gpcp_v01r03_daily_d20201220_c20210310.nc
2020-12-21,0.3903056183372553,0.8470532595731323,288,/glade/work/jiachengye/33200/gpcp/daily/2020/gpcp_v01r03_daily_d20201221_c20210310.nc
2020-12-22,0.21825378549763105,0.5666700468095722,288,/glade/work/jiachengye/33200/gpcp/daily/2020/gpcp_v01r03_daily_d20201222_c20210310.nc
2020-12-23,2.201468171971671,3.002996730488171,288,/glade/work/jiachengye/33200/gpcp/daily/2020/gpcp_v01r03_daily_d20201223_c20210310.nc
2020-12-24,5.777765145843138,14.458320002760505,288,/glade/work/jiachengye/33200/gpcp/daily/2020/gpcp_v01r03_daily_d20201224_c20210310.nc
2020-12-25,1.0943958620075895,3.307143550161594,288,/glade/work/jiachengye/33200/gpcp/daily/2020/gpcp_v01r03_daily_d20201225_c20210310.nc
2020-12-26,0.1927942465979825,0.533067425034966,288,/glade/work/jiachengye/33200/gpcp/daily/2020/gpcp_v01r03_daily_d20201226_c20210310.nc
2020-12-27,1.7786737535169006,2.2205241193521745,288,/glade/work/jiachengye/33200/gpcp/daily/2020/gpcp_v01r03_daily_d20201227_c20210310.nc
2020-12-28,0.3105139059682024,0.8824386172259271,288,/glade/work/jiachengye/33200/gpcp/daily/2020/gpcp_v01r03_daily_d20201228_c20210310.nc
2020-12-29,3.4735505885576092,4.936478904621741,288,/glade/work/jiachengye/33200/gpcp/daily/2020/gpcp_v01r03_daily_d20201229_c20210310.nc
2020-12-30,5.7113592210729,8.407595846272537,288,/glade/work/jiachengye/33200/gpcp/daily/2020/gpcp_v01r03_daily_d20201230_c20210310.nc
2020-12-31,1.076846225261444,3.682849138844951,288,/glade/work/jiachengye/33200/gpcp/daily/2020/gpcp_v01r03_daily_d20201231_c20210310.nc
2021-01-01,9.40947390929034,11.025696713256801,288,/glade/work/jiachengye/33200/gpcp/daily/2021/gpcp_v01r03_daily_d20210101_c20210408.nc
2021-01-02,0.3399558601349622,1.1443253235322717,288,/glade/work/jiachengye/33200/gpcp/daily/2021/gpcp_v01r03_daily_d20210102_c20210408.nc
2021-01-03,0.6618490846163033,1.8475335453173622,288,/glade/work/jiachengye/33200/gpcp/daily/2021/gpcp_v01r03_daily_d20210103_c20210408.nc
2021-01-04,0.21780739367459587,0.5467454046957514,288,/glade/work/jiachengye/33200/gpcp/daily/2021/gpcp_v01r03_daily_d20210104_c20210408.nc
2021-01-05,0.5950435039606334,1.2203450013379018,288,/glade/work/jiachengye/33200/gpcp/daily/2021/gpcp_v01r03_daily_d20210105_c20210408.nc
2021-01-06,0.6269626459119734,1.323158585206253,288,/glade/work/jiachengye/33200/gpcp/daily/2021/gpcp_v01r03_daily_d20210106_c20210408.nc
2021-01-07,0.3448694882669161,1.552654859341606,288,/glade/work/jiachengye/33200/gpcp/daily/2021/gpcp_v01r03_daily_d20210107_c20210408.nc
2021-01-08,0.6570032424817637,2.007701558656897,288,/glade/work/jiachengye/33200/gpcp/daily/2021/gpcp_v01r03_daily_d20210108_c20210408.nc
2021-01-09,0.039921546048215184,0.18604013907027528,288,/glade/work/jiachengye/33200/gpcp/daily/2021/gpcp_v01r03_daily_d20210109_c20210408.nc
2021-01-10,0.07913442754888524,0.30526815458271517,288,/glade/work/jiachengye/33200/gpcp/daily/2021/gpcp_v01r03_daily_d20210110_c20210408.nc
2021-01-11,0.3822481068299542,1.1226715862238885,288,/glade/work/jiachengye/33200/gpcp/daily/2021/gpcp_v01r03_daily_d20210111_c20210408.nc
2021-01-12,0.1403268358232978,0.3924777317956452,288,/glade/work/jiachengye/33200/gpcp/daily/2021/gpcp_v01r03_daily_d20210112_c20210408.nc
2021-01-13,1.2356022318246223,1.6426041965907663,288,/glade/work/jiachengye/33200/gpcp/daily/2021/gpcp_v01r03_daily_d20210113_c20210408.nc
2021-01-14,2.4495557597468287,3.35176269342647,288,/glade/work/jiachengye/33200/gpcp/daily/2021/gpcp_v01r03_daily_d20210114_c20210408.nc
2021-01-15,2.601318877150611,3.771141039392747,288,/glade/work/jiachengye/33200/gpcp/daily/2021/gpcp_v01r03_daily_d20210115_c20210408.nc
2021-01-16,0.5233527037299034,1.0050659237780248,288,/glade/work/jiachengye/33200/gpcp/daily/2021/gpcp_v01r03_daily_d20210116_c20210408.nc
2021-01-17,0.22448980569728386,0.5967936653826957,288,/glade/work/jiachengye/33200/gpcp/daily/2021/gpcp_v01r03_daily_d20210117_c20210408.nc
2021-01-18,0.2888480583542849,0.5989880619339997,288,/glade/work/jiachengye/33200/gpcp/daily/2021/gpcp_v01r03_daily_d20210118_c20210408.nc
2021-01-19,0.34741089923919377,0.931105298019476,288,/glade/work/jiachengye/33200/gpcp/daily/2021/gpcp_v01r03_daily_d20210119_c20210408.nc
2021-01-20,1.1782583860271687,2.187563247309977,288,/glade/work/jiachengye/33200/gpcp/daily/2021/gpcp_v01r03_daily_d20210120_c20210408.nc
2021-01-21,0.2826057110117235,0.8861555766734017,288,/glade/work/jiachengye/33200/gpcp/daily/2021/gpcp_v01r03_daily_d20210121_c20210408.nc
2021-01-22,0.21253928971760847,0.6150659257389084,288,/glade/work/jiachengye/33200/gpcp/daily/2021/gpcp_v01r03_daily_d20210122_c20210408.nc
2021-01-23,0.313920962464775,0.6232300241074807,288,/glade/work/jiachengye/33200/gpcp/daily/2021/gpcp_v01r03_daily_d20210123_c20210408.nc
2021-01-24,0.6265968670444909,1.1978591349544205,288,/glade/work/jiachengye/33200/gpcp/daily/2021/gpcp_v01r03_daily_d20210124_c20210408.nc
2021-01-25,6.748026266001257,12.486304597400153,288,/glade/work/jiachengye/33200/gpcp/daily/2021/gpcp_v01r03_daily_d20210125_c20210408.nc
2021-01-26,1.5655332314542028,2.914994492615436,288,/glade/work/jiachengye/33200/gpcp/daily/2021/gpcp_v01r03_daily_d20210126_c20210408.nc
2021-01-27,0.2280328811899723,0.5889045282101661,288,/glade/work/jiachengye/33200/gpcp/daily/2021/gpcp_v01r03_daily_d20210127_c20210408.nc
2021-01-28,0.1877678861343812,0.49572540172151147,288,/glade/work/jiachengye/33200/gpcp/daily/2021/gpcp_v01r03_daily_d20210128_c20210408.nc
2021-01-29,0.6558480675292893,1.1794826927857793,288,/glade/work/jiachengye/33200/gpcp/daily/2021/gpcp_v01r03_daily_d20210129_c20210408.nc
2021-01-30,6.890451247390264,9.062391166883204,288,/glade/work/jiachengye/33200/gpcp/daily/2021/gpcp_v01r03_daily_d20210130_c20210408.nc
2021-01-31,4.393875931592724,7.096710167469568,288,/glade/work/jiachengye/33200/gpcp/daily/2021/gpcp_v01r03_daily_d20210131_c20210408.nc
2021-02-01,0.10990460902771874,0.4893679421348572,288,/glade/work/jiachengye/33200/gpcp/daily/2021/gpcp_v01r03_daily_d20210201_c20210510.nc
2021-02-02,0.07690935482038304,0.4250421805333039,288,/glade/work/jiachengye/33200/gpcp/daily/2021/gpcp_v01r03_daily_d20210202_c20210510.nc
2021-02-03,0.14649457246061068,0.4131599965898639,288,/glade/work/jiachengye/33200/gpcp/daily/2021/gpcp_v01r03_daily_d20210203_c20210510.nc
2021-02-04,4.482828090256442,5.8532335898208805,288,/glade/work/jiachengye/33200/gpcp/daily/2021/gpcp_v01r03_daily_d20210204_c20210510.nc
2021-02-05,0.8023456258714082,1.754623066416178,288,/glade/work/jiachengye/33200/gpcp/daily/2021/gpcp_v01r03_daily_d20210205_c20210510.nc
2021-02-06,0.6348034749317296,1.311476646242707,288,/glade/work/jiachengye/33200/gpcp/daily/2021/gpcp_v01r03_daily_d20210206_c20210510.nc
2021-02-07,0.6939733308738635,1.6318699036316024,288,/glade/work/jiachengye/33200/gpcp/daily/2021/gpcp_v01r03_daily_d20210207_c20210510.nc
2021-02-08,0.3551159573289808,0.9816564110938814,288,/glade/work/jiachengye/33200/gpcp/daily/2021/gpcp_v01r03_daily_d20210208_c20210510.nc
2021-02-09,0.20769538356873582,0.7332698147541235,288,/glade/work/jiachengye/33200/gpcp/daily/2021/gpcp_v01r03_daily_d20210209_c20210510.nc
2021-02-10,0.8324164141120834,1.8853101305477378,288,/glade/work/jiachengye/33200/gpcp/daily/2021/gpcp_v01r03_daily_d20210210_c20210510.nc
2021-02-11,1.0750478072586187,2.7853238990538522,288,/glade/work/jiachengye/33200/gpcp/daily/2021/gpcp_v01r03_daily_d20210211_c20210510.nc
2021-02-12,2.353356192363435,3.0207037005529678,288,/glade/work/jiachengye/33200/gpcp/daily/2021/gpcp_v01r03_daily_d20210212_c20210510.nc
2021-02-13,2.1023933189841224,2.735141036196552,288,/glade/work/jiachengye/33200/gpcp/daily/2021/gpcp_v01r03_daily_d20210213_c20210510.nc
2021-02-14,2.496533499647622,2.948449733182647,288,/glade/work/jiachengye/33200/gpcp/daily/2021/gpcp_v01r03_daily_d20210214_c20210510.nc
2021-02-15,4.66727901930852,7.3381458495343965,288,/glade/work/jiachengye/33200/gpcp/daily/2021/gpcp_v01r03_daily_d20210215_c20210510.nc
2021-02-16,1.323384254833788,2.8521972603228343,288,/glade/work/jiachengye/33200/gpcp/daily/2021/gpcp_v01r03_daily_d20210216_c20210510.nc
2021-02-17,0.3659225792647996,1.0586013881255079,288,/glade/work/jiachengye/33200/gpcp/daily/2021/gpcp_v01r03_daily_d20210217_c20210510.nc
2021-02-18,1.2436771555132335,4.113147614930759,288,/glade/work/jiachengye/33200/gpcp/daily/2021/gpcp_v01r03_daily_d20210218_c20210510.nc
2021-02-19,0.08941078495419345,0.5240189785379543,288,/glade/work/jiachengye/33200/gpcp/daily/2021/gpcp_v01r03_daily_d20210219_c20210510.nc
2021-02-20,0.034613774685256476,0.21591263602444563,288,/glade/work/jiachengye/33200/gpcp/daily/2021/gpcp_v01r03_daily_d20210220_c20210510.nc
2021-02-21,1.351969064123175,2.3476198306495317,288,/glade/work/jiachengye/33200/gpcp/daily/2021/gpcp_v01r03_daily_d20210221_c20210510.nc
2021-02-22,0.9958035744359934,1.5613035677111626,288,/glade/work/jiachengye/33200/gpcp/daily/2021/gpcp_v01r03_daily_d20210222_c20210510.nc
2021-02-23,0.48004651458591086,1.23610694017537,288,/glade/work/jiachengye/33200/gpcp/daily/2021/gpcp_v01r03_daily_d20210223_c20210510.nc
2021-02-24,0.737984867875845,1.6349744844139529,288,/glade/work/jiachengye/33200/gpcp/daily/2021/gpcp_v01r03_daily_d20210224_c20210510.nc
2021-02-25,0.034021390866679685,0.28060293430278715,288,/glade/work/jiachengye/33200/gpcp/daily/2021/gpcp_v01r03_daily_d20210225_c20210510.nc
2021-02-26,0.8933578301179431,1.5771620354729305,288,/glade/work/jiachengye/33200/gpcp/daily/2021/gpcp_v01r03_daily_d20210226_c20210510.nc
2021-02-27,0.7299077495411095,1.7629456052333017,288,/glade/work/jiachengye/33200/gpcp/daily/2021/gpcp_v01r03_daily_d20210227_c20210510.nc
2021-02-28,9.318486340173639,16.663071035063556,288,/glade/work/jiachengye/33200/gpcp/daily/2021/gpcp_v01r03_daily_d20210228_c20210510.nc
2021-03-01,4.7354263549996,12.19848356285495,288,/glade/work/jiachengye/33200/gpcp/daily/2021/gpcp_v01r03_daily_d20210301_c20230516.nc
2021-03-02,0.9610933651396125,2.523287274926058,288,/glade/work/jiachengye/33200/gpcp/daily/2021/gpcp_v01r03_daily_d20210302_c20230516.nc
2021-03-03,0.0025072045629755367,0.03469230475608092,288,/glade/work/jiachengye/33200/gpcp/daily/2021/gpcp_v01r03_daily_d20210303_c20230516.nc
2021-03-04,0.22671534297447676,1.0418530199120326,72,/glade/work/jiachengye/33200/gpcp/daily/2021/gpcp_v01r03_daily_d20210304_c20230516.nc
2021-03-05,1.3208746061013759,3.394831976853502,288,/glade/work/jiachengye/33200/gpcp/daily/2021/gpcp_v01r03_daily_d20210305_c20230516.nc
2021-03-06,0.07137548526995026,0.25625953483785735,288,/glade/work/jiachengye/33200/gpcp/daily/2021/gpcp_v01r03_daily_d20210306_c20230516.nc
2021-03-07,0.06558865183532125,0.3470743981818833,288,/glade/work/jiachengye/33200/gpcp/daily/2021/gpcp_v01r03_daily_d20210307_c20230516.nc
2021-03-08,1.0518777534110517,3.4916683778305746,288,/glade/work/jiachengye/33200/gpcp/daily/2021/gpcp_v01r03_daily_d20210308_c20230516.nc
2021-03-09,0.825049913970613,1.4409467197359827,288,/glade/work/jiachengye/33200/gpcp/daily/2021/gpcp_v01r03_daily_d20210309_c20230516.nc
2021-03-10,4.445448002831164,4.907177610027405,288,/glade/work/jiachengye/33200/gpcp/daily/2021/gpcp_v01r03_daily_d20210310_c20230516.nc
2021-03-11,1.1776926030588426,2.2681667877867397,288,/glade/work/jiachengye/33200/gpcp/daily/2021/gpcp_v01r03_daily_d20210311_c20230516.nc
2021-03-12,1.1063888919051854,3.1821330599705067,288,/glade/work/jiachengye/33200/gpcp/daily/2021/gpcp_v01r03_daily_d20210312_c20230516.nc
2021-03-13,5.559658866628821,11.067333848551382,288,/glade/work/jiachengye/33200/gpcp/daily/2021/gpcp_v01r03_daily_d20210313_c20230516.nc
2021-03-14,14.455148898037148,18.58857370797832,288,/glade/work/jiachengye/33200/gpcp/daily/2021/gpcp_v01r03_daily_d20210314_c20230516.nc
2021-03-15,8.09693454644095,10.43653039454994,288,/glade/work/jiachengye/33200/gpcp/daily/2021/gpcp_v01r03_daily_d20210315_c20230516.nc
2021-03-16,0.8696105461193397,1.4780741369560542,288,/glade/work/jiachengye/33200/gpcp/daily/2021/gpcp_v01r03_daily_d20210316_c20230516.nc
2021-03-17,5.279551286250852,10.00230302693573,288,/glade/work/jiachengye/33200/gpcp/daily/2021/gpcp_v01r03_daily_d20210317_c20230516.nc
2021-03-18,2.0655733752166374,4.156064891141327,288,/glade/work/jiachengye/33200/gpcp/daily/2021/gpcp_v01r03_daily_d20210318_c20230516.nc
2021-03-19,0.00021118438475915152,0.003431414984553405,288,/glade/work/jiachengye/33200/gpcp/daily/2021/gpcp_v01r03_daily_d20210319_c20230516.nc
2021-03-20,0.029955909451804257,0.1293718909397147,288,/glade/work/jiachengye/33200/gpcp/daily/2021/gpcp_v01r03_daily_d20210320_c20230516.nc
2021-03-21,0.48069952421040896,1.1329737624709677,288,/glade/work/jiachengye/33200/gpcp/daily/2021/gpcp_v01r03_daily_d20210321_c20230516.nc
2021-03-22,3.715070019352942,8.23822071916699,288,/glade/work/jiachengye/33200/gpcp/daily/2021/gpcp_v01r03_daily_d20210322_c20230516.nc
2021-03-23,4.764684050715077,5.047548802956621,288,/glade/work/jiachengye/33200/gpcp/daily/2021/gpcp_v01r03_daily_d20210323_c20230516.nc
2021-03-24,5.069515953903197,7.958149801415085,72,/glade/work/jiachengye/33200/gpcp/daily/2021/gpcp_v01r03_daily_d20210324_c20230516.nc
2021-03-25,3.2378291553647345,7.219699389218066,288,/glade/work/jiachengye/33200/gpcp/daily/2021/gpcp_v01r03_daily_d20210325_c20230516.nc
2021-03-26,1.870008292917073,3.5315658094001776,288,/glade/work/jiachengye/33200/gpcp/daily/2021/gpcp_v01r03_daily_d20210326_c20230516.nc
2021-03-27,2.1612261399784116,3.108467585594203,288,/glade/work/jiachengye/33200/gpcp/daily/2021/gpcp_v01r03_daily_d20210327_c20230516.nc
2021-03-28,3.06844214836007,6.410637836103024,288,/glade/work/jiachengye/33200/gpcp/daily/2021/gpcp_v01r03_daily_d20210328_c20230516.nc
2021-03-29,0.45259070626258646,1.1175450157661961,288,/glade/work/jiachengye/33200/gpcp/daily/2021/gpcp_v01r03_daily_d20210329_c20230516.nc
2021-03-30,1.4286590002639037,2.253323400847334,288,/glade/work/jiachengye/33200/gpcp/daily/2021/gpcp_v01r03_daily_d20210330_c20230516.nc
2021-03-31,1.9605572582715018,5.390025275786592,288,/glade/work/jiachengye/33200/gpcp/daily/2021/gpcp_v01r03_daily_d20210331_c20230516.nc
2021-04-01,0.16936129612639242,1.3451291358836215,288,/glade/work/jiachengye/33200/gpcp/daily/2021/gpcp_v01r03_daily_d20210401_c20210711.nc
2021-04-02,0.05385204673679121,0.3163599634081328,288,/glade/work/jiachengye/33200/gpcp/daily/2021/gpcp_v01r03_daily_d20210402_c20210711.nc
2021-04-03,0.23004445344304003,0.8335334934529304,288,/glade/work/jiachengye/33200/gpcp/daily/2021/gpcp_v01r03_daily_d20210403_c20210711.nc
2021-04-04,0.3177354268859606,1.0927680666681303,288,/glade/work/jiachengye/33200/gpcp/daily/2021/gpcp_v01r03_daily_d20210404_c20210711.nc
2021-04-05,1.32094268684034,2.6317669650168964,288,/glade/work/jiachengye/33200/gpcp/daily/2021/gpcp_v01r03_daily_d20210405_c20210711.nc
2021-04-06,3.8267775959532946,4.498118539610465,288,/glade/work/jiachengye/33200/gpcp/daily/2021/gpcp_v01r03_daily_d20210406_c20210711.nc
2021-04-07,6.755181905637044,8.10896548932587,288,/glade/work/jiachengye/33200/gpcp/daily/2021/gpcp_v01r03_daily_d20210407_c20210711.nc
2021-04-08,4.446635845804693,5.887028891021765,288,/glade/work/jiachengye/33200/gpcp/daily/2021/gpcp_v01r03_daily_d20210408_c20210711.nc
2021-04-09,1.4230951473150482,2.319743370120689,288,/glade/work/jiachengye/33200/gpcp/daily/2021/gpcp_v01r03_daily_d20210409_c20210711.nc
2021-04-10,2.7868135752864354,4.804770573608893,288,/glade/work/jiachengye/33200/gpcp/daily/2021/gpcp_v01r03_daily_d20210410_c20210711.nc
2021-04-11,2.4361066835297165,4.26956593038295,288,/glade/work/jiachengye/33200/gpcp/daily/2021/gpcp_v01r03_daily_d20210411_c20210711.nc
2021-04-12,0.9647678693060325,1.9164771343969076,288,/glade/work/jiachengye/33200/gpcp/daily/2021/gpcp_v01r03_daily_d20210412_c20210711.nc
2021-04-13,0.43702846869179723,0.868264406945142,288,/glade/work/jiachengye/33200/gpcp/daily/2021/gpcp_v01r03_daily_d20210413_c20210711.nc
2021-04-14,1.3970604665357202,2.8720856845519753,288,/glade/work/jiachengye/33200/gpcp/daily/2021/gpcp_v01r03_daily_d20210414_c20210711.nc
2021-04-15,0.5236550850189827,1.2353655123797038,288,/glade/work/jiachengye/33200/gpcp/daily/2021/gpcp_v01r03_daily_d20210415_c20210711.nc
2021-04-16,1.2936139243140565,2.6521867456557295,288,/glade/work/jiachengye/33200/gpcp/daily/2021/gpcp_v01r03_daily_d20210416_c20210711.nc
2021-04-17,0.30224973991441273,0.69719451814769,288,/glade/work/jiachengye/33200/gpcp/daily/2021/gpcp_v01r03_daily_d20210417_c20210711.nc
2021-04-18,0.4311466753866572,1.3147692461153266,288,/glade/work/jiachengye/33200/gpcp/daily/2021/gpcp_v01r03_daily_d20210418_c20210711.nc
2021-04-19,1.521563076999928,2.200273056662451,288,/glade/work/jiachengye/33200/gpcp/daily/2021/gpcp_v01r03_daily_d20210419_c20210711.nc
2021-04-20,2.7368970579556184,4.472643580547976,288,/glade/work/jiachengye/33200/gpcp/daily/2021/gpcp_v01r03_daily_d20210420_c20210711.nc
2021-04-21,0.15523770817672392,0.6833507867295948,288,/glade/work/jiachengye/33200/gpcp/daily/2021/gpcp_v01r03_daily_d20210421_c20210711.nc
2021-04-22,0.2698503393072911,0.8860160668411524,288,/glade/work/jiachengye/33200/gpcp/daily/2021/gpcp_v01r03_daily_d20210422_c20210711.nc
2021-04-23,0.5308959106299455,1.1775781105358571,288,/glade/work/jiachengye/33200/gpcp/daily/2021/gpcp_v01r03_daily_d20210423_c20210711.nc
2021-04-24,4.31189360683127,7.774902488497232,288,/glade/work/jiachengye/33200/gpcp/daily/2021/gpcp_v01r03_daily_d20210424_c20210711.nc
2021-04-25,1.1491174186025386,1.8425090118490157,288,/glade/work/jiachengye/33200/gpcp/daily/2021/gpcp_v01r03_daily_d20210425_c20210711.nc
2021-04-26,3.3311236574889582,4.8039688015277076,288,/glade/work/jiachengye/33200/gpcp/daily/2021/gpcp_v01r03_daily_d20210426_c20210711.nc
2021-04-27,3.849543394434672,4.08731903135839,288,/glade/work/jiachengye/33200/gpcp/daily/2021/gpcp_v01r03_daily_d20210427_c20210711.nc
2021-04-28,7.659574719929342,10.551909507638822,288,/glade/work/jiachengye/33200/gpcp/daily/2021/gpcp_v01r03_daily_d20210428_c20210711.nc
2021-04-29,5.222148690634128,8.335221896046427,288,/glade/work/jiachengye/33200/gpcp/daily/2021/gpcp_v01r03_daily_d20210429_c20210711.nc
2021-04-30,0.5367583333774032,1.221102119256333,288,/glade/work/jiachengye/33200/gpcp/daily/2021/gpcp_v01r03_daily_d20210430_c20210711.nc
2021-05-01,0.6905319069052417,1.4115863896713243,288,/glade/work/jiachengye/33200/gpcp/daily/2021/gpcp_v01r03_daily_d20210501_c20210810.nc
2021-05-02,3.906632194593045,4.703560612907218,288,/glade/work/jiachengye/33200/gpcp/daily/2021/gpcp_v01r03_daily_d20210502_c20210810.nc
2021-05-03,6.086548465235838,6.260543630351703,288,/glade/work/jiachengye/33200/gpcp/daily/2021/gpcp_v01r03_daily_d20210503_c20210810.nc
2021-05-04,6.083503475745898,9.57599169017381,288,/glade/work/jiachengye/33200/gpcp/daily/2021/gpcp_v01r03_daily_d20210504_c20210810.nc
2021-05-05,1.1552567043002586,3.117498500386997,288,/glade/work/jiachengye/33200/gpcp/daily/2021/gpcp_v01r03_daily_d20210505_c20210810.nc
2021-05-06,0.3037663150398369,0.853485081912939,288,/glade/work/jiachengye/33200/gpcp/daily/2021/gpcp_v01r03_daily_d20210506_c20210810.nc
2021-05-07,0.19052352535440242,0.5602628713275976,288,/glade/work/jiachengye/33200/gpcp/daily/2021/gpcp_v01r03_daily_d20210507_c20210810.nc
2021-05-08,2.252015735211968,4.100154672525951,288,/glade/work/jiachengye/33200/gpcp/daily/2021/gpcp_v01r03_daily_d20210508_c20210810.nc
2021-05-09,8.661979220267051,10.299659516985688,288,/glade/work/jiachengye/33200/gpcp/daily/2021/gpcp_v01r03_daily_d20210509_c20210810.nc
2021-05-10,0.6341891239777868,1.7116795029503238,288,/glade/work/jiachengye/33200/gpcp/daily/2021/gpcp_v01r03_daily_d20210510_c20210810.nc
2021-05-11,0.14793722709153742,0.6284120531479779,288,/glade/work/jiachengye/33200/gpcp/daily/2021/gpcp_v01r03_daily_d20210511_c20210810.nc
2021-05-12,0.24792151187800046,0.884744059809354,288,/glade/work/jiachengye/33200/gpcp/daily/2021/gpcp_v01r03_daily_d20210512_c20210810.nc
2021-05-13,0.10511939490955446,0.33620916040610116,288,/glade/work/jiachengye/33200/gpcp/daily/2021/gpcp_v01r03_daily_d20210513_c20210810.nc
2021-05-14,0.8506027319666128,1.5949883010297718,288,/glade/work/jiachengye/33200/gpcp/daily/2021/gpcp_v01r03_daily_d20210514_c20210810.nc
2021-05-15,2.679159690070507,5.110675217330156,288,/glade/work/jiachengye/33200/gpcp/daily/2021/gpcp_v01r03_daily_d20210515_c20210810.nc
2021-05-16,3.978652428173712,5.973337636403759,288,/glade/work/jiachengye/33200/gpcp/daily/2021/gpcp_v01r03_daily_d20210516_c20210810.nc
2021-05-17,2.854271226578232,5.089479806895354,288,/glade/work/jiachengye/33200/gpcp/daily/2021/gpcp_v01r03_daily_d20210517_c20210810.nc
2021-05-18,0.6209280661560141,1.4996587041539964,288,/glade/work/jiachengye/33200/gpcp/daily/2021/gpcp_v01r03_daily_d20210518_c20210810.nc
2021-05-19,2.2498392244304144,2.773350166524199,288,/glade/work/jiachengye/33200/gpcp/daily/2021/gpcp_v01r03_daily_d20210519_c20210810.nc
2021-05-20,5.259895179045864,5.855595396600379,288,/glade/work/jiachengye/33200/gpcp/daily/2021/gpcp_v01r03_daily_d20210520_c20210810.nc
2021-05-21,4.571236641904656,5.215945521648256,288,/glade/work/jiachengye/33200/gpcp/daily/2021/gpcp_v01r03_daily_d20210521_c20210810.nc
2021-05-22,2.394657277077593,3.130301781846849,288,/glade/work/jiachengye/33200/gpcp/daily/2021/gpcp_v01r03_daily_d20210522_c20210810.nc
2021-05-23,2.292261047266707,3.137363518525895,288,/glade/work/jiachengye/33200/gpcp/daily/2021/gpcp_v01r03_daily_d20210523_c20210810.nc
2021-05-24,1.3589177759034454,2.1475448632726755,288,/glade/work/jiachengye/33200/gpcp/daily/2021/gpcp_v01r03_daily_d20210524_c20210810.nc
2021-05-25,2.0411871809009208,2.8552859065144336,288,/glade/work/jiachengye/33200/gpcp/daily/2021/gpcp_v01r03_daily_d20210525_c20210810.nc
2021-05-26,2.0260260767171143,2.763741265269658,288,/glade/work/jiachengye/33200/gpcp/daily/2021/gpcp_v01r03_daily_d20210526_c20210810.nc
2021-05-27,9.955796143027616,11.548434190776087,288,/glade/work/jiachengye/33200/gpcp/daily/2021/gpcp_v01r03_daily_d20210527_c20210810.nc
2021-05-28,3.9453129461570136,6.037938210001225,288,/glade/work/jiachengye/33200/gpcp/daily/2021/gpcp_v01r03_daily_d20210528_c20210810.nc
2021-05-29,1.0640186021038045,2.184512240266228,288,/glade/work/jiachengye/33200/gpcp/daily/2021/gpcp_v01r03_daily_d20210529_c20210810.nc
2021-05-30,4.4614927625143315,8.307514759471761,288,/glade/work/jiachengye/33200/gpcp/daily/2021/gpcp_v01r03_daily_d20210530_c20210810.nc
2021-05-31,1.9517570717351493,4.142898546683945,288,/glade/work/jiachengye/33200/gpcp/daily/2021/gpcp_v01r03_daily_d20210531_c20210810.nc
2021-06-01,1.3789851595602123,3.229924071071523,288,/glade/work/jiachengye/33200/gpcp/daily/2021/gpcp_v01r03_daily_d20210601_c20230516.nc
2021-06-02,2.5623549910100567,5.609800825895352,288,/glade/work/jiachengye/33200/gpcp/daily/2021/gpcp_v01r03_daily_d20210602_c20230516.nc
2021-06-03,2.531738025793523,4.440475911347008,288,/glade/work/jiachengye/33200/gpcp/daily/2021/gpcp_v01r03_daily_d20210603_c20230516.nc
2021-06-04,0.45819626922511725,1.6019986033470777,288,/glade/work/jiachengye/33200/gpcp/daily/2021/gpcp_v01r03_daily_d20210604_c20230516.nc
2021-06-05,1.6347965577180459,3.251889496470987,288,/glade/work/jiachengye/33200/gpcp/daily/2021/gpcp_v01r03_daily_d20210605_c20230516.nc
2021-06-06,1.0787733519559073,2.281303750864611,288,/glade/work/jiachengye/33200/gpcp/daily/2021/gpcp_v01r03_daily_d20210606_c20230516.nc
2021-06-07,2.4520642408246296,4.171128635319064,288,/glade/work/jiachengye/33200/gpcp/daily/2021/gpcp_v01r03_daily_d20210607_c20230516.nc
2021-06-08,3.215762632542431,4.39286638919795,288,/glade/work/jiachengye/33200/gpcp/daily/2021/gpcp_v01r03_daily_d20210608_c20230516.nc
2021-06-09,1.8779674235008117,3.7669109989328486,288,/glade/work/jiachengye/33200/gpcp/daily/2021/gpcp_v01r03_daily_d20210609_c20230516.nc
2021-06-10,0.32857405636363285,0.9398888137335825,72,/glade/work/jiachengye/33200/gpcp/daily/2021/gpcp_v01r03_daily_d20210610_c20230516.nc
2021-06-11,3.5059841734090895,4.612471774078429,288,/glade/work/jiachengye/33200/gpcp/daily/2021/gpcp_v01r03_daily_d20210611_c20230516.nc
2021-06-12,1.673575530158068,4.87942911370758,288,/glade/work/jiachengye/33200/gpcp/daily/2021/gpcp_v01r03_daily_d20210612_c20230516.nc
2021-06-13,1.388379004381855,3.1557601518930958,288,/glade/work/jiachengye/33200/gpcp/daily/2021/gpcp_v01r03_daily_d20210613_c20230516.nc
2021-06-14,1.6490696309934538,3.019157470333782,288,/glade/work/jiachengye/33200/gpcp/daily/2021/gpcp_v01r03_daily_d20210614_c20230516.nc
2021-06-15,0.21026722868204636,1.218892056828929,288,/glade/work/jiachengye/33200/gpcp/daily/2021/gpcp_v01r03_daily_d20210615_c20230516.nc
2021-06-16,0.10863047092876202,0.4868907865398205,288,/glade/work/jiachengye/33200/gpcp/daily/2021/gpcp_v01r03_daily_d20210616_c20230516.nc
2021-06-17,1.7232273346713687,3.5199018241875075,288,/glade/work/jiachengye/33200/gpcp/daily/2021/gpcp_v01r03_daily_d20210617_c20230516.nc
2021-06-18,3.366118760485553,5.508053327608917,288,/glade/work/jiachengye/33200/gpcp/daily/2021/gpcp_v01r03_daily_d20210618_c20230516.nc
2021-06-19,8.789027043727778,16.75762393583771,288,/glade/work/jiachengye/33200/gpcp/daily/2021/gpcp_v01r03_daily_d20210619_c20230516.nc
2021-06-20,9.971161521606584,9.447066863462695,288,/glade/work/jiachengye/33200/gpcp/daily/2021/gpcp_v01r03_daily_d20210620_c20230516.nc
2021-06-21,8.32018364066127,10.190231553310692,288,/glade/work/jiachengye/33200/gpcp/daily/2021/gpcp_v01r03_daily_d20210621_c20230516.nc
2021-06-22,0.6560932104093278,1.9805315903683864,288,/glade/work/jiachengye/33200/gpcp/daily/2021/gpcp_v01r03_daily_d20210622_c20230516.nc
2021-06-23,0.48149316930582803,1.0390238212210505,288,/glade/work/jiachengye/33200/gpcp/daily/2021/gpcp_v01r03_daily_d20210623_c20230516.nc
2021-06-24,8.5343667471625,7.8291795009780625,288,/glade/work/jiachengye/33200/gpcp/daily/2021/gpcp_v01r03_daily_d20210624_c20230516.nc
2021-06-25,10.872878558866658,10.781950945581023,288,/glade/work/jiachengye/33200/gpcp/daily/2021/gpcp_v01r03_daily_d20210625_c20230516.nc
2021-06-26,9.872446139217438,8.54375081734486,288,/glade/work/jiachengye/33200/gpcp/daily/2021/gpcp_v01r03_daily_d20210626_c20230516.nc
2021-06-27,2.2726793592851964,2.999256815993934,288,/glade/work/jiachengye/33200/gpcp/daily/2021/gpcp_v01r03_daily_d20210627_c20230516.nc
2021-06-28,1.8429654725594078,2.8612495913564016,288,/glade/work/jiachengye/33200/gpcp/daily/2021/gpcp_v01r03_daily_d20210628_c20230516.nc
2021-06-29,4.602063028136879,5.706232065870525,288,/glade/work/jiachengye/33200/gpcp/daily/2021/gpcp_v01r03_daily_d20210629_c20230516.nc
2021-06-30,5.162527836632624,7.922024575761006,288,/glade/work/jiachengye/33200/gpcp/daily/2021/gpcp_v01r03_daily_d20210630_c20230516.nc
2021-07-01,6.316810174958125,11.614361828693164,288,/glade/work/jiachengye/33200/gpcp/daily/2021/gpcp_v01r03_daily_d20210701_c20230516.nc
2021-07-02,1.438824871612668,3.622196348354179,288,/glade/work/jiachengye/33200/gpcp/daily/2021/gpcp_v01r03_daily_d20210702_c20230516.nc
2021-07-03,0.2391495160099172,0.8447481658635401,288,/glade/work/jiachengye/33200/gpcp/daily/2021/gpcp_v01r03_daily_d20210703_c20230516.nc
2021-07-04,0.6695883155259645,1.7294775625555945,288,/glade/work/jiachengye/33200/gpcp/daily/2021/gpcp_v01r03_daily_d20210704_c20230516.nc
2021-07-05,1.7089631616499978,2.995594692313164,288,/glade/work/jiachengye/33200/gpcp/daily/2021/gpcp_v01r03_daily_d20210705_c20230516.nc
2021-07-06,4.305510488686253,4.945611745360016,288,/glade/work/jiachengye/33200/gpcp/daily/2021/gpcp_v01r03_daily_d20210706_c20230516.nc
2021-07-07,2.9358033458950277,4.92319136470193,288,/glade/work/jiachengye/33200/gpcp/daily/2021/gpcp_v01r03_daily_d20210707_c20230516.nc
2021-07-08,2.9909505639401313,4.283330366314219,288,/glade/work/jiachengye/33200/gpcp/daily/2021/gpcp_v01r03_daily_d20210708_c20230516.nc
2021-07-09,2.3760495083780837,4.994108975116353,288,/glade/work/jiachengye/33200/gpcp/daily/2021/gpcp_v01r03_daily_d20210709_c20230516.nc
2021-07-10,8.930018860608188,11.321823889768519,288,/glade/work/jiachengye/33200/gpcp/daily/2021/gpcp_v01r03_daily_d20210710_c20230516.nc
2021-07-11,3.6760840226861133,6.904250037081476,288,/glade/work/jiachengye/33200/gpcp/daily/2021/gpcp_v01r03_daily_d20210711_c20230516.nc
2021-07-12,1.032823192868411,2.275824415417123,288,/glade/work/jiachengye/33200/gpcp/daily/2021/gpcp_v01r03_daily_d20210712_c20230516.nc
2021-07-13,2.790563195018237,4.573082107931228,288,/glade/work/jiachengye/33200/gpcp/daily/2021/gpcp_v01r03_daily_d20210713_c20230516.nc
2021-07-14,4.234856854506411,5.61550904179286,288,/glade/work/jiachengye/33200/gpcp/daily/2021/gpcp_v01r03_daily_d20210714_c20230516.nc
2021-07-15,5.535327317202245,7.239076170021543,288,/glade/work/jiachengye/33200/gpcp/daily/2021/gpcp_v01r03_daily_d20210715_c20230516.nc
2021-07-16,3.515440051877542,5.9481341882253504,288,/glade/work/jiachengye/33200/gpcp/daily/2021/gpcp_v01r03_daily_d20210716_c20230516.nc
2021-07-17,2.4721257901378704,4.869194985196549,288,/glade/work/jiachengye/33200/gpcp/daily/2021/gpcp_v01r03_daily_d20210717_c20230516.nc
2021-07-18,0.3942511496811381,1.1581863127224532,288,/glade/work/jiachengye/33200/gpcp/daily/2021/gpcp_v01r03_daily_d20210718_c20230516.nc
2021-07-19,0.05303457313552446,0.2965777214620634,72,/glade/work/jiachengye/33200/gpcp/daily/2021/gpcp_v01r03_daily_d20210719_c20230516.nc
2021-07-20,0.8857092820849871,2.2036364821946517,288,/glade/work/jiachengye/33200/gpcp/daily/2021/gpcp_v01r03_daily_d20210720_c20230516.nc
2021-07-21,1.458241595366601,2.941537905109605,288,/glade/work/jiachengye/33200/gpcp/daily/2021/gpcp_v01r03_daily_d20210721_c20230516.nc
2021-07-22,1.8846962175579882,3.0636119155351684,288,/glade/work/jiachengye/33200/gpcp/daily/2021/gpcp_v01r03_daily_d20210722_c20230516.nc
2021-07-23,1.3604618236640396,2.1290445580311657,288,/glade/work/jiachengye/33200/gpcp/daily/2021/gpcp_v01r03_daily_d20210723_c20230516.nc
2021-07-24,4.662321877331529,6.7533805867049725,288,/glade/work/jiachengye/33200/gpcp/daily/2021/gpcp_v01r03_daily_d20210724_c20230516.nc
2021-07-25,5.155865856019164,7.436984833657384,288,/glade/work/jiachengye/33200/gpcp/daily/2021/gpcp_v01r03_daily_d20210725_c20230516.nc
2021-07-26,1.8535098496635767,4.481035673231066,288,/glade/work/jiachengye/33200/gpcp/daily/2021/gpcp_v01r03_daily_d20210726_c20230516.nc
2021-07-27,2.4376785549462703,4.805496637091448,288,/glade/work/jiachengye/33200/gpcp/daily/2021/gpcp_v01r03_daily_d20210727_c20230516.nc
2021-07-28,2.0037831347674446,3.794836906979603,288,/glade/work/jiachengye/33200/gpcp/daily/2021/gpcp_v01r03_daily_d20210728_c20230516.nc
2021-07-29,3.7195914543419977,5.801915759006713,288,/glade/work/jiachengye/33200/gpcp/daily/2021/gpcp_v01r03_daily_d20210729_c20230516.nc
2021-07-30,7.766392881714632,10.140077713799684,288,/glade/work/jiachengye/33200/gpcp/daily/2021/gpcp_v01r03_daily_d20210730_c20230516.nc
2021-07-31,4.014664460465993,6.3342793421556145,288,/glade/work/jiachengye/33200/gpcp/daily/2021/gpcp_v01r03_daily_d20210731_c20230516.nc
2021-08-01,1.8275795919921503,5.099374009388903,288,/glade/work/jiachengye/33200/gpcp/daily/2021/gpcp_v01r03_daily_d20210801_c20230516.nc
2021-08-02,0.05438063308687858,0.2584164626455871,288,/glade/work/jiachengye/33200/gpcp/daily/2021/gpcp_v01r03_daily_d20210802_c20230516.nc
2021-08-03,0.28260542003211564,0.7141470057134195,288,/glade/work/jiachengye/33200/gpcp/daily/2021/gpcp_v01r03_daily_d20210803_c20230516.nc
2021-08-04,2.719807347413731,5.0999049627139,288,/glade/work/jiachengye/33200/gpcp/daily/2021/gpcp_v01r03_daily_d20210804_c20230516.nc
2021-08-05,2.394226909879413,4.420141557701498,288,/glade/work/jiachengye/33200/gpcp/daily/2021/gpcp_v01r03_daily_d20210805_c20230516.nc
2021-08-06,2.844988384157601,3.8257554073658047,288,/glade/work/jiachengye/33200/gpcp/daily/2021/gpcp_v01r03_daily_d20210806_c20230516.nc
2021-08-07,6.29888000594661,7.595677795948197,288,/glade/work/jiachengye/33200/gpcp/daily/2021/gpcp_v01r03_daily_d20210807_c20230516.nc
2021-08-08,7.985294614826017,8.536815012037149,288,/glade/work/jiachengye/33200/gpcp/daily/2021/gpcp_v01r03_daily_d20210808_c20230516.nc
2021-08-09,5.915164294800666,8.725324742451493,288,/glade/work/jiachengye/33200/gpcp/daily/2021/gpcp_v01r03_daily_d20210809_c20230516.nc
2021-08-10,4.740300513250264,6.196975717113648,288,/glade/work/jiachengye/33200/gpcp/daily/2021/gpcp_v01r03_daily_d20210810_c20230516.nc
2021-08-11,4.078815433777522,5.824463815343725,288,/glade/work/jiachengye/33200/gpcp/daily/2021/gpcp_v01r03_daily_d20210811_c20230516.nc
2021-08-12,4.024410972938232,7.625835787623708,288,/glade/work/jiachengye/33200/gpcp/daily/2021/gpcp_v01r03_daily_d20210812_c20230516.nc
2021-08-13,11.591357068983987,14.54514067192041,288,/glade/work/jiachengye/33200/gpcp/daily/2021/gpcp_v01r03_daily_d20210813_c20230516.nc
2021-08-14,0.8509055097861609,2.989265465551356,288,/glade/work/jiachengye/33200/gpcp/daily/2021/gpcp_v01r03_daily_d20210814_c20230516.nc
2021-08-15,0.9311411748789712,2.969678800997897,288,/glade/work/jiachengye/33200/gpcp/daily/2021/gpcp_v01r03_daily_d20210815_c20230516.nc
2021-08-16,1.4405062175259638,3.6091937707354727,288,/glade/work/jiachengye/33200/gpcp/daily/2021/gpcp_v01r03_daily_d20210816_c20230516.nc
2021-08-17,0.828513936218657,2.675509853147391,288,/glade/work/jiachengye/33200/gpcp/daily/2021/gpcp_v01r03_daily_d20210817_c20230516.nc
2021-08-18,2.322489459249038,6.661200975709424,288,/glade/work/jiachengye/33200/gpcp/daily/2021/gpcp_v01r03_daily_d20210818_c20230516.nc
2021-08-19,1.3226432728137718,3.465670964651197,288,/glade/work/jiachengye/33200/gpcp/daily/2021/gpcp_v01r03_daily_d20210819_c20230516.nc
2021-08-20,3.2110903353114133,6.0175779518720045,288,/glade/work/jiachengye/33200/gpcp/daily/2021/gpcp_v01r03_daily_d20210820_c20230516.nc
2021-08-21,4.854956842421256,7.2057305853638045,288,/glade/work/jiachengye/33200/gpcp/daily/2021/gpcp_v01r03_daily_d20210821_c20230516.nc
2021-08-22,1.0237503881602008,2.44440613887955,288,/glade/work/jiachengye/33200/gpcp/daily/2021/gpcp_v01r03_daily_d20210822_c20230516.nc
2021-08-23,1.6258521606093652,3.4328874130900746,288,/glade/work/jiachengye/33200/gpcp/daily/2021/gpcp_v01r03_daily_d20210823_c20230516.nc
2021-08-24,4.484285540297097,7.56710993195504,288,/glade/work/jiachengye/33200/gpcp/daily/2021/gpcp_v01r03_daily_d20210824_c20230516.nc
2021-08-25,2.5296500008747493,4.354191064220738,288,/glade/work/jiachengye/33200/gpcp/daily/2021/gpcp_v01r03_daily_d20210825_c20230516.nc
2021-08-26,2.564648147478649,5.057294770123279,72,/glade/work/jiachengye/33200/gpcp/daily/2021/gpcp_v01r03_daily_d20210826_c20230516.nc
2021-08-27,8.665091300670895,8.896259890808636,288,/glade/work/jiachengye/33200/gpcp/daily/2021/gpcp_v01r03_daily_d20210827_c20230516.nc
2021-08-28,5.367520730379586,7.573663430137449,288,/glade/work/jiachengye/33200/gpcp/daily/2021/gpcp_v01r03_daily_d20210828_c20230516.nc
2021-08-29,5.781860891821019,7.15975942122256,288,/glade/work/jiachengye/33200/gpcp/daily/2021/gpcp_v01r03_daily_d20210829_c20230516.nc
2021-08-30,1.706273633273808,4.369807134391442,288,/glade/work/jiachengye/33200/gpcp/daily/2021/gpcp_v01r03_daily_d20210830_c20230516.nc
2021-08-31,3.162702288596977,5.907303536062444,288,/glade/work/jiachengye/33200/gpcp/daily/2021/gpcp_v01r03_daily_d20210831_c20230516.nc
2021-09-01,1.778959164916108,5.134172532655839,288,/glade/work/jiachengye/33200/gpcp/daily/2021/gpcp_v01r03_daily_d20210901_c20211207.nc
2021-09-02,5.027989798844827,6.349563917884184,288,/glade/work/jiachengye/33200/gpcp/daily/2021/gpcp_v01r03_daily_d20210902_c20211207.nc
2021-09-03,5.420039971930099,8.011117193707285,288,/glade/work/jiachengye/33200/gpcp/daily/2021/gpcp_v01r03_daily_d20210903_c20211207.nc
2021-09-04,5.454982610875379,7.429587535913629,288,/glade/work/jiachengye/33200/gpcp/daily/2021/gpcp_v01r03_daily_d20210904_c20211207.nc
2021-09-05,0.7764858206128041,3.492066699940148,288,/glade/work/jiachengye/33200/gpcp/daily/2021/gpcp_v01r03_daily_d20210905_c20211207.nc
2021-09-06,0.3677578933929767,0.8790709896562292,288,/glade/work/jiachengye/33200/gpcp/daily/2021/gpcp_v01r03_daily_d20210906_c20211207.nc
2021-09-07,2.7367258677000352,4.840105975533291,288,/glade/work/jiachengye/33200/gpcp/daily/2021/gpcp_v01r03_daily_d20210907_c20211207.nc
2021-09-08,4.141558039163895,7.732122063639845,288,/glade/work/jiachengye/33200/gpcp/daily/2021/gpcp_v01r03_daily_d20210908_c20211207.nc
2021-09-09,0.2614398856133502,1.3155895168555136,288,/glade/work/jiachengye/33200/gpcp/daily/2021/gpcp_v01r03_daily_d20210909_c20211207.nc
2021-09-10,0.11260772462139994,0.37452884871094805,288,/glade/work/jiachengye/33200/gpcp/daily/2021/gpcp_v01r03_daily_d20210910_c20211207.nc
2021-09-11,0.779794392774256,1.5174188305549252,288,/glade/work/jiachengye/33200/gpcp/daily/2021/gpcp_v01r03_daily_d20210911_c20211207.nc
2021-09-12,2.3425080068594157,3.371755477359934,288,/glade/work/jiachengye/33200/gpcp/daily/2021/gpcp_v01r03_daily_d20210912_c20211207.nc
2021-09-13,3.28871921866601,4.1819829593460724,288,/glade/work/jiachengye/33200/gpcp/daily/2021/gpcp_v01r03_daily_d20210913_c20211207.nc
2021-09-14,2.8685918097622856,4.162561083539324,288,/glade/work/jiachengye/33200/gpcp/daily/2021/gpcp_v01r03_daily_d20210914_c20211207.nc
2021-09-15,6.477020129485666,10.1984390561602,288,/glade/work/jiachengye/33200/gpcp/daily/2021/gpcp_v01r03_daily_d20210915_c20211207.nc
2021-09-16,0.9088057267684357,2.1796106841401226,288,/glade/work/jiachengye/33200/gpcp/daily/2021/gpcp_v01r03_daily_d20210916_c20211207.nc
2021-09-17,2.2125316332190708,4.030296419123416,288,/glade/work/jiachengye/33200/gpcp/daily/2021/gpcp_v01r03_daily_d20210917_c20211207.nc
2021-09-18,0.39754649890820776,1.720901020333326,288,/glade/work/jiachengye/33200/gpcp/daily/2021/gpcp_v01r03_daily_d20210918_c20211207.nc
2021-09-19,1.2410481860455638,4.087190223437071,288,/glade/work/jiachengye/33200/gpcp/daily/2021/gpcp_v01r03_daily_d20210919_c20211207.nc
2021-09-20,5.433756686855372,6.50521628309114,288,/glade/work/jiachengye/33200/gpcp/daily/2021/gpcp_v01r03_daily_d20210920_c20211207.nc
2021-09-21,4.865129077747909,7.475424166306611,288,/glade/work/jiachengye/33200/gpcp/daily/2021/gpcp_v01r03_daily_d20210921_c20211207.nc
2021-09-22,3.9435387276724576,8.318323394629028,288,/glade/work/jiachengye/33200/gpcp/daily/2021/gpcp_v01r03_daily_d20210922_c20211207.nc
2021-09-23,2.2871753700258584,5.233479518653134,288,/glade/work/jiachengye/33200/gpcp/daily/2021/gpcp_v01r03_daily_d20210923_c20211207.nc
2021-09-24,2.172120416216875,2.886919132427622,288,/glade/work/jiachengye/33200/gpcp/daily/2021/gpcp_v01r03_daily_d20210924_c20211207.nc
2021-09-25,2.6853233504559233,4.022291286601937,288,/glade/work/jiachengye/33200/gpcp/daily/2021/gpcp_v01r03_daily_d20210925_c20211207.nc
2021-09-26,1.129698903394287,2.6297963449012847,288,/glade/work/jiachengye/33200/gpcp/daily/2021/gpcp_v01r03_daily_d20210926_c20211207.nc
2021-09-27,0.5483781705489043,1.9685117025937495,288,/glade/work/jiachengye/33200/gpcp/daily/2021/gpcp_v01r03_daily_d20210927_c20211207.nc
2021-09-28,0.4605633002807945,1.3648514743767108,288,/glade/work/jiachengye/33200/gpcp/daily/2021/gpcp_v01r03_daily_d20210928_c20211207.nc
2021-09-29,0.7526011339440046,1.5403552231908855,288,/glade/work/jiachengye/33200/gpcp/daily/2021/gpcp_v01r03_daily_d20210929_c20211207.nc
2021-09-30,3.410750030772001,6.225894647018332,288,/glade/work/jiachengye/33200/gpcp/daily/2021/gpcp_v01r03_daily_d20210930_c20211207.nc
2021-10-01,3.387302851848321,5.231567045848353,288,/glade/work/jiachengye/33200/gpcp/daily/2021/gpcp_v01r03_daily_d20211001_c20220107.nc
2021-10-02,4.963680891510354,6.1841400789248455,288,/glade/work/jiachengye/33200/gpcp/daily/2021/gpcp_v01r03_daily_d20211002_c20220107.nc
2021-10-03,5.0057373356893615,7.16749568622085,288,/glade/work/jiachengye/33200/gpcp/daily/2021/gpcp_v01r03_daily_d20211003_c20220107.nc
2021-10-04,0.9754961937286272,2.2080258295887947,288,/glade/work/jiachengye/33200/gpcp/daily/2021/gpcp_v01r03_daily_d20211004_c20220107.nc
2021-10-05,0.16867579620664408,1.0017890320270162,288,/glade/work/jiachengye/33200/gpcp/daily/2021/gpcp_v01r03_daily_d20211005_c20220107.nc
2021-10-06,1.2251749295071748,3.749911541342951,288,/glade/work/jiachengye/33200/gpcp/daily/2021/gpcp_v01r03_daily_d20211006_c20220107.nc
2021-10-07,5.960666262943817,10.734250545388088,288,/glade/work/jiachengye/33200/gpcp/daily/2021/gpcp_v01r03_daily_d20211007_c20220107.nc
2021-10-08,3.353306298777751,3.780852720027212,288,/glade/work/jiachengye/33200/gpcp/daily/2021/gpcp_v01r03_daily_d20211008_c20220107.nc
2021-10-09,7.754238638446194,8.259038729232838,288,/glade/work/jiachengye/33200/gpcp/daily/2021/gpcp_v01r03_daily_d20211009_c20220107.nc
2021-10-10,4.938775456845832,5.659772700387531,288,/glade/work/jiachengye/33200/gpcp/daily/2021/gpcp_v01r03_daily_d20211010_c20220107.nc
2021-10-11,6.181298102711203,8.97362553855486,288,/glade/work/jiachengye/33200/gpcp/daily/2021/gpcp_v01r03_daily_d20211011_c20220107.nc
2021-10-12,2.3762759148488897,4.314103307953961,288,/glade/work/jiachengye/33200/gpcp/daily/2021/gpcp_v01r03_daily_d20211012_c20220107.nc
2021-10-13,8.660816179417377,10.040330336095025,288,/glade/work/jiachengye/33200/gpcp/daily/2021/gpcp_v01r03_daily_d20211013_c20220107.nc
2021-10-14,2.6484007295371477,4.252938390109519,288,/glade/work/jiachengye/33200/gpcp/daily/2021/gpcp_v01r03_daily_d20211014_c20220107.nc
2021-10-15,1.472374889754801,2.5781864367666043,288,/glade/work/jiachengye/33200/gpcp/daily/2021/gpcp_v01r03_daily_d20211015_c20220107.nc
2021-10-16,1.0410377325566227,2.20573067012767,288,/glade/work/jiachengye/33200/gpcp/daily/2021/gpcp_v01r03_daily_d20211016_c20220107.nc
2021-10-17,0.09392970358963873,0.35641181010684575,288,/glade/work/jiachengye/33200/gpcp/daily/2021/gpcp_v01r03_daily_d20211017_c20220107.nc
2021-10-18,0.01373503449053044,0.08881784187553192,288,/glade/work/jiachengye/33200/gpcp/daily/2021/gpcp_v01r03_daily_d20211018_c20220107.nc
2021-10-19,0.4458785455076312,1.132337838346228,288,/glade/work/jiachengye/33200/gpcp/daily/2021/gpcp_v01r03_daily_d20211019_c20220107.nc
2021-10-20,2.15793987884355,4.545198486795165,288,/glade/work/jiachengye/33200/gpcp/daily/2021/gpcp_v01r03_daily_d20211020_c20220107.nc
2021-10-21,1.6824356802346412,3.7940316703445687,288,/glade/work/jiachengye/33200/gpcp/daily/2021/gpcp_v01r03_daily_d20211021_c20220107.nc
2021-10-22,0.7950438883615544,1.3847671011927825,288,/glade/work/jiachengye/33200/gpcp/daily/2021/gpcp_v01r03_daily_d20211022_c20220107.nc
2021-10-23,2.5777068254882245,6.717759801652702,288,/glade/work/jiachengye/33200/gpcp/daily/2021/gpcp_v01r03_daily_d20211023_c20220107.nc
2021-10-24,9.932111052346821,11.825601952079705,288,/glade/work/jiachengye/33200/gpcp/daily/2021/gpcp_v01r03_daily_d20211024_c20220107.nc
2021-10-25,8.655918693841482,10.335287229486493,288,/glade/work/jiachengye/33200/gpcp/daily/2021/gpcp_v01r03_daily_d20211025_c20220107.nc
2021-10-26,1.492885416426815,2.663390831045736,288,/glade/work/jiachengye/33200/gpcp/daily/2021/gpcp_v01r03_daily_d20211026_c20220107.nc
2021-10-27,5.286926781755452,7.765021254114893,288,/glade/work/jiachengye/33200/gpcp/daily/2021/gpcp_v01r03_daily_d20211027_c20220107.nc
2021-10-28,5.118441987153652,6.770304781685283,288,/glade/work/jiachengye/33200/gpcp/daily/2021/gpcp_v01r03_daily_d20211028_c20220107.nc
2021-10-29,2.385440531173943,4.24344193490317,288,/glade/work/jiachengye/33200/gpcp/daily/2021/gpcp_v01r03_daily_d20211029_c20220107.nc
2021-10-30,0.9884128034529189,2.0533298617596714,288,/glade/work/jiachengye/33200/gpcp/daily/2021/gpcp_v01r03_daily_d20211030_c20220107.nc
2021-10-31,0.4429076267378504,0.9573679054034091,288,/glade/work/jiachengye/33200/gpcp/daily/2021/gpcp_v01r03_daily_d20211031_c20220107.nc
2021-11-01,0.11836061207230862,0.5015242074714729,288,/glade/work/jiachengye/33200/gpcp/daily/2021/gpcp_v01r03_daily_d20211101_c20220208.nc
2021-11-02,0.0484084956780029,0.21234003787268385,288,/glade/work/jiachengye/33200/gpcp/daily/2021/gpcp_v01r03_daily_d20211102_c20220208.nc
2021-11-03,0.03506381135084594,0.255171214396031,288,/glade/work/jiachengye/33200/gpcp/daily/2021/gpcp_v01r03_daily_d20211103_c20220208.nc
2021-11-04,0.14719601144022448,1.2262366197945045,288,/glade/work/jiachengye/33200/gpcp/daily/2021/gpcp_v01r03_daily_d20211104_c20220208.nc
2021-11-05,0.15713224600061043,0.4781418299094392,288,/glade/work/jiachengye/33200/gpcp/daily/2021/gpcp_v01r03_daily_d20211105_c20220208.nc
2021-11-06,0.2248750325141179,0.783014636905727,288,/glade/work/jiachengye/33200/gpcp/daily/2021/gpcp_v01r03_daily_d20211106_c20220208.nc
2021-11-07,0.5216051544147001,1.1392388071067203,288,/glade/work/jiachengye/33200/gpcp/daily/2021/gpcp_v01r03_daily_d20211107_c20220208.nc
2021-11-08,0.3683633290329344,0.9140068211534361,288,/glade/work/jiachengye/33200/gpcp/daily/2021/gpcp_v01r03_daily_d20211108_c20220208.nc
2021-11-09,1.080546061299556,2.176736122256725,288,/glade/work/jiachengye/33200/gpcp/daily/2021/gpcp_v01r03_daily_d20211109_c20220208.nc
2021-11-10,1.5802857479742096,2.5488439396955838,288,/glade/work/jiachengye/33200/gpcp/daily/2021/gpcp_v01r03_daily_d20211110_c20220208.nc
2021-11-11,5.200820664934728,6.091063321353068,288,/glade/work/jiachengye/33200/gpcp/daily/2021/gpcp_v01r03_daily_d20211111_c20220208.nc
2021-11-12,1.2654801835316323,2.8596370241095475,288,/glade/work/jiachengye/33200/gpcp/daily/2021/gpcp_v01r03_daily_d20211112_c20220208.nc
2021-11-13,0.7920603365148554,1.6979854023174767,288,/glade/work/jiachengye/33200/gpcp/daily/2021/gpcp_v01r03_daily_d20211113_c20220208.nc
2021-11-14,3.078248618828058,4.406343221589037,288,/glade/work/jiachengye/33200/gpcp/daily/2021/gpcp_v01r03_daily_d20211114_c20220208.nc
2021-11-15,0.3916041034288951,0.6584045489460519,288,/glade/work/jiachengye/33200/gpcp/daily/2021/gpcp_v01r03_daily_d20211115_c20220208.nc
2021-11-16,2.6320977245731227,3.4778924348749958,288,/glade/work/jiachengye/33200/gpcp/daily/2021/gpcp_v01r03_daily_d20211116_c20220208.nc
2021-11-17,2.42137498476872,3.606026113726365,288,/glade/work/jiachengye/33200/gpcp/daily/2021/gpcp_v01r03_daily_d20211117_c20220208.nc
2021-11-18,0.39575077280435556,1.0818160906849246,288,/glade/work/jiachengye/33200/gpcp/daily/2021/gpcp_v01r03_daily_d20211118_c20220208.nc
2021-11-19,0.6062363846711596,1.1968849895998364,288,/glade/work/jiachengye/33200/gpcp/daily/2021/gpcp_v01r03_daily_d20211119_c20220208.nc
2021-11-20,2.4356175255537216,3.660768569022522,288,/glade/work/jiachengye/33200/gpcp/daily/2021/gpcp_v01r03_daily_d20211120_c20220208.nc
2021-11-21,3.0092668457196203,5.9803782838384185,288,/glade/work/jiachengye/33200/gpcp/daily/2021/gpcp_v01r03_daily_d20211121_c20220208.nc
2021-11-22,0.9899364540228612,3.2735332331585316,288,/glade/work/jiachengye/33200/gpcp/daily/2021/gpcp_v01r03_daily_d20211122_c20220208.nc
2021-11-23,0.1258673573425567,0.43734854322951927,288,/glade/work/jiachengye/33200/gpcp/daily/2021/gpcp_v01r03_daily_d20211123_c20220208.nc
2021-11-24,1.2918607573712741,2.007996854849735,288,/glade/work/jiachengye/33200/gpcp/daily/2021/gpcp_v01r03_daily_d20211124_c20220208.nc
2021-11-25,2.0069012092195093,3.832505360847886,288,/glade/work/jiachengye/33200/gpcp/daily/2021/gpcp_v01r03_daily_d20211125_c20220208.nc
2021-11-26,0.5086035765486075,0.934780986587717,288,/glade/work/jiachengye/33200/gpcp/daily/2021/gpcp_v01r03_daily_d20211126_c20220208.nc
2021-11-27,0.9329623118577122,1.7997997281337432,288,/glade/work/jiachengye/33200/gpcp/daily/2021/gpcp_v01r03_daily_d20211127_c20220208.nc
2021-11-28,0.40456523818808093,1.163360486246355,288,/glade/work/jiachengye/33200/gpcp/daily/2021/gpcp_v01r03_daily_d20211128_c20220208.nc
2021-11-29,0.7554590698952448,1.6275983764726332,288,/glade/work/jiachengye/33200/gpcp/daily/2021/gpcp_v01r03_daily_d20211129_c20220208.nc
2021-11-30,0.5903155196449728,1.2951282850972787,288,/glade/work/jiachengye/33200/gpcp/daily/2021/gpcp_v01r03_daily_d20211130_c20220208.nc
2021-12-01,2.185614813481145,2.4852446737120744,288,/glade/work/jiachengye/33200/gpcp/daily/2021/gpcp_v01r03_daily_d20211201_c20230516.nc
2021-12-02,1.000787975525828,1.8180738738327955,288,/glade/work/jiachengye/33200/gpcp/daily/2021/gpcp_v01r03_daily_d20211202_c20230516.nc
2021-12-03,0.864081190388614,2.077485216914468,288,/glade/work/jiachengye/33200/gpcp/daily/2021/gpcp_v01r03_daily_d20211203_c20230516.nc
2021-12-04,0.8787827234207474,1.7113883010972923,288,/glade/work/jiachengye/33200/gpcp/daily/2021/gpcp_v01r03_daily_d20211204_c20230516.nc
2021-12-05,4.212276689976697,4.956026757316774,288,/glade/work/jiachengye/33200/gpcp/daily/2021/gpcp_v01r03_daily_d20211205_c20230516.nc
2021-12-06,3.127224767300183,6.87475523716246,288,/glade/work/jiachengye/33200/gpcp/daily/2021/gpcp_v01r03_daily_d20211206_c20230516.nc
2021-12-07,2.5315696938718806,4.733018571777515,288,/glade/work/jiachengye/33200/gpcp/daily/2021/gpcp_v01r03_daily_d20211207_c20230516.nc
2021-12-08,1.1235219332632953,2.176123213274449,288,/glade/work/jiachengye/33200/gpcp/daily/2021/gpcp_v01r03_daily_d20211208_c20230516.nc
2021-12-09,3.612093789997689,4.3169828118823865,288,/glade/work/jiachengye/33200/gpcp/daily/2021/gpcp_v01r03_daily_d20211209_c20230516.nc
2021-12-10,2.4024153257732532,2.8677650909684815,288,/glade/work/jiachengye/33200/gpcp/daily/2021/gpcp_v01r03_daily_d20211210_c20230516.nc
2021-12-11,9.055908769871795,16.901877253249154,288,/glade/work/jiachengye/33200/gpcp/daily/2021/gpcp_v01r03_daily_d20211211_c20230516.nc
2021-12-12,0.3676560113276719,1.7072637133406847,288,/glade/work/jiachengye/33200/gpcp/daily/2021/gpcp_v01r03_daily_d20211212_c20230516.nc
2021-12-13,0.2375698226276567,0.653044163131615,288,/glade/work/jiachengye/33200/gpcp/daily/2021/gpcp_v01r03_daily_d20211213_c20230516.nc
2021-12-14,0.9332981845220153,1.5349484030508458,288,/glade/work/jiachengye/33200/gpcp/daily/2021/gpcp_v01r03_daily_d20211214_c20230516.nc
2021-12-15,2.7550160311152108,3.7656255081516488,288,/glade/work/jiachengye/33200/gpcp/daily/2021/gpcp_v01r03_daily_d20211215_c20230516.nc
2021-12-16,2.8235919804318232,4.262998914033344,288,/glade/work/jiachengye/33200/gpcp/daily/2021/gpcp_v01r03_daily_d20211216_c20230516.nc
2021-12-17,0.9001343990797961,2.916209892440385,288,/glade/work/jiachengye/33200/gpcp/daily/2021/gpcp_v01r03_daily_d20211217_c20230516.nc
2021-12-18,2.758949009687182,6.177051407047295,288,/glade/work/jiachengye/33200/gpcp/daily/2021/gpcp_v01r03_daily_d20211218_c20230516.nc
2021-12-19,0.8470878099819524,1.5259172351034271,288,/glade/work/jiachengye/33200/gpcp/daily/2021/gpcp_v01r03_daily_d20211219_c20230516.nc
2021-12-20,0.8907741780056813,2.793718835007073,288,/glade/work/jiachengye/33200/gpcp/daily/2021/gpcp_v01r03_daily_d20211220_c20230516.nc
2021-12-21,1.236942638910342,2.0809920046164407,288,/glade/work/jiachengye/33200/gpcp/daily/2021/gpcp_v01r03_daily_d20211221_c20230516.nc
2021-12-22,0.1272926274867145,0.4925722611100205,288,/glade/work/jiachengye/33200/gpcp/daily/2021/gpcp_v01r03_daily_d20211222_c20230516.nc
2021-12-23,1.1841823002094338,1.7574744668695814,288,/glade/work/jiachengye/33200/gpcp/daily/2021/gpcp_v01r03_daily_d20211223_c20230516.nc
2021-12-24,2.5586814609184536,2.999285194994594,288,/glade/work/jiachengye/33200/gpcp/daily/2021/gpcp_v01r03_daily_d20211224_c20230516.nc
2021-12-25,1.8512465923321058,2.9482971756808602,288,/glade/work/jiachengye/33200/gpcp/daily/2021/gpcp_v01r03_daily_d20211225_c20230516.nc
2021-12-26,0.9984045804946432,2.984749795959854,72,/glade/work/jiachengye/33200/gpcp/daily/2021/gpcp_v01r03_daily_d20211226_c20230516.nc
2021-12-27,2.5298760395220867,3.907289101692578,288,/glade/work/jiachengye/33200/gpcp/daily/2021/gpcp_v01r03_daily_d20211227_c20230516.nc
2021-12-28,5.783278269672947,6.684025024103811,288,/glade/work/jiachengye/33200/gpcp/daily/2021/gpcp_v01r03_daily_d20211228_c20230516.nc
2021-12-29,0.8509168472751102,2.08883527215457,288,/glade/work/jiachengye/33200/gpcp/daily/2021/gpcp_v01r03_daily_d20211229_c20230516.nc
2021-12-30,1.5052225756658184,3.6714899871458337,288,/glade/work/jiachengye/33200/gpcp/daily/2021/gpcp_v01r03_daily_d20211230_c20230516.nc
2021-12-31,0.7348170712190223,1.431515348676172,288,/glade/work/jiachengye/33200/gpcp/daily/2021/gpcp_v01r03_daily_d20211231_c20230516.nc
2022-01-01,10.376849130887825,14.962097786200907,288,/glade/work/jiachengye/33200/gpcp/daily/2022/gpcp_v01r03_daily_d20220101_c20230516.nc
2022-01-02,2.068846104548235,5.563754935714431,288,/glade/work/jiachengye/33200/gpcp/daily/2022/gpcp_v01r03_daily_d20220102_c20230516.nc
2022-01-03,0.7866947382203825,4.181295627095811,288,/glade/work/jiachengye/33200/gpcp/daily/2022/gpcp_v01r03_daily_d20220103_c20230516.nc
2022-01-04,1.4629936261518166,2.0024574685381413,288,/glade/work/jiachengye/33200/gpcp/daily/2022/gpcp_v01r03_daily_d20220104_c20230516.nc
2022-01-05,1.9976754023988184,2.9730948283414658,288,/glade/work/jiachengye/33200/gpcp/daily/2022/gpcp_v01r03_daily_d20220105_c20230516.nc
2022-01-06,2.358025360577244,4.227280490089146,288,/glade/work/jiachengye/33200/gpcp/daily/2022/gpcp_v01r03_daily_d20220106_c20230516.nc
2022-01-07,0.8225891349417894,1.331830151656186,288,/glade/work/jiachengye/33200/gpcp/daily/2022/gpcp_v01r03_daily_d20220107_c20230516.nc
2022-01-08,1.3057751225242613,2.244225844593406,288,/glade/work/jiachengye/33200/gpcp/daily/2022/gpcp_v01r03_daily_d20220108_c20230516.nc
2022-01-09,1.522144250995612,4.706957278629927,288,/glade/work/jiachengye/33200/gpcp/daily/2022/gpcp_v01r03_daily_d20220109_c20230516.nc
2022-01-10,0.04068822231740022,0.2397928951266229,72,/glade/work/jiachengye/33200/gpcp/daily/2022/gpcp_v01r03_daily_d20220110_c20230516.nc
2022-01-11,0.8158256086271942,1.7599287543034552,288,/glade/work/jiachengye/33200/gpcp/daily/2022/gpcp_v01r03_daily_d20220111_c20230516.nc
2022-01-12,0.8850415086719118,1.457027840422747,288,/glade/work/jiachengye/33200/gpcp/daily/2022/gpcp_v01r03_daily_d20220112_c20230516.nc
2022-01-13,0.6394027264073701,1.2363739450001392,288,/glade/work/jiachengye/33200/gpcp/daily/2022/gpcp_v01r03_daily_d20220113_c20230516.nc
2022-01-14,2.3301813075137576,3.21901379547468,288,/glade/work/jiachengye/33200/gpcp/daily/2022/gpcp_v01r03_daily_d20220114_c20230516.nc
2022-01-15,0.6732963825011086,1.953232916773556,288,/glade/work/jiachengye/33200/gpcp/daily/2022/gpcp_v01r03_daily_d20220115_c20230516.nc
2022-01-16,1.112600842503111,2.3693167633388392,288,/glade/work/jiachengye/33200/gpcp/daily/2022/gpcp_v01r03_daily_d20220116_c20230516.nc
2022-01-17,0.7083507408774241,2.076260562138161,288,/glade/work/jiachengye/33200/gpcp/daily/2022/gpcp_v01r03_daily_d20220117_c20230516.nc
2022-01-18,0.5369346727480441,1.0999021043809407,288,/glade/work/jiachengye/33200/gpcp/daily/2022/gpcp_v01r03_daily_d20220118_c20230516.nc
2022-01-19,0.46005744057024334,0.9880739197109641,288,/glade/work/jiachengye/33200/gpcp/daily/2022/gpcp_v01r03_daily_d20220119_c20230516.nc
2022-01-20,1.35413845172205,5.3453115427862965,288,/glade/work/jiachengye/33200/gpcp/daily/2022/gpcp_v01r03_daily_d20220120_c20230516.nc
2022-01-21,0.3135803035174514,0.579172094173147,288,/glade/work/jiachengye/33200/gpcp/daily/2022/gpcp_v01r03_daily_d20220121_c20230516.nc
2022-01-22,0.5603913377608849,1.242016027343359,288,/glade/work/jiachengye/33200/gpcp/daily/2022/gpcp_v01r03_daily_d20220122_c20230516.nc
2022-01-23,0.4408437216932591,0.9645290770339364,288,/glade/work/jiachengye/33200/gpcp/daily/2022/gpcp_v01r03_daily_d20220123_c20230516.nc
2022-01-24,0.9007520844029873,1.863188966199249,288,/glade/work/jiachengye/33200/gpcp/daily/2022/gpcp_v01r03_daily_d20220124_c20230516.nc
2022-01-25,0.03150378656987766,0.17588674300375318,288,/glade/work/jiachengye/33200/gpcp/daily/2022/gpcp_v01r03_daily_d20220125_c20230516.nc
2022-01-26,0.2387681792864009,0.6803781920974519,288,/glade/work/jiachengye/33200/gpcp/daily/2022/gpcp_v01r03_daily_d20220126_c20230516.nc
2022-01-27,0.41470436623574036,1.0042690048638847,288,/glade/work/jiachengye/33200/gpcp/daily/2022/gpcp_v01r03_daily_d20220127_c20230516.nc
2022-01-28,0.04065367256749423,0.1290750786380254,288,/glade/work/jiachengye/33200/gpcp/daily/2022/gpcp_v01r03_daily_d20220128_c20230516.nc
2022-01-29,0.10521870477969024,0.34682823793862133,288,/glade/work/jiachengye/33200/gpcp/daily/2022/gpcp_v01r03_daily_d20220129_c20230516.nc
2022-01-30,0.17436275929150347,0.46079869867491563,288,/glade/work/jiachengye/33200/gpcp/daily/2022/gpcp_v01r03_daily_d20220130_c20230516.nc
2022-01-31,0.6369482556557663,1.0448435997110306,288,/glade/work/jiachengye/33200/gpcp/daily/2022/gpcp_v01r03_daily_d20220131_c20230516.nc
2022-02-01,0.9955620520168904,1.7963509067822534,288,/glade/work/jiachengye/33200/gpcp/daily/2022/gpcp_v01r03_daily_d20220201_c20230516.nc
2022-02-02,5.4629011102849105,7.348263731999688,288,/glade/work/jiachengye/33200/gpcp/daily/2022/gpcp_v01r03_daily_d20220202_c20230516.nc
2022-02-03,8.812045521228578,13.786667645101478,288,/glade/work/jiachengye/33200/gpcp/daily/2022/gpcp_v01r03_daily_d20220203_c20230516.nc
2022-02-04,3.0241867623244527,8.76751637562969,288,/glade/work/jiachengye/33200/gpcp/daily/2022/gpcp_v01r03_daily_d20220204_c20230516.nc
2022-02-05,1.3525295221777394,2.1818602965494542,288,/glade/work/jiachengye/33200/gpcp/daily/2022/gpcp_v01r03_daily_d20220205_c20230516.nc
2022-02-06,0.2622561624599509,0.8957727144837883,288,/glade/work/jiachengye/33200/gpcp/daily/2022/gpcp_v01r03_daily_d20220206_c20230516.nc
2022-02-07,0.06393016418397147,0.3188270449789192,288,/glade/work/jiachengye/33200/gpcp/daily/2022/gpcp_v01r03_daily_d20220207_c20230516.nc
2022-02-08,0.06836890497734514,0.2268302220482228,288,/glade/work/jiachengye/33200/gpcp/daily/2022/gpcp_v01r03_daily_d20220208_c20230516.nc
2022-02-09,0.001650117660680622,0.00832246336493402,72,/glade/work/jiachengye/33200/gpcp/daily/2022/gpcp_v01r03_daily_d20220209_c20230516.nc
2022-02-10,0.5422461555815247,0.840426234751049,288,/glade/work/jiachengye/33200/gpcp/daily/2022/gpcp_v01r03_daily_d20220210_c20230516.nc
2022-02-11,0.21620968086503678,0.6233980038699817,72,/glade/work/jiachengye/33200/gpcp/daily/2022/gpcp_v01r03_daily_d20220211_c20230516.nc
2022-02-12,0.30270361692640557,0.6888228716980553,288,/glade/work/jiachengye/33200/gpcp/daily/2022/gpcp_v01r03_daily_d20220212_c20230516.nc
2022-02-13,0.2646201825559261,0.6786347963910836,288,/glade/work/jiachengye/33200/gpcp/daily/2022/gpcp_v01r03_daily_d20220213_c20230516.nc
2022-02-14,0.1429006963713231,0.4261696654830696,288,/glade/work/jiachengye/33200/gpcp/daily/2022/gpcp_v01r03_daily_d20220214_c20230516.nc
2022-02-15,1.4623157525123043,2.4585202337206966,288,/glade/work/jiachengye/33200/gpcp/daily/2022/gpcp_v01r03_daily_d20220215_c20230516.nc
2022-02-16,2.4138127522004207,3.3726415482670142,288,/glade/work/jiachengye/33200/gpcp/daily/2022/gpcp_v01r03_daily_d20220216_c20230516.nc
2022-02-17,7.9186543058398495,9.898100947960279,288,/glade/work/jiachengye/33200/gpcp/daily/2022/gpcp_v01r03_daily_d20220217_c20230516.nc
2022-02-18,1.5318701322444654,3.9025290234209407,288,/glade/work/jiachengye/33200/gpcp/daily/2022/gpcp_v01r03_daily_d20220218_c20230516.nc
2022-02-19,0.21134800266470233,0.6667307349223848,288,/glade/work/jiachengye/33200/gpcp/daily/2022/gpcp_v01r03_daily_d20220219_c20230516.nc
2022-02-20,1.276777743364713,2.730191653862303,288,/glade/work/jiachengye/33200/gpcp/daily/2022/gpcp_v01r03_daily_d20220220_c20230516.nc
2022-02-21,2.6989194650685917,2.941287362728605,288,/glade/work/jiachengye/33200/gpcp/daily/2022/gpcp_v01r03_daily_d20220221_c20230516.nc
2022-02-22,10.930447737592441,12.927095093762404,288,/glade/work/jiachengye/33200/gpcp/daily/2022/gpcp_v01r03_daily_d20220222_c20230516.nc
2022-02-23,2.1172829493141236,5.724940821040522,288,/glade/work/jiachengye/33200/gpcp/daily/2022/gpcp_v01r03_daily_d20220223_c20230516.nc
2022-02-24,1.4153266746254036,3.386532422575896,288,/glade/work/jiachengye/33200/gpcp/daily/2022/gpcp_v01r03_daily_d20220224_c20230516.nc
2022-02-25,0.8132623863371135,1.9425369432912192,288,/glade/work/jiachengye/33200/gpcp/daily/2022/gpcp_v01r03_daily_d20220225_c20230516.nc
2022-02-26,0.14562616881966206,0.6575182065560722,288,/glade/work/jiachengye/33200/gpcp/daily/2022/gpcp_v01r03_daily_d20220226_c20230516.nc
2022-02-27,0.30829982934590244,0.7328880715054228,288,/glade/work/jiachengye/33200/gpcp/daily/2022/gpcp_v01r03_daily_d20220227_c20230516.nc
2022-02-28,0.8794905605901736,1.54726372188512,288,/glade/work/jiachengye/33200/gpcp/daily/2022/gpcp_v01r03_daily_d20220228_c20230516.nc
2022-03-01,0.9365659045284369,2.6499564583897093,288,/glade/work/jiachengye/33200/gpcp/daily/2022/gpcp_v01r03_daily_d20220301_c20230516.nc
2022-03-02,0.3025518235112391,0.6971080166691245,288,/glade/work/jiachengye/33200/gpcp/daily/2022/gpcp_v01r03_daily_d20220302_c20230516.nc
2022-03-03,0.5589857849137038,1.1924800693793591,288,/glade/work/jiachengye/33200/gpcp/daily/2022/gpcp_v01r03_daily_d20220303_c20230516.nc
2022-03-04,1.2946538580063987,2.05260685956467,288,/glade/work/jiachengye/33200/gpcp/daily/2022/gpcp_v01r03_daily_d20220304_c20230516.nc
2022-03-05,4.429487811900102,5.454248881528909,288,/glade/work/jiachengye/33200/gpcp/daily/2022/gpcp_v01r03_daily_d20220305_c20230516.nc
2022-03-06,2.7339649487493674,4.5569279887932685,288,/glade/work/jiachengye/33200/gpcp/daily/2022/gpcp_v01r03_daily_d20220306_c20230516.nc
2022-03-07,6.314176767614828,9.834400358068876,288,/glade/work/jiachengye/33200/gpcp/daily/2022/gpcp_v01r03_daily_d20220307_c20230516.nc
2022-03-08,0.02545729367313664,0.12314769904456362,288,/glade/work/jiachengye/33200/gpcp/daily/2022/gpcp_v01r03_daily_d20220308_c20230516.nc
2022-03-09,1.1350696945924048,3.28421282176883,288,/glade/work/jiachengye/33200/gpcp/daily/2022/gpcp_v01r03_daily_d20220309_c20230516.nc
2022-03-10,0.6065231168375562,1.5862678807286072,288,/glade/work/jiachengye/33200/gpcp/daily/2022/gpcp_v01r03_daily_d20220310_c20230516.nc
2022-03-11,0.34553398233209887,1.0651119288982416,288,/glade/work/jiachengye/33200/gpcp/daily/2022/gpcp_v01r03_daily_d20220311_c20230516.nc
2022-03-12,0.7216250009649345,2.0006079238441616,288,/glade/work/jiachengye/33200/gpcp/daily/2022/gpcp_v01r03_daily_d20220312_c20230516.nc
2022-03-13,0.26036827392097556,0.5797043707780357,288,/glade/work/jiachengye/33200/gpcp/daily/2022/gpcp_v01r03_daily_d20220313_c20230516.nc
2022-03-14,1.5853617647660405,2.7993189830884995,288,/glade/work/jiachengye/33200/gpcp/daily/2022/gpcp_v01r03_daily_d20220314_c20230516.nc
2022-03-15,0.3612711973579238,0.9436682623713264,288,/glade/work/jiachengye/33200/gpcp/daily/2022/gpcp_v01r03_daily_d20220315_c20230516.nc
2022-03-16,2.1797970800560837,3.748375185929146,288,/glade/work/jiachengye/33200/gpcp/daily/2022/gpcp_v01r03_daily_d20220316_c20230516.nc
2022-03-17,1.8363172477168042,3.4114842389522595,288,/glade/work/jiachengye/33200/gpcp/daily/2022/gpcp_v01r03_daily_d20220317_c20230516.nc
2022-03-18,4.857037078792074,5.755014759268056,288,/glade/work/jiachengye/33200/gpcp/daily/2022/gpcp_v01r03_daily_d20220318_c20230516.nc
2022-03-19,1.6380270097269627,3.345684643975908,288,/glade/work/jiachengye/33200/gpcp/daily/2022/gpcp_v01r03_daily_d20220319_c20230516.nc
2022-03-20,0.45883983324706756,1.784395172978637,288,/glade/work/jiachengye/33200/gpcp/daily/2022/gpcp_v01r03_daily_d20220320_c20230516.nc
2022-03-21,4.343293987825255,8.381550494434974,288,/glade/work/jiachengye/33200/gpcp/daily/2022/gpcp_v01r03_daily_d20220321_c20230516.nc
2022-03-22,14.702978653324863,15.874200857381693,288,/glade/work/jiachengye/33200/gpcp/daily/2022/gpcp_v01r03_daily_d20220322_c20230516.nc
2022-03-23,6.954947739280326,8.376549120777808,288,/glade/work/jiachengye/33200/gpcp/daily/2022/gpcp_v01r03_daily_d20220323_c20230516.nc
2022-03-24,0.6562119271212674,1.8725549079754182,288,/glade/work/jiachengye/33200/gpcp/daily/2022/gpcp_v01r03_daily_d20220324_c20230516.nc
2022-03-25,0.1009048675810937,0.3863152787848805,288,/glade/work/jiachengye/33200/gpcp/daily/2022/gpcp_v01r03_daily_d20220325_c20230516.nc
2022-03-26,0.1934767400655291,0.6210182132027727,288,/glade/work/jiachengye/33200/gpcp/daily/2022/gpcp_v01r03_daily_d20220326_c20230516.nc
2022-03-27,0.0454825795998825,0.22974164624248236,288,/glade/work/jiachengye/33200/gpcp/daily/2022/gpcp_v01r03_daily_d20220327_c20230516.nc
2022-03-28,0.026367770466941706,0.11716506351890564,288,/glade/work/jiachengye/33200/gpcp/daily/2022/gpcp_v01r03_daily_d20220328_c20230516.nc
2022-03-29,1.1727709099753418,1.7900794879082147,288,/glade/work/jiachengye/33200/gpcp/daily/2022/gpcp_v01r03_daily_d20220329_c20230516.nc
2022-03-30,7.704142821873527,8.035489710767335,288,/glade/work/jiachengye/33200/gpcp/daily/2022/gpcp_v01r03_daily_d20220330_c20230516.nc
2022-03-31,3.6828322522409276,5.475648030884678,288,/glade/work/jiachengye/33200/gpcp/daily/2022/gpcp_v01r03_daily_d20220331_c20230516.nc
2022-04-01,0.022808748014012784,0.08359038710020168,72,/glade/work/jiachengye/33200/gpcp/daily/2022/gpcp_v01r03_daily_d20220401_c20230517.nc
2022-04-02,0.010900421933332908,0.041066890243179416,72,/glade/work/jiachengye/33200/gpcp/daily/2022/gpcp_v01r03_daily_d20220402_c20230517.nc
2022-04-03,6.41704267853818e-05,0.0005369558761967541,72,/glade/work/jiachengye/33200/gpcp/daily/2022/gpcp_v01r03_daily_d20220403_c20230517.nc
2022-04-04,0.4455367444456666,1.6954557297809771,72,/glade/work/jiachengye/33200/gpcp/daily/2022/gpcp_v01r03_daily_d20220404_c20230517.nc
2022-04-05,5.9412163233393995,10.335318260389686,72,/glade/work/jiachengye/33200/gpcp/daily/2022/gpcp_v01r03_daily_d20220405_c20230517.nc
2022-04-06,3.705567754683866,6.796892837674384,72,/glade/work/jiachengye/33200/gpcp/daily/2022/gpcp_v01r03_daily_d20220406_c20230517.nc
2022-04-07,1.7636808146557679,2.753903186121691,288,/glade/work/jiachengye/33200/gpcp/daily/2022/gpcp_v01r03_daily_d20220407_c20230517.nc
2022-04-08,0.29214247260614246,0.6854718712659242,288,/glade/work/jiachengye/33200/gpcp/daily/2022/gpcp_v01r03_daily_d20220408_c20230517.nc
2022-04-09,0.20684553371732525,0.7588856160851032,288,/glade/work/jiachengye/33200/gpcp/daily/2022/gpcp_v01r03_daily_d20220409_c20230517.nc
2022-04-10,2.0912395765407643,3.981906496473099,288,/glade/work/jiachengye/33200/gpcp/daily/2022/gpcp_v01r03_daily_d20220410_c20230517.nc
2022-04-11,4.173964489541199,7.610162855159035,288,/glade/work/jiachengye/33200/gpcp/daily/2022/gpcp_v01r03_daily_d20220411_c20230517.nc
2022-04-12,3.2670630579548026,5.310080788199695,288,/glade/work/jiachengye/33200/gpcp/daily/2022/gpcp_v01r03_daily_d20220412_c20230517.nc
2022-04-13,10.54115593280423,10.598014041605715,288,/glade/work/jiachengye/33200/gpcp/daily/2022/gpcp_v01r03_daily_d20220413_c20230517.nc
2022-04-14,4.305289784797107,7.150074011427009,288,/glade/work/jiachengye/33200/gpcp/daily/2022/gpcp_v01r03_daily_d20220414_c20230517.nc
2022-04-15,0.7147814035227634,1.441556233477278,288,/glade/work/jiachengye/33200/gpcp/daily/2022/gpcp_v01r03_daily_d20220415_c20230517.nc
2022-04-16,1.6305161669655168,3.859460386720771,288,/glade/work/jiachengye/33200/gpcp/daily/2022/gpcp_v01r03_daily_d20220416_c20230517.nc
2022-04-17,1.8414614504414892,2.627081652437973,288,/glade/work/jiachengye/33200/gpcp/daily/2022/gpcp_v01r03_daily_d20220417_c20230517.nc
2022-04-18,3.7767289685111374,5.508795328890006,288,/glade/work/jiachengye/33200/gpcp/daily/2022/gpcp_v01r03_daily_d20220418_c20230517.nc
2022-04-19,1.0870263661020876,2.11838595903982,288,/glade/work/jiachengye/33200/gpcp/daily/2022/gpcp_v01r03_daily_d20220419_c20230517.nc
2022-04-20,3.415599676407888,4.283103297441224,288,/glade/work/jiachengye/33200/gpcp/daily/2022/gpcp_v01r03_daily_d20220420_c20230517.nc
2022-04-21,1.791962925092511,3.5437978479078334,288,/glade/work/jiachengye/33200/gpcp/daily/2022/gpcp_v01r03_daily_d20220421_c20230517.nc
2022-04-22,3.630890165445815,4.86539956141317,288,/glade/work/jiachengye/33200/gpcp/daily/2022/gpcp_v01r03_daily_d20220422_c20230517.nc
2022-04-23,6.904445530112165,6.720995967195702,288,/glade/work/jiachengye/33200/gpcp/daily/2022/gpcp_v01r03_daily_d20220423_c20230517.nc
2022-04-24,3.9776624926273962,4.70216098019478,288,/glade/work/jiachengye/33200/gpcp/daily/2022/gpcp_v01r03_daily_d20220424_c20230517.nc
2022-04-25,1.6942131607825626,3.5541282327628223,288,/glade/work/jiachengye/33200/gpcp/daily/2022/gpcp_v01r03_daily_d20220425_c20230517.nc
2022-04-26,0.45410963996439996,1.2426772166132463,288,/glade/work/jiachengye/33200/gpcp/daily/2022/gpcp_v01r03_daily_d20220426_c20230517.nc
2022-04-27,0.4569369943386088,1.102893384653396,288,/glade/work/jiachengye/33200/gpcp/daily/2022/gpcp_v01r03_daily_d20220427_c20230517.nc
2022-04-28,1.5210973347435224,4.1104864862550174,288,/glade/work/jiachengye/33200/gpcp/daily/2022/gpcp_v01r03_daily_d20220428_c20230517.nc
2022-04-29,6.122343160714259,7.731120775881963,288,/glade/work/jiachengye/33200/gpcp/daily/2022/gpcp_v01r03_daily_d20220429_c20230517.nc
2022-04-30,6.86243562964653,6.344016153770596,288,/glade/work/jiachengye/33200/gpcp/daily/2022/gpcp_v01r03_daily_d20220430_c20230517.nc
2022-05-01,3.7962918689714367,6.43597282649276,288,/glade/work/jiachengye/33200/gpcp/daily/2022/gpcp_v01r03_daily_d20220501_c20220808.nc
2022-05-02,2.792821145148635,5.345850434353427,288,/glade/work/jiachengye/33200/gpcp/daily/2022/gpcp_v01r03_daily_d20220502_c20220808.nc
2022-05-03,3.794172340538116,4.940252155947167,288,/glade/work/jiachengye/33200/gpcp/daily/2022/gpcp_v01r03_daily_d20220503_c20220808.nc
2022-05-04,2.0264194949872083,4.567207369306754,288,/glade/work/jiachengye/33200/gpcp/daily/2022/gpcp_v01r03_daily_d20220504_c20220808.nc
2022-05-05,3.439286531316051,7.763885611435035,288,/glade/work/jiachengye/33200/gpcp/daily/2022/gpcp_v01r03_daily_d20220505_c20220808.nc
2022-05-06,3.3865233223294275,7.146493860632029,288,/glade/work/jiachengye/33200/gpcp/daily/2022/gpcp_v01r03_daily_d20220506_c20220808.nc
2022-05-07,1.60011277000972,3.7817651301348207,288,/glade/work/jiachengye/33200/gpcp/daily/2022/gpcp_v01r03_daily_d20220507_c20220808.nc
2022-05-08,4.402344774567893,5.394783774129854,288,/glade/work/jiachengye/33200/gpcp/daily/2022/gpcp_v01r03_daily_d20220508_c20220808.nc
2022-05-09,2.5714644370082946,4.592140407794548,288,/glade/work/jiachengye/33200/gpcp/daily/2022/gpcp_v01r03_daily_d20220509_c20220808.nc
2022-05-10,0.8570078913336808,2.0652774361222295,288,/glade/work/jiachengye/33200/gpcp/daily/2022/gpcp_v01r03_daily_d20220510_c20220808.nc
2022-05-11,3.083214751243611,4.750075839388665,288,/glade/work/jiachengye/33200/gpcp/daily/2022/gpcp_v01r03_daily_d20220511_c20220808.nc
2022-05-12,3.6997490673988747,6.00598700475659,288,/glade/work/jiachengye/33200/gpcp/daily/2022/gpcp_v01r03_daily_d20220512_c20220808.nc
2022-05-13,2.3443578852828844,4.219246928872849,288,/glade/work/jiachengye/33200/gpcp/daily/2022/gpcp_v01r03_daily_d20220513_c20220808.nc
2022-05-14,1.2182371051516154,2.256622729271351,288,/glade/work/jiachengye/33200/gpcp/daily/2022/gpcp_v01r03_daily_d20220514_c20220808.nc
2022-05-15,3.961761311148014,6.085928145812558,288,/glade/work/jiachengye/33200/gpcp/daily/2022/gpcp_v01r03_daily_d20220515_c20220808.nc
2022-05-16,1.5808168056428527,3.4238600549146625,288,/glade/work/jiachengye/33200/gpcp/daily/2022/gpcp_v01r03_daily_d20220516_c20220808.nc
2022-05-17,2.9286030925733475,5.086113992635101,288,/glade/work/jiachengye/33200/gpcp/daily/2022/gpcp_v01r03_daily_d20220517_c20220808.nc
2022-05-18,8.21809765389013,9.582047361272755,288,/glade/work/jiachengye/33200/gpcp/daily/2022/gpcp_v01r03_daily_d20220518_c20220808.nc
2022-05-19,7.984532436093408,8.501023703314052,288,/glade/work/jiachengye/33200/gpcp/daily/2022/gpcp_v01r03_daily_d20220519_c20220808.nc
2022-05-20,9.782855352888948,11.381806269595169,288,/glade/work/jiachengye/33200/gpcp/daily/2022/gpcp_v01r03_daily_d20220520_c20220808.nc
2022-05-21,8.159752509931455,11.818638807525588,288,/glade/work/jiachengye/33200/gpcp/daily/2022/gpcp_v01r03_daily_d20220521_c20220808.nc
2022-05-22,4.224931002761972,9.506496013678913,288,/glade/work/jiachengye/33200/gpcp/daily/2022/gpcp_v01r03_daily_d20220522_c20220808.nc
2022-05-23,1.2387151961789493,3.100890557684051,288,/glade/work/jiachengye/33200/gpcp/daily/2022/gpcp_v01r03_daily_d20220523_c20220808.nc
2022-05-24,1.1882972159997498,2.8636043889705456,288,/glade/work/jiachengye/33200/gpcp/daily/2022/gpcp_v01r03_daily_d20220524_c20220808.nc
2022-05-25,4.807576851470203,6.732991292813324,288,/glade/work/jiachengye/33200/gpcp/daily/2022/gpcp_v01r03_daily_d20220525_c20220808.nc
2022-05-26,2.898905436583284,4.150619399142932,288,/glade/work/jiachengye/33200/gpcp/daily/2022/gpcp_v01r03_daily_d20220526_c20220808.nc
2022-05-27,1.9811939943983166,3.6131176131937472,288,/glade/work/jiachengye/33200/gpcp/daily/2022/gpcp_v01r03_daily_d20220527_c20220808.nc
2022-05-28,2.4910452070540243,3.3465828948157084,288,/glade/work/jiachengye/33200/gpcp/daily/2022/gpcp_v01r03_daily_d20220528_c20220808.nc
2022-05-29,3.2105452121291904,3.8858858116418378,288,/glade/work/jiachengye/33200/gpcp/daily/2022/gpcp_v01r03_daily_d20220529_c20220808.nc
2022-05-30,4.831846676729723,6.637667110160311,288,/glade/work/jiachengye/33200/gpcp/daily/2022/gpcp_v01r03_daily_d20220530_c20220808.nc
2022-05-31,4.775540690297089,8.313059253975341,288,/glade/work/jiachengye/33200/gpcp/daily/2022/gpcp_v01r03_daily_d20220531_c20220808.nc
2022-06-01,4.314151997279763,8.674293859868065,288,/glade/work/jiachengye/33200/gpcp/daily/2022/gpcp_v01r03_daily_d20220601_c20220907.nc
2022-06-02,0.6693158336995032,1.7774316475795664,288,/glade/work/jiachengye/33200/gpcp/daily/2022/gpcp_v01r03_daily_d20220602_c20220907.nc
2022-06-03,0.586108465031581,1.4936818098944151,288,/glade/work/jiachengye/33200/gpcp/daily/2022/gpcp_v01r03_daily_d20220603_c20220907.nc
2022-06-04,2.4673581622666783,4.209340408422218,288,/glade/work/jiachengye/33200/gpcp/daily/2022/gpcp_v01r03_daily_d20220604_c20220907.nc
2022-06-05,3.640231246313342,4.84443285415756,288,/glade/work/jiachengye/33200/gpcp/daily/2022/gpcp_v01r03_daily_d20220605_c20220907.nc
2022-06-06,5.390599075348072,5.101779762923534,288,/glade/work/jiachengye/33200/gpcp/daily/2022/gpcp_v01r03_daily_d20220606_c20220907.nc
2022-06-07,2.3712242188553283,4.220404303675008,288,/glade/work/jiachengye/33200/gpcp/daily/2022/gpcp_v01r03_daily_d20220607_c20220907.nc
2022-06-08,4.907105031108112,7.470828266761665,288,/glade/work/jiachengye/33200/gpcp/daily/2022/gpcp_v01r03_daily_d20220608_c20220907.nc
2022-06-09,1.7583446580880522,2.699235451697389,288,/glade/work/jiachengye/33200/gpcp/daily/2022/gpcp_v01r03_daily_d20220609_c20220907.nc
2022-06-10,1.9990418184401422,3.2805167394642805,288,/glade/work/jiachengye/33200/gpcp/daily/2022/gpcp_v01r03_daily_d20220610_c20220907.nc
2022-06-11,2.4344652443803247,3.1514124940252146,288,/glade/work/jiachengye/33200/gpcp/daily/2022/gpcp_v01r03_daily_d20220611_c20220907.nc
2022-06-12,3.5569508001441084,5.35284741912796,288,/glade/work/jiachengye/33200/gpcp/daily/2022/gpcp_v01r03_daily_d20220612_c20220907.nc
2022-06-13,6.096147933886514,6.7623711946380185,288,/glade/work/jiachengye/33200/gpcp/daily/2022/gpcp_v01r03_daily_d20220613_c20220907.nc
2022-06-14,5.78494870362723,13.678275702954737,288,/glade/work/jiachengye/33200/gpcp/daily/2022/gpcp_v01r03_daily_d20220614_c20220907.nc
2022-06-15,3.7367559341553975,6.687775708767277,288,/glade/work/jiachengye/33200/gpcp/daily/2022/gpcp_v01r03_daily_d20220615_c20220907.nc
2022-06-16,1.2805399723212252,2.568204913998008,288,/glade/work/jiachengye/33200/gpcp/daily/2022/gpcp_v01r03_daily_d20220616_c20220907.nc
2022-06-17,4.053012359595516,7.490097560632893,288,/glade/work/jiachengye/33200/gpcp/daily/2022/gpcp_v01r03_daily_d20220617_c20220907.nc
2022-06-18,0.5032235824069048,1.8891209176828527,288,/glade/work/jiachengye/33200/gpcp/daily/2022/gpcp_v01r03_daily_d20220618_c20220907.nc
2022-06-19,1.2358604261340116,3.0264474368520413,288,/glade/work/jiachengye/33200/gpcp/daily/2022/gpcp_v01r03_daily_d20220619_c20220907.nc
2022-06-20,1.7113159446696515,3.189151432792267,288,/glade/work/jiachengye/33200/gpcp/daily/2022/gpcp_v01r03_daily_d20220620_c20220907.nc
2022-06-21,1.4485027246716435,3.1137664585152804,288,/glade/work/jiachengye/33200/gpcp/daily/2022/gpcp_v01r03_daily_d20220621_c20220907.nc
2022-06-22,0.9350615202390246,2.353971227802149,288,/glade/work/jiachengye/33200/gpcp/daily/2022/gpcp_v01r03_daily_d20220622_c20220907.nc
2022-06-23,1.6429567095265156,4.363848123591698,288,/glade/work/jiachengye/33200/gpcp/daily/2022/gpcp_v01r03_daily_d20220623_c20220907.nc
2022-06-24,2.86389765926905,4.594871342085569,288,/glade/work/jiachengye/33200/gpcp/daily/2022/gpcp_v01r03_daily_d20220624_c20220907.nc
2022-06-25,4.073870033257755,5.37254173574672,288,/glade/work/jiachengye/33200/gpcp/daily/2022/gpcp_v01r03_daily_d20220625_c20220907.nc
2022-06-26,3.063213942127091,6.575729581362206,288,/glade/work/jiachengye/33200/gpcp/daily/2022/gpcp_v01r03_daily_d20220626_c20220907.nc
2022-06-27,0.06442832557724502,0.27824829706980786,288,/glade/work/jiachengye/33200/gpcp/daily/2022/gpcp_v01r03_daily_d20220627_c20220907.nc
2022-06-28,0.6567985938178256,1.7382796434346384,288,/glade/work/jiachengye/33200/gpcp/daily/2022/gpcp_v01r03_daily_d20220628_c20220907.nc
2022-06-29,1.3497211992899132,2.5755985572622886,288,/glade/work/jiachengye/33200/gpcp/daily/2022/gpcp_v01r03_daily_d20220629_c20220907.nc
2022-06-30,3.9865834977666976,5.5419934825949,288,/glade/work/jiachengye/33200/gpcp/daily/2022/gpcp_v01r03_daily_d20220630_c20220907.nc
2022-07-01,3.5745732939965538,5.1295845069618755,288,/glade/work/jiachengye/33200/gpcp/daily/2022/gpcp_v01r03_daily_d20220701_c20221006.nc
2022-07-02,2.6633884666388314,4.169115882287959,288,/glade/work/jiachengye/33200/gpcp/daily/2022/gpcp_v01r03_daily_d20220702_c20221006.nc
2022-07-03,1.6043425564873293,3.144715783729386,288,/glade/work/jiachengye/33200/gpcp/daily/2022/gpcp_v01r03_daily_d20220703_c20221006.nc
2022-07-04,6.337240081600012,6.360078660408649,288,/glade/work/jiachengye/33200/gpcp/daily/2022/gpcp_v01r03_daily_d20220704_c20221006.nc
2022-07-05,4.047446296770782,5.341667284155903,288,/glade/work/jiachengye/33200/gpcp/daily/2022/gpcp_v01r03_daily_d20220705_c20221006.nc
2022-07-06,6.680742205031926,7.967428833850891,288,/glade/work/jiachengye/33200/gpcp/daily/2022/gpcp_v01r03_daily_d20220706_c20221006.nc
2022-07-07,8.101375205815334,7.875841807660883,288,/glade/work/jiachengye/33200/gpcp/daily/2022/gpcp_v01r03_daily_d20220707_c20221006.nc
2022-07-08,4.529820238003799,6.224335274404282,288,/glade/work/jiachengye/33200/gpcp/daily/2022/gpcp_v01r03_daily_d20220708_c20221006.nc
2022-07-09,2.5388367369385296,5.735348394226895,288,/glade/work/jiachengye/33200/gpcp/daily/2022/gpcp_v01r03_daily_d20220709_c20221006.nc
2022-07-10,2.0377687794163433,4.685555185377168,288,/glade/work/jiachengye/33200/gpcp/daily/2022/gpcp_v01r03_daily_d20220710_c20221006.nc
2022-07-11,3.2369497078299223,3.872825421546683,288,/glade/work/jiachengye/33200/gpcp/daily/2022/gpcp_v01r03_daily_d20220711_c20221006.nc
2022-07-12,1.6167327639856586,3.333001640292026,288,/glade/work/jiachengye/33200/gpcp/daily/2022/gpcp_v01r03_daily_d20220712_c20221006.nc
2022-07-13,1.106508232832529,2.819062190118032,288,/glade/work/jiachengye/33200/gpcp/daily/2022/gpcp_v01r03_daily_d20220713_c20221006.nc
2022-07-14,1.0821316244756485,2.8952376039598,288,/glade/work/jiachengye/33200/gpcp/daily/2022/gpcp_v01r03_daily_d20220714_c20221006.nc
2022-07-15,3.1527387388300614,4.016401150247802,288,/glade/work/jiachengye/33200/gpcp/daily/2022/gpcp_v01r03_daily_d20220715_c20221006.nc
2022-07-16,3.5391516063382653,4.508933316359835,288,/glade/work/jiachengye/33200/gpcp/daily/2022/gpcp_v01r03_daily_d20220716_c20221006.nc
2022-07-17,5.259756711766371,6.900254530696112,288,/glade/work/jiachengye/33200/gpcp/daily/2022/gpcp_v01r03_daily_d20220717_c20221006.nc
2022-07-18,1.8216669139876225,3.4861203592223506,288,/glade/work/jiachengye/33200/gpcp/daily/2022/gpcp_v01r03_daily_d20220718_c20221006.nc
2022-07-19,3.0363506119121157,5.046311645888053,288,/glade/work/jiachengye/33200/gpcp/daily/2022/gpcp_v01r03_daily_d20220719_c20221006.nc
2022-07-20,1.5134094156650861,3.0836149875893946,288,/glade/work/jiachengye/33200/gpcp/daily/2022/gpcp_v01r03_daily_d20220720_c20221006.nc
2022-07-21,1.28456892864572,3.8230685607093413,288,/glade/work/jiachengye/33200/gpcp/daily/2022/gpcp_v01r03_daily_d20220721_c20221006.nc
2022-07-22,0.7052112728441466,1.8481466588650823,288,/glade/work/jiachengye/33200/gpcp/daily/2022/gpcp_v01r03_daily_d20220722_c20221006.nc
2022-07-23,5.75505894578044,6.092305105108076,288,/glade/work/jiachengye/33200/gpcp/daily/2022/gpcp_v01r03_daily_d20220723_c20221006.nc
2022-07-24,3.6091542542615667,5.241502005804607,288,/glade/work/jiachengye/33200/gpcp/daily/2022/gpcp_v01r03_daily_d20220724_c20221006.nc
2022-07-25,7.965596006895746,9.228536553592528,288,/glade/work/jiachengye/33200/gpcp/daily/2022/gpcp_v01r03_daily_d20220725_c20221006.nc
2022-07-26,5.181452692262066,7.046844786141477,288,/glade/work/jiachengye/33200/gpcp/daily/2022/gpcp_v01r03_daily_d20220726_c20221006.nc
2022-07-27,4.73444167593665,5.155946427454204,288,/glade/work/jiachengye/33200/gpcp/daily/2022/gpcp_v01r03_daily_d20220727_c20221006.nc
2022-07-28,5.800521492330533,8.146772056741133,288,/glade/work/jiachengye/33200/gpcp/daily/2022/gpcp_v01r03_daily_d20220728_c20221006.nc
2022-07-29,2.0452927413595092,3.7709431853963813,288,/glade/work/jiachengye/33200/gpcp/daily/2022/gpcp_v01r03_daily_d20220729_c20221006.nc
2022-07-30,0.25995832768894545,1.1770424753580788,288,/glade/work/jiachengye/33200/gpcp/daily/2022/gpcp_v01r03_daily_d20220730_c20221006.nc
2022-07-31,1.128432063429002,2.524601807593418,288,/glade/work/jiachengye/33200/gpcp/daily/2022/gpcp_v01r03_daily_d20220731_c20221006.nc
2022-08-01,1.182628021291781,2.393209312151204,288,/glade/work/jiachengye/33200/gpcp/daily/2022/gpcp_v01r03_daily_d20220801_c20230517.nc
2022-08-02,2.7578214735380486,7.59749022789522,288,/glade/work/jiachengye/33200/gpcp/daily/2022/gpcp_v01r03_daily_d20220802_c20230517.nc
2022-08-03,5.783995238171358,7.255186550981545,288,/glade/work/jiachengye/33200/gpcp/daily/2022/gpcp_v01r03_daily_d20220803_c20230517.nc
2022-08-04,6.057710056343637,12.39058171409625,288,/glade/work/jiachengye/33200/gpcp/daily/2022/gpcp_v01r03_daily_d20220804_c20230517.nc
2022-08-05,1.1771455612798167,2.6892788389074824,288,/glade/work/jiachengye/33200/gpcp/daily/2022/gpcp_v01r03_daily_d20220805_c20230517.nc
2022-08-06,6.033564801115427,7.481221149865677,288,/glade/work/jiachengye/33200/gpcp/daily/2022/gpcp_v01r03_daily_d20220806_c20230517.nc
2022-08-07,6.685369704702098,7.293905220868396,288,/glade/work/jiachengye/33200/gpcp/daily/2022/gpcp_v01r03_daily_d20220807_c20230517.nc
2022-08-08,2.9227439033436733,4.064877647126674,288,/glade/work/jiachengye/33200/gpcp/daily/2022/gpcp_v01r03_daily_d20220808_c20230517.nc
2022-08-09,2.65779711577162,4.956255857492738,72,/glade/work/jiachengye/33200/gpcp/daily/2022/gpcp_v01r03_daily_d20220809_c20230517.nc
2022-08-10,0.8346006368231219,2.7007882673221695,288,/glade/work/jiachengye/33200/gpcp/daily/2022/gpcp_v01r03_daily_d20220810_c20230517.nc
2022-08-11,1.0968803601673596,2.2213459259542327,288,/glade/work/jiachengye/33200/gpcp/daily/2022/gpcp_v01r03_daily_d20220811_c20230517.nc
2022-08-12,2.339367472922801,4.226259774905605,288,/glade/work/jiachengye/33200/gpcp/daily/2022/gpcp_v01r03_daily_d20220812_c20230517.nc
2022-08-13,2.0079504588211767,4.364254569207964,288,/glade/work/jiachengye/33200/gpcp/daily/2022/gpcp_v01r03_daily_d20220813_c20230517.nc
2022-08-14,1.7844807890605137,2.716722142966347,288,/glade/work/jiachengye/33200/gpcp/daily/2022/gpcp_v01r03_daily_d20220814_c20230517.nc
2022-08-15,3.300096060129417,4.73476398057531,288,/glade/work/jiachengye/33200/gpcp/daily/2022/gpcp_v01r03_daily_d20220815_c20230517.nc
2022-08-16,3.3654789520415855,6.330883189607177,288,/glade/work/jiachengye/33200/gpcp/daily/2022/gpcp_v01r03_daily_d20220816_c20230517.nc
2022-08-17,1.1805370958915868,3.0760701979260716,288,/glade/work/jiachengye/33200/gpcp/daily/2022/gpcp_v01r03_daily_d20220817_c20230517.nc
2022-08-18,1.489622575473665,3.1909338508234373,288,/glade/work/jiachengye/33200/gpcp/daily/2022/gpcp_v01r03_daily_d20220818_c20230517.nc
2022-08-19,2.4029105945277585,3.435159231016445,288,/glade/work/jiachengye/33200/gpcp/daily/2022/gpcp_v01r03_daily_d20220819_c20230517.nc
2022-08-20,2.8444766353730313,4.580276105597372,288,/glade/work/jiachengye/33200/gpcp/daily/2022/gpcp_v01r03_daily_d20220820_c20230517.nc
2022-08-21,3.730262621880734,7.954602947449616,288,/glade/work/jiachengye/33200/gpcp/daily/2022/gpcp_v01r03_daily_d20220821_c20230517.nc
2022-08-22,0.8287781745285366,2.572500088343874,288,/glade/work/jiachengye/33200/gpcp/daily/2022/gpcp_v01r03_daily_d20220822_c20230517.nc
2022-08-23,0.35968867897867385,0.9827919405303279,288,/glade/work/jiachengye/33200/gpcp/daily/2022/gpcp_v01r03_daily_d20220823_c20230517.nc
2022-08-24,1.4465965160450562,2.1790166679286878,288,/glade/work/jiachengye/33200/gpcp/daily/2022/gpcp_v01r03_daily_d20220824_c20230517.nc
2022-08-25,1.5278857093120155,2.9538602280265933,288,/glade/work/jiachengye/33200/gpcp/daily/2022/gpcp_v01r03_daily_d20220825_c20230517.nc
2022-08-26,1.2366382200627957,1.9752282249351125,288,/glade/work/jiachengye/33200/gpcp/daily/2022/gpcp_v01r03_daily_d20220826_c20230517.nc
2022-08-27,3.063331609366947,5.014303691629699,288,/glade/work/jiachengye/33200/gpcp/daily/2022/gpcp_v01r03_daily_d20220827_c20230517.nc
2022-08-28,5.134515204797741,6.220064907817653,288,/glade/work/jiachengye/33200/gpcp/daily/2022/gpcp_v01r03_daily_d20220828_c20230517.nc
2022-08-29,4.834128324244801,5.80002865063562,288,/glade/work/jiachengye/33200/gpcp/daily/2022/gpcp_v01r03_daily_d20220829_c20230517.nc
2022-08-30,3.2382785468042483,5.296499406927564,288,/glade/work/jiachengye/33200/gpcp/daily/2022/gpcp_v01r03_daily_d20220830_c20230517.nc
2022-08-31,0.17892664994784568,0.77128948767329,288,/glade/work/jiachengye/33200/gpcp/daily/2022/gpcp_v01r03_daily_d20220831_c20230517.nc
2022-09-01,1.320738100084789,3.0235266363495272,288,/glade/work/jiachengye/33200/gpcp/daily/2022/gpcp_v01r03_daily_d20220901_c20221209.nc
2022-09-02,2.1195439761648944,4.984508053089217,288,/glade/work/jiachengye/33200/gpcp/daily/2022/gpcp_v01r03_daily_d20220902_c20221209.nc
2022-09-03,2.9477392782955483,5.0249352259728655,288,/glade/work/jiachengye/33200/gpcp/daily/2022/gpcp_v01r03_daily_d20220903_c20221209.nc
2022-09-04,2.834915203977439,5.8273959533319495,288,/glade/work/jiachengye/33200/gpcp/daily/2022/gpcp_v01r03_daily_d20220904_c20221209.nc
2022-09-05,2.4600457280853854,5.958442829662216,288,/glade/work/jiachengye/33200/gpcp/daily/2022/gpcp_v01r03_daily_d20220905_c20221209.nc
2022-09-06,0.23468473358029018,0.7315027267458745,288,/glade/work/jiachengye/33200/gpcp/daily/2022/gpcp_v01r03_daily_d20220906_c20221209.nc
2022-09-07,0.043957898291222874,0.3336563599217621,288,/glade/work/jiachengye/33200/gpcp/daily/2022/gpcp_v01r03_daily_d20220907_c20221209.nc
2022-09-08,0.45525428929799755,1.2503236005681306,288,/glade/work/jiachengye/33200/gpcp/daily/2022/gpcp_v01r03_daily_d20220908_c20221209.nc
2022-09-09,2.483204355358486,4.09292981393898,288,/glade/work/jiachengye/33200/gpcp/daily/2022/gpcp_v01r03_daily_d20220909_c20221209.nc
2022-09-10,4.876172676391349,7.417371490604241,288,/glade/work/jiachengye/33200/gpcp/daily/2022/gpcp_v01r03_daily_d20220910_c20221209.nc
2022-09-11,5.150094276959307,6.7936111018451815,288,/glade/work/jiachengye/33200/gpcp/daily/2022/gpcp_v01r03_daily_d20220911_c20221209.nc
2022-09-12,2.0875386617068954,3.8895323665856245,288,/glade/work/jiachengye/33200/gpcp/daily/2022/gpcp_v01r03_daily_d20220912_c20221209.nc
2022-09-13,0.5928115519442729,1.6955453786608778,288,/glade/work/jiachengye/33200/gpcp/daily/2022/gpcp_v01r03_daily_d20220913_c20221209.nc
2022-09-14,0.4844567363644629,0.9501684790174835,288,/glade/work/jiachengye/33200/gpcp/daily/2022/gpcp_v01r03_daily_d20220914_c20221209.nc
2022-09-15,2.3906298016094367,3.282637608009295,288,/glade/work/jiachengye/33200/gpcp/daily/2022/gpcp_v01r03_daily_d20220915_c20221209.nc
2022-09-16,3.4571528218749257,4.874321385438023,288,/glade/work/jiachengye/33200/gpcp/daily/2022/gpcp_v01r03_daily_d20220916_c20221209.nc
2022-09-17,3.439928941136698,4.530796912022013,288,/glade/work/jiachengye/33200/gpcp/daily/2022/gpcp_v01r03_daily_d20220917_c20221209.nc
2022-09-18,4.345954304546753,5.642839079037337,288,/glade/work/jiachengye/33200/gpcp/daily/2022/gpcp_v01r03_daily_d20220918_c20221209.nc
2022-09-19,3.7773255286664003,7.826269260853441,288,/glade/work/jiachengye/33200/gpcp/daily/2022/gpcp_v01r03_daily_d20220919_c20221209.nc
2022-09-20,0.857982496989972,2.140717489235505,288,/glade/work/jiachengye/33200/gpcp/daily/2022/gpcp_v01r03_daily_d20220920_c20221209.nc
2022-09-21,2.1651734106373386,3.242164995271996,288,/glade/work/jiachengye/33200/gpcp/daily/2022/gpcp_v01r03_daily_d20220921_c20221209.nc
2022-09-22,1.4752521306955426,2.4595642719617308,288,/glade/work/jiachengye/33200/gpcp/daily/2022/gpcp_v01r03_daily_d20220922_c20221209.nc
2022-09-23,2.296265458786561,3.57270983342663,288,/glade/work/jiachengye/33200/gpcp/daily/2022/gpcp_v01r03_daily_d20220923_c20221209.nc
2022-09-24,1.9803735651396288,3.0499901979062796,288,/glade/work/jiachengye/33200/gpcp/daily/2022/gpcp_v01r03_daily_d20220924_c20221209.nc
2022-09-25,1.8253094008256754,3.0996358238256967,288,/glade/work/jiachengye/33200/gpcp/daily/2022/gpcp_v01r03_daily_d20220925_c20221209.nc
2022-09-26,1.4540260474582805,2.9645128481062133,288,/glade/work/jiachengye/33200/gpcp/daily/2022/gpcp_v01r03_daily_d20220926_c20221209.nc
2022-09-27,0.6830362612367394,1.6183803770395073,288,/glade/work/jiachengye/33200/gpcp/daily/2022/gpcp_v01r03_daily_d20220927_c20221209.nc
2022-09-28,0.13642834381245572,0.5541436947611391,288,/glade/work/jiachengye/33200/gpcp/daily/2022/gpcp_v01r03_daily_d20220928_c20221209.nc
2022-09-29,0.09319221342265367,0.3313248223129172,288,/glade/work/jiachengye/33200/gpcp/daily/2022/gpcp_v01r03_daily_d20220929_c20221209.nc
2022-09-30,1.1475340088179835,4.345383795330585,288,/glade/work/jiachengye/33200/gpcp/daily/2022/gpcp_v01r03_daily_d20220930_c20221209.nc
2022-10-01,1.1833119829711023,2.3397061304916735,288,/glade/work/jiachengye/33200/gpcp/daily/2022/gpcp_v01r03_daily_d20221001_c20230106.nc
2022-10-02,0.573986237052093,1.0107485273015635,288,/glade/work/jiachengye/33200/gpcp/daily/2022/gpcp_v01r03_daily_d20221002_c20230106.nc
2022-10-03,0.8749862744366383,1.3815313005407366,288,/glade/work/jiachengye/33200/gpcp/daily/2022/gpcp_v01r03_daily_d20221003_c20230106.nc
2022-10-04,1.8013558802158811,2.5876554705376256,288,/glade/work/jiachengye/33200/gpcp/daily/2022/gpcp_v01r03_daily_d20221004_c20230106.nc
2022-10-05,1.1477434083785953,2.2723825845975623,288,/glade/work/jiachengye/33200/gpcp/daily/2022/gpcp_v01r03_daily_d20221005_c20230106.nc
2022-10-06,1.6253085088820338,2.8345681638863076,288,/glade/work/jiachengye/33200/gpcp/daily/2022/gpcp_v01r03_daily_d20221006_c20230106.nc
2022-10-07,0.11994785271497249,0.42104339077464215,288,/glade/work/jiachengye/33200/gpcp/daily/2022/gpcp_v01r03_daily_d20221007_c20230106.nc
2022-10-08,0.48063376490996257,1.5066650665887602,288,/glade/work/jiachengye/33200/gpcp/daily/2022/gpcp_v01r03_daily_d20221008_c20230106.nc
2022-10-09,0.0503762008316621,0.2060112004437912,288,/glade/work/jiachengye/33200/gpcp/daily/2022/gpcp_v01r03_daily_d20221009_c20230106.nc
2022-10-10,0.03766429248415213,0.19292417929085506,288,/glade/work/jiachengye/33200/gpcp/daily/2022/gpcp_v01r03_daily_d20221010_c20230106.nc
2022-10-11,0.8432863802189647,2.275496908391691,288,/glade/work/jiachengye/33200/gpcp/daily/2022/gpcp_v01r03_daily_d20221011_c20230106.nc
2022-10-12,3.8990115342501452,3.9890183278568667,288,/glade/work/jiachengye/33200/gpcp/daily/2022/gpcp_v01r03_daily_d20221012_c20230106.nc
2022-10-13,1.4531388522240516,2.572163220526045,288,/glade/work/jiachengye/33200/gpcp/daily/2022/gpcp_v01r03_daily_d20221013_c20230106.nc
2022-10-14,1.6407125609266788,2.692784420675034,288,/glade/work/jiachengye/33200/gpcp/daily/2022/gpcp_v01r03_daily_d20221014_c20230106.nc
2022-10-15,1.3501416865034037,2.0852078914720167,288,/glade/work/jiachengye/33200/gpcp/daily/2022/gpcp_v01r03_daily_d20221015_c20230106.nc
2022-10-16,2.0414669277340702,5.212387683803976,288,/glade/work/jiachengye/33200/gpcp/daily/2022/gpcp_v01r03_daily_d20221016_c20230106.nc
2022-10-17,0.8264119513521389,2.1985381428749196,288,/glade/work/jiachengye/33200/gpcp/daily/2022/gpcp_v01r03_daily_d20221017_c20230106.nc
2022-10-18,0.5063032041055712,1.357173940849154,83,/glade/work/jiachengye/33200/gpcp/daily/2022/gpcp_v01r03_daily_d20221018_c20230106.nc
2022-10-19,0.8326011303280774,2.1558255975579943,83,/glade/work/jiachengye/33200/gpcp/daily/2022/gpcp_v01r03_daily_d20221019_c20230106.nc
2022-10-20,1.531363465724894,4.200359271928511,82,/glade/work/jiachengye/33200/gpcp/daily/2022/gpcp_v01r03_daily_d20221020_c20230106.nc
2022-10-21,0.017568797592544094,0.10942357452726113,72,/glade/work/jiachengye/33200/gpcp/daily/2022/gpcp_v01r03_daily_d20221021_c20230106.nc
2022-10-22,0.5353464204432218,1.1041117640610623,72,/glade/work/jiachengye/33200/gpcp/daily/2022/gpcp_v01r03_daily_d20221022_c20230106.nc
2022-10-23,0.2984295996385134,0.77213024004707,72,/glade/work/jiachengye/33200/gpcp/daily/2022/gpcp_v01r03_daily_d20221023_c20230106.nc
2022-10-24,5.720079849036452,6.392977613770655,94,/glade/work/jiachengye/33200/gpcp/daily/2022/gpcp_v01r03_daily_d20221024_c20230106.nc
2022-10-25,7.006735453655568,8.925128339756146,83,/glade/work/jiachengye/33200/gpcp/daily/2022/gpcp_v01r03_daily_d20221025_c20230106.nc
2022-10-26,0.5680701669927227,1.3077641990528257,72,/glade/work/jiachengye/33200/gpcp/daily/2022/gpcp_v01r03_daily_d20221026_c20230106.nc
2022-10-27,1.9393697821337375,3.048078644922622,72,/glade/work/jiachengye/33200/gpcp/daily/2022/gpcp_v01r03_daily_d20221027_c20230106.nc
2022-10-28,1.3253442275794634,2.47689021442818,288,/glade/work/jiachengye/33200/gpcp/daily/2022/gpcp_v01r03_daily_d20221028_c20230106.nc
2022-10-29,1.0218886322276786,3.8126252747577287,288,/glade/work/jiachengye/33200/gpcp/daily/2022/gpcp_v01r03_daily_d20221029_c20230106.nc
2022-10-30,3.884592694245488,6.164959897974577,277,/glade/work/jiachengye/33200/gpcp/daily/2022/gpcp_v01r03_daily_d20221030_c20230106.nc
2022-10-31,0.3282708966427856,1.092288591834801,72,/glade/work/jiachengye/33200/gpcp/daily/2022/gpcp_v01r03_daily_d20221031_c20230106.nc
2022-11-01,0.0,0.0,72,/glade/work/jiachengye/33200/gpcp/daily/2022/gpcp_v01r03_daily_d20221101_c20230208.nc
2022-11-02,0.794726186975403,1.76176951753541,72,/glade/work/jiachengye/33200/gpcp/daily/2022/gpcp_v01r03_daily_d20221102_c20230208.nc
2022-11-03,0.04604707357369122,0.17433810693784355,72,/glade/work/jiachengye/33200/gpcp/daily/2022/gpcp_v01r03_daily_d20221103_c20230208.nc
2022-11-04,6.24976675285362,8.155850416497072,288,/glade/work/jiachengye/33200/gpcp/daily/2022/gpcp_v01r03_daily_d20221104_c20230208.nc
2022-11-05,7.834997688240491,9.274289069419808,286,/glade/work/jiachengye/33200/gpcp/daily/2022/gpcp_v01r03_daily_d20221105_c20230208.nc
2022-11-06,1.8008352400217382,2.6067266000590577,288,/glade/work/jiachengye/33200/gpcp/daily/2022/gpcp_v01r03_daily_d20221106_c20230208.nc
2022-11-07,0.5379753224709856,1.1526303497630876,288,/glade/work/jiachengye/33200/gpcp/daily/2022/gpcp_v01r03_daily_d20221107_c20230208.nc
2022-11-08,1.304095454778027,2.1258234905263302,288,/glade/work/jiachengye/33200/gpcp/daily/2022/gpcp_v01r03_daily_d20221108_c20230208.nc
2022-11-09,0.7446906594101695,1.406043656431617,288,/glade/work/jiachengye/33200/gpcp/daily/2022/gpcp_v01r03_daily_d20221109_c20230208.nc
2022-11-10,1.7353749031142558,3.6859416881661766,282,/glade/work/jiachengye/33200/gpcp/daily/2022/gpcp_v01r03_daily_d20221110_c20230208.nc
2022-11-11,1.672208087574589,3.5005257470150877,288,/glade/work/jiachengye/33200/gpcp/daily/2022/gpcp_v01r03_daily_d20221111_c20230208.nc
2022-11-12,0.16543602605793753,0.4538642411947497,97,/glade/work/jiachengye/33200/gpcp/daily/2022/gpcp_v01r03_daily_d20221112_c20230208.nc
2022-11-13,0.6286724427982207,1.2722221573530448,288,/glade/work/jiachengye/33200/gpcp/daily/2022/gpcp_v01r03_daily_d20221113_c20230208.nc
2022-11-14,0.9930414258924427,2.0057983935844343,288,/glade/work/jiachengye/33200/gpcp/daily/2022/gpcp_v01r03_daily_d20221114_c20230208.nc
2022-11-15,4.690579304183723,4.895300010392221,288,/glade/work/jiachengye/33200/gpcp/daily/2022/gpcp_v01r03_daily_d20221115_c20230208.nc
2022-11-16,1.0916305330271023,1.5622222831074555,288,/glade/work/jiachengye/33200/gpcp/daily/2022/gpcp_v01r03_daily_d20221116_c20230208.nc
2022-11-17,0.5306621864477823,0.8589670027565515,288,/glade/work/jiachengye/33200/gpcp/daily/2022/gpcp_v01r03_daily_d20221117_c20230208.nc
2022-11-18,0.2551647786116022,0.5178614330937897,288,/glade/work/jiachengye/33200/gpcp/daily/2022/gpcp_v01r03_daily_d20221118_c20230208.nc
2022-11-19,0.5986570293894002,1.269888958662492,288,/glade/work/jiachengye/33200/gpcp/daily/2022/gpcp_v01r03_daily_d20221119_c20230208.nc
2022-11-20,0.12900266703707494,0.46936757360755843,288,/glade/work/jiachengye/33200/gpcp/daily/2022/gpcp_v01r03_daily_d20221120_c20230208.nc
2022-11-21,0.6950787156649716,1.537370527944688,288,/glade/work/jiachengye/33200/gpcp/daily/2022/gpcp_v01r03_daily_d20221121_c20230208.nc
2022-11-22,0.9002303227633414,2.665970571335532,288,/glade/work/jiachengye/33200/gpcp/daily/2022/gpcp_v01r03_daily_d20221122_c20230208.nc
2022-11-23,0.09040372936572061,0.37357309064602706,288,/glade/work/jiachengye/33200/gpcp/daily/2022/gpcp_v01r03_daily_d20221123_c20230208.nc
2022-11-24,1.8905612704663615,5.707017134416679,288,/glade/work/jiachengye/33200/gpcp/daily/2022/gpcp_v01r03_daily_d20221124_c20230208.nc
2022-11-25,0.38000134655020945,1.8519288527560611,288,/glade/work/jiachengye/33200/gpcp/daily/2022/gpcp_v01r03_daily_d20221125_c20230208.nc
2022-11-26,1.4994246605818835,3.3552330492564106,288,/glade/work/jiachengye/33200/gpcp/daily/2022/gpcp_v01r03_daily_d20221126_c20230208.nc
2022-11-27,10.276777406920603,11.389961899452306,288,/glade/work/jiachengye/33200/gpcp/daily/2022/gpcp_v01r03_daily_d20221127_c20230208.nc
2022-11-28,0.83631618871262,1.718938140964663,288,/glade/work/jiachengye/33200/gpcp/daily/2022/gpcp_v01r03_daily_d20221128_c20230208.nc
2022-11-29,3.773107331219665,4.4472967475041365,288,/glade/work/jiachengye/33200/gpcp/daily/2022/gpcp_v01r03_daily_d20221129_c20230208.nc
2022-11-30,3.6463672799169102,9.238664433768857,288,/glade/work/jiachengye/33200/gpcp/daily/2022/gpcp_v01r03_daily_d20221130_c20230208.nc
2022-12-01,0.5038735921490097,1.2245298728284821,288,/glade/work/jiachengye/33200/gpcp/daily/2022/gpcp_v01r03_daily_d20221201_c20230307.nc
2022-12-02,2.738700348863862,4.112304438199615,288,/glade/work/jiachengye/33200/gpcp/daily/2022/gpcp_v01r03_daily_d20221202_c20230307.nc
2022-12-03,0.2688090671267093,0.8370964284081565,288,/glade/work/jiachengye/33200/gpcp/daily/2022/gpcp_v01r03_daily_d20221203_c20230307.nc
2022-12-04,0.9313941555708365,2.1414766004115853,288,/glade/work/jiachengye/33200/gpcp/daily/2022/gpcp_v01r03_daily_d20221204_c20230307.nc
2022-12-05,2.622970147219778,3.519235812906466,288,/glade/work/jiachengye/33200/gpcp/daily/2022/gpcp_v01r03_daily_d20221205_c20230307.nc
2022-12-06,1.6375641977036712,3.097683903932728,288,/glade/work/jiachengye/33200/gpcp/daily/2022/gpcp_v01r03_daily_d20221206_c20230307.nc
2022-12-07,1.2611530565148923,2.8155903589676643,288,/glade/work/jiachengye/33200/gpcp/daily/2022/gpcp_v01r03_daily_d20221207_c20230307.nc
2022-12-08,0.18090350893592688,0.7532154126362879,288,/glade/work/jiachengye/33200/gpcp/daily/2022/gpcp_v01r03_daily_d20221208_c20230307.nc
2022-12-09,0.3687240264091606,1.354607634786532,288,/glade/work/jiachengye/33200/gpcp/daily/2022/gpcp_v01r03_daily_d20221209_c20230307.nc
2022-12-10,1.756696684653809,3.2581790725260125,288,/glade/work/jiachengye/33200/gpcp/daily/2022/gpcp_v01r03_daily_d20221210_c20230307.nc
2022-12-11,0.07371433498842477,0.3488134784341203,288,/glade/work/jiachengye/33200/gpcp/daily/2022/gpcp_v01r03_daily_d20221211_c20230307.nc
2022-12-12,1.3534590306139604,2.7965437379514766,288,/glade/work/jiachengye/33200/gpcp/daily/2022/gpcp_v01r03_daily_d20221212_c20230307.nc
2022-12-13,6.008580454596309,8.185715838523917,288,/glade/work/jiachengye/33200/gpcp/daily/2022/gpcp_v01r03_daily_d20221213_c20230307.nc
2022-12-14,9.80665969532079,16.469796305126188,288,/glade/work/jiachengye/33200/gpcp/daily/2022/gpcp_v01r03_daily_d20221214_c20230307.nc
2022-12-15,6.254457537309398,8.901942831981485,288,/glade/work/jiachengye/33200/gpcp/daily/2022/gpcp_v01r03_daily_d20221215_c20230307.nc
2022-12-16,0.6611072386062752,1.1500982216535887,288,/glade/work/jiachengye/33200/gpcp/daily/2022/gpcp_v01r03_daily_d20221216_c20230307.nc
2022-12-17,0.33725352911154255,0.7704147259029673,288,/glade/work/jiachengye/33200/gpcp/daily/2022/gpcp_v01r03_daily_d20221217_c20230307.nc
2022-12-18,0.023749249985743605,0.14299469410211516,288,/glade/work/jiachengye/33200/gpcp/daily/2022/gpcp_v01r03_daily_d20221218_c20230307.nc
2022-12-19,1.1022348619763818,3.123402182292439,288,/glade/work/jiachengye/33200/gpcp/daily/2022/gpcp_v01r03_daily_d20221219_c20230307.nc
2022-12-20,0.17303632187364087,0.6641556517655117,288,/glade/work/jiachengye/33200/gpcp/daily/2022/gpcp_v01r03_daily_d20221220_c20230307.nc
2022-12-21,2.664262339963277,3.4996348899893004,288,/glade/work/jiachengye/33200/gpcp/daily/2022/gpcp_v01r03_daily_d20221221_c20230307.nc
2022-12-22,3.4924385474145296,3.916185843418435,288,/glade/work/jiachengye/33200/gpcp/daily/2022/gpcp_v01r03_daily_d20221222_c20230307.nc
2022-12-23,2.0870499520504158,3.9058289259490504,288,/glade/work/jiachengye/33200/gpcp/daily/2022/gpcp_v01r03_daily_d20221223_c20230307.nc
2022-12-24,1.079910056913584,2.5093387726311716,288,/glade/work/jiachengye/33200/gpcp/daily/2022/gpcp_v01r03_daily_d20221224_c20230307.nc
2022-12-25,2.050915871450845,2.8797787846659446,288,/glade/work/jiachengye/33200/gpcp/daily/2022/gpcp_v01r03_daily_d20221225_c20230307.nc
2022-12-26,1.3342783979424382,2.6570767206344454,288,/glade/work/jiachengye/33200/gpcp/daily/2022/gpcp_v01r03_daily_d20221226_c20230307.nc
2022-12-27,2.2482512764947007,2.9308676629785664,288,/glade/work/jiachengye/33200/gpcp/daily/2022/gpcp_v01r03_daily_d20221227_c20230307.nc
2022-12-28,5.907696053024542,5.174929273094812,288,/glade/work/jiachengye/33200/gpcp/daily/2022/gpcp_v01r03_daily_d20221228_c20230307.nc
2022-12-29,2.0848847497222747,3.115771127665601,288,/glade/work/jiachengye/33200/gpcp/daily/2022/gpcp_v01r03_daily_d20221229_c20230307.nc
2022-12-30,1.1726019340159008,3.313850471789073,288,/glade/work/jiachengye/33200/gpcp/daily/2022/gpcp_v01r03_daily_d20221230_c20230307.nc
2022-12-31,1.9415341167404527,3.8176319420040987,288,/glade/work/jiachengye/33200/gpcp/daily/2022/gpcp_v01r03_daily_d20221231_c20230307.nc
2023-01-01,1.4474217015562114,2.3749950110599833,288,/glade/work/jiachengye/33200/gpcp/daily/2023/gpcp_v01r03_daily_d20230101_c20230411.nc
2023-01-02,5.756067638821894,7.338623373199291,288,/glade/work/jiachengye/33200/gpcp/daily/2023/gpcp_v01r03_daily_d20230102_c20230411.nc
2023-01-03,14.374921235580342,16.20374555588071,288,/glade/work/jiachengye/33200/gpcp/daily/2023/gpcp_v01r03_daily_d20230103_c20230411.nc
2023-01-04,1.6109838699687222,3.089229207189461,288,/glade/work/jiachengye/33200/gpcp/daily/2023/gpcp_v01r03_daily_d20230104_c20230411.nc
2023-01-05,0.6266477731344118,1.420748449505147,288,/glade/work/jiachengye/33200/gpcp/daily/2023/gpcp_v01r03_daily_d20230105_c20230411.nc
2023-01-06,0.08740198050222171,0.42043112977054586,288,/glade/work/jiachengye/33200/gpcp/daily/2023/gpcp_v01r03_daily_d20230106_c20230411.nc
2023-01-07,0.09689056132179365,0.5974428700421214,288,/glade/work/jiachengye/33200/gpcp/daily/2023/gpcp_v01r03_daily_d20230107_c20230411.nc
2023-01-08,0.2511893202418105,1.7853859174195026,288,/glade/work/jiachengye/33200/gpcp/daily/2023/gpcp_v01r03_daily_d20230108_c20230411.nc
2023-01-09,0.10630807196128157,0.3565972068597612,288,/glade/work/jiachengye/33200/gpcp/daily/2023/gpcp_v01r03_daily_d20230109_c20230411.nc
2023-01-10,1.167693461375383,1.8308518501647588,288,/glade/work/jiachengye/33200/gpcp/daily/2023/gpcp_v01r03_daily_d20230110_c20230411.nc
2023-01-11,2.5401692367269866,2.9498681812555545,288,/glade/work/jiachengye/33200/gpcp/daily/2023/gpcp_v01r03_daily_d20230111_c20230411.nc
2023-01-12,6.792783280241237,11.36940994799257,288,/glade/work/jiachengye/33200/gpcp/daily/2023/gpcp_v01r03_daily_d20230112_c20230411.nc
2023-01-13,0.4927990848956505,1.8813736605207083,288,/glade/work/jiachengye/33200/gpcp/daily/2023/gpcp_v01r03_daily_d20230113_c20230411.nc
2023-01-14,1.1804444492612587,1.9140168991575348,288,/glade/work/jiachengye/33200/gpcp/daily/2023/gpcp_v01r03_daily_d20230114_c20230411.nc
2023-01-15,3.4704335070569705,4.570951985862075,288,/glade/work/jiachengye/33200/gpcp/daily/2023/gpcp_v01r03_daily_d20230115_c20230411.nc
2023-01-16,5.304832541137014,5.693669394060638,288,/glade/work/jiachengye/33200/gpcp/daily/2023/gpcp_v01r03_daily_d20230116_c20230411.nc
2023-01-17,1.2995723332212339,2.388479811595841,288,/glade/work/jiachengye/33200/gpcp/daily/2023/gpcp_v01r03_daily_d20230117_c20230411.nc
2023-01-18,4.512879570307495,6.004756900112504,288,/glade/work/jiachengye/33200/gpcp/daily/2023/gpcp_v01r03_daily_d20230118_c20230411.nc
2023-01-19,6.975555503607807,9.25693369830655,288,/glade/work/jiachengye/33200/gpcp/daily/2023/gpcp_v01r03_daily_d20230119_c20230411.nc
2023-01-20,0.03653531977731217,0.23657395332108686,288,/glade/work/jiachengye/33200/gpcp/daily/2023/gpcp_v01r03_daily_d20230120_c20230411.nc
2023-01-21,0.533604835274068,1.742249402931867,288,/glade/work/jiachengye/33200/gpcp/daily/2023/gpcp_v01r03_daily_d20230121_c20230411.nc
2023-01-22,1.105124267807514,2.9068210896867175,288,/glade/work/jiachengye/33200/gpcp/daily/2023/gpcp_v01r03_daily_d20230122_c20230411.nc
2023-01-23,0.4961113420197413,1.4241963110174145,288,/glade/work/jiachengye/33200/gpcp/daily/2023/gpcp_v01r03_daily_d20230123_c20230411.nc
2023-01-24,0.6313564128690666,1.4917670871054773,288,/glade/work/jiachengye/33200/gpcp/daily/2023/gpcp_v01r03_daily_d20230124_c20230411.nc
2023-01-25,4.590841097789827,6.499591718545132,288,/glade/work/jiachengye/33200/gpcp/daily/2023/gpcp_v01r03_daily_d20230125_c20230411.nc
2023-01-26,0.5886687742071127,1.1463047691385966,288,/glade/work/jiachengye/33200/gpcp/daily/2023/gpcp_v01r03_daily_d20230126_c20230411.nc
2023-01-27,0.6330739864324223,1.3186200190119404,288,/glade/work/jiachengye/33200/gpcp/daily/2023/gpcp_v01r03_daily_d20230127_c20230411.nc
2023-01-28,1.4200262146493678,2.3701883411334816,288,/glade/work/jiachengye/33200/gpcp/daily/2023/gpcp_v01r03_daily_d20230128_c20230411.nc
2023-01-29,1.6071250208509384,2.4822458349412884,288,/glade/work/jiachengye/33200/gpcp/daily/2023/gpcp_v01r03_daily_d20230129_c20230411.nc
2023-01-30,0.542700594979405,1.323879627380693,288,/glade/work/jiachengye/33200/gpcp/daily/2023/gpcp_v01r03_daily_d20230130_c20230411.nc
2023-01-31,0.02326311063879842,0.10678304945126543,288,/glade/work/jiachengye/33200/gpcp/daily/2023/gpcp_v01r03_daily_d20230131_c20230411.nc
2023-02-01,0.24483361783362684,0.7135438570728827,288,/glade/work/jiachengye/33200/gpcp/daily/2023/gpcp_v01r03_daily_d20230201_c20230505.nc
2023-02-02,0.8118019645370969,1.422243969207349,288,/glade/work/jiachengye/33200/gpcp/daily/2023/gpcp_v01r03_daily_d20230202_c20230505.nc
2023-02-03,0.5351318233762657,1.0385346669772026,288,/glade/work/jiachengye/33200/gpcp/daily/2023/gpcp_v01r03_daily_d20230203_c20230505.nc
2023-02-04,1.7887422099562034,2.966841393778668,288,/glade/work/jiachengye/33200/gpcp/daily/2023/gpcp_v01r03_daily_d20230204_c20230505.nc
2023-02-05,0.9739425919986859,2.0779965508953246,288,/glade/work/jiachengye/33200/gpcp/daily/2023/gpcp_v01r03_daily_d20230205_c20230505.nc
2023-02-06,0.3926705359678826,0.7808161838392036,288,/glade/work/jiachengye/33200/gpcp/daily/2023/gpcp_v01r03_daily_d20230206_c20230505.nc
2023-02-07,0.48938027484377616,1.7149615006729342,288,/glade/work/jiachengye/33200/gpcp/daily/2023/gpcp_v01r03_daily_d20230207_c20230505.nc
2023-02-08,0.7442599601701989,2.159456192062284,288,/glade/work/jiachengye/33200/gpcp/daily/2023/gpcp_v01r03_daily_d20230208_c20230505.nc
2023-02-09,5.754803814123809,8.799690464370295,288,/glade/work/jiachengye/33200/gpcp/daily/2023/gpcp_v01r03_daily_d20230209_c20230505.nc
2023-02-10,0.39037010306184894,1.2769458495610568,288,/glade/work/jiachengye/33200/gpcp/daily/2023/gpcp_v01r03_daily_d20230210_c20230505.nc
2023-02-11,0.2729444762517402,1.332320179469847,288,/glade/work/jiachengye/33200/gpcp/daily/2023/gpcp_v01r03_daily_d20230211_c20230505.nc
2023-02-12,0.7541381252750164,3.6469870809849674,288,/glade/work/jiachengye/33200/gpcp/daily/2023/gpcp_v01r03_daily_d20230212_c20230505.nc
2023-02-13,0.11649373675365116,0.46837295897832626,288,/glade/work/jiachengye/33200/gpcp/daily/2023/gpcp_v01r03_daily_d20230213_c20230505.nc
2023-02-14,6.308010350223223,6.4568940523828156,288,/glade/work/jiachengye/33200/gpcp/daily/2023/gpcp_v01r03_daily_d20230214_c20230505.nc
2023-02-15,2.3319800781997717,3.1583922078878985,288,/glade/work/jiachengye/33200/gpcp/daily/2023/gpcp_v01r03_daily_d20230215_c20230505.nc
2023-02-16,8.47337306484824,13.03218059643315,288,/glade/work/jiachengye/33200/gpcp/daily/2023/gpcp_v01r03_daily_d20230216_c20230505.nc
2023-02-17,3.1118143027373186,8.926972454506297,288,/glade/work/jiachengye/33200/gpcp/daily/2023/gpcp_v01r03_daily_d20230217_c20230505.nc
2023-02-18,0.47532117040457356,1.394133267419801,288,/glade/work/jiachengye/33200/gpcp/daily/2023/gpcp_v01r03_daily_d20230218_c20230505.nc
2023-02-19,1.8659307606069155,3.1135888632800204,288,/glade/work/jiachengye/33200/gpcp/daily/2023/gpcp_v01r03_daily_d20230219_c20230505.nc
2023-02-20,2.1713973066778105,3.9545306600738592,288,/glade/work/jiachengye/33200/gpcp/daily/2023/gpcp_v01r03_daily_d20230220_c20230505.nc
2023-02-21,1.8218281190859402,2.5961319755946954,288,/glade/work/jiachengye/33200/gpcp/daily/2023/gpcp_v01r03_daily_d20230221_c20230505.nc
2023-02-22,12.873163161085097,12.804277759987176,288,/glade/work/jiachengye/33200/gpcp/daily/2023/gpcp_v01r03_daily_d20230222_c20230505.nc
2023-02-23,1.9011432120530896,2.8698233108604585,288,/glade/work/jiachengye/33200/gpcp/daily/2023/gpcp_v01r03_daily_d20230223_c20230505.nc
2023-02-24,0.6385425955759397,1.2710301084531739,288,/glade/work/jiachengye/33200/gpcp/daily/2023/gpcp_v01r03_daily_d20230224_c20230505.nc
2023-02-25,1.33103761700047,3.018124756318389,288,/glade/work/jiachengye/33200/gpcp/daily/2023/gpcp_v01r03_daily_d20230225_c20230505.nc
2023-02-26,0.13445528513247137,0.419581027231445,288,/glade/work/jiachengye/33200/gpcp/daily/2023/gpcp_v01r03_daily_d20230226_c20230505.nc
2023-02-27,6.11863351299863,5.6533085287810785,288,/glade/work/jiachengye/33200/gpcp/daily/2023/gpcp_v01r03_daily_d20230227_c20230505.nc
2023-02-28,1.1404599714094674,2.218218084976946,288,/glade/work/jiachengye/33200/gpcp/daily/2023/gpcp_v01r03_daily_d20230228_c20230505.nc
2023-03-01,1.1901941204012174,1.9968057374363721,288,/glade/work/jiachengye/33200/gpcp/daily/2023/gpcp_v01r03_daily_d20230301_c20230606.nc
2023-03-02,3.9552731888948234,9.323881063230132,288,/glade/work/jiachengye/33200/gpcp/daily/2023/gpcp_v01r03_daily_d20230302_c20230606.nc
2023-03-03,9.717146090829234,14.976814621332235,288,/glade/work/jiachengye/33200/gpcp/daily/2023/gpcp_v01r03_daily_d20230303_c20230606.nc
2023-03-04,0.8062809018091199,1.6535799607122388,288,/glade/work/jiachengye/33200/gpcp/daily/2023/gpcp_v01r03_daily_d20230304_c20230606.nc
2023-03-05,0.9151834936012828,1.7294145771599496,288,/glade/work/jiachengye/33200/gpcp/daily/2023/gpcp_v01r03_daily_d20230305_c20230606.nc
2023-03-06,2.2768999358252313,3.853005198613095,288,/glade/work/jiachengye/33200/gpcp/daily/2023/gpcp_v01r03_daily_d20230306_c20230606.nc
2023-03-07,0.7769764848531918,1.5055344060277065,288,/glade/work/jiachengye/33200/gpcp/daily/2023/gpcp_v01r03_daily_d20230307_c20230606.nc
2023-03-08,0.8007952788097273,2.4729497404822665,288,/glade/work/jiachengye/33200/gpcp/daily/2023/gpcp_v01r03_daily_d20230308_c20230606.nc
2023-03-09,2.561739778568629,4.403835931275011,288,/glade/work/jiachengye/33200/gpcp/daily/2023/gpcp_v01r03_daily_d20230309_c20230606.nc
2023-03-10,3.0539650667259126,3.783485017517309,288,/glade/work/jiachengye/33200/gpcp/daily/2023/gpcp_v01r03_daily_d20230310_c20230606.nc
2023-03-11,3.0334944068297265,3.7227394968921237,288,/glade/work/jiachengye/33200/gpcp/daily/2023/gpcp_v01r03_daily_d20230311_c20230606.nc
2023-03-12,2.467368438333065,3.608371151159812,288,/glade/work/jiachengye/33200/gpcp/daily/2023/gpcp_v01r03_daily_d20230312_c20230606.nc
2023-03-13,0.4616722870080316,1.2784688136572775,288,/glade/work/jiachengye/33200/gpcp/daily/2023/gpcp_v01r03_daily_d20230313_c20230606.nc
2023-03-14,0.0020312535453813696,0.02660118582588922,288,/glade/work/jiachengye/33200/gpcp/daily/2023/gpcp_v01r03_daily_d20230314_c20230606.nc
2023-03-15,1.7992855637620875,2.3932125510722244,288,/glade/work/jiachengye/33200/gpcp/daily/2023/gpcp_v01r03_daily_d20230315_c20230606.nc
2023-03-16,5.3013174171143955,4.763460321117843,288,/glade/work/jiachengye/33200/gpcp/daily/2023/gpcp_v01r03_daily_d20230316_c20230606.nc
2023-03-17,3.7709636598111795,4.9926584235509885,288,/glade/work/jiachengye/33200/gpcp/daily/2023/gpcp_v01r03_daily_d20230317_c20230606.nc
2023-03-18,0.45616023581806214,1.3504368843746621,288,/glade/work/jiachengye/33200/gpcp/daily/2023/gpcp_v01r03_daily_d20230318_c20230606.nc
2023-03-19,0.0502701717081929,0.29980828161437084,288,/glade/work/jiachengye/33200/gpcp/daily/2023/gpcp_v01r03_daily_d20230319_c20230606.nc
2023-03-20,0.02996367506626834,0.17213748033066367,288,/glade/work/jiachengye/33200/gpcp/daily/2023/gpcp_v01r03_daily_d20230320_c20230606.nc
2023-03-21,1.121357438157563,1.8262607015080565,288,/glade/work/jiachengye/33200/gpcp/daily/2023/gpcp_v01r03_daily_d20230321_c20230606.nc
2023-03-22,1.4849019642724821,2.4053769245354455,288,/glade/work/jiachengye/33200/gpcp/daily/2023/gpcp_v01r03_daily_d20230322_c20230606.nc
2023-03-23,2.5581451101892108,4.511887802236389,288,/glade/work/jiachengye/33200/gpcp/daily/2023/gpcp_v01r03_daily_d20230323_c20230606.nc
2023-03-24,6.594947420598063,14.190185668981474,288,/glade/work/jiachengye/33200/gpcp/daily/2023/gpcp_v01r03_daily_d20230324_c20230606.nc
2023-03-25,6.593866867195564,7.993311865897893,288,/glade/work/jiachengye/33200/gpcp/daily/2023/gpcp_v01r03_daily_d20230325_c20230606.nc
2023-03-26,0.16491704030975773,0.5706842091205383,288,/glade/work/jiachengye/33200/gpcp/daily/2023/gpcp_v01r03_daily_d20230326_c20230606.nc
2023-03-27,1.2173718556273911,3.531199720661819,288,/glade/work/jiachengye/33200/gpcp/daily/2023/gpcp_v01r03_daily_d20230327_c20230606.nc
2023-03-28,0.3557113272609756,1.9012953324055364,288,/glade/work/jiachengye/33200/gpcp/daily/2023/gpcp_v01r03_daily_d20230328_c20230606.nc
2023-03-29,0.21747452013590088,0.8176230195773954,288,/glade/work/jiachengye/33200/gpcp/daily/2023/gpcp_v01r03_daily_d20230329_c20230606.nc
2023-03-30,0.6562782117973929,1.7259082649471273,288,/glade/work/jiachengye/33200/gpcp/daily/2023/gpcp_v01r03_daily_d20230330_c20230606.nc
2023-03-31,8.203775323223208,9.321967539345692,288,/glade/work/jiachengye/33200/gpcp/daily/2023/gpcp_v01r03_daily_d20230331_c20230606.nc
2023-04-01,3.646574516671635,6.62896923729055,288,/glade/work/jiachengye/33200/gpcp/daily/2023/gpcp_v01r03_daily_d20230401_c20230713.nc
2023-04-02,0.9102278076565606,1.7880970138242058,288,/glade/work/jiachengye/33200/gpcp/daily/2023/gpcp_v01r03_daily_d20230402_c20230713.nc
2023-04-03,0.7742489725379671,1.372417251786399,288,/glade/work/jiachengye/33200/gpcp/daily/2023/gpcp_v01r03_daily_d20230403_c20230713.nc
2023-04-04,2.5601129495819706,2.993853517899023,288,/glade/work/jiachengye/33200/gpcp/daily/2023/gpcp_v01r03_daily_d20230404_c20230713.nc
2023-04-05,8.08804225507135,9.709510041951063,288,/glade/work/jiachengye/33200/gpcp/daily/2023/gpcp_v01r03_daily_d20230405_c20230713.nc
2023-04-06,1.244133262042051,2.9756875317556055,288,/glade/work/jiachengye/33200/gpcp/daily/2023/gpcp_v01r03_daily_d20230406_c20230713.nc
2023-04-07,0.8894964309506806,2.9059411974942546,288,/glade/work/jiachengye/33200/gpcp/daily/2023/gpcp_v01r03_daily_d20230407_c20230713.nc
2023-04-08,0.9152442044084913,3.5967792111775356,288,/glade/work/jiachengye/33200/gpcp/daily/2023/gpcp_v01r03_daily_d20230408_c20230713.nc
2023-04-09,0.6155589620180881,1.3745276513971183,288,/glade/work/jiachengye/33200/gpcp/daily/2023/gpcp_v01r03_daily_d20230409_c20230713.nc
2023-04-10,0.4280103096442057,0.9816216449782288,288,/glade/work/jiachengye/33200/gpcp/daily/2023/gpcp_v01r03_daily_d20230410_c20230713.nc
2023-04-11,1.1957099532648712,2.782553477738374,288,/glade/work/jiachengye/33200/gpcp/daily/2023/gpcp_v01r03_daily_d20230411_c20230713.nc
2023-04-12,0.055405999984610876,0.25913612282847315,288,/glade/work/jiachengye/33200/gpcp/daily/2023/gpcp_v01r03_daily_d20230412_c20230713.nc
2023-04-13,0.6484216731566311,1.5031129281440672,288,/glade/work/jiachengye/33200/gpcp/daily/2023/gpcp_v01r03_daily_d20230413_c20230713.nc
2023-04-14,1.0051528085011852,1.8988156420645648,288,/glade/work/jiachengye/33200/gpcp/daily/2023/gpcp_v01r03_daily_d20230414_c20230713.nc
2023-04-15,4.254990216846487,5.257021805436345,288,/glade/work/jiachengye/33200/gpcp/daily/2023/gpcp_v01r03_daily_d20230415_c20230713.nc
2023-04-16,3.8440736441502996,5.03006090305894,288,/glade/work/jiachengye/33200/gpcp/daily/2023/gpcp_v01r03_daily_d20230416_c20230713.nc
2023-04-17,1.2843508903546943,2.672705739973956,288,/glade/work/jiachengye/33200/gpcp/daily/2023/gpcp_v01r03_daily_d20230417_c20230713.nc
2023-04-18,1.2404642040970935,1.9171381809650125,288,/glade/work/jiachengye/33200/gpcp/daily/2023/gpcp_v01r03_daily_d20230418_c20230713.nc
2023-04-19,3.3565865348870623,4.202238632249465,288,/glade/work/jiachengye/33200/gpcp/daily/2023/gpcp_v01r03_daily_d20230419_c20230713.nc
2023-04-20,7.360233999701507,8.467416665444105,288,/glade/work/jiachengye/33200/gpcp/daily/2023/gpcp_v01r03_daily_d20230420_c20230713.nc
2023-04-21,3.9680146732745287,6.589538812258649,288,/glade/work/jiachengye/33200/gpcp/daily/2023/gpcp_v01r03_daily_d20230421_c20230713.nc
2023-04-22,2.0448329796102405,3.518389733149717,288,/glade/work/jiachengye/33200/gpcp/daily/2023/gpcp_v01r03_daily_d20230422_c20230713.nc
2023-04-23,0.14907393689246798,0.610775877451462,288,/glade/work/jiachengye/33200/gpcp/daily/2023/gpcp_v01r03_daily_d20230423_c20230713.nc
2023-04-24,0.3247215828067243,1.1086026219959397,288,/glade/work/jiachengye/33200/gpcp/daily/2023/gpcp_v01r03_daily_d20230424_c20230713.nc
2023-04-25,0.6077712111370337,1.7296704072453857,288,/glade/work/jiachengye/33200/gpcp/daily/2023/gpcp_v01r03_daily_d20230425_c20230713.nc
2023-04-26,1.5219123952310492,4.50632126915934,288,/glade/work/jiachengye/33200/gpcp/daily/2023/gpcp_v01r03_daily_d20230426_c20230713.nc
2023-04-27,1.9900081111477637,2.468564029956763,288,/glade/work/jiachengye/33200/gpcp/daily/2023/gpcp_v01r03_daily_d20230427_c20230713.nc
2023-04-28,4.342556072577555,5.718034081253996,288,/glade/work/jiachengye/33200/gpcp/daily/2023/gpcp_v01r03_daily_d20230428_c20230713.nc
2023-04-29,1.5273043906771504,2.905982007108572,288,/glade/work/jiachengye/33200/gpcp/daily/2023/gpcp_v01r03_daily_d20230429_c20230713.nc
2023-04-30,1.5429082243451848,2.7763772452382147,288,/glade/work/jiachengye/33200/gpcp/daily/2023/gpcp_v01r03_daily_d20230430_c20230713.nc
2023-05-01,2.1488943790068964,4.334970783412127,288,/glade/work/jiachengye/33200/gpcp/daily/2023/gpcp_v01r03_daily_d20230501_c20230809.nc
2023-05-02,1.395887903650142,2.5492575000614437,288,/glade/work/jiachengye/33200/gpcp/daily/2023/gpcp_v01r03_daily_d20230502_c20230809.nc
2023-05-03,0.26307413300555854,0.8878612302809504,288,/glade/work/jiachengye/33200/gpcp/daily/2023/gpcp_v01r03_daily_d20230503_c20230809.nc
2023-05-04,0.7360376379317884,2.0356837908536067,288,/glade/work/jiachengye/33200/gpcp/daily/2023/gpcp_v01r03_daily_d20230504_c20230809.nc
2023-05-05,1.2798496303045805,2.4498546425648815,288,/glade/work/jiachengye/33200/gpcp/daily/2023/gpcp_v01r03_daily_d20230505_c20230809.nc
2023-05-06,2.707579324003218,3.842352514047982,288,/glade/work/jiachengye/33200/gpcp/daily/2023/gpcp_v01r03_daily_d20230506_c20230809.nc
2023-05-07,8.92465992298069,10.962581683028,288,/glade/work/jiachengye/33200/gpcp/daily/2023/gpcp_v01r03_daily_d20230507_c20230809.nc
2023-05-08,6.561041609136485,8.252922412373419,288,/glade/work/jiachengye/33200/gpcp/daily/2023/gpcp_v01r03_daily_d20230508_c20230809.nc
2023-05-09,4.6247210966452785,7.357054295099692,288,/glade/work/jiachengye/33200/gpcp/daily/2023/gpcp_v01r03_daily_d20230509_c20230809.nc
2023-05-10,4.384810498414588,8.147805195479759,288,/glade/work/jiachengye/33200/gpcp/daily/2023/gpcp_v01r03_daily_d20230510_c20230809.nc
2023-05-11,5.743809340670322,10.603156345365473,288,/glade/work/jiachengye/33200/gpcp/daily/2023/gpcp_v01r03_daily_d20230511_c20230809.nc
2023-05-12,5.180591570235034,5.762935523527764,288,/glade/work/jiachengye/33200/gpcp/daily/2023/gpcp_v01r03_daily_d20230512_c20230809.nc
2023-05-13,4.458594462611009,5.402012564450195,288,/glade/work/jiachengye/33200/gpcp/daily/2023/gpcp_v01r03_daily_d20230513_c20230809.nc
2023-05-14,3.7047235285576856,4.410130548610519,288,/glade/work/jiachengye/33200/gpcp/daily/2023/gpcp_v01r03_daily_d20230514_c20230809.nc
2023-05-15,1.1170682889027481,2.4603141138501092,288,/glade/work/jiachengye/33200/gpcp/daily/2023/gpcp_v01r03_daily_d20230515_c20230809.nc
2023-05-16,0.9608407611851659,2.792893858303185,288,/glade/work/jiachengye/33200/gpcp/daily/2023/gpcp_v01r03_daily_d20230516_c20230809.nc
2023-05-17,0.42555920890236126,1.7927801767275904,288,/glade/work/jiachengye/33200/gpcp/daily/2023/gpcp_v01r03_daily_d20230517_c20230809.nc
2023-05-18,1.3853155767655516,2.796248497482926,288,/glade/work/jiachengye/33200/gpcp/daily/2023/gpcp_v01r03_daily_d20230518_c20230809.nc
2023-05-19,2.5141248060009374,5.645817437934122,288,/glade/work/jiachengye/33200/gpcp/daily/2023/gpcp_v01r03_daily_d20230519_c20230809.nc
2023-05-20,1.218417425962898,3.4687159558083995,288,/glade/work/jiachengye/33200/gpcp/daily/2023/gpcp_v01r03_daily_d20230520_c20230809.nc
2023-05-21,0.07063106513855749,0.28430512113906026,288,/glade/work/jiachengye/33200/gpcp/daily/2023/gpcp_v01r03_daily_d20230521_c20230809.nc
2023-05-22,0.11263583829382279,0.5221036051550733,288,/glade/work/jiachengye/33200/gpcp/daily/2023/gpcp_v01r03_daily_d20230522_c20230809.nc
2023-05-23,0.47774682678483205,1.459749896165049,288,/glade/work/jiachengye/33200/gpcp/daily/2023/gpcp_v01r03_daily_d20230523_c20230809.nc
2023-05-24,1.0556942880180569,2.1342150087157568,288,/glade/work/jiachengye/33200/gpcp/daily/2023/gpcp_v01r03_daily_d20230524_c20230809.nc
2023-05-25,0.8346276444331475,2.6010926535086023,288,/glade/work/jiachengye/33200/gpcp/daily/2023/gpcp_v01r03_daily_d20230525_c20230809.nc
2023-05-26,1.1127708136509529,3.378343069401021,288,/glade/work/jiachengye/33200/gpcp/daily/2023/gpcp_v01r03_daily_d20230526_c20230809.nc
2023-05-27,1.5427156315383466,4.276541692823179,288,/glade/work/jiachengye/33200/gpcp/daily/2023/gpcp_v01r03_daily_d20230527_c20230809.nc
2023-05-28,1.3136924812981265,3.2497363127792362,288,/glade/work/jiachengye/33200/gpcp/daily/2023/gpcp_v01r03_daily_d20230528_c20230809.nc
2023-05-29,0.8401627311929677,1.888966296322211,288,/glade/work/jiachengye/33200/gpcp/daily/2023/gpcp_v01r03_daily_d20230529_c20230809.nc
2023-05-30,1.7317953366124552,3.5108930181463562,288,/glade/work/jiachengye/33200/gpcp/daily/2023/gpcp_v01r03_daily_d20230530_c20230809.nc
2023-05-31,4.619343273499304,8.675961642893832,288,/glade/work/jiachengye/33200/gpcp/daily/2023/gpcp_v01r03_daily_d20230531_c20230809.nc
2023-06-01,2.152790915965349,4.429799770028428,288,/glade/work/jiachengye/33200/gpcp/daily/2023/gpcp_v01r03_daily_d20230601_c20230907.nc
2023-06-02,1.989369352284433,2.899813281925086,288,/glade/work/jiachengye/33200/gpcp/daily/2023/gpcp_v01r03_daily_d20230602_c20230907.nc
2023-06-03,0.9677503764373998,1.894792741565327,288,/glade/work/jiachengye/33200/gpcp/daily/2023/gpcp_v01r03_daily_d20230603_c20230907.nc
2023-06-04,1.0945518636682166,2.02423056343603,288,/glade/work/jiachengye/33200/gpcp/daily/2023/gpcp_v01r03_daily_d20230604_c20230907.nc
2023-06-05,1.8053339732047498,2.1218681708456457,288,/glade/work/jiachengye/33200/gpcp/daily/2023/gpcp_v01r03_daily_d20230605_c20230907.nc
2023-06-06,1.5100707621256733,2.4560369141130995,288,/glade/work/jiachengye/33200/gpcp/daily/2023/gpcp_v01r03_daily_d20230606_c20230907.nc
2023-06-07,1.9561003877809773,3.438054796477672,288,/glade/work/jiachengye/33200/gpcp/daily/2023/gpcp_v01r03_daily_d20230607_c20230907.nc
2023-06-08,0.9373388868683395,1.9340853364913033,288,/glade/work/jiachengye/33200/gpcp/daily/2023/gpcp_v01r03_daily_d20230608_c20230907.nc
2023-06-09,2.5597956818190886,4.3558301226743055,288,/glade/work/jiachengye/33200/gpcp/daily/2023/gpcp_v01r03_daily_d20230609_c20230907.nc
2023-06-10,7.015320054156222,10.78526688749313,288,/glade/work/jiachengye/33200/gpcp/daily/2023/gpcp_v01r03_daily_d20230610_c20230907.nc
2023-06-11,4.889274778362147,5.951540831706035,288,/glade/work/jiachengye/33200/gpcp/daily/2023/gpcp_v01r03_daily_d20230611_c20230907.nc
2023-06-12,3.4576616077718967,7.497871311232851,288,/glade/work/jiachengye/33200/gpcp/daily/2023/gpcp_v01r03_daily_d20230612_c20230907.nc
2023-06-13,2.295292605831763,3.8896921415858454,288,/glade/work/jiachengye/33200/gpcp/daily/2023/gpcp_v01r03_daily_d20230613_c20230907.nc
2023-06-14,0.8535332348394805,1.833226990554747,288,/glade/work/jiachengye/33200/gpcp/daily/2023/gpcp_v01r03_daily_d20230614_c20230907.nc
2023-06-15,1.7453029698381382,3.6038807731126674,288,/glade/work/jiachengye/33200/gpcp/daily/2023/gpcp_v01r03_daily_d20230615_c20230907.nc
2023-06-16,1.824921561890305,3.524963595862351,288,/glade/work/jiachengye/33200/gpcp/daily/2023/gpcp_v01r03_daily_d20230616_c20230907.nc
2023-06-17,2.7952274175953264,5.7702443984938,288,/glade/work/jiachengye/33200/gpcp/daily/2023/gpcp_v01r03_daily_d20230617_c20230907.nc
2023-06-18,3.770530690336793,7.526568596471773,288,/glade/work/jiachengye/33200/gpcp/daily/2023/gpcp_v01r03_daily_d20230618_c20230907.nc
2023-06-19,1.6856535234895587,3.848077075502795,288,/glade/work/jiachengye/33200/gpcp/daily/2023/gpcp_v01r03_daily_d20230619_c20230907.nc
2023-06-20,1.2081280339103435,4.016545222326773,288,/glade/work/jiachengye/33200/gpcp/daily/2023/gpcp_v01r03_daily_d20230620_c20230907.nc
2023-06-21,4.153506534988429,7.616302884075978,288,/glade/work/jiachengye/33200/gpcp/daily/2023/gpcp_v01r03_daily_d20230621_c20230907.nc
2023-06-22,5.374391169086195,14.277662748472881,288,/glade/work/jiachengye/33200/gpcp/daily/2023/gpcp_v01r03_daily_d20230622_c20230907.nc
2023-06-23,3.4243681969841795,4.629762433690255,288,/glade/work/jiachengye/33200/gpcp/daily/2023/gpcp_v01r03_daily_d20230623_c20230907.nc
2023-06-24,4.0885119280700915,5.483810457792887,288,/glade/work/jiachengye/33200/gpcp/daily/2023/gpcp_v01r03_daily_d20230624_c20230907.nc
2023-06-25,3.519882208227901,3.995434886217278,288,/glade/work/jiachengye/33200/gpcp/daily/2023/gpcp_v01r03_daily_d20230625_c20230907.nc
2023-06-26,2.899154974175124,4.885255002423839,288,/glade/work/jiachengye/33200/gpcp/daily/2023/gpcp_v01r03_daily_d20230626_c20230907.nc
2023-06-27,2.4112900296619513,3.5361867331320767,288,/glade/work/jiachengye/33200/gpcp/daily/2023/gpcp_v01r03_daily_d20230627_c20230907.nc
2023-06-28,3.279883537541891,4.972895538710254,288,/glade/work/jiachengye/33200/gpcp/daily/2023/gpcp_v01r03_daily_d20230628_c20230907.nc
2023-06-29,7.3359947454135295,9.816239818503497,288,/glade/work/jiachengye/33200/gpcp/daily/2023/gpcp_v01r03_daily_d20230629_c20230907.nc
2023-06-30,4.208609527929105,5.126117221196923,288,/glade/work/jiachengye/33200/gpcp/daily/2023/gpcp_v01r03_daily_d20230630_c20230907.nc
2023-07-01,10.613846377061721,13.468714352911277,288,/glade/work/jiachengye/33200/gpcp/daily/2023/gpcp_v01r03_daily_d20230701_c20231005.nc
2023-07-02,4.9974895008945355,8.57813141138004,288,/glade/work/jiachengye/33200/gpcp/daily/2023/gpcp_v01r03_daily_d20230702_c20231005.nc
2023-07-03,1.7211388613247074,3.8727042223569574,288,/glade/work/jiachengye/33200/gpcp/daily/2023/gpcp_v01r03_daily_d20230703_c20231005.nc
2023-07-04,3.35711894733924,5.172323483721148,288,/glade/work/jiachengye/33200/gpcp/daily/2023/gpcp_v01r03_daily_d20230704_c20231005.nc
2023-07-05,5.1520582542593365,7.04639684260939,288,/glade/work/jiachengye/33200/gpcp/daily/2023/gpcp_v01r03_daily_d20230705_c20231005.nc
2023-07-06,3.0202714129883197,5.435017988810174,288,/glade/work/jiachengye/33200/gpcp/daily/2023/gpcp_v01r03_daily_d20230706_c20231005.nc
2023-07-07,4.013196524720338,5.740426653963488,288,/glade/work/jiachengye/33200/gpcp/daily/2023/gpcp_v01r03_daily_d20230707_c20231005.nc
2023-07-08,3.824166700809548,5.6299983028602725,288,/glade/work/jiachengye/33200/gpcp/daily/2023/gpcp_v01r03_daily_d20230708_c20231005.nc
2023-07-09,1.3931817265860145,3.9672690426199932,288,/glade/work/jiachengye/33200/gpcp/daily/2023/gpcp_v01r03_daily_d20230709_c20231005.nc
2023-07-10,0.7217288631225642,2.254329486221192,288,/glade/work/jiachengye/33200/gpcp/daily/2023/gpcp_v01r03_daily_d20230710_c20231005.nc
2023-07-11,1.8453396855837865,2.527172435376192,288,/glade/work/jiachengye/33200/gpcp/daily/2023/gpcp_v01r03_daily_d20230711_c20231005.nc
2023-07-12,4.178367303030443,6.652533386376104,288,/glade/work/jiachengye/33200/gpcp/daily/2023/gpcp_v01r03_daily_d20230712_c20231005.nc
2023-07-13,2.717268024864089,6.323341390979445,288,/glade/work/jiachengye/33200/gpcp/daily/2023/gpcp_v01r03_daily_d20230713_c20231005.nc
2023-07-14,4.086589594699473,5.9967109913303664,288,/glade/work/jiachengye/33200/gpcp/daily/2023/gpcp_v01r03_daily_d20230714_c20231005.nc
2023-07-15,3.4231154742089727,5.888368562017101,288,/glade/work/jiachengye/33200/gpcp/daily/2023/gpcp_v01r03_daily_d20230715_c20231005.nc
2023-07-16,1.4853099272293278,2.677732783152797,288,/glade/work/jiachengye/33200/gpcp/daily/2023/gpcp_v01r03_daily_d20230716_c20231005.nc
2023-07-17,1.875985859580177,4.397113362038247,288,/glade/work/jiachengye/33200/gpcp/daily/2023/gpcp_v01r03_daily_d20230717_c20231005.nc
2023-07-18,3.763031800967957,6.637065739241239,288,/glade/work/jiachengye/33200/gpcp/daily/2023/gpcp_v01r03_daily_d20230718_c20231005.nc
2023-07-19,3.9121427273604685,7.889356379584142,288,/glade/work/jiachengye/33200/gpcp/daily/2023/gpcp_v01r03_daily_d20230719_c20231005.nc
2023-07-20,4.393233693166638,5.549185283483906,288,/glade/work/jiachengye/33200/gpcp/daily/2023/gpcp_v01r03_daily_d20230720_c20231005.nc
2023-07-21,3.219061579805889,7.360791370540915,288,/glade/work/jiachengye/33200/gpcp/daily/2023/gpcp_v01r03_daily_d20230721_c20231005.nc
2023-07-22,0.78475409431248,1.9754625774115067,288,/glade/work/jiachengye/33200/gpcp/daily/2023/gpcp_v01r03_daily_d20230722_c20231005.nc
2023-07-23,1.2212785104786206,2.0224165666229093,288,/glade/work/jiachengye/33200/gpcp/daily/2023/gpcp_v01r03_daily_d20230723_c20231005.nc
2023-07-24,2.315153483902738,3.7075782979411804,288,/glade/work/jiachengye/33200/gpcp/daily/2023/gpcp_v01r03_daily_d20230724_c20231005.nc
2023-07-25,3.5224790643614674,5.0377915409877705,288,/glade/work/jiachengye/33200/gpcp/daily/2023/gpcp_v01r03_daily_d20230725_c20231005.nc
2023-07-26,5.991094013283879,6.083421634252175,288,/glade/work/jiachengye/33200/gpcp/daily/2023/gpcp_v01r03_daily_d20230726_c20231005.nc
2023-07-27,2.2583524756514017,3.3952036362929974,288,/glade/work/jiachengye/33200/gpcp/daily/2023/gpcp_v01r03_daily_d20230727_c20231005.nc
2023-07-28,4.5754534643019165,7.711441002200661,288,/glade/work/jiachengye/33200/gpcp/daily/2023/gpcp_v01r03_daily_d20230728_c20231005.nc
2023-07-29,4.045741492254019,6.123802962388697,288,/glade/work/jiachengye/33200/gpcp/daily/2023/gpcp_v01r03_daily_d20230729_c20231005.nc
2023-07-30,0.9909223654065968,1.9918643568907755,288,/glade/work/jiachengye/33200/gpcp/daily/2023/gpcp_v01r03_daily_d20230730_c20231005.nc
2023-07-31,1.861657399995783,3.862642349310369,288,/glade/work/jiachengye/33200/gpcp/daily/2023/gpcp_v01r03_daily_d20230731_c20231005.nc
2023-08-01,2.8157651463250204,5.735706884178715,288,/glade/work/jiachengye/33200/gpcp/daily/2023/gpcp_v01r03_daily_d20230801_c20231106.nc
2023-08-02,6.233580016172798,8.181163918650867,288,/glade/work/jiachengye/33200/gpcp/daily/2023/gpcp_v01r03_daily_d20230802_c20231106.nc
2023-08-03,4.6594667006268375,9.238151382029997,288,/glade/work/jiachengye/33200/gpcp/daily/2023/gpcp_v01r03_daily_d20230803_c20231106.nc
2023-08-04,3.3412031557549864,5.207153549273497,288,/glade/work/jiachengye/33200/gpcp/daily/2023/gpcp_v01r03_daily_d20230804_c20231106.nc
2023-08-05,5.710299586317347,6.223583167990345,288,/glade/work/jiachengye/33200/gpcp/daily/2023/gpcp_v01r03_daily_d20230805_c20231106.nc
2023-08-06,5.555794632872859,5.543227784136436,288,/glade/work/jiachengye/33200/gpcp/daily/2023/gpcp_v01r03_daily_d20230806_c20231106.nc
2023-08-07,3.7141864751627085,4.57647554842933,288,/glade/work/jiachengye/33200/gpcp/daily/2023/gpcp_v01r03_daily_d20230807_c20231106.nc
2023-08-08,2.2862420458853863,4.215198090253738,288,/glade/work/jiachengye/33200/gpcp/daily/2023/gpcp_v01r03_daily_d20230808_c20231106.nc
2023-08-09,6.796084062431591,8.764502946123741,288,/glade/work/jiachengye/33200/gpcp/daily/2023/gpcp_v01r03_daily_d20230809_c20231106.nc
2023-08-10,3.290107480861131,5.882048511490482,288,/glade/work/jiachengye/33200/gpcp/daily/2023/gpcp_v01r03_daily_d20230810_c20231106.nc
2023-08-11,2.9144399152958247,4.625306041975752,288,/glade/work/jiachengye/33200/gpcp/daily/2023/gpcp_v01r03_daily_d20230811_c20231106.nc
2023-08-12,3.8969630870396257,6.196546221072923,288,/glade/work/jiachengye/33200/gpcp/daily/2023/gpcp_v01r03_daily_d20230812_c20231106.nc
2023-08-13,6.1290526396897285,6.29230653587468,288,/glade/work/jiachengye/33200/gpcp/daily/2023/gpcp_v01r03_daily_d20230813_c20231106.nc
2023-08-14,5.742109065478975,8.10656780496787,288,/glade/work/jiachengye/33200/gpcp/daily/2023/gpcp_v01r03_daily_d20230814_c20231106.nc
2023-08-15,1.3772998634752336,3.7844435820118645,288,/glade/work/jiachengye/33200/gpcp/daily/2023/gpcp_v01r03_daily_d20230815_c20231106.nc
2023-08-16,1.2105300114175175,2.572695708794457,288,/glade/work/jiachengye/33200/gpcp/daily/2023/gpcp_v01r03_daily_d20230816_c20231106.nc
2023-08-17,2.366101083390484,5.379124158303579,288,/glade/work/jiachengye/33200/gpcp/daily/2023/gpcp_v01r03_daily_d20230817_c20231106.nc
2023-08-18,0.13378745137221998,0.5215270879660863,288,/glade/work/jiachengye/33200/gpcp/daily/2023/gpcp_v01r03_daily_d20230818_c20231106.nc
2023-08-19,0.3111320921867387,0.7002071573907644,288,/glade/work/jiachengye/33200/gpcp/daily/2023/gpcp_v01r03_daily_d20230819_c20231106.nc
2023-08-20,1.488043600231735,2.618359037985917,288,/glade/work/jiachengye/33200/gpcp/daily/2023/gpcp_v01r03_daily_d20230820_c20231106.nc
2023-08-21,2.548714414555837,3.73327285396358,288,/glade/work/jiachengye/33200/gpcp/daily/2023/gpcp_v01r03_daily_d20230821_c20231106.nc
2023-08-22,1.3995317119372483,3.229693824338436,288,/glade/work/jiachengye/33200/gpcp/daily/2023/gpcp_v01r03_daily_d20230822_c20231106.nc
2023-08-23,2.0486550236569285,5.07486180641969,288,/glade/work/jiachengye/33200/gpcp/daily/2023/gpcp_v01r03_daily_d20230823_c20231106.nc
2023-08-24,4.348183310386853,11.226286108981256,288,/glade/work/jiachengye/33200/gpcp/daily/2023/gpcp_v01r03_daily_d20230824_c20231106.nc
2023-08-25,4.58756365077422,8.578574386478905,288,/glade/work/jiachengye/33200/gpcp/daily/2023/gpcp_v01r03_daily_d20230825_c20231106.nc
2023-08-26,4.270413218011649,8.06666720671077,288,/glade/work/jiachengye/33200/gpcp/daily/2023/gpcp_v01r03_daily_d20230826_c20231106.nc
2023-08-27,0.2218768645394081,0.6360729770667165,288,/glade/work/jiachengye/33200/gpcp/daily/2023/gpcp_v01r03_daily_d20230827_c20231106.nc
2023-08-28,0.7523740935159635,2.1089447713405254,288,/glade/work/jiachengye/33200/gpcp/daily/2023/gpcp_v01r03_daily_d20230828_c20231106.nc
2023-08-29,1.9191446728350252,4.337396829017216,288,/glade/work/jiachengye/33200/gpcp/daily/2023/gpcp_v01r03_daily_d20230829_c20231106.nc
2023-08-30,0.07492793666940963,0.4533994944456833,288,/glade/work/jiachengye/33200/gpcp/daily/2023/gpcp_v01r03_daily_d20230830_c20231106.nc
2023-08-31,0.3177167924411335,1.00763242318913,288,/glade/work/jiachengye/33200/gpcp/daily/2023/gpcp_v01r03_daily_d20230831_c20231106.nc
2023-09-01,0.310831815236138,1.0154221505812648,288,/glade/work/jiachengye/33200/gpcp/daily/2023/gpcp_v01r03_daily_d20230901_c20231206.nc
2023-09-02,1.270659545750571,2.65238435085337,288,/glade/work/jiachengye/33200/gpcp/daily/2023/gpcp_v01r03_daily_d20230902_c20231206.nc
2023-09-03,0.573216419101366,1.4170356301849847,288,/glade/work/jiachengye/33200/gpcp/daily/2023/gpcp_v01r03_daily_d20230903_c20231206.nc
2023-09-04,0.9415397935913096,2.133665382135204,288,/glade/work/jiachengye/33200/gpcp/daily/2023/gpcp_v01r03_daily_d20230904_c20231206.nc
2023-09-05,2.006923681602519,3.1292280708085127,288,/glade/work/jiachengye/33200/gpcp/daily/2023/gpcp_v01r03_daily_d20230905_c20231206.nc
2023-09-06,3.0386126879924826,4.460496726938253,288,/glade/work/jiachengye/33200/gpcp/daily/2023/gpcp_v01r03_daily_d20230906_c20231206.nc
2023-09-07,0.9759078715350672,2.6527988387602734,288,/glade/work/jiachengye/33200/gpcp/daily/2023/gpcp_v01r03_daily_d20230907_c20231206.nc
2023-09-08,0.5841528656928704,1.7862292114507814,288,/glade/work/jiachengye/33200/gpcp/daily/2023/gpcp_v01r03_daily_d20230908_c20231206.nc
2023-09-09,2.437590494217398,4.924893159703428,288,/glade/work/jiachengye/33200/gpcp/daily/2023/gpcp_v01r03_daily_d20230909_c20231206.nc
2023-09-10,4.475348766714053,7.286676144902552,288,/glade/work/jiachengye/33200/gpcp/daily/2023/gpcp_v01r03_daily_d20230910_c20231206.nc
2023-09-11,4.978075192547639,6.619549192481635,288,/glade/work/jiachengye/33200/gpcp/daily/2023/gpcp_v01r03_daily_d20230911_c20231206.nc
2023-09-12,2.5440231916168905,3.793350324507175,288,/glade/work/jiachengye/33200/gpcp/daily/2023/gpcp_v01r03_daily_d20230912_c20231206.nc
2023-09-13,0.219075198810003,0.6561240283888237,288,/glade/work/jiachengye/33200/gpcp/daily/2023/gpcp_v01r03_daily_d20230913_c20231206.nc
2023-09-14,1.232193653756067,2.7863717341704954,288,/glade/work/jiachengye/33200/gpcp/daily/2023/gpcp_v01r03_daily_d20230914_c20231206.nc
2023-09-15,2.9410802292921088,5.328776488893051,288,/glade/work/jiachengye/33200/gpcp/daily/2023/gpcp_v01r03_daily_d20230915_c20231206.nc
2023-09-16,0.8089098036139389,1.56396844051268,288,/glade/work/jiachengye/33200/gpcp/daily/2023/gpcp_v01r03_daily_d20230916_c20231206.nc
2023-09-17,0.9131271227407755,2.141439490204106,288,/glade/work/jiachengye/33200/gpcp/daily/2023/gpcp_v01r03_daily_d20230917_c20231206.nc
2023-09-18,0.06580311311892668,0.27988329365982106,288,/glade/work/jiachengye/33200/gpcp/daily/2023/gpcp_v01r03_daily_d20230918_c20231206.nc
2023-09-19,1.9605009444212198,4.477556746817298,288,/glade/work/jiachengye/33200/gpcp/daily/2023/gpcp_v01r03_daily_d20230919_c20231206.nc
2023-09-20,1.480015157526021,3.2809321167550296,288,/glade/work/jiachengye/33200/gpcp/daily/2023/gpcp_v01r03_daily_d20230920_c20231206.nc
2023-09-21,3.3629916619679165,5.177627362586531,288,/glade/work/jiachengye/33200/gpcp/daily/2023/gpcp_v01r03_daily_d20230921_c20231206.nc
2023-09-22,5.532068582895821,7.472371295092584,288,/glade/work/jiachengye/33200/gpcp/daily/2023/gpcp_v01r03_daily_d20230922_c20231206.nc
2023-09-23,3.8691544466811942,5.240083544997266,288,/glade/work/jiachengye/33200/gpcp/daily/2023/gpcp_v01r03_daily_d20230923_c20231206.nc
2023-09-24,3.035589950407689,5.347849721642825,288,/glade/work/jiachengye/33200/gpcp/daily/2023/gpcp_v01r03_daily_d20230924_c20231206.nc
2023-09-25,1.4918523540956168,3.0722856829602287,288,/glade/work/jiachengye/33200/gpcp/daily/2023/gpcp_v01r03_daily_d20230925_c20231206.nc
2023-09-26,0.8286072844792732,2.0956010657216733,288,/glade/work/jiachengye/33200/gpcp/daily/2023/gpcp_v01r03_daily_d20230926_c20231206.nc
2023-09-27,3.108519347897763,6.753289159077761,288,/glade/work/jiachengye/33200/gpcp/daily/2023/gpcp_v01r03_daily_d20230927_c20231206.nc
2023-09-28,1.278630595725248,3.9109030563698974,288,/glade/work/jiachengye/33200/gpcp/daily/2023/gpcp_v01r03_daily_d20230928_c20231206.nc
2023-09-29,2.1774372693040123,4.2541431232153215,288,/glade/work/jiachengye/33200/gpcp/daily/2023/gpcp_v01r03_daily_d20230929_c20231206.nc
2023-09-30,1.46604070775213,3.5296010920955525,288,/glade/work/jiachengye/33200/gpcp/daily/2023/gpcp_v01r03_daily_d20230930_c20231206.nc
2023-10-01,1.1350885584876125,2.9929014330498585,288,/glade/work/jiachengye/33200/gpcp/daily/2023/gpcp_v01r03_daily_d20231001_c20240105.nc
2023-10-02,0.799103421800358,2.34766569084692,288,/glade/work/jiachengye/33200/gpcp/daily/2023/gpcp_v01r03_daily_d20231002_c20240105.nc
2023-10-03,4.710569309483493,6.904008889785299,288,/glade/work/jiachengye/33200/gpcp/daily/2023/gpcp_v01r03_daily_d20231003_c20240105.nc
2023-10-04,5.817966909655181,7.557638645041537,288,/glade/work/jiachengye/33200/gpcp/daily/2023/gpcp_v01r03_daily_d20231004_c20240105.nc
2023-10-05,11.270300771937997,14.555115341175528,288,/glade/work/jiachengye/33200/gpcp/daily/2023/gpcp_v01r03_daily_d20231005_c20240105.nc
2023-10-06,3.583111842182753,7.939587930591672,288,/glade/work/jiachengye/33200/gpcp/daily/2023/gpcp_v01r03_daily_d20231006_c20240105.nc
2023-10-07,0.4504440219660944,1.24367055527145,288,/glade/work/jiachengye/33200/gpcp/daily/2023/gpcp_v01r03_daily_d20231007_c20240105.nc
2023-10-08,1.1788968033715206,2.7204145460096174,288,/glade/work/jiachengye/33200/gpcp/daily/2023/gpcp_v01r03_daily_d20231008_c20240105.nc
2023-10-09,0.9631622972358652,2.4703379413793014,288,/glade/work/jiachengye/33200/gpcp/daily/2023/gpcp_v01r03_daily_d20231009_c20240105.nc
2023-10-10,0.7187927322713558,1.529853687900565,288,/glade/work/jiachengye/33200/gpcp/daily/2023/gpcp_v01r03_daily_d20231010_c20240105.nc
2023-10-11,1.0955324813100435,2.5949554315756496,288,/glade/work/jiachengye/33200/gpcp/daily/2023/gpcp_v01r03_daily_d20231011_c20240105.nc
2023-10-12,3.995675596594167,6.784855782438621,288,/glade/work/jiachengye/33200/gpcp/daily/2023/gpcp_v01r03_daily_d20231012_c20240105.nc
2023-10-13,5.821781590289949,7.4378710250384055,288,/glade/work/jiachengye/33200/gpcp/daily/2023/gpcp_v01r03_daily_d20231013_c20240105.nc
2023-10-14,1.452650022682527,2.962346152685686,288,/glade/work/jiachengye/33200/gpcp/daily/2023/gpcp_v01r03_daily_d20231014_c20240105.nc
2023-10-15,0.8222578216497949,2.4007272854541952,288,/glade/work/jiachengye/33200/gpcp/daily/2023/gpcp_v01r03_daily_d20231015_c20240105.nc
2023-10-16,0.039538232461788086,0.1931039595502665,288,/glade/work/jiachengye/33200/gpcp/daily/2023/gpcp_v01r03_daily_d20231016_c20240105.nc
2023-10-17,0.518104561683957,1.5068527428832672,288,/glade/work/jiachengye/33200/gpcp/daily/2023/gpcp_v01r03_daily_d20231017_c20240105.nc
2023-10-18,3.898535832414243,5.928983502277062,288,/glade/work/jiachengye/33200/gpcp/daily/2023/gpcp_v01r03_daily_d20231018_c20240105.nc
2023-10-19,3.4840224565238946,4.251767172780796,288,/glade/work/jiachengye/33200/gpcp/daily/2023/gpcp_v01r03_daily_d20231019_c20240105.nc
2023-10-20,1.1469063449087278,2.476903574729341,288,/glade/work/jiachengye/33200/gpcp/daily/2023/gpcp_v01r03_daily_d20231020_c20240105.nc
2023-10-21,0.37473360540039846,1.0361544607689246,288,/glade/work/jiachengye/33200/gpcp/daily/2023/gpcp_v01r03_daily_d20231021_c20240105.nc
2023-10-22,0.5270307391712628,1.3562309290073669,288,/glade/work/jiachengye/33200/gpcp/daily/2023/gpcp_v01r03_daily_d20231022_c20240105.nc
2023-10-23,1.7892795759921345,2.61561962690852,288,/glade/work/jiachengye/33200/gpcp/daily/2023/gpcp_v01r03_daily_d20231023_c20240105.nc
2023-10-24,2.963535908856197,5.089902853927627,288,/glade/work/jiachengye/33200/gpcp/daily/2023/gpcp_v01r03_daily_d20231024_c20240105.nc
2023-10-25,4.860484814841117,5.657121344776435,288,/glade/work/jiachengye/33200/gpcp/daily/2023/gpcp_v01r03_daily_d20231025_c20240105.nc
2023-10-26,7.648970180199828,7.646522890619811,288,/glade/work/jiachengye/33200/gpcp/daily/2023/gpcp_v01r03_daily_d20231026_c20240105.nc
2023-10-27,1.0933354370277784,2.0333384295533667,288,/glade/work/jiachengye/33200/gpcp/daily/2023/gpcp_v01r03_daily_d20231027_c20240105.nc
2023-10-28,2.6672611332874734,4.447843013580144,288,/glade/work/jiachengye/33200/gpcp/daily/2023/gpcp_v01r03_daily_d20231028_c20240105.nc
2023-10-29,4.696983420426922,5.617311459057419,288,/glade/work/jiachengye/33200/gpcp/daily/2023/gpcp_v01r03_daily_d20231029_c20240105.nc
2023-10-30,0.8483120071551571,1.55513236350314,288,/glade/work/jiachengye/33200/gpcp/daily/2023/gpcp_v01r03_daily_d20231030_c20240105.nc
2023-10-31,0.19082971993235232,0.6554213854298528,288,/glade/work/jiachengye/33200/gpcp/daily/2023/gpcp_v01r03_daily_d20231031_c20240105.nc
2023-11-01,0.07118692273321604,0.21249850519671734,288,/glade/work/jiachengye/33200/gpcp/daily/2023/gpcp_v01r03_daily_d20231101_c20240207.nc
2023-11-02,0.15967998273976602,0.4357647665261517,288,/glade/work/jiachengye/33200/gpcp/daily/2023/gpcp_v01r03_daily_d20231102_c20240207.nc
2023-11-03,1.9749329664910305,2.9083600591394294,288,/glade/work/jiachengye/33200/gpcp/daily/2023/gpcp_v01r03_daily_d20231103_c20240207.nc
2023-11-04,0.4820806807977267,1.409766614361658,288,/glade/work/jiachengye/33200/gpcp/daily/2023/gpcp_v01r03_daily_d20231104_c20240207.nc
2023-11-05,1.4890423163920674,2.060176406139456,288,/glade/work/jiachengye/33200/gpcp/daily/2023/gpcp_v01r03_daily_d20231105_c20240207.nc
2023-11-06,2.4333444097381407,4.054916475507301,288,/glade/work/jiachengye/33200/gpcp/daily/2023/gpcp_v01r03_daily_d20231106_c20240207.nc
2023-11-07,0.4733058265449574,1.1003394922133491,288,/glade/work/jiachengye/33200/gpcp/daily/2023/gpcp_v01r03_daily_d20231107_c20240207.nc
2023-11-08,1.8812213880616497,3.5559758831786907,288,/glade/work/jiachengye/33200/gpcp/daily/2023/gpcp_v01r03_daily_d20231108_c20240207.nc
2023-11-09,0.2951634992591539,1.091008440857513,288,/glade/work/jiachengye/33200/gpcp/daily/2023/gpcp_v01r03_daily_d20231109_c20240207.nc
2023-11-10,0.3007828544432175,1.1644865132463655,288,/glade/work/jiachengye/33200/gpcp/daily/2023/gpcp_v01r03_daily_d20231110_c20240207.nc
2023-11-11,0.15400982580894648,0.5117433313652819,288,/glade/work/jiachengye/33200/gpcp/daily/2023/gpcp_v01r03_daily_d20231111_c20240207.nc
2023-11-12,0.37599080309869437,1.169986820107338,288,/glade/work/jiachengye/33200/gpcp/daily/2023/gpcp_v01r03_daily_d20231112_c20240207.nc
2023-11-13,0.09604825996719293,0.330255279584694,288,/glade/work/jiachengye/33200/gpcp/daily/2023/gpcp_v01r03_daily_d20231113_c20240207.nc
2023-11-14,0.5481826008100728,1.4644951286820378,288,/glade/work/jiachengye/33200/gpcp/daily/2023/gpcp_v01r03_daily_d20231114_c20240207.nc
2023-11-15,0.28018303144097373,1.1890382149214003,288,/glade/work/jiachengye/33200/gpcp/daily/2023/gpcp_v01r03_daily_d20231115_c20240207.nc
2023-11-16,3.036463508466935,5.665849056257512,288,/glade/work/jiachengye/33200/gpcp/daily/2023/gpcp_v01r03_daily_d20231116_c20240207.nc
2023-11-17,2.393935739674305,3.8037228737911373,288,/glade/work/jiachengye/33200/gpcp/daily/2023/gpcp_v01r03_daily_d20231117_c20240207.nc
2023-11-18,0.08244680141107202,0.2920586476211763,288,/glade/work/jiachengye/33200/gpcp/daily/2023/gpcp_v01r03_daily_d20231118_c20240207.nc
2023-11-19,1.354251125348757,3.3736657376554717,288,/glade/work/jiachengye/33200/gpcp/daily/2023/gpcp_v01r03_daily_d20231119_c20240207.nc
2023-11-20,2.7216086269275315,3.5589927191725157,288,/glade/work/jiachengye/33200/gpcp/daily/2023/gpcp_v01r03_daily_d20231120_c20240207.nc
2023-11-21,5.593121622717673,8.404648312637763,288,/glade/work/jiachengye/33200/gpcp/daily/2023/gpcp_v01r03_daily_d20231121_c20240207.nc
2023-11-22,0.6639492404305699,1.4460189181134937,288,/glade/work/jiachengye/33200/gpcp/daily/2023/gpcp_v01r03_daily_d20231122_c20240207.nc
2023-11-23,0.7452432069193006,1.5136120494141512,288,/glade/work/jiachengye/33200/gpcp/daily/2023/gpcp_v01r03_daily_d20231123_c20240207.nc
2023-11-24,0.47806157749500916,0.9740885134267621,288,/glade/work/jiachengye/33200/gpcp/daily/2023/gpcp_v01r03_daily_d20231124_c20240207.nc
2023-11-25,0.3905099874113592,0.697577990099771,288,/glade/work/jiachengye/33200/gpcp/daily/2023/gpcp_v01r03_daily_d20231125_c20240207.nc
2023-11-26,1.7140621391009174,3.061418737688881,288,/glade/work/jiachengye/33200/gpcp/daily/2023/gpcp_v01r03_daily_d20231126_c20240207.nc
2023-11-27,0.07038818205724875,0.2799530478742175,288,/glade/work/jiachengye/33200/gpcp/daily/2023/gpcp_v01r03_daily_d20231127_c20240207.nc
2023-11-28,0.04310345203966348,0.16172879210930288,288,/glade/work/jiachengye/33200/gpcp/daily/2023/gpcp_v01r03_daily_d20231128_c20240207.nc
2023-11-29,0.14615215117318678,0.6208537505861851,288,/glade/work/jiachengye/33200/gpcp/daily/2023/gpcp_v01r03_daily_d20231129_c20240207.nc
2023-11-30,0.10899537372304476,0.6674853001266444,288,/glade/work/jiachengye/33200/gpcp/daily/2023/gpcp_v01r03_daily_d20231130_c20240207.nc
2023-12-01,6.415299286180072,9.924466485218256,288,/glade/work/jiachengye/33200/gpcp/daily/2023/gpcp_v01r03_daily_d20231201_c20240308.nc
2023-12-02,0.9025623057638645,1.996012671793279,288,/glade/work/jiachengye/33200/gpcp/daily/2023/gpcp_v01r03_daily_d20231202_c20240308.nc
2023-12-03,3.278731320525722,5.9328850796334445,288,/glade/work/jiachengye/33200/gpcp/daily/2023/gpcp_v01r03_daily_d20231203_c20240308.nc
2023-12-04,1.496762486031637,2.7527788538091906,288,/glade/work/jiachengye/33200/gpcp/daily/2023/gpcp_v01r03_daily_d20231204_c20240308.nc
2023-12-05,0.5650753652539183,1.6075081937595974,288,/glade/work/jiachengye/33200/gpcp/daily/2023/gpcp_v01r03_daily_d20231205_c20240308.nc
2023-12-06,1.192178826342182,2.170250815351911,288,/glade/work/jiachengye/33200/gpcp/daily/2023/gpcp_v01r03_daily_d20231206_c20240308.nc
2023-12-07,0.3091374439005609,0.8771739721513138,288,/glade/work/jiachengye/33200/gpcp/daily/2023/gpcp_v01r03_daily_d20231207_c20240308.nc
2023-12-08,0.4119833858272193,1.0549060804882895,288,/glade/work/jiachengye/33200/gpcp/daily/2023/gpcp_v01r03_daily_d20231208_c20240308.nc
2023-12-09,1.362954538210696,2.842608238025246,288,/glade/work/jiachengye/33200/gpcp/daily/2023/gpcp_v01r03_daily_d20231209_c20240308.nc
2023-12-10,2.346047223106042,6.532454174828676,288,/glade/work/jiachengye/33200/gpcp/daily/2023/gpcp_v01r03_daily_d20231210_c20240308.nc
2023-12-11,0.3821690254183372,1.642671147676549,288,/glade/work/jiachengye/33200/gpcp/daily/2023/gpcp_v01r03_daily_d20231211_c20240308.nc
2023-12-12,0.15953434350720083,0.5700817309133345,288,/glade/work/jiachengye/33200/gpcp/daily/2023/gpcp_v01r03_daily_d20231212_c20240308.nc
2023-12-13,0.033604140387885735,0.21553120380011587,288,/glade/work/jiachengye/33200/gpcp/daily/2023/gpcp_v01r03_daily_d20231213_c20240308.nc
2023-12-14,3.7978578308883097,9.939905226484457,288,/glade/work/jiachengye/33200/gpcp/daily/2023/gpcp_v01r03_daily_d20231214_c20240308.nc
2023-12-15,5.797370364112968,8.60244887788567,288,/glade/work/jiachengye/33200/gpcp/daily/2023/gpcp_v01r03_daily_d20231215_c20240308.nc
2023-12-16,4.381891536736707,5.378478064727705,288,/glade/work/jiachengye/33200/gpcp/daily/2023/gpcp_v01r03_daily_d20231216_c20240308.nc
2023-12-17,1.2876286650895086,2.88218231464871,288,/glade/work/jiachengye/33200/gpcp/daily/2023/gpcp_v01r03_daily_d20231217_c20240308.nc
2023-12-18,0.39921233092601116,1.1998559358509242,288,/glade/work/jiachengye/33200/gpcp/daily/2023/gpcp_v01r03_daily_d20231218_c20240308.nc
2023-12-19,0.5706217959006644,1.434450458774435,288,/glade/work/jiachengye/33200/gpcp/daily/2023/gpcp_v01r03_daily_d20231219_c20240308.nc
2023-12-20,0.8157612040652402,1.7633117821744395,288,/glade/work/jiachengye/33200/gpcp/daily/2023/gpcp_v01r03_daily_d20231220_c20240308.nc
2023-12-21,1.106268297919364,2.090611243108828,288,/glade/work/jiachengye/33200/gpcp/daily/2023/gpcp_v01r03_daily_d20231221_c20240308.nc
2023-12-22,1.3909962969416871,2.237334941765526,288,/glade/work/jiachengye/33200/gpcp/daily/2023/gpcp_v01r03_daily_d20231222_c20240308.nc
2023-12-23,2.614764171489273,4.364246492836914,288,/glade/work/jiachengye/33200/gpcp/daily/2023/gpcp_v01r03_daily_d20231223_c20240308.nc
2023-12-24,4.510335946918957,6.502197746408447,288,/glade/work/jiachengye/33200/gpcp/daily/2023/gpcp_v01r03_daily_d20231224_c20240308.nc
2023-12-25,5.975151920828579,5.405908895550637,288,/glade/work/jiachengye/33200/gpcp/daily/2023/gpcp_v01r03_daily_d20231225_c20240308.nc
2023-12-26,2.8869670913599257,4.293758046411934,288,/glade/work/jiachengye/33200/gpcp/daily/2023/gpcp_v01r03_daily_d20231226_c20240308.nc
2023-12-27,1.745113700982835,5.244496164250523,288,/glade/work/jiachengye/33200/gpcp/daily/2023/gpcp_v01r03_daily_d20231227_c20240308.nc
2023-12-28,0.8377589259137439,2.1494007604780827,288,/glade/work/jiachengye/33200/gpcp/daily/2023/gpcp_v01r03_daily_d20231228_c20240308.nc
2023-12-29,0.010730855386862217,0.08369609694763304,288,/glade/work/jiachengye/33200/gpcp/daily/2023/gpcp_v01r03_daily_d20231229_c20240308.nc
2023-12-30,0.07055827045291915,0.3159941980629901,288,/glade/work/jiachengye/33200/gpcp/daily/2023/gpcp_v01r03_daily_d20231230_c20240308.nc
2023-12-31,0.1552472099054404,0.5762648564448772,288,/glade/work/jiachengye/33200/gpcp/daily/2023/gpcp_v01r03_daily_d20231231_c20240308.nc
2024-01-01,0.026135069045226802,0.14586354087084605,288,/glade/work/jiachengye/33200/gpcp/daily/2024/gpcp_v01r03_daily_d20240101_c20240408.nc
2024-01-02,0.015747869530473593,0.11142452451516596,288,/glade/work/jiachengye/33200/gpcp/daily/2024/gpcp_v01r03_daily_d20240102_c20240408.nc
2024-01-03,0.10510720795595309,0.496033850715443,288,/glade/work/jiachengye/33200/gpcp/daily/2024/gpcp_v01r03_daily_d20240103_c20240408.nc
2024-01-04,0.21028196825995873,0.7706288766813703,288,/glade/work/jiachengye/33200/gpcp/daily/2024/gpcp_v01r03_daily_d20240104_c20240408.nc
2024-01-05,2.5621918441678084,4.162678677320888,288,/glade/work/jiachengye/33200/gpcp/daily/2024/gpcp_v01r03_daily_d20240105_c20240408.nc
2024-01-06,3.7470765047651953,6.555755467726625,288,/glade/work/jiachengye/33200/gpcp/daily/2024/gpcp_v01r03_daily_d20240106_c20240408.nc
2024-01-07,0.5640883888434176,1.2200877115375945,288,/glade/work/jiachengye/33200/gpcp/daily/2024/gpcp_v01r03_daily_d20240107_c20240408.nc
2024-01-08,12.5183199903369,15.47353583001018,288,/glade/work/jiachengye/33200/gpcp/daily/2024/gpcp_v01r03_daily_d20240108_c20240408.nc
2024-01-09,19.4622508986266,25.688574805742128,287,/glade/work/jiachengye/33200/gpcp/daily/2024/gpcp_v01r03_daily_d20240109_c20240408.nc
2024-01-10,1.0703413821597085,1.732408829031766,288,/glade/work/jiachengye/33200/gpcp/daily/2024/gpcp_v01r03_daily_d20240110_c20240408.nc
2024-01-11,1.033638520355715,1.8078968999963811,288,/glade/work/jiachengye/33200/gpcp/daily/2024/gpcp_v01r03_daily_d20240111_c20240408.nc
2024-01-12,9.826143477151865,12.696981805902176,288,/glade/work/jiachengye/33200/gpcp/daily/2024/gpcp_v01r03_daily_d20240112_c20240408.nc
2024-01-13,1.3463415787688688,2.7451943425281438,288,/glade/work/jiachengye/33200/gpcp/daily/2024/gpcp_v01r03_daily_d20240113_c20240408.nc
2024-01-14,0.7655284314011696,1.6974362620734402,288,/glade/work/jiachengye/33200/gpcp/daily/2024/gpcp_v01r03_daily_d20240114_c20240408.nc
2024-01-15,0.4226045920089894,1.341255621847459,288,/glade/work/jiachengye/33200/gpcp/daily/2024/gpcp_v01r03_daily_d20240115_c20240408.nc
2024-01-16,0.4705012317443255,1.201003860829444,288,/glade/work/jiachengye/33200/gpcp/daily/2024/gpcp_v01r03_daily_d20240116_c20240408.nc
2024-01-17,0.9990960620390531,1.7203771637520036,288,/glade/work/jiachengye/33200/gpcp/daily/2024/gpcp_v01r03_daily_d20240117_c20240408.nc
2024-01-18,1.614442632135512,2.8154557452002433,288,/glade/work/jiachengye/33200/gpcp/daily/2024/gpcp_v01r03_daily_d20240118_c20240408.nc
2024-01-19,0.6210673881182582,2.16568065579187,288,/glade/work/jiachengye/33200/gpcp/daily/2024/gpcp_v01r03_daily_d20240119_c20240408.nc
2024-01-20,0.05025354376704972,0.23247797038689447,288,/glade/work/jiachengye/33200/gpcp/daily/2024/gpcp_v01r03_daily_d20240120_c20240408.nc
2024-01-21,1.028415063241023,1.6326502093439346,288,/glade/work/jiachengye/33200/gpcp/daily/2024/gpcp_v01r03_daily_d20240121_c20240408.nc
2024-01-22,1.0973735016865038,2.5680182283437567,288,/glade/work/jiachengye/33200/gpcp/daily/2024/gpcp_v01r03_daily_d20240122_c20240408.nc
2024-01-23,2.658736090199324,5.740821049948021,288,/glade/work/jiachengye/33200/gpcp/daily/2024/gpcp_v01r03_daily_d20240123_c20240408.nc
2024-01-24,3.092130316484831,6.7162258673077035,288,/glade/work/jiachengye/33200/gpcp/daily/2024/gpcp_v01r03_daily_d20240124_c20240408.nc
2024-01-25,1.0202723410634378,2.7715665574800985,288,/glade/work/jiachengye/33200/gpcp/daily/2024/gpcp_v01r03_daily_d20240125_c20240408.nc
2024-01-26,1.8088414426105328,4.178387293169738,288,/glade/work/jiachengye/33200/gpcp/daily/2024/gpcp_v01r03_daily_d20240126_c20240408.nc
2024-01-27,0.7883024196315537,2.3390200418992726,288,/glade/work/jiachengye/33200/gpcp/daily/2024/gpcp_v01r03_daily_d20240127_c20240408.nc
2024-01-28,1.4961634370347856,4.645835842652751,288,/glade/work/jiachengye/33200/gpcp/daily/2024/gpcp_v01r03_daily_d20240128_c20240408.nc
2024-01-29,0.1985539646860186,0.7285919748851586,288,/glade/work/jiachengye/33200/gpcp/daily/2024/gpcp_v01r03_daily_d20240129_c20240408.nc
2024-01-30,0.2490068739686852,0.9889608480713955,288,/glade/work/jiachengye/33200/gpcp/daily/2024/gpcp_v01r03_daily_d20240130_c20240408.nc
2024-01-31,0.001517433476825915,0.016233853919101593,148,/glade/work/jiachengye/33200/gpcp/daily/2024/gpcp_v01r03_daily_d20240131_c20240408.nc
2024-02-01,0.09450325266591511,0.38804865117718434,288,/glade/work/jiachengye/33200/gpcp/daily/2024/gpcp_v01r03_daily_d20240201_c20240508.nc
2024-02-02,0.015940467227693704,0.09798963928329131,282,/glade/work/jiachengye/33200/gpcp/daily/2024/gpcp_v01r03_daily_d20240202_c20240508.nc
2024-02-03,0.918040145573424,2.4144121981046665,288,/glade/work/jiachengye/33200/gpcp/daily/2024/gpcp_v01r03_daily_d20240203_c20240508.nc
2024-02-04,1.4698498025236697,2.79871231575007,288,/glade/work/jiachengye/33200/gpcp/daily/2024/gpcp_v01r03_daily_d20240204_c20240508.nc
2024-02-05,0.10371490391879551,0.35309257822063955,288,/glade/work/jiachengye/33200/gpcp/daily/2024/gpcp_v01r03_daily_d20240205_c20240508.nc
2024-02-06,1.0962614787833649,2.413719361009767,288,/glade/work/jiachengye/33200/gpcp/daily/2024/gpcp_v01r03_daily_d20240206_c20240508.nc
2024-02-07,5.8789660522703935,6.459318368900459,288,/glade/work/jiachengye/33200/gpcp/daily/2024/gpcp_v01r03_daily_d20240207_c20240508.nc
2024-02-08,2.5706429591185413,3.1863116559233817,288,/glade/work/jiachengye/33200/gpcp/daily/2024/gpcp_v01r03_daily_d20240208_c20240508.nc
2024-02-09,1.004722611953812,1.9635078823105425,288,/glade/work/jiachengye/33200/gpcp/daily/2024/gpcp_v01r03_daily_d20240209_c20240508.nc
2024-02-10,0.5640209319577458,1.261334463673138,288,/glade/work/jiachengye/33200/gpcp/daily/2024/gpcp_v01r03_daily_d20240210_c20240508.nc
2024-02-11,2.6658168727349736,6.883572939628341,288,/glade/work/jiachengye/33200/gpcp/daily/2024/gpcp_v01r03_daily_d20240211_c20240508.nc
2024-02-12,0.7203303346113862,2.5557392181100727,288,/glade/work/jiachengye/33200/gpcp/daily/2024/gpcp_v01r03_daily_d20240212_c20240508.nc
2024-02-13,0.4251527012452355,1.4745049818650373,288,/glade/work/jiachengye/33200/gpcp/daily/2024/gpcp_v01r03_daily_d20240213_c20240508.nc
2024-02-14,0.2978492861302684,0.7790109266323674,288,/glade/work/jiachengye/33200/gpcp/daily/2024/gpcp_v01r03_daily_d20240214_c20240508.nc
2024-02-15,1.679623920761952,3.054957840948451,288,/glade/work/jiachengye/33200/gpcp/daily/2024/gpcp_v01r03_daily_d20240215_c20240508.nc
2024-02-16,0.9696344286709982,1.8507897313350912,288,/glade/work/jiachengye/33200/gpcp/daily/2024/gpcp_v01r03_daily_d20240216_c20240508.nc
2024-02-17,0.20220335863055183,0.7178114962076757,288,/glade/work/jiachengye/33200/gpcp/daily/2024/gpcp_v01r03_daily_d20240217_c20240508.nc
2024-02-18,0.025134712442687054,0.12438602781296247,288,/glade/work/jiachengye/33200/gpcp/daily/2024/gpcp_v01r03_daily_d20240218_c20240508.nc
2024-02-19,0.10295805441949457,0.44678840341571513,288,/glade/work/jiachengye/33200/gpcp/daily/2024/gpcp_v01r03_daily_d20240219_c20240508.nc
2024-02-20,0.0283187638348385,0.16581566840153625,288,/glade/work/jiachengye/33200/gpcp/daily/2024/gpcp_v01r03_daily_d20240220_c20240508.nc
2024-02-21,0.5086111176025105,0.9909091021142574,288,/glade/work/jiachengye/33200/gpcp/daily/2024/gpcp_v01r03_daily_d20240221_c20240508.nc
2024-02-22,1.3747935703197913,2.4480812827855436,288,/glade/work/jiachengye/33200/gpcp/daily/2024/gpcp_v01r03_daily_d20240222_c20240508.nc
2024-02-23,0.35064535160227744,1.4454325124104606,288,/glade/work/jiachengye/33200/gpcp/daily/2024/gpcp_v01r03_daily_d20240223_c20240508.nc
2024-02-24,0.027045156685599217,0.1654047639127758,288,/glade/work/jiachengye/33200/gpcp/daily/2024/gpcp_v01r03_daily_d20240224_c20240508.nc
2024-02-25,0.5272769364756017,1.3651302523534163,288,/glade/work/jiachengye/33200/gpcp/daily/2024/gpcp_v01r03_daily_d20240225_c20240508.nc
2024-02-26,0.4074920941504123,0.8569078205431391,288,/glade/work/jiachengye/33200/gpcp/daily/2024/gpcp_v01r03_daily_d20240226_c20240508.nc
2024-02-27,1.4398127151221174,2.361188463982197,288,/glade/work/jiachengye/33200/gpcp/daily/2024/gpcp_v01r03_daily_d20240227_c20240508.nc
2024-02-28,2.23448618841994,4.392255676192874,288,/glade/work/jiachengye/33200/gpcp/daily/2024/gpcp_v01r03_daily_d20240228_c20240508.nc
2024-02-29,0.12513184179741,0.42995351236978796,288,/glade/work/jiachengye/33200/gpcp/daily/2024/gpcp_v01r03_daily_d20240229_c20240508.nc
2024-03-01,0.8847678330694833,1.8278059089998417,288,/glade/work/jiachengye/33200/gpcp/daily/2024/gpcp_v01r03_daily_d20240301_c20240607.nc
2024-03-02,0.8527222354734274,2.066789500608248,288,/glade/work/jiachengye/33200/gpcp/daily/2024/gpcp_v01r03_daily_d20240302_c20240607.nc
2024-03-03,0.6413379215445433,1.407201861542159,288,/glade/work/jiachengye/33200/gpcp/daily/2024/gpcp_v01r03_daily_d20240303_c20240607.nc
2024-03-04,0.9119559459062997,2.0216301471818827,288,/glade/work/jiachengye/33200/gpcp/daily/2024/gpcp_v01r03_daily_d20240304_c20240607.nc
2024-03-05,3.0261206114544943,4.878568672383267,288,/glade/work/jiachengye/33200/gpcp/daily/2024/gpcp_v01r03_daily_d20240305_c20240607.nc
2024-03-06,0.7633486930975821,1.413014357003093,288,/glade/work/jiachengye/33200/gpcp/daily/2024/gpcp_v01r03_daily_d20240306_c20240607.nc
2024-03-07,2.091740401745574,4.174129904668144,288,/glade/work/jiachengye/33200/gpcp/daily/2024/gpcp_v01r03_daily_d20240307_c20240607.nc
2024-03-08,2.6253068376301867,3.7477153444272444,288,/glade/work/jiachengye/33200/gpcp/daily/2024/gpcp_v01r03_daily_d20240308_c20240607.nc
2024-03-09,1.5201510459400558,3.492392411700487,288,/glade/work/jiachengye/33200/gpcp/daily/2024/gpcp_v01r03_daily_d20240309_c20240607.nc
2024-03-10,0.06727072465297956,0.34766967640035257,288,/glade/work/jiachengye/33200/gpcp/daily/2024/gpcp_v01r03_daily_d20240310_c20240607.nc
2024-03-11,0.1766268350184694,0.6572414982062235,288,/glade/work/jiachengye/33200/gpcp/daily/2024/gpcp_v01r03_daily_d20240311_c20240607.nc
2024-03-12,0.32476187367174153,0.7387077724328814,288,/glade/work/jiachengye/33200/gpcp/daily/2024/gpcp_v01r03_daily_d20240312_c20240607.nc
2024-03-13,1.3156613990528565,2.043832164901886,288,/glade/work/jiachengye/33200/gpcp/daily/2024/gpcp_v01r03_daily_d20240313_c20240607.nc
2024-03-14,9.74607433028636,10.553900555658934,288,/glade/work/jiachengye/33200/gpcp/daily/2024/gpcp_v01r03_daily_d20240314_c20240607.nc
2024-03-15,6.580058047301031,11.044687928485242,288,/glade/work/jiachengye/33200/gpcp/daily/2024/gpcp_v01r03_daily_d20240315_c20240607.nc
2024-03-16,0.9753417593352599,2.044437672758984,288,/glade/work/jiachengye/33200/gpcp/daily/2024/gpcp_v01r03_daily_d20240316_c20240607.nc
2024-03-17,0.20384428943690144,0.7711963207729766,288,/glade/work/jiachengye/33200/gpcp/daily/2024/gpcp_v01r03_daily_d20240317_c20240607.nc
2024-03-18,0.02463010015566603,0.15801616250830436,288,/glade/work/jiachengye/33200/gpcp/daily/2024/gpcp_v01r03_daily_d20240318_c20240607.nc
2024-03-19,0.5626227676418968,2.122203199376442,288,/glade/work/jiachengye/33200/gpcp/daily/2024/gpcp_v01r03_daily_d20240319_c20240607.nc
2024-03-20,0.1047392997982241,0.2939833992904318,288,/glade/work/jiachengye/33200/gpcp/daily/2024/gpcp_v01r03_daily_d20240320_c20240607.nc
2024-03-21,0.5897498812331525,1.1209200388602576,288,/glade/work/jiachengye/33200/gpcp/daily/2024/gpcp_v01r03_daily_d20240321_c20240607.nc
2024-03-22,1.7219981663054487,2.850901581272248,288,/glade/work/jiachengye/33200/gpcp/daily/2024/gpcp_v01r03_daily_d20240322_c20240607.nc
2024-03-23,1.0178571732822674,3.1330468739961836,288,/glade/work/jiachengye/33200/gpcp/daily/2024/gpcp_v01r03_daily_d20240323_c20240607.nc
2024-03-24,5.532873937666657,6.237440283766073,288,/glade/work/jiachengye/33200/gpcp/daily/2024/gpcp_v01r03_daily_d20240324_c20240607.nc
2024-03-25,5.157126293598544,5.084177225319171,288,/glade/work/jiachengye/33200/gpcp/daily/2024/gpcp_v01r03_daily_d20240325_c20240607.nc
2024-03-26,7.6398256759588765,10.218364118528514,288,/glade/work/jiachengye/33200/gpcp/daily/2024/gpcp_v01r03_daily_d20240326_c20240607.nc
2024-03-27,0.0,0.0,72,/glade/work/jiachengye/33200/gpcp/daily/2024/gpcp_v01r03_daily_d20240327_c20240607.nc
2024-03-28,0.45319960243371105,1.1375498197243643,288,/glade/work/jiachengye/33200/gpcp/daily/2024/gpcp_v01r03_daily_d20240328_c20240607.nc
2024-03-29,1.2021178611468637,2.0844909794506923,288,/glade/work/jiachengye/33200/gpcp/daily/2024/gpcp_v01r03_daily_d20240329_c20240607.nc
2024-03-30,1.9982840428409931,2.882182619294118,288,/glade/work/jiachengye/33200/gpcp/daily/2024/gpcp_v01r03_daily_d20240330_c20240607.nc
2024-03-31,1.6097666536216444,2.492215863955225,288,/glade/work/jiachengye/33200/gpcp/daily/2024/gpcp_v01r03_daily_d20240331_c20240607.nc
2024-04-01,4.3627289153738,5.691511457153003,288,/glade/work/jiachengye/33200/gpcp/daily/2024/gpcp_v01r03_daily_d20240401_c20240708.nc
2024-04-02,12.932695440282231,17.375377501873565,288,/glade/work/jiachengye/33200/gpcp/daily/2024/gpcp_v01r03_daily_d20240402_c20240708.nc
2024-04-03,3.314644944070963,5.251977514228993,288,/glade/work/jiachengye/33200/gpcp/daily/2024/gpcp_v01r03_daily_d20240403_c20240708.nc
2024-04-04,0.8488922637413563,2.0897855868163986,288,/glade/work/jiachengye/33200/gpcp/daily/2024/gpcp_v01r03_daily_d20240404_c20240708.nc
2024-04-05,1.497735642108505,4.221479646340357,288,/glade/work/jiachengye/33200/gpcp/daily/2024/gpcp_v01r03_daily_d20240405_c20240708.nc
2024-04-06,0.7096402568876172,2.4234573536807646,288,/glade/work/jiachengye/33200/gpcp/daily/2024/gpcp_v01r03_daily_d20240406_c20240708.nc
2024-04-07,2.5189287917054832,4.002324427314838,288,/glade/work/jiachengye/33200/gpcp/daily/2024/gpcp_v01r03_daily_d20240407_c20240708.nc
2024-04-08,1.2253361923809751,1.9170696250499832,288,/glade/work/jiachengye/33200/gpcp/daily/2024/gpcp_v01r03_daily_d20240408_c20240708.nc
2024-04-09,1.0734863705352615,2.8667794074962107,288,/glade/work/jiachengye/33200/gpcp/daily/2024/gpcp_v01r03_daily_d20240409_c20240708.nc
2024-04-10,0.3144728917181384,1.1072199873787656,288,/glade/work/jiachengye/33200/gpcp/daily/2024/gpcp_v01r03_daily_d20240410_c20240708.nc
2024-04-11,3.745645795721348,6.056463733280452,288,/glade/work/jiachengye/33200/gpcp/daily/2024/gpcp_v01r03_daily_d20240411_c20240708.nc
2024-04-12,2.802744692165957,5.8067678254809945,288,/glade/work/jiachengye/33200/gpcp/daily/2024/gpcp_v01r03_daily_d20240412_c20240708.nc
2024-04-13,0.5851007339455804,1.5313318228312347,288,/glade/work/jiachengye/33200/gpcp/daily/2024/gpcp_v01r03_daily_d20240413_c20240708.nc
2024-04-14,0.4527721698585207,1.7807480252794032,288,/glade/work/jiachengye/33200/gpcp/daily/2024/gpcp_v01r03_daily_d20240414_c20240708.nc
2024-04-15,0.5404037290002212,1.4866548999230853,288,/glade/work/jiachengye/33200/gpcp/daily/2024/gpcp_v01r03_daily_d20240415_c20240708.nc
2024-04-16,8.395722747462436,9.024807357082524,288,/glade/work/jiachengye/33200/gpcp/daily/2024/gpcp_v01r03_daily_d20240416_c20240708.nc
2024-04-17,6.774683440824126,8.740164698680164,288,/glade/work/jiachengye/33200/gpcp/daily/2024/gpcp_v01r03_daily_d20240417_c20240708.nc
2024-04-18,4.143767027907625,5.997680312238571,288,/glade/work/jiachengye/33200/gpcp/daily/2024/gpcp_v01r03_daily_d20240418_c20240708.nc
2024-04-19,4.461378223463133,7.096169547714884,288,/glade/work/jiachengye/33200/gpcp/daily/2024/gpcp_v01r03_daily_d20240419_c20240708.nc
2024-04-20,0.17095337013018116,0.5781900827460769,288,/glade/work/jiachengye/33200/gpcp/daily/2024/gpcp_v01r03_daily_d20240420_c20240708.nc
2024-04-21,0.21953580189735566,0.9766518953418736,288,/glade/work/jiachengye/33200/gpcp/daily/2024/gpcp_v01r03_daily_d20240421_c20240708.nc
2024-04-22,1.44593935420668,2.7261778761786193,288,/glade/work/jiachengye/33200/gpcp/daily/2024/gpcp_v01r03_daily_d20240422_c20240708.nc
2024-04-23,2.8217543749853515,4.5157863336335,288,/glade/work/jiachengye/33200/gpcp/daily/2024/gpcp_v01r03_daily_d20240423_c20240708.nc
2024-04-24,0.633482863774009,2.042537946436052,288,/glade/work/jiachengye/33200/gpcp/daily/2024/gpcp_v01r03_daily_d20240424_c20240708.nc
2024-04-25,3.384899335293641,6.806508588495828,288,/glade/work/jiachengye/33200/gpcp/daily/2024/gpcp_v01r03_daily_d20240425_c20240708.nc
2024-04-26,10.69004892407631,11.889922812427645,288,/glade/work/jiachengye/33200/gpcp/daily/2024/gpcp_v01r03_daily_d20240426_c20240708.nc
2024-04-27,5.403205531117124,6.892963436890844,288,/glade/work/jiachengye/33200/gpcp/daily/2024/gpcp_v01r03_daily_d20240427_c20240708.nc
2024-04-28,13.217972734743949,14.279769020921188,288,/glade/work/jiachengye/33200/gpcp/daily/2024/gpcp_v01r03_daily_d20240428_c20240708.nc
2024-04-29,3.4887129910036707,5.421973634937081,288,/glade/work/jiachengye/33200/gpcp/daily/2024/gpcp_v01r03_daily_d20240429_c20240708.nc
2024-04-30,2.4530503923400087,3.6893085348582826,288,/glade/work/jiachengye/33200/gpcp/daily/2024/gpcp_v01r03_daily_d20240430_c20240708.nc
2024-05-01,3.6336083368944037,6.322181384328942,288,/glade/work/jiachengye/33200/gpcp/daily/2024/gpcp_v01r03_daily_d20240501_c20240807.nc
2024-05-02,5.911536448815329,6.500438640557387,288,/glade/work/jiachengye/33200/gpcp/daily/2024/gpcp_v01r03_daily_d20240502_c20240807.nc
2024-05-03,2.303345564392937,3.2925671325901584,288,/glade/work/jiachengye/33200/gpcp/daily/2024/gpcp_v01r03_daily_d20240503_c20240807.nc
2024-05-04,4.099042018974811,5.630937639971303,288,/glade/work/jiachengye/33200/gpcp/daily/2024/gpcp_v01r03_daily_d20240504_c20240807.nc
2024-05-05,1.4130671856182502,2.7912839813351367,288,/glade/work/jiachengye/33200/gpcp/daily/2024/gpcp_v01r03_daily_d20240505_c20240807.nc
2024-05-06,2.3866793128310126,3.4850535170411674,288,/glade/work/jiachengye/33200/gpcp/daily/2024/gpcp_v01r03_daily_d20240506_c20240807.nc
2024-05-07,8.034531227686564,7.261344152586575,288,/glade/work/jiachengye/33200/gpcp/daily/2024/gpcp_v01r03_daily_d20240507_c20240807.nc
2024-05-08,5.610764728512498,7.9638310172549645,288,/glade/work/jiachengye/33200/gpcp/daily/2024/gpcp_v01r03_daily_d20240508_c20240807.nc
2024-05-09,5.075807467046036,8.92358614159023,288,/glade/work/jiachengye/33200/gpcp/daily/2024/gpcp_v01r03_daily_d20240509_c20240807.nc
2024-05-10,0.27977395684991385,0.9584614520689999,288,/glade/work/jiachengye/33200/gpcp/daily/2024/gpcp_v01r03_daily_d20240510_c20240807.nc
2024-05-11,0.6751172413558468,1.85738964607894,288,/glade/work/jiachengye/33200/gpcp/daily/2024/gpcp_v01r03_daily_d20240511_c20240807.nc
2024-05-12,0.9874676084052116,2.30002804489974,288,/glade/work/jiachengye/33200/gpcp/daily/2024/gpcp_v01r03_daily_d20240512_c20240807.nc
2024-05-13,1.219098909623468,2.506794295988791,288,/glade/work/jiachengye/33200/gpcp/daily/2024/gpcp_v01r03_daily_d20240513_c20240807.nc
2024-05-14,1.863935459440007,3.069433718503725,288,/glade/work/jiachengye/33200/gpcp/daily/2024/gpcp_v01r03_daily_d20240514_c20240807.nc
2024-05-15,3.5990014858349095,4.781795529795606,288,/glade/work/jiachengye/33200/gpcp/daily/2024/gpcp_v01r03_daily_d20240515_c20240807.nc
2024-05-16,3.2512333672187514,5.042773102864572,288,/glade/work/jiachengye/33200/gpcp/daily/2024/gpcp_v01r03_daily_d20240516_c20240807.nc
2024-05-17,1.1405199168899978,2.378041875389134,288,/glade/work/jiachengye/33200/gpcp/daily/2024/gpcp_v01r03_daily_d20240517_c20240807.nc
2024-05-18,0.821132254083596,1.90798545868828,288,/glade/work/jiachengye/33200/gpcp/daily/2024/gpcp_v01r03_daily_d20240518_c20240807.nc
2024-05-19,3.6594704684612056,5.516574557027079,288,/glade/work/jiachengye/33200/gpcp/daily/2024/gpcp_v01r03_daily_d20240519_c20240807.nc
2024-05-20,6.965068049721778,7.7007471183536635,288,/glade/work/jiachengye/33200/gpcp/daily/2024/gpcp_v01r03_daily_d20240520_c20240807.nc
2024-05-21,7.162834568291456,8.007820081388076,288,/glade/work/jiachengye/33200/gpcp/daily/2024/gpcp_v01r03_daily_d20240521_c20240807.nc
2024-05-22,2.729278156919279,4.0529060267156325,288,/glade/work/jiachengye/33200/gpcp/daily/2024/gpcp_v01r03_daily_d20240522_c20240807.nc
2024-05-23,2.5964594298028594,4.999556297844225,288,/glade/work/jiachengye/33200/gpcp/daily/2024/gpcp_v01r03_daily_d20240523_c20240807.nc
2024-05-24,6.710137137092581,6.994279181422096,288,/glade/work/jiachengye/33200/gpcp/daily/2024/gpcp_v01r03_daily_d20240524_c20240807.nc
2024-05-25,3.69721713891252,5.060050023347342,288,/glade/work/jiachengye/33200/gpcp/daily/2024/gpcp_v01r03_daily_d20240525_c20240807.nc
2024-05-26,10.067280397132352,9.482078804097931,288,/glade/work/jiachengye/33200/gpcp/daily/2024/gpcp_v01r03_daily_d20240526_c20240807.nc
2024-05-27,4.955037125496235,5.635888406474719,288,/glade/work/jiachengye/33200/gpcp/daily/2024/gpcp_v01r03_daily_d20240527_c20240807.nc
2024-05-28,1.5280281724928786,2.5747095357766283,288,/glade/work/jiachengye/33200/gpcp/daily/2024/gpcp_v01r03_daily_d20240528_c20240807.nc
2024-05-29,1.2298718457115463,3.109080578637494,288,/glade/work/jiachengye/33200/gpcp/daily/2024/gpcp_v01r03_daily_d20240529_c20240807.nc
2024-05-30,3.769780829372897,6.082837297705568,288,/glade/work/jiachengye/33200/gpcp/daily/2024/gpcp_v01r03_daily_d20240530_c20240807.nc
2024-05-31,3.2853832872971025,5.169954799286718,288,/glade/work/jiachengye/33200/gpcp/daily/2024/gpcp_v01r03_daily_d20240531_c20240807.nc
2024-06-01,4.471917069222417,4.680028033902669,288,/glade/work/jiachengye/33200/gpcp/daily/2024/gpcp_v01r03_daily_d20240601_c20240906.nc
2024-06-02,3.9076839912699377,5.519051706508415,288,/glade/work/jiachengye/33200/gpcp/daily/2024/gpcp_v01r03_daily_d20240602_c20240906.nc
2024-06-03,5.744573660957358,7.361482510100827,288,/glade/work/jiachengye/33200/gpcp/daily/2024/gpcp_v01r03_daily_d20240603_c20240906.nc
2024-06-04,5.203651679462332,5.711466256979318,288,/glade/work/jiachengye/33200/gpcp/daily/2024/gpcp_v01r03_daily_d20240604_c20240906.nc
2024-06-05,4.342464444369703,5.3402305259019265,288,/glade/work/jiachengye/33200/gpcp/daily/2024/gpcp_v01r03_daily_d20240605_c20240906.nc
2024-06-06,1.4848915058162118,2.9599497073944927,288,/glade/work/jiachengye/33200/gpcp/daily/2024/gpcp_v01r03_daily_d20240606_c20240906.nc
2024-06-07,1.4356903893676844,2.5168955064187575,288,/glade/work/jiachengye/33200/gpcp/daily/2024/gpcp_v01r03_daily_d20240607_c20240906.nc
2024-06-08,6.000654208799934,6.968574950558613,288,/glade/work/jiachengye/33200/gpcp/daily/2024/gpcp_v01r03_daily_d20240608_c20240906.nc
2024-06-09,7.144676533304522,10.89491985708912,288,/glade/work/jiachengye/33200/gpcp/daily/2024/gpcp_v01r03_daily_d20240609_c20240906.nc
2024-06-10,1.363688706058158,3.40938994135072,288,/glade/work/jiachengye/33200/gpcp/daily/2024/gpcp_v01r03_daily_d20240610_c20240906.nc
2024-06-11,1.3955817599484037,3.07617492459406,288,/glade/work/jiachengye/33200/gpcp/daily/2024/gpcp_v01r03_daily_d20240611_c20240906.nc
2024-06-12,1.3283806501573117,3.155368663438693,288,/glade/work/jiachengye/33200/gpcp/daily/2024/gpcp_v01r03_daily_d20240612_c20240906.nc
2024-06-13,1.8662963158044596,4.290006553326958,288,/glade/work/jiachengye/33200/gpcp/daily/2024/gpcp_v01r03_daily_d20240613_c20240906.nc
2024-06-14,5.806649867200178,7.848397025579844,288,/glade/work/jiachengye/33200/gpcp/daily/2024/gpcp_v01r03_daily_d20240614_c20240906.nc
2024-06-15,6.941481769251259,8.711985248007075,288,/glade/work/jiachengye/33200/gpcp/daily/2024/gpcp_v01r03_daily_d20240615_c20240906.nc
2024-06-16,3.598730084648789,4.6132589938047746,288,/glade/work/jiachengye/33200/gpcp/daily/2024/gpcp_v01r03_daily_d20240616_c20240906.nc
2024-06-17,6.330619129039566,7.865922220387375,288,/glade/work/jiachengye/33200/gpcp/daily/2024/gpcp_v01r03_daily_d20240617_c20240906.nc
2024-06-18,4.2888230854956175,6.60513322056799,288,/glade/work/jiachengye/33200/gpcp/daily/2024/gpcp_v01r03_daily_d20240618_c20240906.nc
2024-06-19,5.670213147025487,7.072358821181661,288,/glade/work/jiachengye/33200/gpcp/daily/2024/gpcp_v01r03_daily_d20240619_c20240906.nc
2024-06-20,3.357539153567508,4.946146709787101,288,/glade/work/jiachengye/33200/gpcp/daily/2024/gpcp_v01r03_daily_d20240620_c20240906.nc
2024-06-21,5.321564045320468,7.2217420492771485,288,/glade/work/jiachengye/33200/gpcp/daily/2024/gpcp_v01r03_daily_d20240621_c20240906.nc
2024-06-22,6.429735698044001,7.6230911845359355,288,/glade/work/jiachengye/33200/gpcp/daily/2024/gpcp_v01r03_daily_d20240622_c20240906.nc
2024-06-23,2.194124186728102,3.7881341065639647,288,/glade/work/jiachengye/33200/gpcp/daily/2024/gpcp_v01r03_daily_d20240623_c20240906.nc
2024-06-24,1.5094473522386747,3.233129674062703,288,/glade/work/jiachengye/33200/gpcp/daily/2024/gpcp_v01r03_daily_d20240624_c20240906.nc
2024-06-25,4.504852496521791,6.388700804359894,288,/glade/work/jiachengye/33200/gpcp/daily/2024/gpcp_v01r03_daily_d20240625_c20240906.nc
2024-06-26,4.372331801839265,6.137083323144882,288,/glade/work/jiachengye/33200/gpcp/daily/2024/gpcp_v01r03_daily_d20240626_c20240906.nc
2024-06-27,1.9057190732077842,3.0973434750416455,288,/glade/work/jiachengye/33200/gpcp/daily/2024/gpcp_v01r03_daily_d20240627_c20240906.nc
2024-06-28,6.96151554341319,6.5841179477085054,288,/glade/work/jiachengye/33200/gpcp/daily/2024/gpcp_v01r03_daily_d20240628_c20240906.nc
2024-06-29,4.074498503519045,5.563847843785504,288,/glade/work/jiachengye/33200/gpcp/daily/2024/gpcp_v01r03_daily_d20240629_c20240906.nc
2024-06-30,2.6771357369447752,5.599438223893243,288,/glade/work/jiachengye/33200/gpcp/daily/2024/gpcp_v01r03_daily_d20240630_c20240906.nc
2024-07-01,5.083396284337374,6.870811791505546,288,/glade/work/jiachengye/33200/gpcp/daily/2024/gpcp_v01r03_daily_d20240701_c20241015.nc
2024-07-02,6.262968178725344,9.644893267495714,288,/glade/work/jiachengye/33200/gpcp/daily/2024/gpcp_v01r03_daily_d20240702_c20241015.nc
2024-07-03,5.285085119334153,8.766453273728342,288,/glade/work/jiachengye/33200/gpcp/daily/2024/gpcp_v01r03_daily_d20240703_c20241015.nc
2024-07-04,10.898131058749819,10.232881494742239,288,/glade/work/jiachengye/33200/gpcp/daily/2024/gpcp_v01r03_daily_d20240704_c20241015.nc
2024-07-05,5.300230980285191,6.38171331662063,288,/glade/work/jiachengye/33200/gpcp/daily/2024/gpcp_v01r03_daily_d20240705_c20241015.nc
2024-07-06,1.6868790260872684,2.957593940780012,288,/glade/work/jiachengye/33200/gpcp/daily/2024/gpcp_v01r03_daily_d20240706_c20241015.nc
2024-07-07,4.425103112842737,7.0286337250603665,288,/glade/work/jiachengye/33200/gpcp/daily/2024/gpcp_v01r03_daily_d20240707_c20241015.nc
2024-07-08,3.181869638135367,4.24865240285416,288,/glade/work/jiachengye/33200/gpcp/daily/2024/gpcp_v01r03_daily_d20240708_c20241015.nc
2024-07-09,2.5152246593937417,4.825281792185828,288,/glade/work/jiachengye/33200/gpcp/daily/2024/gpcp_v01r03_daily_d20240709_c20241015.nc
2024-07-10,3.400424960296132,5.2890038271115545,288,/glade/work/jiachengye/33200/gpcp/daily/2024/gpcp_v01r03_daily_d20240710_c20241015.nc
2024-07-11,0.9229288227212323,2.146982418092184,288,/glade/work/jiachengye/33200/gpcp/daily/2024/gpcp_v01r03_daily_d20240711_c20241015.nc
2024-07-12,1.1200283274832625,3.565411865652075,288,/glade/work/jiachengye/33200/gpcp/daily/2024/gpcp_v01r03_daily_d20240712_c20241015.nc
2024-07-13,2.2362781846240973,4.163912374898277,288,/glade/work/jiachengye/33200/gpcp/daily/2024/gpcp_v01r03_daily_d20240713_c20241015.nc
2024-07-14,2.8040684779376,4.549343263917863,288,/glade/work/jiachengye/33200/gpcp/daily/2024/gpcp_v01r03_daily_d20240714_c20241015.nc
2024-07-15,3.7636301109087733,4.614705553114767,288,/glade/work/jiachengye/33200/gpcp/daily/2024/gpcp_v01r03_daily_d20240715_c20241015.nc
2024-07-16,11.099661993192985,14.280578715507637,288,/glade/work/jiachengye/33200/gpcp/daily/2024/gpcp_v01r03_daily_d20240716_c20241015.nc
2024-07-17,3.2517933257851386,7.464392352611775,288,/glade/work/jiachengye/33200/gpcp/daily/2024/gpcp_v01r03_daily_d20240717_c20241015.nc
2024-07-18,0.236132517575388,1.033693871417123,288,/glade/work/jiachengye/33200/gpcp/daily/2024/gpcp_v01r03_daily_d20240718_c20241015.nc
2024-07-19,1.7789991080348215,4.610026244237263,288,/glade/work/jiachengye/33200/gpcp/daily/2024/gpcp_v01r03_daily_d20240719_c20241015.nc
2024-07-20,3.3718950501251244,6.369874028329986,288,/glade/work/jiachengye/33200/gpcp/daily/2024/gpcp_v01r03_daily_d20240720_c20241015.nc
2024-07-21,1.0544869273465542,2.302644944158178,288,/glade/work/jiachengye/33200/gpcp/daily/2024/gpcp_v01r03_daily_d20240721_c20241015.nc
2024-07-22,2.405672195169539,4.22451924281933,288,/glade/work/jiachengye/33200/gpcp/daily/2024/gpcp_v01r03_daily_d20240722_c20241015.nc
2024-07-23,2.3663137318645884,3.881623667909559,288,/glade/work/jiachengye/33200/gpcp/daily/2024/gpcp_v01r03_daily_d20240723_c20241015.nc
2024-07-24,1.6233032747698555,3.7472671067195216,288,/glade/work/jiachengye/33200/gpcp/daily/2024/gpcp_v01r03_daily_d20240724_c20241015.nc
2024-07-25,0.46648878018784967,2.4254336779199352,288,/glade/work/jiachengye/33200/gpcp/daily/2024/gpcp_v01r03_daily_d20240725_c20241015.nc
2024-07-26,1.34321016763758,2.0903589635663695,72,/glade/work/jiachengye/33200/gpcp/daily/2024/gpcp_v01r03_daily_d20240726_c20241015.nc
2024-07-27,1.619050203252797,3.1320692685568448,72,/glade/work/jiachengye/33200/gpcp/daily/2024/gpcp_v01r03_daily_d20240727_c20241015.nc
2024-07-28,4.926517544725749,7.153069879874263,288,/glade/work/jiachengye/33200/gpcp/daily/2024/gpcp_v01r03_daily_d20240728_c20241015.nc
2024-07-29,3.8784186427187826,5.355866777300182,288,/glade/work/jiachengye/33200/gpcp/daily/2024/gpcp_v01r03_daily_d20240729_c20241015.nc
2024-07-30,3.8407056652404155,5.531466210024902,288,/glade/work/jiachengye/33200/gpcp/daily/2024/gpcp_v01r03_daily_d20240730_c20241015.nc
2024-07-31,4.50282889177437,6.194225608742743,288,/glade/work/jiachengye/33200/gpcp/daily/2024/gpcp_v01r03_daily_d20240731_c20241015.nc
2024-08-01,8.438609543947408,8.83792292514157,288,/glade/work/jiachengye/33200/gpcp/daily/2024/gpcp_v01r03_daily_d20240801_c20241112.nc
2024-08-02,4.067762913372278,7.127576453121076,288,/glade/work/jiachengye/33200/gpcp/daily/2024/gpcp_v01r03_daily_d20240802_c20241112.nc
2024-08-03,1.604117729798159,3.4845535720642205,288,/glade/work/jiachengye/33200/gpcp/daily/2024/gpcp_v01r03_daily_d20240803_c20241112.nc
2024-08-04,2.3523132875413304,3.1800249681986617,288,/glade/work/jiachengye/33200/gpcp/daily/2024/gpcp_v01r03_daily_d20240804_c20241112.nc
2024-08-05,5.3639992430794665,7.62442377375608,288,/glade/work/jiachengye/33200/gpcp/daily/2024/gpcp_v01r03_daily_d20240805_c20241112.nc
2024-08-06,1.4111013462057778,3.239237508461237,288,/glade/work/jiachengye/33200/gpcp/daily/2024/gpcp_v01r03_daily_d20240806_c20241112.nc
2024-08-07,2.226200535812375,3.7952597637983816,288,/glade/work/jiachengye/33200/gpcp/daily/2024/gpcp_v01r03_daily_d20240807_c20241112.nc
2024-08-08,5.608926841945608,8.168542579998649,288,/glade/work/jiachengye/33200/gpcp/daily/2024/gpcp_v01r03_daily_d20240808_c20241112.nc
2024-08-09,1.8490123888449175,5.0224093398691565,288,/glade/work/jiachengye/33200/gpcp/daily/2024/gpcp_v01r03_daily_d20240809_c20241112.nc
2024-08-10,0.8462287661679792,1.9688889154947564,288,/glade/work/jiachengye/33200/gpcp/daily/2024/gpcp_v01r03_daily_d20240810_c20241112.nc
2024-08-11,1.5225612622509077,2.6575414463383424,288,/glade/work/jiachengye/33200/gpcp/daily/2024/gpcp_v01r03_daily_d20240811_c20241112.nc
2024-08-12,0.742209309514446,2.275902562834282,288,/glade/work/jiachengye/33200/gpcp/daily/2024/gpcp_v01r03_daily_d20240812_c20241112.nc
2024-08-13,3.6297276929811706,6.420450017601976,288,/glade/work/jiachengye/33200/gpcp/daily/2024/gpcp_v01r03_daily_d20240813_c20241112.nc
2024-08-14,4.5220567266232425,5.727972028882348,288,/glade/work/jiachengye/33200/gpcp/daily/2024/gpcp_v01r03_daily_d20240814_c20241112.nc
2024-08-15,5.3518494165200465,6.062353088884595,288,/glade/work/jiachengye/33200/gpcp/daily/2024/gpcp_v01r03_daily_d20240815_c20241112.nc
2024-08-16,4.503324410217,6.174135050937088,288,/glade/work/jiachengye/33200/gpcp/daily/2024/gpcp_v01r03_daily_d20240816_c20241112.nc
2024-08-17,2.561013792798829,3.9563223966652603,288,/glade/work/jiachengye/33200/gpcp/daily/2024/gpcp_v01r03_daily_d20240817_c20241112.nc
2024-08-18,1.2686775763497995,2.238746450580389,288,/glade/work/jiachengye/33200/gpcp/daily/2024/gpcp_v01r03_daily_d20240818_c20241112.nc
2024-08-19,0.34552355562408743,1.0505666377579268,288,/glade/work/jiachengye/33200/gpcp/daily/2024/gpcp_v01r03_daily_d20240819_c20241112.nc
2024-08-20,1.9580023310384442,4.254146674182233,288,/glade/work/jiachengye/33200/gpcp/daily/2024/gpcp_v01r03_daily_d20240820_c20241112.nc
2024-08-21,0.5847360553370711,1.6302347101964232,288,/glade/work/jiachengye/33200/gpcp/daily/2024/gpcp_v01r03_daily_d20240821_c20241112.nc
2024-08-22,3.5744539679550553,6.422518470808798,288,/glade/work/jiachengye/33200/gpcp/daily/2024/gpcp_v01r03_daily_d20240822_c20241112.nc
2024-08-23,2.3509932037245496,4.402217073127396,288,/glade/work/jiachengye/33200/gpcp/daily/2024/gpcp_v01r03_daily_d20240823_c20241112.nc
2024-08-24,1.5130819184725337,3.900574915168849,288,/glade/work/jiachengye/33200/gpcp/daily/2024/gpcp_v01r03_daily_d20240824_c20241112.nc
2024-08-25,0.18861967151798034,0.8281689172702643,288,/glade/work/jiachengye/33200/gpcp/daily/2024/gpcp_v01r03_daily_d20240825_c20241112.nc
2024-08-26,1.820046933788284,3.699492975545046,288,/glade/work/jiachengye/33200/gpcp/daily/2024/gpcp_v01r03_daily_d20240826_c20241112.nc
2024-08-27,5.3874832779647175,7.3318867547543425,288,/glade/work/jiachengye/33200/gpcp/daily/2024/gpcp_v01r03_daily_d20240827_c20241112.nc
2024-08-28,3.208390711528593,5.22442740904008,288,/glade/work/jiachengye/33200/gpcp/daily/2024/gpcp_v01r03_daily_d20240828_c20241112.nc
2024-08-29,2.8544767093281367,4.43762581275275,288,/glade/work/jiachengye/33200/gpcp/daily/2024/gpcp_v01r03_daily_d20240829_c20241112.nc
2024-08-30,3.249111430776358,4.8698489696440515,288,/glade/work/jiachengye/33200/gpcp/daily/2024/gpcp_v01r03_daily_d20240830_c20241112.nc
2024-08-31,2.0234939981435294,4.593274776831236,288,/glade/work/jiachengye/33200/gpcp/daily/2024/gpcp_v01r03_daily_d20240831_c20241112.nc
2024-09-01,0.7738901695830888,2.487340309990211,288,/glade/work/jiachengye/33200/gpcp/daily/2024/gpcp_v01r03_daily_d20240901_c20241209.nc
2024-09-02,0.015160035671914028,0.11796873518105397,288,/glade/work/jiachengye/33200/gpcp/daily/2024/gpcp_v01r03_daily_d20240902_c20241209.nc
2024-09-03,0.26858525928187177,0.8058991505602772,288,/glade/work/jiachengye/33200/gpcp/daily/2024/gpcp_v01r03_daily_d20240903_c20241209.nc
2024-09-04,1.126018398836539,2.1306441976456285,288,/glade/work/jiachengye/33200/gpcp/daily/2024/gpcp_v01r03_daily_d20240904_c20241209.nc
2024-09-05,2.1101585971046855,3.9032468560287357,288,/glade/work/jiachengye/33200/gpcp/daily/2024/gpcp_v01r03_daily_d20240905_c20241209.nc
2024-09-06,0.7632502503860946,1.9141907361243438,288,/glade/work/jiachengye/33200/gpcp/daily/2024/gpcp_v01r03_daily_d20240906_c20241209.nc
2024-09-07,0.3839472201511271,1.4205577535825282,288,/glade/work/jiachengye/33200/gpcp/daily/2024/gpcp_v01r03_daily_d20240907_c20241209.nc
2024-09-08,0.8364758590179212,2.556906591130152,288,/glade/work/jiachengye/33200/gpcp/daily/2024/gpcp_v01r03_daily_d20240908_c20241209.nc
2024-09-09,0.21261069481741082,1.0231743315840052,288,/glade/work/jiachengye/33200/gpcp/daily/2024/gpcp_v01r03_daily_d20240909_c20241209.nc
2024-09-10,0.5127600970228278,1.0022538170915984,288,/glade/work/jiachengye/33200/gpcp/daily/2024/gpcp_v01r03_daily_d20240910_c20241209.nc
2024-09-11,0.8429611944380759,1.699097305902403,288,/glade/work/jiachengye/33200/gpcp/daily/2024/gpcp_v01r03_daily_d20240911_c20241209.nc
2024-09-12,1.3540430359801168,4.8060249607364,288,/glade/work/jiachengye/33200/gpcp/daily/2024/gpcp_v01r03_daily_d20240912_c20241209.nc
2024-09-13,1.0586996465785843,2.371258926389094,288,/glade/work/jiachengye/33200/gpcp/daily/2024/gpcp_v01r03_daily_d20240913_c20241209.nc
2024-09-14,1.1261017120624066,2.8955868263157094,288,/glade/work/jiachengye/33200/gpcp/daily/2024/gpcp_v01r03_daily_d20240914_c20241209.nc
2024-09-15,0.6779405533309845,1.5730868350391618,288,/glade/work/jiachengye/33200/gpcp/daily/2024/gpcp_v01r03_daily_d20240915_c20241209.nc
2024-09-16,1.4537874843883352,2.506470530920135,288,/glade/work/jiachengye/33200/gpcp/daily/2024/gpcp_v01r03_daily_d20240916_c20241209.nc
2024-09-17,0.7146594650747596,1.9186024988904533,288,/glade/work/jiachengye/33200/gpcp/daily/2024/gpcp_v01r03_daily_d20240917_c20241209.nc
2024-09-18,2.5833651376486997,3.7523304655895546,288,/glade/work/jiachengye/33200/gpcp/daily/2024/gpcp_v01r03_daily_d20240918_c20241209.nc
2024-09-19,0.8751564109255596,2.2143389362983807,288,/glade/work/jiachengye/33200/gpcp/daily/2024/gpcp_v01r03_daily_d20240919_c20241209.nc
2024-09-20,1.6778749022878199,3.3488109865886875,288,/glade/work/jiachengye/33200/gpcp/daily/2024/gpcp_v01r03_daily_d20240920_c20241209.nc
2024-09-21,2.7108242990346563,5.349776059850476,288,/glade/work/jiachengye/33200/gpcp/daily/2024/gpcp_v01r03_daily_d20240921_c20241209.nc
2024-09-22,6.291634191150233,7.938570057681944,288,/glade/work/jiachengye/33200/gpcp/daily/2024/gpcp_v01r03_daily_d20240922_c20241209.nc
2024-09-23,3.8755427617755633,7.07963006597935,288,/glade/work/jiachengye/33200/gpcp/daily/2024/gpcp_v01r03_daily_d20240923_c20241209.nc
2024-09-24,4.45558331613005,5.8886663494760665,288,/glade/work/jiachengye/33200/gpcp/daily/2024/gpcp_v01r03_daily_d20240924_c20241209.nc
2024-09-25,2.959991555197553,8.556232491093615,288,/glade/work/jiachengye/33200/gpcp/daily/2024/gpcp_v01r03_daily_d20240925_c20241209.nc
2024-09-26,3.24736546161271,10.25377494270099,288,/glade/work/jiachengye/33200/gpcp/daily/2024/gpcp_v01r03_daily_d20240926_c20241209.nc
2024-09-27,8.614981658951134,15.93317421171112,288,/glade/work/jiachengye/33200/gpcp/daily/2024/gpcp_v01r03_daily_d20240927_c20241209.nc
2024-09-28,0.4562686996249162,1.62434835297654,288,/glade/work/jiachengye/33200/gpcp/daily/2024/gpcp_v01r03_daily_d20240928_c20241209.nc
2024-09-29,0.18199180514631108,1.0139121624778957,288,/glade/work/jiachengye/33200/gpcp/daily/2024/gpcp_v01r03_daily_d20240929_c20241209.nc
2024-09-30,0.09742699507499893,0.4515146970840055,288,/glade/work/jiachengye/33200/gpcp/daily/2024/gpcp_v01r03_daily_d20240930_c20241209.nc
2024-10-01,0.2930712539134285,0.643369554701321,288,/glade/work/jiachengye/33200/gpcp/daily/2024/gpcp_v01r03_daily_d20241001_c20250108.nc
2024-10-02,0.6105007554919187,1.2447741493020756,288,/glade/work/jiachengye/33200/gpcp/daily/2024/gpcp_v01r03_daily_d20241002_c20250108.nc
2024-10-03,0.35771949245048396,0.7937969617190745,288,/glade/work/jiachengye/33200/gpcp/daily/2024/gpcp_v01r03_daily_d20241003_c20250108.nc
2024-10-04,1.7708642298006378,4.159142793266421,288,/glade/work/jiachengye/33200/gpcp/daily/2024/gpcp_v01r03_daily_d20241004_c20250108.nc
2024-10-05,0.1860469148825037,0.5673573714181677,288,/glade/work/jiachengye/33200/gpcp/daily/2024/gpcp_v01r03_daily_d20241005_c20250108.nc
2024-10-06,0.5903457352600456,1.9307557227914018,288,/glade/work/jiachengye/33200/gpcp/daily/2024/gpcp_v01r03_daily_d20241006_c20250108.nc
2024-10-07,0.13780651433718694,0.5823675375790194,288,/glade/work/jiachengye/33200/gpcp/daily/2024/gpcp_v01r03_daily_d20241007_c20250108.nc
2024-10-08,0.05716424098338215,0.33732796224674627,288,/glade/work/jiachengye/33200/gpcp/daily/2024/gpcp_v01r03_daily_d20241008_c20250108.nc
2024-10-09,0.036900498892889794,0.22901599589933844,288,/glade/work/jiachengye/33200/gpcp/daily/2024/gpcp_v01r03_daily_d20241009_c20250108.nc
2024-10-10,0.02453420648702634,0.07921668696257038,288,/glade/work/jiachengye/33200/gpcp/daily/2024/gpcp_v01r03_daily_d20241010_c20250108.nc
2024-10-11,0.6181233126420187,1.418419206997971,288,/glade/work/jiachengye/33200/gpcp/daily/2024/gpcp_v01r03_daily_d20241011_c20250108.nc
2024-10-12,1.2532882942579309,2.547989826146272,288,/glade/work/jiachengye/33200/gpcp/daily/2024/gpcp_v01r03_daily_d20241012_c20250108.nc
2024-10-13,1.26866837604605,2.7609667020906277,288,/glade/work/jiachengye/33200/gpcp/daily/2024/gpcp_v01r03_daily_d20241013_c20250108.nc
2024-10-14,1.047971395278253,1.855809909679541,288,/glade/work/jiachengye/33200/gpcp/daily/2024/gpcp_v01r03_daily_d20241014_c20250108.nc
2024-10-15,1.0271936272087472,2.8116036492421133,288,/glade/work/jiachengye/33200/gpcp/daily/2024/gpcp_v01r03_daily_d20241015_c20250108.nc
2024-10-16,0.030347173169203833,0.12037751531873586,288,/glade/work/jiachengye/33200/gpcp/daily/2024/gpcp_v01r03_daily_d20241016_c20250108.nc
2024-10-17,0.03926829865845516,0.1898090686516621,288,/glade/work/jiachengye/33200/gpcp/daily/2024/gpcp_v01r03_daily_d20241017_c20250108.nc
2024-10-18,0.3427695784391276,0.7199845107230674,288,/glade/work/jiachengye/33200/gpcp/daily/2024/gpcp_v01r03_daily_d20241018_c20250108.nc
2024-10-19,0.7407985264592254,1.6831342313410733,288,/glade/work/jiachengye/33200/gpcp/daily/2024/gpcp_v01r03_daily_d20241019_c20250108.nc
2024-10-20,0.2878629860423969,0.6985948869042193,288,/glade/work/jiachengye/33200/gpcp/daily/2024/gpcp_v01r03_daily_d20241020_c20250108.nc
2024-10-21,0.7849094263293152,1.8815598531269866,288,/glade/work/jiachengye/33200/gpcp/daily/2024/gpcp_v01r03_daily_d20241021_c20250108.nc
2024-10-22,1.387950672979997,2.4396854150674026,288,/glade/work/jiachengye/33200/gpcp/daily/2024/gpcp_v01r03_daily_d20241022_c20250108.nc
2024-10-23,1.2408836796264724,2.14331542457415,288,/glade/work/jiachengye/33200/gpcp/daily/2024/gpcp_v01r03_daily_d20241023_c20250108.nc
2024-10-24,1.0949572363987936,1.9275365359240213,288,/glade/work/jiachengye/33200/gpcp/daily/2024/gpcp_v01r03_daily_d20241024_c20250108.nc
2024-10-25,2.9888549760467873,4.196004032626392,288,/glade/work/jiachengye/33200/gpcp/daily/2024/gpcp_v01r03_daily_d20241025_c20250108.nc
2024-10-26,0.10233514890442157,0.3619439071626413,288,/glade/work/jiachengye/33200/gpcp/daily/2024/gpcp_v01r03_daily_d20241026_c20250108.nc
2024-10-27,0.8375757820896973,1.3507705744548044,288,/glade/work/jiachengye/33200/gpcp/daily/2024/gpcp_v01r03_daily_d20241027_c20250108.nc
2024-10-28,3.731123764094969,7.051836175160176,288,/glade/work/jiachengye/33200/gpcp/daily/2024/gpcp_v01r03_daily_d20241028_c20250108.nc
2024-10-29,3.4484453416687755,3.22564687455074,288,/glade/work/jiachengye/33200/gpcp/daily/2024/gpcp_v01r03_daily_d20241029_c20250108.nc
2024-10-30,3.336906215953182,4.610597491910896,288,/glade/work/jiachengye/33200/gpcp/daily/2024/gpcp_v01r03_daily_d20241030_c20250108.nc
2024-10-31,9.17066323822198,10.402838905369892,288,/glade/work/jiachengye/33200/gpcp/daily/2024/gpcp_v01r03_daily_d20241031_c20250108.nc
2024-11-01,0.7794368930276483,1.4608990299841125,288,/glade/work/jiachengye/33200/gpcp/daily/2024/gpcp_v01r03_daily_d20241101_c20250211.nc
2024-11-02,3.6770247223174395,10.632427686752907,288,/glade/work/jiachengye/33200/gpcp/daily/2024/gpcp_v01r03_daily_d20241102_c20250211.nc
2024-11-03,12.505742975613616,15.960986845238077,288,/glade/work/jiachengye/33200/gpcp/daily/2024/gpcp_v01r03_daily_d20241103_c20250211.nc
2024-11-04,11.156559315345595,15.607571040077396,288,/glade/work/jiachengye/33200/gpcp/daily/2024/gpcp_v01r03_daily_d20241104_c20250211.nc
2024-11-05,8.060584691711911,11.016230458075281,288,/glade/work/jiachengye/33200/gpcp/daily/2024/gpcp_v01r03_daily_d20241105_c20250211.nc
2024-11-06,1.3140270266415355,2.9151173054857855,288,/glade/work/jiachengye/33200/gpcp/daily/2024/gpcp_v01r03_daily_d20241106_c20250211.nc
2024-11-07,0.4866944081068348,2.849530666430087,288,/glade/work/jiachengye/33200/gpcp/daily/2024/gpcp_v01r03_daily_d20241107_c20250211.nc
2024-11-08,3.371665088557261,8.624956476462643,288,/glade/work/jiachengye/33200/gpcp/daily/2024/gpcp_v01r03_daily_d20241108_c20250211.nc
2024-11-09,2.8112994799418702,3.400716271029363,288,/glade/work/jiachengye/33200/gpcp/daily/2024/gpcp_v01r03_daily_d20241109_c20250211.nc
2024-11-10,3.3432286729189964,5.75422536970131,288,/glade/work/jiachengye/33200/gpcp/daily/2024/gpcp_v01r03_daily_d20241110_c20250211.nc
2024-11-11,0.341178730204594,0.9480175686381977,288,/glade/work/jiachengye/33200/gpcp/daily/2024/gpcp_v01r03_daily_d20241111_c20250211.nc
2024-11-12,0.03480825367917747,0.18975605235960194,288,/glade/work/jiachengye/33200/gpcp/daily/2024/gpcp_v01r03_daily_d20241112_c20250211.nc
2024-11-13,5.427373289549579,7.5218328551468625,288,/glade/work/jiachengye/33200/gpcp/daily/2024/gpcp_v01r03_daily_d20241113_c20250211.nc
2024-11-14,9.597847711062052,14.344223877719994,288,/glade/work/jiachengye/33200/gpcp/daily/2024/gpcp_v01r03_daily_d20241114_c20250211.nc
2024-11-15,0.3740999202733796,1.0631984635501996,288,/glade/work/jiachengye/33200/gpcp/daily/2024/gpcp_v01r03_daily_d20241115_c20250211.nc
2024-11-16,0.5426107375242525,1.2513319403963434,288,/glade/work/jiachengye/33200/gpcp/daily/2024/gpcp_v01r03_daily_d20241116_c20250211.nc
2024-11-17,2.1190511297220542,4.077674213508017,288,/glade/work/jiachengye/33200/gpcp/daily/2024/gpcp_v01r03_daily_d20241117_c20250211.nc
2024-11-18,4.769398748661733,6.256739898102454,288,/glade/work/jiachengye/33200/gpcp/daily/2024/gpcp_v01r03_daily_d20241118_c20250211.nc
2024-11-19,4.341331592812153,5.420954659133524,288,/glade/work/jiachengye/33200/gpcp/daily/2024/gpcp_v01r03_daily_d20241119_c20250211.nc
2024-11-20,1.5678265073986268,2.6411537826749383,288,/glade/work/jiachengye/33200/gpcp/daily/2024/gpcp_v01r03_daily_d20241120_c20250211.nc
2024-11-21,1.7994067389673827,4.0071636744152075,288,/glade/work/jiachengye/33200/gpcp/daily/2024/gpcp_v01r03_daily_d20241121_c20250211.nc
2024-11-22,0.5903697788810426,1.3996386487072925,288,/glade/work/jiachengye/33200/gpcp/daily/2024/gpcp_v01r03_daily_d20241122_c20250211.nc
2024-11-23,4.296652007485916,5.692940408296685,288,/glade/work/jiachengye/33200/gpcp/daily/2024/gpcp_v01r03_daily_d20241123_c20250211.nc
2024-11-24,4.036649384116552,4.333973350883827,288,/glade/work/jiachengye/33200/gpcp/daily/2024/gpcp_v01r03_daily_d20241124_c20250211.nc
2024-11-25,2.178815619527137,3.394243704410702,288,/glade/work/jiachengye/33200/gpcp/daily/2024/gpcp_v01r03_daily_d20241125_c20250211.nc
2024-11-26,1.0946385382027486,2.272059109882506,288,/glade/work/jiachengye/33200/gpcp/daily/2024/gpcp_v01r03_daily_d20241126_c20250211.nc
2024-11-27,5.045489012371087,7.412276059433994,288,/glade/work/jiachengye/33200/gpcp/daily/2024/gpcp_v01r03_daily_d20241127_c20250211.nc
2024-11-28,1.5738230419335744,3.9304874168505597,288,/glade/work/jiachengye/33200/gpcp/daily/2024/gpcp_v01r03_daily_d20241128_c20250211.nc
2024-11-29,0.43303166952592254,1.1190438299138488,288,/glade/work/jiachengye/33200/gpcp/daily/2024/gpcp_v01r03_daily_d20241129_c20250211.nc
2024-11-30,0.7358195911496895,1.6616491002386253,288,/glade/work/jiachengye/33200/gpcp/daily/2024/gpcp_v01r03_daily_d20241130_c20250211.nc
2024-12-01,0.0911092976323348,0.24422612525064927,288,/glade/work/jiachengye/33200/gpcp/daily/2024/gpcp_v01r03_daily_d20241201_c20250305.nc
2024-12-02,0.16802403656512616,0.45546163220207797,288,/glade/work/jiachengye/33200/gpcp/daily/2024/gpcp_v01r03_daily_d20241202_c20250305.nc
2024-12-03,0.8494205202073614,1.7866514253235708,288,/glade/work/jiachengye/33200/gpcp/daily/2024/gpcp_v01r03_daily_d20241203_c20250305.nc
2024-12-04,1.5257047174785026,2.8847676091322767,288,/glade/work/jiachengye/33200/gpcp/daily/2024/gpcp_v01r03_daily_d20241204_c20250305.nc
2024-12-05,0.16044696859711405,0.44594635522981396,288,/glade/work/jiachengye/33200/gpcp/daily/2024/gpcp_v01r03_daily_d20241205_c20250305.nc
2024-12-06,0.5572948289560443,1.5445388701361311,288,/glade/work/jiachengye/33200/gpcp/daily/2024/gpcp_v01r03_daily_d20241206_c20250305.nc
2024-12-07,2.6975196028533492,4.899581808496581,288,/glade/work/jiachengye/33200/gpcp/daily/2024/gpcp_v01r03_daily_d20241207_c20250305.nc
2024-12-08,2.3361247601988633,3.478619248717531,288,/glade/work/jiachengye/33200/gpcp/daily/2024/gpcp_v01r03_daily_d20241208_c20250305.nc
2024-12-09,5.6238685432952105,9.252634474728879,288,/glade/work/jiachengye/33200/gpcp/daily/2024/gpcp_v01r03_daily_d20241209_c20250305.nc
2024-12-10,0.2953286212297387,1.0313137058219408,288,/glade/work/jiachengye/33200/gpcp/daily/2024/gpcp_v01r03_daily_d20241210_c20250305.nc
2024-12-11,1.8304804336780627,8.107885926341611,288,/glade/work/jiachengye/33200/gpcp/daily/2024/gpcp_v01r03_daily_d20241211_c20250305.nc
2024-12-12,0.25408052580159024,0.5433798981683968,288,/glade/work/jiachengye/33200/gpcp/daily/2024/gpcp_v01r03_daily_d20241212_c20250305.nc
2024-12-13,0.331095621779427,0.861138951524132,288,/glade/work/jiachengye/33200/gpcp/daily/2024/gpcp_v01r03_daily_d20241213_c20250305.nc
2024-12-14,4.328905007124236,9.0980023777875,288,/glade/work/jiachengye/33200/gpcp/daily/2024/gpcp_v01r03_daily_d20241214_c20250305.nc
2024-12-15,4.193296498378271,7.000411418819636,288,/glade/work/jiachengye/33200/gpcp/daily/2024/gpcp_v01r03_daily_d20241215_c20250305.nc
2024-12-16,5.257469150404572,9.39121109687648,288,/glade/work/jiachengye/33200/gpcp/daily/2024/gpcp_v01r03_daily_d20241216_c20250305.nc
2024-12-17,2.549758679795574,3.0217977396624858,288,/glade/work/jiachengye/33200/gpcp/daily/2024/gpcp_v01r03_daily_d20241217_c20250305.nc
2024-12-18,3.774058413273647,6.564068668875062,288,/glade/work/jiachengye/33200/gpcp/daily/2024/gpcp_v01r03_daily_d20241218_c20250305.nc
2024-12-19,2.9222839111461547,3.526109565585461,288,/glade/work/jiachengye/33200/gpcp/daily/2024/gpcp_v01r03_daily_d20241219_c20250305.nc
2024-12-20,1.0031523507175024,1.5630696711621577,288,/glade/work/jiachengye/33200/gpcp/daily/2024/gpcp_v01r03_daily_d20241220_c20250305.nc
2024-12-21,0.09125441179896643,0.41093734588819614,288,/glade/work/jiachengye/33200/gpcp/daily/2024/gpcp_v01r03_daily_d20241221_c20250305.nc
2024-12-22,0.41499695770997475,0.9358729479810289,288,/glade/work/jiachengye/33200/gpcp/daily/2024/gpcp_v01r03_daily_d20241222_c20250305.nc
2024-12-23,2.569061706808493,4.790631630619996,288,/glade/work/jiachengye/33200/gpcp/daily/2024/gpcp_v01r03_daily_d20241223_c20250305.nc
2024-12-24,0.2906009651876655,1.5648410708413736,288,/glade/work/jiachengye/33200/gpcp/daily/2024/gpcp_v01r03_daily_d20241224_c20250305.nc
2024-12-25,0.22029549496807665,0.6942839746384454,288,/glade/work/jiachengye/33200/gpcp/daily/2024/gpcp_v01r03_daily_d20241225_c20250305.nc
2024-12-26,0.32025908430311334,0.7609628107153062,288,/glade/work/jiachengye/33200/gpcp/daily/2024/gpcp_v01r03_daily_d20241226_c20250305.nc
2024-12-27,4.683943206414284,5.160107685837191,288,/glade/work/jiachengye/33200/gpcp/daily/2024/gpcp_v01r03_daily_d20241227_c20250305.nc
2024-12-28,1.7046810773457977,3.3601642049743576,288,/glade/work/jiachengye/33200/gpcp/daily/2024/gpcp_v01r03_daily_d20241228_c20250305.nc
2024-12-29,6.297896296155843,8.906068204402219,288,/glade/work/jiachengye/33200/gpcp/daily/2024/gpcp_v01r03_daily_d20241229_c20250305.nc
2024-12-30,1.2818615638699487,2.096353836710915,288,/glade/work/jiachengye/33200/gpcp/daily/2024/gpcp_v01r03_daily_d20241230_c20250305.nc
2024-12-31,1.7300400485292249,3.3410913572686307,288,/glade/work/jiachengye/33200/gpcp/daily/2024/gpcp_v01r03_daily_d20241231_c20250305.nc
2025-01-01,0.3781790566702816,1.044397976620754,288,/glade/work/jiachengye/33200/gpcp/daily/2025/gpcp_v01r03_daily_d20250101_c20250405.nc
2025-01-02,0.24482613888463509,0.6975370086587112,288,/glade/work/jiachengye/33200/gpcp/daily/2025/gpcp_v01r03_daily_d20250102_c20250405.nc
2025-01-03,0.2690189020748158,0.5844186057229891,288,/glade/work/jiachengye/33200/gpcp/daily/2025/gpcp_v01r03_daily_d20250103_c20250405.nc
2025-01-04,2.0478995234992037,4.080779419939223,288,/glade/work/jiachengye/33200/gpcp/daily/2025/gpcp_v01r03_daily_d20250104_c20250405.nc
2025-01-05,4.62151735485808,6.2559281440722945,288,/glade/work/jiachengye/33200/gpcp/daily/2025/gpcp_v01r03_daily_d20250105_c20250405.nc
2025-01-06,2.3438156947971716,5.813220377207423,288,/glade/work/jiachengye/33200/gpcp/daily/2025/gpcp_v01r03_daily_d20250106_c20250405.nc
2025-01-07,0.0902342126859089,0.24495138276886966,288,/glade/work/jiachengye/33200/gpcp/daily/2025/gpcp_v01r03_daily_d20250107_c20250405.nc
2025-01-08,0.20296717395706454,0.6457221223570483,288,/glade/work/jiachengye/33200/gpcp/daily/2025/gpcp_v01r03_daily_d20250108_c20250405.nc
2025-01-09,0.6135857601843717,1.079851441455536,288,/glade/work/jiachengye/33200/gpcp/daily/2025/gpcp_v01r03_daily_d20250109_c20250405.nc
2025-01-10,1.6573988396843395,2.944138441569953,288,/glade/work/jiachengye/33200/gpcp/daily/2025/gpcp_v01r03_daily_d20250110_c20250405.nc
2025-01-11,1.043044300029208,1.2519039305397588,288,/glade/work/jiachengye/33200/gpcp/daily/2025/gpcp_v01r03_daily_d20250111_c20250405.nc
2025-01-12,1.2348999201515596,2.3385258580893553,288,/glade/work/jiachengye/33200/gpcp/daily/2025/gpcp_v01r03_daily_d20250112_c20250405.nc
2025-01-13,0.19086713971341185,0.6983518040133254,288,/glade/work/jiachengye/33200/gpcp/daily/2025/gpcp_v01r03_daily_d20250113_c20250405.nc
2025-01-14,0.09124168064431656,0.4923057440656264,288,/glade/work/jiachengye/33200/gpcp/daily/2025/gpcp_v01r03_daily_d20250114_c20250405.nc
2025-01-15,0.2454094088095163,0.720982624001369,288,/glade/work/jiachengye/33200/gpcp/daily/2025/gpcp_v01r03_daily_d20250115_c20250405.nc
2025-01-16,0.27965754373378904,0.6362894861273409,288,/glade/work/jiachengye/33200/gpcp/daily/2025/gpcp_v01r03_daily_d20250116_c20250405.nc
2025-01-17,1.3357453719399215,2.612425151322746,288,/glade/work/jiachengye/33200/gpcp/daily/2025/gpcp_v01r03_daily_d20250117_c20250405.nc
2025-01-18,2.0956147302613055,4.378235303596686,288,/glade/work/jiachengye/33200/gpcp/daily/2025/gpcp_v01r03_daily_d20250118_c20250405.nc
2025-01-19,0.10310848501676508,0.4756007181754783,288,/glade/work/jiachengye/33200/gpcp/daily/2025/gpcp_v01r03_daily_d20250119_c20250405.nc
2025-01-20,0.023709782360923713,0.16703156502317143,288,/glade/work/jiachengye/33200/gpcp/daily/2025/gpcp_v01r03_daily_d20250120_c20250405.nc
2025-01-21,0.45940171996083995,1.0606952027315095,288,/glade/work/jiachengye/33200/gpcp/daily/2025/gpcp_v01r03_daily_d20250121_c20250405.nc
2025-01-22,1.1261684263478877,1.7083372119959206,288,/glade/work/jiachengye/33200/gpcp/daily/2025/gpcp_v01r03_daily_d20250122_c20250405.nc
2025-01-23,0.09569570312900584,0.5013141543337555,288,/glade/work/jiachengye/33200/gpcp/daily/2025/gpcp_v01r03_daily_d20250123_c20250405.nc
2025-01-24,0.4907418560208831,0.9993962035879518,288,/glade/work/jiachengye/33200/gpcp/daily/2025/gpcp_v01r03_daily_d20250124_c20250405.nc
2025-01-25,0.46112761391886564,1.2190264628277236,288,/glade/work/jiachengye/33200/gpcp/daily/2025/gpcp_v01r03_daily_d20250125_c20250405.nc
2025-01-26,0.29441297363640506,0.9447580629664829,288,/glade/work/jiachengye/33200/gpcp/daily/2025/gpcp_v01r03_daily_d20250126_c20250405.nc
2025-01-27,1.1252545478576135,2.3618813950390507,288,/glade/work/jiachengye/33200/gpcp/daily/2025/gpcp_v01r03_daily_d20250127_c20250405.nc
2025-01-28,1.3161934604702756,3.5051737621225474,288,/glade/work/jiachengye/33200/gpcp/daily/2025/gpcp_v01r03_daily_d20250128_c20250405.nc
2025-01-29,0.13767720578715395,0.4485093888067187,288,/glade/work/jiachengye/33200/gpcp/daily/2025/gpcp_v01r03_daily_d20250129_c20250405.nc
2025-01-30,3.948730996336412,8.703924477657576,288,/glade/work/jiachengye/33200/gpcp/daily/2025/gpcp_v01r03_daily_d20250130_c20250405.nc
2025-01-31,6.424131750706138,13.158066329121336,288,/glade/work/jiachengye/33200/gpcp/daily/2025/gpcp_v01r03_daily_d20250131_c20250405.nc
2025-02-01,3.491686600787728,5.135962924733545,288,/glade/work/jiachengye/33200/gpcp/daily/2025/gpcp_v01r03_daily_d20250201_c20250508.nc
2025-02-02,1.7274097317972854,2.7677186954796293,288,/glade/work/jiachengye/33200/gpcp/daily/2025/gpcp_v01r03_daily_d20250202_c20250508.nc
2025-02-03,2.3475921677418397,3.306785310370293,288,/glade/work/jiachengye/33200/gpcp/daily/2025/gpcp_v01r03_daily_d20250203_c20250508.nc
2025-02-04,1.390766580811749,2.0634867472075555,288,/glade/work/jiachengye/33200/gpcp/daily/2025/gpcp_v01r03_daily_d20250204_c20250508.nc
2025-02-05,1.3330404496401442,2.6549038489159256,288,/glade/work/jiachengye/33200/gpcp/daily/2025/gpcp_v01r03_daily_d20250205_c20250508.nc
2025-02-06,2.0560762895375273,5.775575392523379,288,/glade/work/jiachengye/33200/gpcp/daily/2025/gpcp_v01r03_daily_d20250206_c20250508.nc
2025-02-07,0.22075674373676588,0.6506597182988366,288,/glade/work/jiachengye/33200/gpcp/daily/2025/gpcp_v01r03_daily_d20250207_c20250508.nc
2025-02-08,1.58734032896097,2.7912531352741174,288,/glade/work/jiachengye/33200/gpcp/daily/2025/gpcp_v01r03_daily_d20250208_c20250508.nc
2025-02-09,0.049650649310310595,0.35636473347337505,288,/glade/work/jiachengye/33200/gpcp/daily/2025/gpcp_v01r03_daily_d20250209_c20250508.nc
2025-02-10,0.052832509552127184,0.34291416826238214,288,/glade/work/jiachengye/33200/gpcp/daily/2025/gpcp_v01r03_daily_d20250210_c20250508.nc
2025-02-11,2.393579242893726,6.190661652387333,288,/glade/work/jiachengye/33200/gpcp/daily/2025/gpcp_v01r03_daily_d20250211_c20250508.nc
2025-02-12,3.0500925264634664,4.4686337151045645,288,/glade/work/jiachengye/33200/gpcp/daily/2025/gpcp_v01r03_daily_d20250212_c20250508.nc
2025-02-13,1.509451835503648,3.591312869746389,288,/glade/work/jiachengye/33200/gpcp/daily/2025/gpcp_v01r03_daily_d20250213_c20250508.nc
2025-02-14,3.1613944556278337,3.1469337537218025,288,/glade/work/jiachengye/33200/gpcp/daily/2025/gpcp_v01r03_daily_d20250214_c20250508.nc
2025-02-15,8.240286053087281,14.815558751210375,288,/glade/work/jiachengye/33200/gpcp/daily/2025/gpcp_v01r03_daily_d20250215_c20250508.nc
2025-02-16,10.213110394318194,18.587126578707906,288,/glade/work/jiachengye/33200/gpcp/daily/2025/gpcp_v01r03_daily_d20250216_c20250508.nc
2025-02-17,0.15333081430012346,0.4142475875542478,288,/glade/work/jiachengye/33200/gpcp/daily/2025/gpcp_v01r03_daily_d20250217_c20250508.nc
2025-02-18,1.1683380322871022,2.4258924840853084,288,/glade/work/jiachengye/33200/gpcp/daily/2025/gpcp_v01r03_daily_d20250218_c20250508.nc
2025-02-19,0.24158325163769784,0.5952550305262837,288,/glade/work/jiachengye/33200/gpcp/daily/2025/gpcp_v01r03_daily_d20250219_c20250508.nc
2025-02-20,0.13325909097497773,0.4538032550899346,288,/glade/work/jiachengye/33200/gpcp/daily/2025/gpcp_v01r03_daily_d20250220_c20250508.nc
2025-02-21,0.022128310913310526,0.17061801638305038,288,/glade/work/jiachengye/33200/gpcp/daily/2025/gpcp_v01r03_daily_d20250221_c20250508.nc
2025-02-22,0.30542872253282516,0.7994836131447236,288,/glade/work/jiachengye/33200/gpcp/daily/2025/gpcp_v01r03_daily_d20250222_c20250508.nc
2025-02-23,0.6157074542589321,1.1788429979791772,288,/glade/work/jiachengye/33200/gpcp/daily/2025/gpcp_v01r03_daily_d20250223_c20250508.nc
2025-02-24,1.225565571007349,1.9449050144759539,288,/glade/work/jiachengye/33200/gpcp/daily/2025/gpcp_v01r03_daily_d20250224_c20250508.nc
2025-02-25,0.22589041491831982,1.183991732567365,288,/glade/work/jiachengye/33200/gpcp/daily/2025/gpcp_v01r03_daily_d20250225_c20250508.nc
2025-02-26,0.6854283287079829,1.8877803853907735,288,/glade/work/jiachengye/33200/gpcp/daily/2025/gpcp_v01r03_daily_d20250226_c20250508.nc
2025-02-27,0.2861975765765613,0.8471323003375268,288,/glade/work/jiachengye/33200/gpcp/daily/2025/gpcp_v01r03_daily_d20250227_c20250508.nc
2025-02-28,0.4519708637333623,1.2686549175607682,288,/glade/work/jiachengye/33200/gpcp/daily/2025/gpcp_v01r03_daily_d20250228_c20250508.nc
2025-03-01,0.059942663101199584,0.3437765721895549,288,/glade/work/jiachengye/33200/gpcp/daily/2025/gpcp_v01r03_daily_d20250301_c20250610.nc
2025-03-02,0.021385233737123796,0.1271072656618768,288,/glade/work/jiachengye/33200/gpcp/daily/2025/gpcp_v01r03_daily_d20250302_c20250610.nc
2025-03-03,0.8172235478481609,1.7301955168992822,288,/glade/work/jiachengye/33200/gpcp/daily/2025/gpcp_v01r03_daily_d20250303_c20250610.nc
2025-03-04,6.288803348137519,6.227256461102054,288,/glade/work/jiachengye/33200/gpcp/daily/2025/gpcp_v01r03_daily_d20250304_c20250610.nc
2025-03-05,4.87745608435007,6.74666756674894,288,/glade/work/jiachengye/33200/gpcp/daily/2025/gpcp_v01r03_daily_d20250305_c20250610.nc
2025-03-06,0.9090008552266691,2.1462653037633332,288,/glade/work/jiachengye/33200/gpcp/daily/2025/gpcp_v01r03_daily_d20250306_c20250610.nc
2025-03-07,1.21678422566329,2.5922085723170634,288,/glade/work/jiachengye/33200/gpcp/daily/2025/gpcp_v01r03_daily_d20250307_c20250610.nc
2025-03-08,0.05104653657923548,0.22857034431896395,288,/glade/work/jiachengye/33200/gpcp/daily/2025/gpcp_v01r03_daily_d20250308_c20250610.nc
2025-03-09,0.2861143378083063,0.7995393108237325,288,/glade/work/jiachengye/33200/gpcp/daily/2025/gpcp_v01r03_daily_d20250309_c20250610.nc
2025-03-10,0.5286186457565863,1.6067930771574912,288,/glade/work/jiachengye/33200/gpcp/daily/2025/gpcp_v01r03_daily_d20250310_c20250610.nc
2025-03-11,0.15723232386956618,0.4903569298914891,288,/glade/work/jiachengye/33200/gpcp/daily/2025/gpcp_v01r03_daily_d20250311_c20250610.nc
2025-03-12,1.1915288250068605,3.0830850414831583,288,/glade/work/jiachengye/33200/gpcp/daily/2025/gpcp_v01r03_daily_d20250312_c20250610.nc
2025-03-13,0.2599118879661263,0.662441544791063,288,/glade/work/jiachengye/33200/gpcp/daily/2025/gpcp_v01r03_daily_d20250313_c20250610.nc
2025-03-14,1.5913139646727457,2.832425096171039,288,/glade/work/jiachengye/33200/gpcp/daily/2025/gpcp_v01r03_daily_d20250314_c20250610.nc
2025-03-15,7.336438712179447,12.759320434504955,288,/glade/work/jiachengye/33200/gpcp/daily/2025/gpcp_v01r03_daily_d20250315_c20250610.nc
2025-03-16,3.918737911559667,6.494081378054781,288,/glade/work/jiachengye/33200/gpcp/daily/2025/gpcp_v01r03_daily_d20250316_c20250610.nc
2025-03-17,0.91417860922789,1.930096833660308,288,/glade/work/jiachengye/33200/gpcp/daily/2025/gpcp_v01r03_daily_d20250317_c20250610.nc
2025-03-18,1.1231111128071207,2.05411277326272,288,/glade/work/jiachengye/33200/gpcp/daily/2025/gpcp_v01r03_daily_d20250318_c20250610.nc
2025-03-19,4.871271974818668,6.244758378094601,288,/glade/work/jiachengye/33200/gpcp/daily/2025/gpcp_v01r03_daily_d20250319_c20250610.nc
2025-03-20,1.9525477865624086,4.319885827577407,288,/glade/work/jiachengye/33200/gpcp/daily/2025/gpcp_v01r03_daily_d20250320_c20250610.nc
2025-03-21,0.7813556383766421,1.6818735217446734,288,/glade/work/jiachengye/33200/gpcp/daily/2025/gpcp_v01r03_daily_d20250321_c20250610.nc
2025-03-22,0.9071042429857198,1.9196857484197791,288,/glade/work/jiachengye/33200/gpcp/daily/2025/gpcp_v01r03_daily_d20250322_c20250610.nc
2025-03-23,6.66683416920505,9.072105968285902,288,/glade/work/jiachengye/33200/gpcp/daily/2025/gpcp_v01r03_daily_d20250323_c20250610.nc
2025-03-24,2.6219018501744813,3.9523113264347174,288,/glade/work/jiachengye/33200/gpcp/daily/2025/gpcp_v01r03_daily_d20250324_c20250610.nc
2025-03-25,0.4935448641662002,1.6041188108381184,288,/glade/work/jiachengye/33200/gpcp/daily/2025/gpcp_v01r03_daily_d20250325_c20250610.nc
2025-03-26,0.27993473451442935,0.8059128439305793,288,/glade/work/jiachengye/33200/gpcp/daily/2025/gpcp_v01r03_daily_d20250326_c20250610.nc
2025-03-27,1.0606007226750795,3.523194391276771,288,/glade/work/jiachengye/33200/gpcp/daily/2025/gpcp_v01r03_daily_d20250327_c20250610.nc
2025-03-28,3.6227879024745926,4.294490733647918,288,/glade/work/jiachengye/33200/gpcp/daily/2025/gpcp_v01r03_daily_d20250328_c20250610.nc
2025-03-29,4.432074699785532,5.891969985903617,288,/glade/work/jiachengye/33200/gpcp/daily/2025/gpcp_v01r03_daily_d20250329_c20250610.nc
2025-03-30,6.3401335428761465,7.8485011485330185,288,/glade/work/jiachengye/33200/gpcp/daily/2025/gpcp_v01r03_daily_d20250330_c20250610.nc
2025-03-31,3.089468844383409,7.085689956958067,288,/glade/work/jiachengye/33200/gpcp/daily/2025/gpcp_v01r03_daily_d20250331_c20250610.nc
2025-04-01,2.4949397051069244,3.3381672616041693,288,/glade/work/jiachengye/33200/gpcp/daily/2025/gpcp_v01r03_daily_d20250401_c20250718.nc
2025-04-02,11.26114880928124,9.461745157740802,288,/glade/work/jiachengye/33200/gpcp/daily/2025/gpcp_v01r03_daily_d20250402_c20250718.nc
2025-04-03,9.151842223069574,16.048751036843562,288,/glade/work/jiachengye/33200/gpcp/daily/2025/gpcp_v01r03_daily_d20250403_c20250718.nc
2025-04-04,12.219601410055564,17.532073896677446,288,/glade/work/jiachengye/33200/gpcp/daily/2025/gpcp_v01r03_daily_d20250404_c20250718.nc
2025-04-05,9.358260710924924,17.962860881762204,285,/glade/work/jiachengye/33200/gpcp/daily/2025/gpcp_v01r03_daily_d20250405_c20250718.nc
2025-04-06,1.3635483515537283,4.820030661207995,288,/glade/work/jiachengye/33200/gpcp/daily/2025/gpcp_v01r03_daily_d20250406_c20250718.nc
2025-04-07,0.22556430951330927,0.8179979067798038,288,/glade/work/jiachengye/33200/gpcp/daily/2025/gpcp_v01r03_daily_d20250407_c20250718.nc
2025-04-08,0.15156823133061437,0.5052681002743786,288,/glade/work/jiachengye/33200/gpcp/daily/2025/gpcp_v01r03_daily_d20250408_c20250718.nc
2025-04-09,0.9410683034242647,2.02649066769262,288,/glade/work/jiachengye/33200/gpcp/daily/2025/gpcp_v01r03_daily_d20250409_c20250718.nc
2025-04-10,0.418642842959766,1.2510950478632383,288,/glade/work/jiachengye/33200/gpcp/daily/2025/gpcp_v01r03_daily_d20250410_c20250718.nc
2025-04-11,0.03744997507947556,0.2427477831256234,288,/glade/work/jiachengye/33200/gpcp/daily/2025/gpcp_v01r03_daily_d20250411_c20250718.nc
2025-04-12,1.624148740505989,3.151812917402962,288,/glade/work/jiachengye/33200/gpcp/daily/2025/gpcp_v01r03_daily_d20250412_c20250718.nc
2025-04-13,3.409153755832104,4.738021515211681,288,/glade/work/jiachengye/33200/gpcp/daily/2025/gpcp_v01r03_daily_d20250413_c20250718.nc
2025-04-14,1.9644923594877002,3.2970987872386295,288,/glade/work/jiachengye/33200/gpcp/daily/2025/gpcp_v01r03_daily_d20250414_c20250718.nc
2025-04-15,0.7008499542016168,2.0512938300612853,288,/glade/work/jiachengye/33200/gpcp/daily/2025/gpcp_v01r03_daily_d20250415_c20250718.nc
2025-04-16,0.06024386570014666,0.2674047993912944,288,/glade/work/jiachengye/33200/gpcp/daily/2025/gpcp_v01r03_daily_d20250416_c20250718.nc
2025-04-17,5.821580431850553,7.68954261370415,288,/glade/work/jiachengye/33200/gpcp/daily/2025/gpcp_v01r03_daily_d20250417_c20250718.nc
2025-04-18,3.3969096071128417,4.485109628635769,288,/glade/work/jiachengye/33200/gpcp/daily/2025/gpcp_v01r03_daily_d20250418_c20250718.nc
2025-04-19,4.1754779157804665,8.935414053286781,288,/glade/work/jiachengye/33200/gpcp/daily/2025/gpcp_v01r03_daily_d20250419_c20250718.nc
2025-04-20,2.095362010698076,3.9873520568418397,288,/glade/work/jiachengye/33200/gpcp/daily/2025/gpcp_v01r03_daily_d20250420_c20250718.nc
2025-04-21,2.6600348955762017,4.816234108068474,288,/glade/work/jiachengye/33200/gpcp/daily/2025/gpcp_v01r03_daily_d20250421_c20250718.nc
2025-04-22,0.9266027489446991,2.9540765437815937,288,/glade/work/jiachengye/33200/gpcp/daily/2025/gpcp_v01r03_daily_d20250422_c20250718.nc
2025-04-23,1.5264063455258459,3.728984427357518,288,/glade/work/jiachengye/33200/gpcp/daily/2025/gpcp_v01r03_daily_d20250423_c20250718.nc
2025-04-24,8.419420673776736,11.333446838784376,288,/glade/work/jiachengye/33200/gpcp/daily/2025/gpcp_v01r03_daily_d20250424_c20250718.nc
2025-04-25,3.9988644843881787,4.919511998091777,288,/glade/work/jiachengye/33200/gpcp/daily/2025/gpcp_v01r03_daily_d20250425_c20250718.nc
2025-04-26,0.9126132510555713,2.198661468372204,288,/glade/work/jiachengye/33200/gpcp/daily/2025/gpcp_v01r03_daily_d20250426_c20250718.nc
2025-04-27,0.7102381880200344,2.17167584791417,288,/glade/work/jiachengye/33200/gpcp/daily/2025/gpcp_v01r03_daily_d20250427_c20250718.nc
2025-04-28,3.6119425502500695,5.431251371706843,288,/glade/work/jiachengye/33200/gpcp/daily/2025/gpcp_v01r03_daily_d20250428_c20250718.nc
2025-04-29,3.756014337161597,6.0336784222375694,288,/glade/work/jiachengye/33200/gpcp/daily/2025/gpcp_v01r03_daily_d20250429_c20250718.nc
2025-04-30,2.7640187591536476,5.051477945409622,288,/glade/work/jiachengye/33200/gpcp/daily/2025/gpcp_v01r03_daily_d20250430_c20250718.nc
2025-05-01,5.796956989842124,5.335555151103794,288,/glade/work/jiachengye/33200/gpcp/daily/2025/gpcp_v01r03_daily_d20250501_c20250811.nc
2025-05-02,1.6226645399138002,2.855939428815631,288,/glade/work/jiachengye/33200/gpcp/daily/2025/gpcp_v01r03_daily_d20250502_c20250811.nc
2025-05-03,3.0360706823377543,7.760996476247203,288,/glade/work/jiachengye/33200/gpcp/daily/2025/gpcp_v01r03_daily_d20250503_c20250811.nc
2025-05-04,1.4742514606885297,3.6735078131570615,288,/glade/work/jiachengye/33200/gpcp/daily/2025/gpcp_v01r03_daily_d20250504_c20250811.nc
2025-05-05,0.32367247970113205,0.9851721948086354,288,/glade/work/jiachengye/33200/gpcp/daily/2025/gpcp_v01r03_daily_d20250505_c20250811.nc
2025-05-06,2.279727184133094,4.478390741616281,288,/glade/work/jiachengye/33200/gpcp/daily/2025/gpcp_v01r03_daily_d20250506_c20250811.nc
2025-05-07,1.9135181385861804,3.331309902972444,288,/glade/work/jiachengye/33200/gpcp/daily/2025/gpcp_v01r03_daily_d20250507_c20250811.nc
2025-05-08,0.42081006967933837,1.61187323790597,288,/glade/work/jiachengye/33200/gpcp/daily/2025/gpcp_v01r03_daily_d20250508_c20250811.nc
2025-05-09,0.343559517021027,1.3461080359022741,288,/glade/work/jiachengye/33200/gpcp/daily/2025/gpcp_v01r03_daily_d20250509_c20250811.nc
2025-05-10,0.04471675996523576,0.17400578662922467,288,/glade/work/jiachengye/33200/gpcp/daily/2025/gpcp_v01r03_daily_d20250510_c20250811.nc
2025-05-11,0.3902042143788711,1.2716601003355386,288,/glade/work/jiachengye/33200/gpcp/daily/2025/gpcp_v01r03_daily_d20250511_c20250811.nc
2025-05-12,1.3837590165800238,4.311192218937233,288,/glade/work/jiachengye/33200/gpcp/daily/2025/gpcp_v01r03_daily_d20250512_c20250811.nc
2025-05-13,1.9784224048498698,4.792057873788325,288,/glade/work/jiachengye/33200/gpcp/daily/2025/gpcp_v01r03_daily_d20250513_c20250811.nc
2025-05-14,2.063305516838627,4.086764672337777,288,/glade/work/jiachengye/33200/gpcp/daily/2025/gpcp_v01r03_daily_d20250514_c20250811.nc
2025-05-15,3.209123529249561,5.285910109057533,288,/glade/work/jiachengye/33200/gpcp/daily/2025/gpcp_v01r03_daily_d20250515_c20250811.nc
2025-05-16,7.8200792745541925,10.382297930723368,288,/glade/work/jiachengye/33200/gpcp/daily/2025/gpcp_v01r03_daily_d20250516_c20250811.nc
2025-05-17,5.0107062263303055,8.62890450042269,288,/glade/work/jiachengye/33200/gpcp/daily/2025/gpcp_v01r03_daily_d20250517_c20250811.nc
2025-05-18,1.9083201765571114,3.5517303331215193,288,/glade/work/jiachengye/33200/gpcp/daily/2025/gpcp_v01r03_daily_d20250518_c20250811.nc
2025-05-19,9.944099727511787,12.050533298490574,288,/glade/work/jiachengye/33200/gpcp/daily/2025/gpcp_v01r03_daily_d20250519_c20250811.nc
2025-05-20,14.2296842890163,14.618985418949368,288,/glade/work/jiachengye/33200/gpcp/daily/2025/gpcp_v01r03_daily_d20250520_c20250811.nc
2025-05-21,4.103261098176455,5.401766494203531,288,/glade/work/jiachengye/33200/gpcp/daily/2025/gpcp_v01r03_daily_d20250521_c20250811.nc
2025-05-22,1.2889820613052876,2.6705335859270045,288,/glade/work/jiachengye/33200/gpcp/daily/2025/gpcp_v01r03_daily_d20250522_c20250811.nc
2025-05-23,1.5840846070908994,3.6071902379969583,288,/glade/work/jiachengye/33200/gpcp/daily/2025/gpcp_v01r03_daily_d20250523_c20250811.nc
2025-05-24,6.06679443857132,10.58448901916327,288,/glade/work/jiachengye/33200/gpcp/daily/2025/gpcp_v01r03_daily_d20250524_c20250811.nc
2025-05-25,7.930311283435882,13.616965683743366,288,/glade/work/jiachengye/33200/gpcp/daily/2025/gpcp_v01r03_daily_d20250525_c20250811.nc
2025-05-26,1.0448060302899533,2.874850030207497,288,/glade/work/jiachengye/33200/gpcp/daily/2025/gpcp_v01r03_daily_d20250526_c20250811.nc
2025-05-27,1.9703202057409355,3.6504287755837295,281,/glade/work/jiachengye/33200/gpcp/daily/2025/gpcp_v01r03_daily_d20250527_c20250811.nc
2025-05-28,3.4682974387744476,5.2992429036539095,288,/glade/work/jiachengye/33200/gpcp/daily/2025/gpcp_v01r03_daily_d20250528_c20250811.nc
2025-05-29,2.173190485041306,5.39256507310673,288,/glade/work/jiachengye/33200/gpcp/daily/2025/gpcp_v01r03_daily_d20250529_c20250811.nc
2025-05-30,2.1898327205810615,3.8718327507952743,288,/glade/work/jiachengye/33200/gpcp/daily/2025/gpcp_v01r03_daily_d20250530_c20250811.nc
2025-05-31,0.019809282896176835,0.1529604748309168,288,/glade/work/jiachengye/33200/gpcp/daily/2025/gpcp_v01r03_daily_d20250531_c20250811.nc
2025-06-01,0.020201713141621582,0.14884843356463104,288,/glade/work/jiachengye/33200/gpcp/daily/2025/gpcp_v01r03_daily_d20250601_c20250909.nc
2025-06-02,1.6034778225343138,3.003550385141276,288,/glade/work/jiachengye/33200/gpcp/daily/2025/gpcp_v01r03_daily_d20250602_c20250909.nc
2025-06-03,9.53055073552145,10.90638580750724,288,/glade/work/jiachengye/33200/gpcp/daily/2025/gpcp_v01r03_daily_d20250603_c20250909.nc
2025-06-04,3.834238684261825,5.781728141148181,288,/glade/work/jiachengye/33200/gpcp/daily/2025/gpcp_v01r03_daily_d20250604_c20250909.nc
2025-06-05,5.612926529196146,7.591945653182351,288,/glade/work/jiachengye/33200/gpcp/daily/2025/gpcp_v01r03_daily_d20250605_c20250909.nc
2025-06-06,5.326988703409804,7.688277103322302,288,/glade/work/jiachengye/33200/gpcp/daily/2025/gpcp_v01r03_daily_d20250606_c20250909.nc
2025-06-07,3.6792054620269354,5.658460361347061,288,/glade/work/jiachengye/33200/gpcp/daily/2025/gpcp_v01r03_daily_d20250607_c20250909.nc
2025-06-08,3.419888241891967,4.488116881687389,288,/glade/work/jiachengye/33200/gpcp/daily/2025/gpcp_v01r03_daily_d20250608_c20250909.nc
2025-06-09,2.4801076336466767,3.9693788534618686,288,/glade/work/jiachengye/33200/gpcp/daily/2025/gpcp_v01r03_daily_d20250609_c20250909.nc
2025-06-10,0.47355860542914324,1.929030982671319,288,/glade/work/jiachengye/33200/gpcp/daily/2025/gpcp_v01r03_daily_d20250610_c20250909.nc
2025-06-11,1.3594822635780057,2.701576726422655,288,/glade/work/jiachengye/33200/gpcp/daily/2025/gpcp_v01r03_daily_d20250611_c20250909.nc
2025-06-12,3.8103542626218405,4.383740747332788,288,/glade/work/jiachengye/33200/gpcp/daily/2025/gpcp_v01r03_daily_d20250612_c20250909.nc
2025-06-13,4.175402754130148,4.950355682562744,288,/glade/work/jiachengye/33200/gpcp/daily/2025/gpcp_v01r03_daily_d20250613_c20250909.nc
2025-06-14,6.071813574502626,9.058762735349994,288,/glade/work/jiachengye/33200/gpcp/daily/2025/gpcp_v01r03_daily_d20250614_c20250909.nc
2025-06-15,3.5223515263670433,4.951527802245912,288,/glade/work/jiachengye/33200/gpcp/daily/2025/gpcp_v01r03_daily_d20250615_c20250909.nc
2025-06-16,4.31398383572343,4.720601465054377,288,/glade/work/jiachengye/33200/gpcp/daily/2025/gpcp_v01r03_daily_d20250616_c20250909.nc
2025-06-17,8.78284762023057,13.295529671406824,288,/glade/work/jiachengye/33200/gpcp/daily/2025/gpcp_v01r03_daily_d20250617_c20250909.nc
2025-06-18,5.672735144253373,7.2845395764405625,288,/glade/work/jiachengye/33200/gpcp/daily/2025/gpcp_v01r03_daily_d20250618_c20250909.nc
2025-06-19,3.511233010389803,5.972428793022684,288,/glade/work/jiachengye/33200/gpcp/daily/2025/gpcp_v01r03_daily_d20250619_c20250909.nc
2025-06-20,2.3900557650581975,3.7746981473795818,288,/glade/work/jiachengye/33200/gpcp/daily/2025/gpcp_v01r03_daily_d20250620_c20250909.nc
2025-06-21,2.9441385549857326,5.191335286299623,288,/glade/work/jiachengye/33200/gpcp/daily/2025/gpcp_v01r03_daily_d20250621_c20250909.nc
2025-06-22,0.5243048746606098,1.4278053370210921,288,/glade/work/jiachengye/33200/gpcp/daily/2025/gpcp_v01r03_daily_d20250622_c20250909.nc
2025-06-23,2.2952861330937875,4.072483753839134,288,/glade/work/jiachengye/33200/gpcp/daily/2025/gpcp_v01r03_daily_d20250623_c20250909.nc
2025-06-24,3.2371601636492624,5.330133673052262,288,/glade/work/jiachengye/33200/gpcp/daily/2025/gpcp_v01r03_daily_d20250624_c20250909.nc
2025-06-25,6.2772116521737775,5.34888513877413,288,/glade/work/jiachengye/33200/gpcp/daily/2025/gpcp_v01r03_daily_d20250625_c20250909.nc
2025-06-26,5.953753261690869,5.768849327326848,288,/glade/work/jiachengye/33200/gpcp/daily/2025/gpcp_v01r03_daily_d20250626_c20250909.nc
2025-06-27,5.914184293299485,6.739921235232451,288,/glade/work/jiachengye/33200/gpcp/daily/2025/gpcp_v01r03_daily_d20250627_c20250909.nc
2025-06-28,4.367347490848324,6.020747146719127,288,/glade/work/jiachengye/33200/gpcp/daily/2025/gpcp_v01r03_daily_d20250628_c20250909.nc
2025-06-29,7.684542059462506,8.143277798738636,288,/glade/work/jiachengye/33200/gpcp/daily/2025/gpcp_v01r03_daily_d20250629_c20250909.nc
2025-06-30,7.3483350885036955,8.769908113060103,288,/glade/work/jiachengye/33200/gpcp/daily/2025/gpcp_v01r03_daily_d20250630_c20250909.nc
2025-07-01,1.5019717587267163,4.358404874448967,288,/glade/work/jiachengye/33200/gpcp/daily/2025/gpcp_v01r03_daily_d20250701_c20251009.nc
2025-07-02,0.9967428080139048,2.3809254487580533,288,/glade/work/jiachengye/33200/gpcp/daily/2025/gpcp_v01r03_daily_d20250702_c20251009.nc
2025-07-03,0.9327245620174532,2.73980548172971,288,/glade/work/jiachengye/33200/gpcp/daily/2025/gpcp_v01r03_daily_d20250703_c20251009.nc
2025-07-04,4.656031072890517,6.032287720382095,288,/glade/work/jiachengye/33200/gpcp/daily/2025/gpcp_v01r03_daily_d20250704_c20251009.nc
2025-07-05,3.90251778955922,4.918176202198511,288,/glade/work/jiachengye/33200/gpcp/daily/2025/gpcp_v01r03_daily_d20250705_c20251009.nc
2025-07-06,3.26353660845429,4.708987176174808,288,/glade/work/jiachengye/33200/gpcp/daily/2025/gpcp_v01r03_daily_d20250706_c20251009.nc
2025-07-07,1.9619197339594614,3.4449577595995615,288,/glade/work/jiachengye/33200/gpcp/daily/2025/gpcp_v01r03_daily_d20250707_c20251009.nc
2025-07-08,1.8797680125246155,3.3831168055262633,288,/glade/work/jiachengye/33200/gpcp/daily/2025/gpcp_v01r03_daily_d20250708_c20251009.nc
2025-07-09,0.9000096174991661,2.384160158695777,288,/glade/work/jiachengye/33200/gpcp/daily/2025/gpcp_v01r03_daily_d20250709_c20251009.nc
2025-07-10,3.4637416368317724,5.153900222454768,288,/glade/work/jiachengye/33200/gpcp/daily/2025/gpcp_v01r03_daily_d20250710_c20251009.nc
2025-07-11,4.947968715297129,7.49025520295555,288,/glade/work/jiachengye/33200/gpcp/daily/2025/gpcp_v01r03_daily_d20250711_c20251009.nc
2025-07-12,4.4757970378230905,4.549186106428664,288,/glade/work/jiachengye/33200/gpcp/daily/2025/gpcp_v01r03_daily_d20250712_c20251009.nc
2025-07-13,0.7626400255003486,2.167514973998971,288,/glade/work/jiachengye/33200/gpcp/daily/2025/gpcp_v01r03_daily_d20250713_c20251009.nc
2025-07-14,1.0825114391245063,2.075332776977751,288,/glade/work/jiachengye/33200/gpcp/daily/2025/gpcp_v01r03_daily_d20250714_c20251009.nc
2025-07-15,4.623538387895443,6.308307298536462,288,/glade/work/jiachengye/33200/gpcp/daily/2025/gpcp_v01r03_daily_d20250715_c20251009.nc
2025-07-16,6.858529313619876,5.772674409166275,288,/glade/work/jiachengye/33200/gpcp/daily/2025/gpcp_v01r03_daily_d20250716_c20251009.nc
2025-07-17,9.297071442880222,12.783280281948247,288,/glade/work/jiachengye/33200/gpcp/daily/2025/gpcp_v01r03_daily_d20250717_c20251009.nc
2025-07-18,3.6789354208036498,5.651220505021296,288,/glade/work/jiachengye/33200/gpcp/daily/2025/gpcp_v01r03_daily_d20250718_c20251009.nc
2025-07-19,5.671163203405797,8.262127738550836,288,/glade/work/jiachengye/33200/gpcp/daily/2025/gpcp_v01r03_daily_d20250719_c20251009.nc
2025-07-20,5.336917216034594,6.598651771870515,288,/glade/work/jiachengye/33200/gpcp/daily/2025/gpcp_v01r03_daily_d20250720_c20251009.nc
2025-07-21,8.649765043585202,11.92581822718088,288,/glade/work/jiachengye/33200/gpcp/daily/2025/gpcp_v01r03_daily_d20250721_c20251009.nc
2025-07-22,6.666245692834203,9.046643634587934,288,/glade/work/jiachengye/33200/gpcp/daily/2025/gpcp_v01r03_daily_d20250722_c20251009.nc
2025-07-23,6.391801547718497,7.794398949394846,288,/glade/work/jiachengye/33200/gpcp/daily/2025/gpcp_v01r03_daily_d20250723_c20251009.nc
2025-07-24,3.906188501770495,6.069481611302238,288,/glade/work/jiachengye/33200/gpcp/daily/2025/gpcp_v01r03_daily_d20250724_c20251009.nc
2025-07-25,6.876055205649862,11.833728895940514,288,/glade/work/jiachengye/33200/gpcp/daily/2025/gpcp_v01r03_daily_d20250725_c20251009.nc
2025-07-26,3.5049031708920055,5.601248413215713,288,/glade/work/jiachengye/33200/gpcp/daily/2025/gpcp_v01r03_daily_d20250726_c20251009.nc
2025-07-27,4.248505903773236,6.397148599842608,288,/glade/work/jiachengye/33200/gpcp/daily/2025/gpcp_v01r03_daily_d20250727_c20251009.nc
2025-07-28,3.7147319061017625,5.070720789024872,288,/glade/work/jiachengye/33200/gpcp/daily/2025/gpcp_v01r03_daily_d20250728_c20251009.nc
2025-07-29,5.108629775437854,6.545165239748689,288,/glade/work/jiachengye/33200/gpcp/daily/2025/gpcp_v01r03_daily_d20250729_c20251009.nc
2025-07-30,6.576272666580683,6.801832896927625,288,/glade/work/jiachengye/33200/gpcp/daily/2025/gpcp_v01r03_daily_d20250730_c20251009.nc
2025-07-31,2.6208680314321042,5.485158181050611,288,/glade/work/jiachengye/33200/gpcp/daily/2025/gpcp_v01r03_daily_d20250731_c20251009.nc
2025-08-01,0.8189258307892384,2.366075167534584,288,/glade/work/jiachengye/33200/gpcp/daily/2025/gpcp_v01r03_daily_d20250801_c20251113.nc
2025-08-02,1.3618280918328505,2.9615600117254886,288,/glade/work/jiachengye/33200/gpcp/daily/2025/gpcp_v01r03_daily_d20250802_c20251113.nc
2025-08-03,1.6570038661249749,3.046433696855241,288,/glade/work/jiachengye/33200/gpcp/daily/2025/gpcp_v01r03_daily_d20250803_c20251113.nc
2025-08-04,1.4045284710012726,2.6360087695455507,288,/glade/work/jiachengye/33200/gpcp/daily/2025/gpcp_v01r03_daily_d20250804_c20251113.nc
2025-08-05,2.206405555437506,4.138313561138171,288,/glade/work/jiachengye/33200/gpcp/daily/2025/gpcp_v01r03_daily_d20250805_c20251113.nc
2025-08-06,2.5291111284461825,4.555773574266317,288,/glade/work/jiachengye/33200/gpcp/daily/2025/gpcp_v01r03_daily_d20250806_c20251113.nc
2025-08-07,1.6064844527594069,3.3900375945502463,288,/glade/work/jiachengye/33200/gpcp/daily/2025/gpcp_v01r03_daily_d20250807_c20251113.nc
2025-08-08,3.0745470734861717,4.864979290267772,288,/glade/work/jiachengye/33200/gpcp/daily/2025/gpcp_v01r03_daily_d20250808_c20251113.nc
2025-08-09,5.973624176446391,8.21554942755193,288,/glade/work/jiachengye/33200/gpcp/daily/2025/gpcp_v01r03_daily_d20250809_c20251113.nc
2025-08-10,10.585822509365507,13.10624924841661,288,/glade/work/jiachengye/33200/gpcp/daily/2025/gpcp_v01r03_daily_d20250810_c20251113.nc
2025-08-11,6.875190573840811,12.1889415276514,288,/glade/work/jiachengye/33200/gpcp/daily/2025/gpcp_v01r03_daily_d20250811_c20251113.nc
2025-08-12,2.9162496800022133,4.665625318994578,288,/glade/work/jiachengye/33200/gpcp/daily/2025/gpcp_v01r03_daily_d20250812_c20251113.nc
2025-08-13,3.671917573295103,7.173180105959338,288,/glade/work/jiachengye/33200/gpcp/daily/2025/gpcp_v01r03_daily_d20250813_c20251113.nc
2025-08-14,1.676900638854745,3.569107355155095,288,/glade/work/jiachengye/33200/gpcp/daily/2025/gpcp_v01r03_daily_d20250814_c20251113.nc
2025-08-15,2.1414455576126836,3.8672557028300374,288,/glade/work/jiachengye/33200/gpcp/daily/2025/gpcp_v01r03_daily_d20250815_c20251113.nc
2025-08-16,4.472237955230967,5.2069532644991545,288,/glade/work/jiachengye/33200/gpcp/daily/2025/gpcp_v01r03_daily_d20250816_c20251113.nc
2025-08-17,4.607211887705762,6.260140127943711,288,/glade/work/jiachengye/33200/gpcp/daily/2025/gpcp_v01r03_daily_d20250817_c20251113.nc
2025-08-18,3.4161324571495237,4.639899400765797,288,/glade/work/jiachengye/33200/gpcp/daily/2025/gpcp_v01r03_daily_d20250818_c20251113.nc
2025-08-19,2.590997910078389,3.9733792197450333,288,/glade/work/jiachengye/33200/gpcp/daily/2025/gpcp_v01r03_daily_d20250819_c20251113.nc
2025-08-20,1.198006760482581,3.3827503286467686,288,/glade/work/jiachengye/33200/gpcp/daily/2025/gpcp_v01r03_daily_d20250820_c20251113.nc
2025-08-21,0.7862508994144458,2.463730836284204,288,/glade/work/jiachengye/33200/gpcp/daily/2025/gpcp_v01r03_daily_d20250821_c20251113.nc
2025-08-22,3.0254206654891345,4.679645382071945,288,/glade/work/jiachengye/33200/gpcp/daily/2025/gpcp_v01r03_daily_d20250822_c20251113.nc
2025-08-23,1.0807770616836416,2.284961016418746,288,/glade/work/jiachengye/33200/gpcp/daily/2025/gpcp_v01r03_daily_d20250823_c20251113.nc
2025-08-24,0.669486430965854,1.945423757262731,288,/glade/work/jiachengye/33200/gpcp/daily/2025/gpcp_v01r03_daily_d20250824_c20251113.nc
2025-08-25,1.022047533237027,2.604061699358392,288,/glade/work/jiachengye/33200/gpcp/daily/2025/gpcp_v01r03_daily_d20250825_c20251113.nc
2025-08-26,0.09165693447799489,0.4324643248038294,288,/glade/work/jiachengye/33200/gpcp/daily/2025/gpcp_v01r03_daily_d20250826_c20251113.nc
2025-08-27,1.347002836120688,2.7860736017582077,288,/glade/work/jiachengye/33200/gpcp/daily/2025/gpcp_v01r03_daily_d20250827_c20251113.nc
2025-08-28,1.6129254699955298,3.2341498239497226,288,/glade/work/jiachengye/33200/gpcp/daily/2025/gpcp_v01r03_daily_d20250828_c20251113.nc
2025-08-29,0.8998492670435754,1.8282933164243171,288,/glade/work/jiachengye/33200/gpcp/daily/2025/gpcp_v01r03_daily_d20250829_c20251113.nc
2025-08-30,1.7558999726051425,3.60663863964683,288,/glade/work/jiachengye/33200/gpcp/daily/2025/gpcp_v01r03_daily_d20250830_c20251113.nc
2025-08-31,0.8063767217647566,2.156318131590525,288,/glade/work/jiachengye/33200/gpcp/daily/2025/gpcp_v01r03_daily_d20250831_c20251113.nc
2025-09-01,0.49332419873590316,1.4652997120624576,288,/glade/work/jiachengye/33200/gpcp/daily/2025/gpcp_v01r03_daily_d20250901_c20251209.nc
2025-09-02,1.1256575682790684,2.382762675371074,288,/glade/work/jiachengye/33200/gpcp/daily/2025/gpcp_v01r03_daily_d20250902_c20251209.nc
2025-09-03,2.749127585493488,4.234680561037585,288,/glade/work/jiachengye/33200/gpcp/daily/2025/gpcp_v01r03_daily_d20250903_c20251209.nc
2025-09-04,3.534445949666014,5.59852825481205,288,/glade/work/jiachengye/33200/gpcp/daily/2025/gpcp_v01r03_daily_d20250904_c20251209.nc
2025-09-05,2.648942701979755,4.3578171611216066,288,/glade/work/jiachengye/33200/gpcp/daily/2025/gpcp_v01r03_daily_d20250905_c20251209.nc
2025-09-06,4.255057381188293,9.541615120732919,288,/glade/work/jiachengye/33200/gpcp/daily/2025/gpcp_v01r03_daily_d20250906_c20251209.nc
2025-09-07,0.3715170083816208,1.0869632480823843,288,/glade/work/jiachengye/33200/gpcp/daily/2025/gpcp_v01r03_daily_d20250907_c20251209.nc
2025-09-08,2.3654558161458143,5.123479266279278,288,/glade/work/jiachengye/33200/gpcp/daily/2025/gpcp_v01r03_daily_d20250908_c20251209.nc
2025-09-09,3.3513203428433376,5.427347129193008,288,/glade/work/jiachengye/33200/gpcp/daily/2025/gpcp_v01r03_daily_d20250909_c20251209.nc
2025-09-10,3.5328752599106608,7.334581175788767,288,/glade/work/jiachengye/33200/gpcp/daily/2025/gpcp_v01r03_daily_d20250910_c20251209.nc
2025-09-11,1.0301932653427057,2.4669213599958884,288,/glade/work/jiachengye/33200/gpcp/daily/2025/gpcp_v01r03_daily_d20250911_c20251209.nc
2025-09-12,3.52254163950523,4.953577321952984,288,/glade/work/jiachengye/33200/gpcp/daily/2025/gpcp_v01r03_daily_d20250912_c20251209.nc
2025-09-13,4.32452801113465,5.791154115832615,288,/glade/work/jiachengye/33200/gpcp/daily/2025/gpcp_v01r03_daily_d20250913_c20251209.nc
2025-09-14,3.2839516138432487,5.596421363745682,288,/glade/work/jiachengye/33200/gpcp/daily/2025/gpcp_v01r03_daily_d20250914_c20251209.nc
2025-09-15,1.5491275824930393,3.0335555433905745,288,/glade/work/jiachengye/33200/gpcp/daily/2025/gpcp_v01r03_daily_d20250915_c20251209.nc
2025-09-16,2.0908532732803717,4.023939075820184,288,/glade/work/jiachengye/33200/gpcp/daily/2025/gpcp_v01r03_daily_d20250916_c20251209.nc
2025-09-17,4.790582653134554,7.226792171269996,288,/glade/work/jiachengye/33200/gpcp/daily/2025/gpcp_v01r03_daily_d20250917_c20251209.nc
2025-09-18,4.061352038810318,5.031543710033313,288,/glade/work/jiachengye/33200/gpcp/daily/2025/gpcp_v01r03_daily_d20250918_c20251209.nc
2025-09-19,3.7308255052620423,4.844403447219545,288,/glade/work/jiachengye/33200/gpcp/daily/2025/gpcp_v01r03_daily_d20250919_c20251209.nc
2025-09-20,2.45491143843187,3.9183571818126794,288,/glade/work/jiachengye/33200/gpcp/daily/2025/gpcp_v01r03_daily_d20250920_c20251209.nc
2025-09-21,2.5990323291950554,3.1246827321685844,288,/glade/work/jiachengye/33200/gpcp/daily/2025/gpcp_v01r03_daily_d20250921_c20251209.nc
2025-09-22,4.8521962439297655,6.6409267238809395,288,/glade/work/jiachengye/33200/gpcp/daily/2025/gpcp_v01r03_daily_d20250922_c20251209.nc
2025-09-23,6.812160412550235,7.888646177507945,288,/glade/work/jiachengye/33200/gpcp/daily/2025/gpcp_v01r03_daily_d20250923_c20251209.nc
2025-09-24,1.3053877927023387,2.86996806136192,288,/glade/work/jiachengye/33200/gpcp/daily/2025/gpcp_v01r03_daily_d20250924_c20251209.nc
2025-09-25,0.6229028117284241,1.8774429088810485,288,/glade/work/jiachengye/33200/gpcp/daily/2025/gpcp_v01r03_daily_d20250925_c20251209.nc
2025-09-26,0.03467785022296775,0.26743155315209416,288,/glade/work/jiachengye/33200/gpcp/daily/2025/gpcp_v01r03_daily_d20250926_c20251209.nc
2025-09-27,0.11674958714986801,0.8071236064548933,288,/glade/work/jiachengye/33200/gpcp/daily/2025/gpcp_v01r03_daily_d20250927_c20251209.nc
2025-09-28,0.02493284514724115,0.16175115840705184,288,/glade/work/jiachengye/33200/gpcp/daily/2025/gpcp_v01r03_daily_d20250928_c20251209.nc
2025-09-29,0.17599693741982775,0.5831799114134258,288,/glade/work/jiachengye/33200/gpcp/daily/2025/gpcp_v01r03_daily_d20250929_c20251209.nc
2025-09-30,1.2537119811886208,2.7996322043488138,288,/glade/work/jiachengye/33200/gpcp/daily/2025/gpcp_v01r03_daily_d20250930_c20251209.nc
2025-10-01,0.9149536634729537,1.9622662587841635,288,/glade/work/jiachengye/33200/gpcp/daily/2025/gpcp_v01r03_daily_d20251001_c20260108.nc
2025-10-02,0.05937918163701159,0.29284422582589037,288,/glade/work/jiachengye/33200/gpcp/daily/2025/gpcp_v01r03_daily_d20251002_c20260108.nc
2025-10-03,0.16631480986129266,0.6068418964245764,288,/glade/work/jiachengye/33200/gpcp/daily/2025/gpcp_v01r03_daily_d20251003_c20260108.nc
2025-10-04,0.8628474424462929,2.5512356631032085,288,/glade/work/jiachengye/33200/gpcp/daily/2025/gpcp_v01r03_daily_d20251004_c20260108.nc
2025-10-05,0.9913469979320584,2.5791035440652266,288,/glade/work/jiachengye/33200/gpcp/daily/2025/gpcp_v01r03_daily_d20251005_c20260108.nc
2025-10-06,2.603742288795887,3.959069034905903,288,/glade/work/jiachengye/33200/gpcp/daily/2025/gpcp_v01r03_daily_d20251006_c20260108.nc
2025-10-07,5.68247217109739,11.63560584028236,288,/glade/work/jiachengye/33200/gpcp/daily/2025/gpcp_v01r03_daily_d20251007_c20260108.nc
2025-10-08,0.2831093013190444,1.2706539486621236,288,/glade/work/jiachengye/33200/gpcp/daily/2025/gpcp_v01r03_daily_d20251008_c20260108.nc
2025-10-09,0.0,0.0,288,/glade/work/jiachengye/33200/gpcp/daily/2025/gpcp_v01r03_daily_d20251009_c20260108.nc
2025-10-10,1.4841816758984234,3.1760233426277766,288,/glade/work/jiachengye/33200/gpcp/daily/2025/gpcp_v01r03_daily_d20251010_c20260108.nc
2025-10-11,1.326634915399861,2.9676228266993334,288,/glade/work/jiachengye/33200/gpcp/daily/2025/gpcp_v01r03_daily_d20251011_c20260108.nc
2025-10-12,1.6926128992689513,3.3099096469585096,288,/glade/work/jiachengye/33200/gpcp/daily/2025/gpcp_v01r03_daily_d20251012_c20260108.nc
2025-10-13,0.9870823575662514,2.1549513392606845,288,/glade/work/jiachengye/33200/gpcp/daily/2025/gpcp_v01r03_daily_d20251013_c20260108.nc
2025-10-14,2.4287020635354386,3.506281405209986,288,/glade/work/jiachengye/33200/gpcp/daily/2025/gpcp_v01r03_daily_d20251014_c20260108.nc
2025-10-15,1.2480507122125815,2.2498942267381734,288,/glade/work/jiachengye/33200/gpcp/daily/2025/gpcp_v01r03_daily_d20251015_c20260108.nc
2025-10-16,2.1121289738664535,3.3668362538029184,288,/glade/work/jiachengye/33200/gpcp/daily/2025/gpcp_v01r03_daily_d20251016_c20260108.nc
2025-10-17,3.6038143520523107,4.903234453402783,287,/glade/work/jiachengye/33200/gpcp/daily/2025/gpcp_v01r03_daily_d20251017_c20260108.nc
2025-10-18,5.2609437621475035,8.565012278182353,288,/glade/work/jiachengye/33200/gpcp/daily/2025/gpcp_v01r03_daily_d20251018_c20260108.nc
2025-10-19,5.088763678126533,7.149578218831263,288,/glade/work/jiachengye/33200/gpcp/daily/2025/gpcp_v01r03_daily_d20251019_c20260108.nc
2025-10-20,2.226464554419375,4.05439263957061,288,/glade/work/jiachengye/33200/gpcp/daily/2025/gpcp_v01r03_daily_d20251020_c20260108.nc
2025-10-21,1.8924129803468517,3.6069099335958166,288,/glade/work/jiachengye/33200/gpcp/daily/2025/gpcp_v01r03_daily_d20251021_c20260108.nc
2025-10-22,1.227979767047591,2.567793290273693,288,/glade/work/jiachengye/33200/gpcp/daily/2025/gpcp_v01r03_daily_d20251022_c20260108.nc
2025-10-23,0.5765616585467912,1.3549019536486928,288,/glade/work/jiachengye/33200/gpcp/daily/2025/gpcp_v01r03_daily_d20251023_c20260108.nc
2025-10-24,2.9720692629576684,8.502185224171143,288,/glade/work/jiachengye/33200/gpcp/daily/2025/gpcp_v01r03_daily_d20251024_c20260108.nc
2025-10-25,4.069093621686439,9.961055753977128,288,/glade/work/jiachengye/33200/gpcp/daily/2025/gpcp_v01r03_daily_d20251025_c20260108.nc
2025-10-26,3.546441466695397,8.685153623229482,288,/glade/work/jiachengye/33200/gpcp/daily/2025/gpcp_v01r03_daily_d20251026_c20260108.nc
2025-10-27,4.309670645897087,8.491104356338111,288,/glade/work/jiachengye/33200/gpcp/daily/2025/gpcp_v01r03_daily_d20251027_c20260108.nc
2025-10-28,3.0671026347049946,4.453959666394525,288,/glade/work/jiachengye/33200/gpcp/daily/2025/gpcp_v01r03_daily_d20251028_c20260108.nc
2025-10-29,1.4922556274629828,4.379222027329889,288,/glade/work/jiachengye/33200/gpcp/daily/2025/gpcp_v01r03_daily_d20251029_c20260108.nc
2025-10-30,2.204155428339042,5.176674844025175,288,/glade/work/jiachengye/33200/gpcp/daily/2025/gpcp_v01r03_daily_d20251030_c20260108.nc
2025-10-31,1.1132543534932329,2.282239915125748,288,/glade/work/jiachengye/33200/gpcp/daily/2025/gpcp_v01r03_daily_d20251031_c20260108.nc
2025-11-01,0.09909448020064607,0.468251737646452,288,/glade/work/jiachengye/33200/gpcp/daily/2025/gpcp_v01r03_daily_d20251101_c20260209.nc
2025-11-02,1.1063984876742792,2.3191864837485787,288,/glade/work/jiachengye/33200/gpcp/daily/2025/gpcp_v01r03_daily_d20251102_c20260209.nc
2025-11-03,0.5899589217350186,1.7926955672330647,288,/glade/work/jiachengye/33200/gpcp/daily/2025/gpcp_v01r03_daily_d20251103_c20260209.nc
2025-11-04,0.8635858456277132,1.8772698592660424,288,/glade/work/jiachengye/33200/gpcp/daily/2025/gpcp_v01r03_daily_d20251104_c20260209.nc
2025-11-05,1.1709573234959523,2.7998730759014303,288,/glade/work/jiachengye/33200/gpcp/daily/2025/gpcp_v01r03_daily_d20251105_c20260209.nc
2025-11-06,1.670952813584607,2.2180935693490635,288,/glade/work/jiachengye/33200/gpcp/daily/2025/gpcp_v01r03_daily_d20251106_c20260209.nc
2025-11-07,2.0582238925059406,3.482292839685574,288,/glade/work/jiachengye/33200/gpcp/daily/2025/gpcp_v01r03_daily_d20251107_c20260209.nc
2025-11-08,2.095838717572032,3.7953893780893178,288,/glade/work/jiachengye/33200/gpcp/daily/2025/gpcp_v01r03_daily_d20251108_c20260209.nc
2025-11-09,0.8469223197452252,1.9621341232351686,288,/glade/work/jiachengye/33200/gpcp/daily/2025/gpcp_v01r03_daily_d20251109_c20260209.nc
2025-11-10,0.9539748361392197,1.7765491431182776,288,/glade/work/jiachengye/33200/gpcp/daily/2025/gpcp_v01r03_daily_d20251110_c20260209.nc
2025-11-11,1.5386721033410191,2.2214229245605837,288,/glade/work/jiachengye/33200/gpcp/daily/2025/gpcp_v01r03_daily_d20251111_c20260209.nc
2025-11-12,0.2898112068100535,1.0342500099742118,288,/glade/work/jiachengye/33200/gpcp/daily/2025/gpcp_v01r03_daily_d20251112_c20260209.nc
2025-11-13,0.018630858009174002,0.11668807936462817,288,/glade/work/jiachengye/33200/gpcp/daily/2025/gpcp_v01r03_daily_d20251113_c20260209.nc
2025-11-14,0.7279176321233031,1.5987179495844368,288,/glade/work/jiachengye/33200/gpcp/daily/2025/gpcp_v01r03_daily_d20251114_c20260209.nc
2025-11-15,2.8938935317514995,3.7897254866735715,288,/glade/work/jiachengye/33200/gpcp/daily/2025/gpcp_v01r03_daily_d20251115_c20260209.nc
2025-11-16,0.055115639668034275,0.46285926427525365,288,/glade/work/jiachengye/33200/gpcp/daily/2025/gpcp_v01r03_daily_d20251116_c20260209.nc
2025-11-17,0.4026027018881912,0.9173862074486033,288,/glade/work/jiachengye/33200/gpcp/daily/2025/gpcp_v01r03_daily_d20251117_c20260209.nc
2025-11-18,6.418188300402472,10.809767226120732,288,/glade/work/jiachengye/33200/gpcp/daily/2025/gpcp_v01r03_daily_d20251118_c20260209.nc
2025-11-19,1.4202150557864308,2.1321294653843426,288,/glade/work/jiachengye/33200/gpcp/daily/2025/gpcp_v01r03_daily_d20251119_c20260209.nc
2025-11-20,4.663181432739419,9.188266636875603,288,/glade/work/jiachengye/33200/gpcp/daily/2025/gpcp_v01r03_daily_d20251120_c20260209.nc
2025-11-21,2.7678045841337338,4.616371322137811,288,/glade/work/jiachengye/33200/gpcp/daily/2025/gpcp_v01r03_daily_d20251121_c20260209.nc
2025-11-22,0.5429826925156338,1.4682627602038747,288,/glade/work/jiachengye/33200/gpcp/daily/2025/gpcp_v01r03_daily_d20251122_c20260209.nc
2025-11-23,0.14740683166280935,0.6082311308023675,288,/glade/work/jiachengye/33200/gpcp/daily/2025/gpcp_v01r03_daily_d20251123_c20260209.nc
2025-11-24,2.7725419888189093,3.5636474756699457,288,/glade/work/jiachengye/33200/gpcp/daily/2025/gpcp_v01r03_daily_d20251124_c20260209.nc
2025-11-25,2.4617638265710826,3.560068933318476,288,/glade/work/jiachengye/33200/gpcp/daily/2025/gpcp_v01r03_daily_d20251125_c20260209.nc
2025-11-26,1.150300390650156,2.663628139505308,288,/glade/work/jiachengye/33200/gpcp/daily/2025/gpcp_v01r03_daily_d20251126_c20260209.nc
2025-11-27,0.7692176535900048,1.9875045982578263,288,/glade/work/jiachengye/33200/gpcp/daily/2025/gpcp_v01r03_daily_d20251127_c20260209.nc
2025-11-28,1.0648810524933054,1.931034281161549,288,/glade/work/jiachengye/33200/gpcp/daily/2025/gpcp_v01r03_daily_d20251128_c20260209.nc
2025-11-29,6.270087448281627,6.173512195206082,288,/glade/work/jiachengye/33200/gpcp/daily/2025/gpcp_v01r03_daily_d20251129_c20260209.nc
2025-11-30,1.9374934576580731,2.9825819804750635,288,/glade/work/jiachengye/33200/gpcp/daily/2025/gpcp_v01r03_daily_d20251130_c20260209.nc
2025-12-01,1.7688972477189484,2.9240682500741686,288,/glade/work/jiachengye/33200/gpcp/daily/2025/gpcp_v01r03_daily_d20251201_c20260320.nc
2025-12-02,3.3276717511626197,6.7875809120188935,288,/glade/work/jiachengye/33200/gpcp/daily/2025/gpcp_v01r03_daily_d20251202_c20260320.nc
2025-12-03,1.3536369825594436,2.4452187534498226,288,/glade/work/jiachengye/33200/gpcp/daily/2025/gpcp_v01r03_daily_d20251203_c20260320.nc
2025-12-04,0.23701686523214452,1.0041668457744612,288,/glade/work/jiachengye/33200/gpcp/daily/2025/gpcp_v01r03_daily_d20251204_c20260320.nc
2025-12-05,0.8363180827707213,2.049109397074912,288,/glade/work/jiachengye/33200/gpcp/daily/2025/gpcp_v01r03_daily_d20251205_c20260320.nc
2025-12-06,0.3456602178161332,0.611608061254611,288,/glade/work/jiachengye/33200/gpcp/daily/2025/gpcp_v01r03_daily_d20251206_c20260320.nc
2025-12-07,0.34132147198703555,1.0140110735417707,288,/glade/work/jiachengye/33200/gpcp/daily/2025/gpcp_v01r03_daily_d20251207_c20260320.nc
2025-12-08,0.1882674480480209,0.5804011221321534,288,/glade/work/jiachengye/33200/gpcp/daily/2025/gpcp_v01r03_daily_d20251208_c20260320.nc
2025-12-09,2.622731803110913,2.3288000796186723,288,/glade/work/jiachengye/33200/gpcp/daily/2025/gpcp_v01r03_daily_d20251209_c20260320.nc
2025-12-10,4.814223645607524,8.053801274432576,288,/glade/work/jiachengye/33200/gpcp/daily/2025/gpcp_v01r03_daily_d20251210_c20260320.nc
2025-12-11,1.0578315230306587,1.279145794139713,288,/glade/work/jiachengye/33200/gpcp/daily/2025/gpcp_v01r03_daily_d20251211_c20260320.nc
2025-12-12,0.7464698121551496,1.1622141064496676,288,/glade/work/jiachengye/33200/gpcp/daily/2025/gpcp_v01r03_daily_d20251212_c20260320.nc
2025-12-13,2.0061671562934906,2.875578207115295,288,/glade/work/jiachengye/33200/gpcp/daily/2025/gpcp_v01r03_daily_d20251213_c20260320.nc
2025-12-14,0.662663872600196,1.2810526967240177,288,/glade/work/jiachengye/33200/gpcp/daily/2025/gpcp_v01r03_daily_d20251214_c20260320.nc
2025-12-15,1.500656816165242,2.551885032249761,288,/glade/work/jiachengye/33200/gpcp/daily/2025/gpcp_v01r03_daily_d20251215_c20260320.nc
2025-12-16,1.1128218757849455,2.1231923601934573,288,/glade/work/jiachengye/33200/gpcp/daily/2025/gpcp_v01r03_daily_d20251216_c20260320.nc
2025-12-17,1.7733881460929986,1.9923922778222456,288,/glade/work/jiachengye/33200/gpcp/daily/2025/gpcp_v01r03_daily_d20251217_c20260320.nc
2025-12-18,4.3235638327312165,5.181118605902276,288,/glade/work/jiachengye/33200/gpcp/daily/2025/gpcp_v01r03_daily_d20251218_c20260320.nc
2025-12-19,2.0384324231302045,3.059445371471869,288,/glade/work/jiachengye/33200/gpcp/daily/2025/gpcp_v01r03_daily_d20251219_c20260320.nc
2025-12-20,1.9437448428376936,3.2868049600178386,288,/glade/work/jiachengye/33200/gpcp/daily/2025/gpcp_v01r03_daily_d20251220_c20260320.nc
2025-12-21,0.06474681429661211,0.29292863825932736,288,/glade/work/jiachengye/33200/gpcp/daily/2025/gpcp_v01r03_daily_d20251221_c20260320.nc
2025-12-22,1.66299745824829,2.890041767199453,288,/glade/work/jiachengye/33200/gpcp/daily/2025/gpcp_v01r03_daily_d20251222_c20260320.nc
2025-12-23,0.436520929105597,1.0885600239619135,288,/glade/work/jiachengye/33200/gpcp/daily/2025/gpcp_v01r03_daily_d20251223_c20260320.nc
2025-12-24,1.8605859908757603,3.132838135582426,288,/glade/work/jiachengye/33200/gpcp/daily/2025/gpcp_v01r03_daily_d20251224_c20260320.nc
2025-12-25,2.4535398193706124,3.207653029559361,288,/glade/work/jiachengye/33200/gpcp/daily/2025/gpcp_v01r03_daily_d20251225_c20260320.nc
2025-12-26,2.4568601490740574,4.901205020120879,288,/glade/work/jiachengye/33200/gpcp/daily/2025/gpcp_v01r03_daily_d20251226_c20260320.nc
2025-12-27,0.5727364681788801,1.2555707147685369,288,/glade/work/jiachengye/33200/gpcp/daily/2025/gpcp_v01r03_daily_d20251227_c20260320.nc
2025-12-28,5.764762169953958,7.092848594387486,288,/glade/work/jiachengye/33200/gpcp/daily/2025/gpcp_v01r03_daily_d20251228_c20260320.nc
2025-12-29,1.198534479628184,2.808450540127925,288,/glade/work/jiachengye/33200/gpcp/daily/2025/gpcp_v01r03_daily_d20251229_c20260320.nc
2025-12-30,0.9020020329868418,1.9009070305756068,288,/glade/work/jiachengye/33200/gpcp/daily/2025/gpcp_v01r03_daily_d20251230_c20260320.nc
2025-12-31,0.904224771489176,1.9859048378189745,288,/glade/work/jiachengye/33200/gpcp/daily/2025/gpcp_v01r03_daily_d20251231_c20260320.nc
