week,fold,feature_set,estimator,model,target_log_return_next,predicted_return,train_start,train_end,n_train,trade_threshold,position,turnover,transaction_cost,strategy_log_return,benchmark_log_return,cum_strategy_return,cum_benchmark_return
2023-01-06,0,price_calendar_ai,hgb,price_calendar_ai_hgb,0.026637756991465977,0.00932945691880696,2011-01-07,2022-12-30,626,0.003,1.0,1.0,0.0005,0.026137756991465977,0.026637756991465977,0.02648234385359971,0.026995713357207185
2023-01-13,0,price_calendar_ai,hgb,price_calendar_ai_hgb,-0.005271073667588055,0.0029343461291186806,2011-01-07,2022-12-30,626,0.003,0.0,1.0,0.0005,-0.0005,-0.005271073667588055,0.025969230970583457,0.021596585397285928
2023-01-20,0,price_calendar_ai,hgb,price_calendar_ai_hgb,0.0018857687565256853,0.0017424240557218774,2011-01-07,2022-12-30,626,0.003,0.0,0.0,0.0,0.0,0.0018857687565256853,0.025969230970583457,0.023524897924116273
2023-01-27,0,price_calendar_ai,hgb,price_calendar_ai_hgb,0.0015059870145548437,0.0006763562700781207,2011-01-07,2022-12-30,626,0.003,0.0,0.0,0.0,0.0,0.0015059870145548437,0.025969230970583457,0.02506747438797885
2023-02-03,0,price_calendar_ai,hgb,price_calendar_ai_hgb,0.0030052586123381353,-0.0007413974148160321,2011-01-07,2022-12-30,626,0.003,0.0,0.0,0.0,0.0,0.0030052586123381353,0.025969230970583457,0.028152700873305347
2023-02-10,0,price_calendar_ai,hgb,price_calendar_ai_hgb,-0.0007504862659923894,-0.004931001502146024,2011-01-07,2022-12-30,626,0.003,0.0,0.0,0.0,-0.0,-0.0007504862659923894,0.025969230970583457,0.027381375862573387
2023-02-17,0,price_calendar_ai,hgb,price_calendar_ai_hgb,-0.03787026601642918,-0.003187857878916267,2011-01-07,2022-12-30,626,0.003,0.0,0.0,0.0,-0.0,-0.03787026601642918,0.025969230970583457,-0.010798329477443858
2023-02-24,0,price_calendar_ai,hgb,price_calendar_ai_hgb,-0.011370403108148963,0.0030002394879066175,2011-01-07,2022-12-30,626,0.003,1.0,1.0,0.0005,-0.011870403108148964,-0.011370403108148963,0.013862560311599825,-0.02198224790265224
2023-03-03,0,price_calendar_ai,hgb,price_calendar_ai_hgb,-0.031240052602529822,-0.002994839713476554,2011-01-07,2022-12-30,626,0.003,0.0,1.0,0.0005,-0.0005,-0.031240052602529822,0.013355755743144515,-0.05206326130278727
2023-03-10,0,price_calendar_ai,hgb,price_calendar_ai_hgb,0.007700160947850421,-0.007681626192189996,2011-01-07,2022-12-30,626,0.003,0.0,0.0,0.0,0.0,0.007700160947850421,0.013355755743144515,-0.04473582081603633
2023-03-17,0,price_calendar_ai,hgb,price_calendar_ai_hgb,0.004029029578285659,-0.01213426198089961,2011-01-07,2022-12-30,626,0.003,0.0,0.0,0.0,0.0,0.004029029578285659,0.013355755743144515,-0.04087926931997765
2023-03-24,0,price_calendar_ai,hgb,price_calendar_ai_hgb,0.014371452949219155,-0.010475064029695757,2011-01-07,2022-12-30,626,0.003,0.0,0.0,0.0,0.0,0.014371452949219155,0.013355755743144515,-0.02699578691480875
2023-03-31,0,price_calendar_ai,hgb,price_calendar_ai_hgb,-0.01961238679648769,-0.010205588098590394,2011-01-07,2022-12-30,626,0.003,0.0,0.0,0.0,-0.0,-0.01961238679648769,0.013355755743144515,-0.04589280833213416
2023-04-07,1,price_calendar_ai,hgb,price_calendar_ai_hgb,0.014844839763751505,-0.002591093865062574,2011-01-07,2023-03-31,639,0.003,0.0,0.0,0.0,0.0,0.014844839763751505,0.013355755743144515,-0.031623589863997825
2023-04-14,1,price_calendar_ai,hgb,price_calendar_ai_hgb,-0.028273319322776214,-0.01844321704278034,2011-01-07,2023-03-31,639,0.003,0.0,0.0,0.0,-0.0,-0.028273319322776214,0.013355755743144515,-0.0586193767788068
2023-04-21,1,price_calendar_ai,hgb,price_calendar_ai_hgb,-0.043111958005261464,-0.005917569483849432,2011-01-07,2023-03-31,639,0.003,0.0,0.0,0.0,-0.0,-0.043111958005261464,0.013355755743144515,-0.09834173214028774
2023-04-28,1,price_calendar_ai,hgb,price_calendar_ai_hgb,0.01696399998898457,-0.007213836820819381,2011-01-07,2023-03-31,639,0.003,0.0,0.0,0.0,0.0,0.01696399998898457,0.013355755743144515,-0.08291552615605335
2023-05-05,1,price_calendar_ai,hgb,price_calendar_ai_hgb,-0.04471944188032584,0.0060694596844728015,2011-01-07,2023-03-31,639,0.003,1.0,1.0,0.0005,-0.04521944188032584,-0.04471944188032584,-0.03144701371889458,-0.1230235440229005
2023-05-12,1,price_calendar_ai,hgb,price_calendar_ai_hgb,-0.02088497643277787,-0.007642860879072486,2011-01-07,2023-03-31,639,0.003,0.0,1.0,0.0005,-0.0005,-0.02088497643277787,-0.03193116916308758,-0.14114924042949384
2023-05-19,1,price_calendar_ai,hgb,price_calendar_ai_hgb,0.058853344475394476,0.007703018259399222,2011-01-07,2023-03-31,639,0.003,1.0,1.0,0.0005,0.058353344475394475,0.058853344475394476,0.02623960895720545,-0.08908597912670635
2023-05-26,1,price_calendar_ai,hgb,price_calendar_ai_hgb,0.008851441609216248,0.006353241071626171,2011-01-07,2023-03-31,639,0.003,1.0,0.0,0.0,0.008851441609216248,0.008851441609216248,0.035363629730846835,-0.08098728718682469
2023-06-02,1,price_calendar_ai,hgb,price_calendar_ai_hgb,-0.019492103447578124,0.01007147101235553,2011-01-07,2023-03-31,639,0.003,1.0,0.0,0.0,-0.019492103447578124,-0.019492103447578124,0.015377632110314288,-0.09872732108805227
2023-06-09,1,price_calendar_ai,hgb,price_calendar_ai_hgb,0.1047184545507811,-0.0029887578421305947,2011-01-07,2023-03-31,639,0.003,0.0,1.0,0.0005,-0.0005,0.1047184545507811,0.014870070195311946,0.0007713250107321823
2023-06-16,1,price_calendar_ai,hgb,price_calendar_ai_hgb,-0.01788542960351691,-0.025528589789622098,2011-01-07,2023-03-31,639,0.003,0.0,0.0,0.0,-0.0,-0.01788542960351691,0.014870070195311946,-0.016968782448096853
2023-06-23,1,price_calendar_ai,hgb,price_calendar_ai_hgb,-0.1386444483967515,-0.02921975491369185,2011-01-07,2023-03-31,639,0.003,0.0,0.0,0.0,-0.0,-0.1386444483967515,0.014870070195311946,-0.14423446691482045
2023-06-30,1,price_calendar_ai,hgb,price_calendar_ai_hgb,0.007184577115581181,0.004832501787643192,2011-01-07,2023-03-31,639,0.003,1.0,1.0,0.0005,0.006684577115581181,0.007184577115581181,0.02167677205795293,-0.13806401394416756
2023-07-07,2,price_calendar_ai,hgb,price_calendar_ai_hgb,0.035600307988796764,0.001752643945636006,2011-01-07,2023-06-30,652,0.003,0.0,1.0,0.0005,-0.0005,0.035600307988796764,0.021166061360238242,-0.10682608658553538
2023-07-14,2,price_calendar_ai,hgb,price_calendar_ai_hgb,0.033959088920219926,-0.012881079850784708,2011-01-07,2023-06-30,652,0.003,0.0,0.0,0.0,0.0,0.033959088920219926,0.021166061360238242,-0.07597382173226952
2023-07-21,2,price_calendar_ai,hgb,price_calendar_ai_hgb,-0.007540814899039461,0.020493477684600036,2011-01-07,2023-06-30,652,0.003,1.0,1.0,0.0005,-0.008040814899039461,-0.007540814899039461,0.012987977372034276,-0.08291552615605335
2023-07-28,2,price_calendar_ai,hgb,price_calendar_ai_hgb,-0.04471944188032584,-0.009531419788481273,2011-01-07,2023-06-30,652,0.003,0.0,1.0,0.0005,-0.0005,-0.04471944188032584,0.012481609985744102,-0.1230235440229005
2023-08-04,2,price_calendar_ai,hgb,price_calendar_ai_hgb,-0.019987289785992512,-0.015049265802891343,2011-01-07,2023-06-30,652,0.003,0.0,0.0,0.0,-0.0,-0.019987289785992512,0.012481609985744102,-0.14037791541876188
2023-08-11,2,price_calendar_ai,hgb,price_calendar_ai_hgb,0.010265635127240103,-0.005622169917706353,2011-01-07,2023-06-30,652,0.003,0.0,0.0,0.0,0.0,0.010265635127240103,0.012481609985744102,-0.13150789846814803
2023-08-18,2,price_calendar_ai,hgb,price_calendar_ai_hgb,-0.010265635127240103,-0.021197441249290076,2011-01-07,2023-06-30,652,0.003,0.0,0.0,0.0,-0.0,-0.010265635127240103,0.012481609985744102,-0.14037791541876188
2023-08-25,2,price_calendar_ai,hgb,price_calendar_ai_hgb,-0.004045865226357748,0.007350640832381866,2011-01-07,2023-06-30,652,0.003,1.0,1.0,0.0005,-0.004545865226357748,-0.004045865226357748,0.007889450619408489,-0.14384880440945436
2023-09-01,2,price_calendar_ai,hgb,price_calendar_ai_hgb,-0.0009013275636022833,-0.0018146836892787945,2011-01-07,2023-06-30,652,0.003,0.0,1.0,0.0005,-0.0005,-0.0009013275636022833,0.007385631859285091,-0.14462012942018665
2023-09-08,2,price_calendar_ai,hgb,price_calendar_ai_hgb,-0.009513140538532916,0.015528127547816843,2011-01-07,2023-06-30,652,0.003,1.0,1.0,0.0005,-0.010013140538532916,-0.009513140538532916,-0.0026511284438001104,-0.15271889491766988
2023-09-15,2,price_calendar_ai,hgb,price_calendar_ai_hgb,-0.0004552801920918448,0.0134327848920694,2011-01-07,2023-06-30,652,0.003,1.0,0.0,0.0,-0.0004552801920918448,-0.0004552801920918448,-0.0031050982800460147,-0.15310455742303608
2023-09-22,2,price_calendar_ai,hgb,price_calendar_ai_hgb,0.0027285771324261354,-0.007371201371668306,2011-01-07,2023-06-30,652,0.003,0.0,1.0,0.0005,-0.0005,0.0027285771324261354,-0.003603421139809382,-0.15079058239083987
2023-09-29,2,price_calendar_ai,hgb,price_calendar_ai_hgb,0.03217432617415117,0.005314881733909843,2011-01-07,2023-06-30,652,0.003,1.0,1.0,0.0005,0.03167432617415117,0.03217432617415117,0.02846191222655814,-0.1230235440229005
2023-10-06,3,price_calendar_ai,hgb,price_calendar_ai_hgb,0.0026350242409121094,0.0021765808102562714,2011-01-07,2023-09-29,665,0.003,0.0,1.0,0.0005,-0.0005,0.0026350242409121094,0.02794780980676026,-0.12070964254830607
2023-10-13,3,price_calendar_ai,hgb,price_calendar_ai_hgb,0.0,-0.0014048569396236063,2011-01-07,2023-09-29,665,0.003,0.0,0.0,0.0,0.0,0.0,0.02794780980676026,-0.12070964254830607
2023-10-20,3,price_calendar_ai,hgb,price_calendar_ai_hgb,-0.023520000673689978,0.011796500772357681,2011-01-07,2023-09-29,665,0.003,1.0,1.0,0.0005,-0.02402000067368998,-0.023520000673689978,0.003550685200770287,-0.14114924042949384
2023-10-27,3,price_calendar_ai,hgb,price_calendar_ai_hgb,0.0017944826819555892,0.002970221746425184,2011-01-07,2023-09-29,665,0.003,0.0,1.0,0.0005,-0.0005,0.0017944826819555892,0.003049035281100787,-0.13960666396563148
2023-11-03,3,price_calendar_ai,hgb,price_calendar_ai_hgb,-0.026341211304041767,-0.006147399231009064,2011-01-07,2023-09-29,665,0.003,0.0,0.0,0.0,-0.0,-0.026341211304041767,0.003049035281100787,-0.16197457437364948
2023-11-10,3,price_calendar_ai,hgb,price_calendar_ai_hgb,0.015525433238654074,0.0024036952577146894,2011-01-07,2023-09-29,665,0.003,0.0,0.0,0.0,0.0,0.015525433238654074,0.003049035281100787,-0.1488623434216111
2023-11-17,3,price_calendar_ai,hgb,price_calendar_ai_hgb,-0.0063636300953144875,-0.004916535346463397,2011-01-07,2023-09-29,665,0.003,0.0,0.0,0.0,-0.0,-0.0063636300953144875,0.003049035281100787,-0.15426147138153223
2023-11-24,3,price_calendar_ai,hgb,price_calendar_ai_hgb,0.005003449478365063,-0.00827111951329658,2011-01-07,2023-09-29,665,0.003,0.0,0.0,0.0,0.0,0.005003449478365063,0.003049035281100787,-0.15001925738010757
2023-12-01,3,price_calendar_ai,hgb,price_calendar_ai_hgb,0.005881001245468642,-0.0030424796105051445,2011-01-07,2023-09-29,665,0.003,0.0,0.0,0.0,0.0,0.005881001245468642,0.003049035281100787,-0.14500579192555252
2023-12-08,3,price_calendar_ai,hgb,price_calendar_ai_hgb,-0.008607098920432321,-0.006743938483601537,2011-01-07,2023-09-29,665,0.003,0.0,0.0,0.0,-0.0,-0.008607098920432321,0.003049035281100787,-0.15233323241230368
2023-12-15,3,price_calendar_ai,hgb,price_calendar_ai_hgb,-0.016514077120584947,-0.001760352890217277,2011-01-07,2023-09-29,665,0.003,0.0,0.0,0.0,-0.0,-0.016514077120584947,0.003049035281100787,-0.16621671481747258
2023-12-22,3,price_calendar_ai,hgb,price_calendar_ai_hgb,-0.0023154047756110963,0.0037577893965422956,2011-01-07,2023-09-29,665,0.003,1.0,1.0,0.0005,-0.0028154047756110963,-0.0023154047756110963,0.00022901784501638822,-0.1681450273443026
2023-12-29,3,price_calendar_ai,hgb,price_calendar_ai_hgb,-0.01588819209985548,-0.002413172378984726,2011-01-07,2023-09-29,665,0.003,0.0,1.0,0.0005,-0.0005,-0.01588819209985548,-0.00027097165611422724,-0.1812572582963411
2024-01-05,4,price_calendar_ai,hgb,price_calendar_ai_hgb,-0.02963882963634301,0.000391791902544506,2011-01-07,2023-12-29,678,0.003,0.0,0.0,0.0,-0.0,-0.02963882963634301,-0.00027097165611422724,-0.20516774516822178
2024-01-12,4,price_calendar_ai,hgb,price_calendar_ai_hgb,-0.009261608043952041,0.016435314881012613,2011-01-07,2023-12-29,678,0.003,1.0,1.0,0.0005,-0.009761608043952041,-0.009261608043952041,-0.0099824576049371,-0.21249518565497283
2024-01-19,4,price_calendar_ai,hgb,price_calendar_ai_hgb,-0.0009799343220819878,0.0038265541576101435,2011-01-07,2023-12-29,678,0.003,1.0,0.0,0.0,-0.0009799343220819878,-0.0009799343220819878,-0.010952134586719398,-0.21326651066570523
2024-01-26,4,price_calendar_ai,hgb,price_calendar_ai_hgb,-0.0019626604903777434,0.00886532762779442,2011-01-07,2023-12-29,678,0.003,1.0,0.0,0.0,-0.0019626604903777434,-0.0019626604903777434,-0.012891396076796124,-0.21480908712956748
2024-02-02,4,price_calendar_ai,hgb,price_calendar_ai_hgb,-0.021346072123210824,0.0068758295654258615,2011-01-07,2023-12-29,678,0.003,1.0,0.0,0.0,-0.021346072123210824,-0.021346072123210824,-0.033738988817673565,-0.23139220707229868
2024-02-09,4,price_calendar_ai,hgb,price_calendar_ai_hgb,-0.024379040246952144,0.01554624965911278,2011-01-07,2023-12-29,678,0.003,1.0,0.0,0.0,-0.024379040246952144,-0.024379040246952144,-0.05701068153951838,-0.2499035659842581
2024-02-16,4,price_calendar_ai,hgb,price_calendar_ai_hgb,-0.028685207408120306,0.014306572490848997,2011-01-07,2023-12-29,678,0.003,1.0,0.0,0.0,-0.028685207408120306,-0.028685207408120306,-0.08367624369760007,-0.27111456243377985
2024-02-23,4,price_calendar_ai,hgb,price_calendar_ai_hgb,0.020943154498284322,0.004760729556750581,2011-01-07,2023-12-29,678,0.003,1.0,0.0,0.0,0.020943154498284322,0.020943154498284322,-0.06428316642939591,-0.2556884300071469
2024-03-01,4,price_calendar_ai,hgb,price_calendar_ai_hgb,0.034626693929015406,0.0008497078188027235,2011-01-07,2023-12-29,678,0.003,0.0,1.0,0.0005,-0.0005,0.034626693929015406,-0.06475090790106874,-0.2294639681030699
2024-03-08,4,price_calendar_ai,hgb,price_calendar_ai_hgb,-0.001502568730861853,-0.008069587806147634,2011-01-07,2023-12-29,678,0.003,0.0,0.0,0.0,-0.0,-0.001502568730861853,-0.06475090790106874,-0.2306208820615665
2024-03-15,4,price_calendar_ai,hgb,price_calendar_ai_hgb,0.007490652465172332,0.005964166405281358,2011-01-07,2023-12-29,678,0.003,1.0,1.0,0.0005,0.006990652465172331,0.007490652465172332,-0.05819000073776692,-0.22483609159627937
2024-03-22,4,price_calendar_ai,hgb,price_calendar_ai_hgb,0.003972196004524697,-0.014995198248132198,2011-01-07,2023-12-29,678,0.003,0.0,1.0,0.0005,-0.0005,0.003972196004524697,-0.058660788030766686,-0.22175086511095266
2024-03-29,4,price_calendar_ai,hgb,price_calendar_ai_hgb,-0.01346991963592492,-0.02639867527914963,2011-01-07,2023-12-29,678,0.003,0.0,0.0,0.0,-0.0,-0.01346991963592492,-0.058660788030766686,-0.23216353208303053
2024-04-05,5,price_calendar_ai,hgb,price_calendar_ai_hgb,0.0005021455742464376,-0.008493911735420096,2011-01-07,2024-03-29,691,0.003,0.0,0.0,0.0,0.0,0.0005021455742464376,-0.058660788030766686,-0.23177786957766466
2024-04-12,5,price_calendar_ai,hgb,price_calendar_ai_hgb,-0.011105581514636143,-0.007707351224676027,2011-01-07,2024-03-29,691,0.003,0.0,0.0,0.0,-0.0,-0.011105581514636143,-0.058660788030766686,-0.2402622240229122
2024-04-19,5,price_calendar_ai,hgb,price_calendar_ai_hgb,0.01711164742982696,-0.011642711351135026,2011-01-07,2024-03-29,691,0.003,0.0,0.0,0.0,0.0,0.01711164742982696,-0.058660788030766686,-0.2271499930708739
2024-04-26,5,price_calendar_ai,hgb,price_calendar_ai_hgb,0.024156942575138896,-0.014029332491447999,2011-01-07,2024-03-29,691,0.003,0.0,0.0,0.0,0.0,0.024156942575138896,-0.058660788030766686,-0.2082529716535484
2024-05-03,5,price_calendar_ai,hgb,price_calendar_ai_hgb,0.014506987133386051,-0.010409450154939333,2011-01-07,2024-03-29,691,0.003,0.0,0.0,0.0,0.0,0.014506987133386051,-0.058660788030766686,-0.19668339072297414
2024-05-10,5,price_calendar_ai,hgb,price_calendar_ai_hgb,-0.025280902313195686,-0.016810915720431998,2011-01-07,2024-03-29,691,0.003,0.0,0.0,0.0,-0.0,-0.025280902313195686,-0.058660788030766686,-0.2167373996563976
2024-05-17,5,price_calendar_ai,hgb,price_calendar_ai_hgb,0.019986034955030263,0.033718269559989036,2011-01-07,2024-03-29,691,0.003,1.0,1.0,0.0005,0.019486034955030263,0.019986034955030263,-0.040137936878031466,-0.2009256047243988
2024-05-24,5,price_calendar_ai,hgb,price_calendar_ai_hgb,-0.04037967169090617,-0.011122361059954773,2011-01-07,2024-03-29,691,0.003,0.0,1.0,0.0005,-0.0005,-0.04037967169090617,-0.040617747946829263,-0.23254919458839662
2024-05-31,5,price_calendar_ai,hgb,price_calendar_ai_hgb,0.002008078755808995,-0.0035780024156266267,2011-01-07,2024-03-29,691,0.003,0.0,0.0,0.0,0.0,0.002008078755808995,-0.040617747946829263,-0.23100654456693248
2024-06-07,5,price_calendar_ai,hgb,price_calendar_ai_hgb,0.0,-0.03133567094164083,2011-01-07,2024-03-29,691,0.003,0.0,0.0,0.0,0.0,0.0,-0.040617747946829263,-0.23100654456693248
2024-06-14,5,price_calendar_ai,hgb,price_calendar_ai_hgb,-0.030552293402017927,-0.02919433847400846,2011-01-07,2024-03-29,691,0.003,0.0,0.0,0.0,-0.0,-0.030552293402017927,-0.040617747946829263,-0.2541457799856828
2024-06-21,5,price_calendar_ai,hgb,price_calendar_ai_hgb,-0.05472816839602368,0.0011052755544033342,2011-01-07,2024-03-29,691,0.003,0.0,0.0,0.0,-0.0,-0.05472816839602368,-0.040617747946829263,-0.29386813534716405
2024-06-28,5,price_calendar_ai,hgb,price_calendar_ai_hgb,0.006532458721493217,0.015805493012381114,2011-01-07,2024-03-29,691,0.003,1.0,1.0,0.0005,0.006032458721493217,0.006532458721493217,-0.03481282273100739,-0.2892402588403733
2024-07-05,6,price_calendar_ai,hgb,price_calendar_ai_hgb,-0.013107766350386907,-0.008661443037922014,2011-01-07,2024-06-28,704,0.003,0.0,1.0,0.0005,-0.0005,-0.013107766350386907,-0.03529529569135037,-0.298495938296353
2024-07-12,6,price_calendar_ai,hgb,price_calendar_ai_hgb,-0.019428886184991168,-0.02758687275620522,2011-01-07,2024-06-28,704,0.003,0.0,0.0,0.0,-0.0,-0.019428886184991168,-0.03529529569135037,-0.3119938317537574
2024-07-19,6,price_calendar_ai,hgb,price_calendar_ai_hgb,0.01003914187828503,-0.003631806055277776,2011-01-07,2024-06-28,704,0.003,0.0,0.0,0.0,0.0,0.01003914187828503,-0.03529529569135037,-0.305052053772372
2024-07-26,6,price_calendar_ai,hgb,price_calendar_ai_hgb,-0.01003914187828503,-0.004802304061523122,2011-01-07,2024-06-28,704,0.003,0.0,0.0,0.0,-0.0,-0.01003914187828503,-0.03529529569135037,-0.3119938317537574
2024-08-02,6,price_calendar_ai,hgb,price_calendar_ai_hgb,-0.019242254775527545,-0.006331462385994464,2011-01-07,2024-06-28,704,0.003,0.0,0.0,0.0,-0.0,-0.019242254775527545,-0.03529529569135037,-0.3251060627057957
2024-08-09,6,price_calendar_ai,hgb,price_calendar_ai_hgb,-0.009184900777309934,0.013849609012583189,2011-01-07,2024-06-28,704,0.003,1.0,1.0,0.0005,-0.009684900777309935,-0.009184900777309934,-0.04459326738838354,-0.331276515676449
2024-08-16,6,price_calendar_ai,hgb,price_calendar_ai_hgb,-0.00115409463771865,0.0012503395204626765,2011-01-07,2024-06-28,704,0.003,0.0,1.0,0.0005,-0.0005,-0.00115409463771865,-0.04507085134874966,-0.3320478406871811
2024-08-23,6,price_calendar_ai,hgb,price_calendar_ai_hgb,0.021702797169266486,0.0030789524322576145,2011-01-07,2024-06-28,704,0.003,1.0,1.0,0.0005,0.021202797169266485,0.021702797169266486,-0.024607508865743144,-0.3173929597136784
2024-08-30,6,price_calendar_ai,hgb,price_calendar_ai_hgb,0.010677180720008561,-0.008318394267208404,2011-01-07,2024-06-28,704,0.003,0.0,1.0,0.0005,-0.0005,0.010677180720008561,-0.025095083207567037,-0.3100655927845287
2024-09-06,6,price_calendar_ai,hgb,price_calendar_ai_hgb,0.014979501367015313,0.009547592743132854,2011-01-07,2024-06-28,704,0.003,1.0,1.0,0.0005,0.014479501367015313,0.014979501367015313,-0.010876253773036693,-0.29965292581245107
2024-09-13,6,price_calendar_ai,hgb,price_calendar_ai_hgb,-0.02339940079131697,-0.005175899558150538,2011-01-07,2024-06-28,704,0.003,0.0,1.0,0.0005,-0.0005,-0.02339940079131697,-0.011370692026286044,-0.31585038324981596
2024-09-20,6,price_calendar_ai,hgb,price_calendar_ai_hgb,0.02943843146598457,0.0022965080651697,2011-01-07,2024-06-28,704,0.003,0.0,0.0,0.0,0.0,0.02943843146598457,-0.011370692026286044,-0.2954107118110263
2024-09-27,6,price_calendar_ai,hgb,price_calendar_ai_hgb,0.010887361589490663,0.009420510475594246,2011-01-07,2024-06-28,704,0.003,1.0,1.0,0.0005,0.010387361589490662,0.010887361589490663,-0.0010479215681230558,-0.28769768237651083
2024-10-04,7,price_calendar_ai,hgb,price_calendar_ai_hgb,-0.013079193454776483,-0.0027094600335134567,2011-01-07,2024-09-27,717,0.003,0.0,1.0,0.0005,-0.0005,-0.013079193454776483,-0.0015472727591381297,-0.29695336183249044
2024-10-11,7,price_calendar_ai,hgb,price_calendar_ai_hgb,-0.036306675662896026,0.0037762999866981974,2011-01-07,2024-09-27,717,0.003,1.0,1.0,0.0005,-0.03680667566289603,-0.036306675662896026,-0.03762890271218633,-0.3220208362204692
2024-10-18,7,price_calendar_ai,hgb,price_calendar_ai_hgb,0.021385123980925957,0.022537259654524532,2011-01-07,2024-09-27,717,0.003,1.0,0.0,0.0,0.021385123980925957,0.021385123980925957,-0.016826842933888808,-0.3073660288045684
2024-10-25,7,price_calendar_ai,hgb,price_calendar_ai_hgb,-0.0005568544602643222,-0.006759201971267698,2011-01-07,2024-09-27,717,0.003,0.0,1.0,0.0005,-0.0005,-0.0005568544602643222,-0.01731830663625744,-0.3077516177523326
2024-11-01,7,price_calendar_ai,hgb,price_calendar_ai_hgb,0.029098884004898462,0.008403407232014048,2011-01-07,2024-09-27,717,0.003,1.0,1.0,0.0005,0.02859888400489846,0.029098884004898462,0.011191017439724948,-0.28731201987114485
2024-11-08,7,price_calendar_ai,hgb,price_calendar_ai_hgb,-0.022435953727171665,-0.0016826626908789334,2011-01-07,2024-09-27,717,0.003,0.0,1.0,0.0005,-0.0005,-0.022435953727171665,0.010685548308818626,-0.30312381480314365
2024-11-15,7,price_calendar_ai,hgb,price_calendar_ai_hgb,0.0,0.009380381852053983,2011-01-07,2024-09-27,717,0.003,1.0,1.0,0.0005,-0.0005,0.0,0.010180331849304336,-0.30312381480314365
2024-11-22,7,price_calendar_ai,hgb,price_calendar_ai_hgb,-0.01112971158101228,-0.005458273404907928,2011-01-07,2024-09-27,717,0.003,0.0,1.0,0.0005,-0.0005,-0.01112971158101228,0.009675367934878443,-0.31083684423765934
2024-11-29,7,price_calendar_ai,hgb,price_calendar_ai_hgb,0.01719872940108713,0.006543280301944607,2011-01-07,2024-09-27,717,0.003,1.0,1.0,0.0005,0.01669872940108713,0.01719872940108713,0.026677223302691733,-0.2988816008017189
2024-12-06,7,price_calendar_ai,hgb,price_calendar_ai_hgb,0.004390782165744955,-0.005809772370699223,2011-01-07,2024-09-27,717,0.003,0.0,1.0,0.0005,-0.0005,0.004390782165744955,0.02616401300430682,-0.2957963743163925
2024-12-13,7,price_calendar_ai,hgb,price_calendar_ai_hgb,0.0,-0.003869772693845279,2011-01-07,2024-09-27,717,0.003,0.0,0.0,0.0,0.0,0.0,0.02616401300430682,-0.2957963743163925
2024-12-20,7,price_calendar_ai,hgb,price_calendar_ai_hgb,0.01683447122938375,-0.005279347018600858,2011-01-07,2024-09-27,717,0.003,0.0,0.0,0.0,0.0,0.01683447122938375,0.02616401300430682,-0.28384113088045215
2024-12-27,7,price_calendar_ai,hgb,price_calendar_ai_hgb,-0.0026961049955143146,-0.015180087411918003,2011-01-07,2024-09-27,717,0.003,0.0,0.0,0.0,-0.0,-0.0026961049955143146,0.02616401300430682,-0.2857693698496807
2025-01-03,8,price_calendar_ai,hgb,price_calendar_ai_hgb,0.037620281860731186,0.0029093559594475108,2011-01-07,2024-12-27,730,0.003,0.0,0.0,0.0,0.0,0.037620281860731186,0.02616401300430682,-0.25838799398710743
2025-01-10,8,price_calendar_ai,hgb,price_calendar_ai_hgb,0.02007796111557436,0.011382223066082156,2011-01-07,2024-12-27,730,0.003,1.0,1.0,0.0005,0.01957796111557436,0.02007796111557436,0.046452164441663335,-0.24334745050823892
2025-01-17,8,price_calendar_ai,hgb,price_calendar_ai_hgb,0.007110206991211232,0.007648493968687795,2011-01-07,2024-12-27,730,0.003,1.0,0.0,0.0,0.007110206991211232,0.007110206991211232,0.053919170458562427,-0.23794832254831777
2025-01-24,8,price_calendar_ai,hgb,price_calendar_ai_hgb,0.0015171019737820757,0.029650131093814286,2011-01-07,2024-12-27,730,0.003,1.0,0.0,0.0,0.0015171019737820757,0.0015171019737820757,0.05551928677518081,-0.23679133503221972
2025-01-31,8,price_calendar_ai,hgb,price_calendar_ai_hgb,0.009054307167279507,-0.007311248835993958,2011-01-07,2024-12-27,730,0.003,0.0,1.0,0.0005,-0.0005,0.009054307167279507,0.05499165904971681,-0.2298496306084361
2025-02-07,8,price_calendar_ai,hgb,price_calendar_ai_hgb,0.01737449464791574,0.013256308567372121,2011-01-07,2024-12-27,730,0.003,1.0,1.0,0.0005,0.01687449464791574,0.01737449464791574,0.07294516228355374,-0.21635173715103162
2025-02-14,8,price_calendar_ai,hgb,price_calendar_ai_hgb,-0.003944774580914245,0.01001813001386637,2011-01-07,2024-12-27,730,0.003,1.0,0.0,0.0,-0.003944774580914245,-0.003944774580914245,0.06872097269632027,-0.21943696363635823
2025-02-21,8,price_calendar_ai,hgb,price_calendar_ai_hgb,-0.0595444295014711,0.004399149406005741,2011-01-07,2024-12-27,730,0.003,1.0,0.0,0.0,-0.0595444295014711,-0.0595444295014711,0.006942137037640128,-0.26455844695776054
2025-02-28,8,price_calendar_ai,hgb,price_calendar_ai_hgb,0.0,0.012800848999971744,2011-01-07,2024-12-27,730,0.003,1.0,0.0,0.0,0.0,0.0,0.006942137037640128,-0.26455844695776054
2025-03-07,8,price_calendar_ai,hgb,price_calendar_ai_hgb,-0.012665064992064767,0.000546182215315838,2011-01-07,2024-12-27,730,0.003,0.0,1.0,0.0005,-0.0005,-0.012665064992064767,0.006438791815913003,-0.2738141264137405
2025-03-14,8,price_calendar_ai,hgb,price_calendar_ai_hgb,0.002651777649094189,-0.00236094969267551,2011-01-07,2024-12-27,730,0.003,0.0,0.0,0.0,0.0,0.002651777649094189,0.006438791815913003,-0.2718858874445119
2025-03-21,8,price_calendar_ai,hgb,price_calendar_ai_hgb,-0.022496936786924326,0.002789010483235085,2011-01-07,2024-12-27,730,0.003,0.0,0.0,0.0,-0.0,-0.022496936786924326,0.006438791815913003,-0.2880833448818767
2025-03-28,8,price_calendar_ai,hgb,price_calendar_ai_hgb,0.01505408511722317,0.007650641186015472,2011-01-07,2024-12-27,730,0.003,1.0,1.0,0.0005,0.01455408511722317,0.01505408511722317,0.021193699297466173,-0.27728501540443296
2025-04-04,9,price_calendar_ai,hgb,price_calendar_ai_hgb,0.04384836860910912,-0.002626893057961835,2011-01-07,2025-03-28,743,0.003,0.0,1.0,0.0005,-0.0005,0.04384836860910912,0.020683230075757564,-0.24489010052970306
2025-04-11,9,price_calendar_ai,hgb,price_calendar_ai_hgb,0.0,-0.010148936231771249,2011-01-07,2025-03-28,743,0.003,0.0,0.0,0.0,0.0,0.0,0.020683230075757564,-0.24489010052970306
2025-04-18,9,price_calendar_ai,hgb,price_calendar_ai_hgb,-0.02116207216842536,0.01479455890186581,2011-01-07,2025-03-28,743,0.003,1.0,1.0,0.0005,-0.02166207216842536,-0.02116207216842536,-0.0011891281290680178,-0.26070189546170197
2025-04-25,9,price_calendar_ai,hgb,price_calendar_ai_hgb,-0.01895794611669377,0.027235807193527244,2011-01-07,2025-03-28,743,0.003,1.0,0.0,0.0,-0.01895794611669377,-0.01895794611669377,-0.019946171533776424,-0.2745854514244723
2025-05-02,9,price_calendar_ai,hgb,price_calendar_ai_hgb,-0.030771642822881695,0.006261839149287051,2011-01-07,2025-03-28,743,0.003,1.0,0.0,0.0,-0.030771642822881695,-0.030771642822881695,-0.04964475733908258,-0.29656769932712435
2025-05-09,9,price_calendar_ai,hgb,price_calendar_ai_hgb,-0.016584085698091666,-0.014677378205406445,2011-01-07,2025-03-28,743,0.003,0.0,1.0,0.0005,-0.0005,-0.016584085698091666,-0.0501198161858043,-0.3081372802576988
2025-05-16,9,price_calendar_ai,hgb,price_calendar_ai_hgb,0.031818367535546344,-0.001452790870986226,2011-01-07,2025-03-28,743,0.003,0.0,0.0,0.0,0.0,0.031818367535546344,-0.0501198161858043,-0.2857693698496807
2025-05-23,9,price_calendar_ai,hgb,price_calendar_ai_hgb,-0.02183490700515245,0.008565611514038018,2011-01-07,2025-03-28,743,0.003,1.0,1.0,0.0005,-0.02233490700515245,-0.02183490700515245,-0.07110013288747141,-0.3011955022763134
2025-05-30,9,price_calendar_ai,hgb,price_calendar_ai_hgb,0.02721996999038989,0.009644732991002143,2011-01-07,2025-03-28,743,0.003,1.0,0.0,0.0,0.02721996999038989,0.02721996999038989,-0.04546823928674715,-0.2819128183536219
2025-06-06,9,price_calendar_ai,hgb,price_calendar_ai_hgb,-0.012429311493620254,-0.008076646275094235,2011-01-07,2025-03-28,743,0.003,0.0,1.0,0.0005,-0.0005,-0.012429311493620254,-0.04594538587051733,-0.29078290886183733
2025-06-13,9,price_calendar_ai,hgb,price_calendar_ai_hgb,-0.002722530278641777,-0.029946103596367287,2011-01-07,2025-03-28,743,0.003,0.0,0.0,0.0,-0.0,-0.002722530278641777,-0.04594538587051733,-0.2927111478310658
2025-06-20,9,price_calendar_ai,hgb,price_calendar_ai_hgb,-0.03439056872108148,-0.01156138576813205,2011-01-07,2025-03-28,743,0.003,0.0,0.0,0.0,-0.0,-0.03439056872108148,-0.04594538587051733,-0.31662170826054803
2025-06-27,9,price_calendar_ai,hgb,price_calendar_ai_hgb,0.02452745834354264,1.2974807982141927e-05,2011-01-07,2025-03-28,743,0.003,0.0,0.0,0.0,0.0,0.02452745834354264,-0.04594538587051733,-0.29965292581245107
2025-07-04,10,price_calendar_ai,hgb,price_calendar_ai_hgb,-0.050250446105851054,-0.012307756377550765,2011-01-07,2025-06-27,756,0.003,0.0,0.0,0.0,-0.0,-0.050250446105851054,-0.04594538587051733,-0.3339760796564095
2025-07-11,10,price_calendar_ai,hgb,price_calendar_ai_hgb,0.030789148650300024,-0.0016514073838332542,2011-01-07,2025-06-27,756,0.003,0.0,0.0,0.0,0.0,0.030789148650300024,-0.04594538587051733,-0.31315081926985533
2025-07-18,10,price_calendar_ai,hgb,price_calendar_ai_hgb,-0.018130791371108845,0.003022229696482668,2011-01-07,2025-06-27,756,0.003,1.0,1.0,0.0005,-0.018630791371108846,-0.018130791371108845,-0.06355562263688752,-0.3254917252111619
2025-07-25,10,price_calendar_ai,hgb,price_calendar_ai_hgb,-0.018465596591241695,0.0013386078802653393,2011-01-07,2025-06-27,756,0.003,0.0,1.0,0.0005,-0.0005,-0.018465596591241695,-0.0640237277895287,-0.3378326311524682
2025-08-01,10,price_calendar_ai,hgb,price_calendar_ai_hgb,-0.007600104223529858,-0.008080495631305674,2011-01-07,2025-06-27,756,0.003,0.0,0.0,0.0,-0.0,-0.007600104223529858,-0.0640237277895287,-0.34284609660702303
2025-08-08,10,price_calendar_ai,hgb,price_calendar_ai_hgb,0.0029299309266903606,0.019377632973963232,2011-01-07,2025-06-27,756,0.003,1.0,1.0,0.0005,0.0024299309266903606,0.0029299309266903606,-0.06174660459344872,-0.3409178576377947
2025-08-15,10,price_calendar_ai,hgb,price_calendar_ai_hgb,0.012212951347196466,-0.01950067499474415,2011-01-07,2025-06-27,756,0.003,0.0,1.0,0.0005,-0.0005,0.012212951347196466,-0.06221561402902209,-0.33281916569791314
2025-08-22,10,price_calendar_ai,hgb,price_calendar_ai_hgb,0.015486427426680383,0.011316422630355663,2011-01-07,2025-06-27,756,0.003,1.0,1.0,0.0005,0.014986427426680382,0.015486427426680383,-0.04805573842919819,-0.32240649872583527
2025-08-29,10,price_calendar_ai,hgb,price_calendar_ai_hgb,-0.0022791467269858146,-0.004663707887424693,2011-01-07,2025-06-27,756,0.003,0.0,1.0,0.0005,-0.0005,-0.0022791467269858146,-0.048531591586780554,-0.32394907518969773
2025-09-05,10,price_calendar_ai,hgb,price_calendar_ai_hgb,0.020886953432670996,-0.0026630568494357045,2011-01-07,2025-06-27,756,0.003,0.0,0.0,0.0,0.0,0.020886953432670996,-0.048531591586780554,-0.30967993027916274
2025-09-12,10,price_calendar_ai,hgb,price_calendar_ai_hgb,-0.008978727556137933,-0.005556892340332321,2011-01-07,2025-06-27,756,0.003,0.0,0.0,0.0,-0.0,-0.008978727556137933,-0.048531591586780554,-0.31585038324981596
2025-09-19,10,price_calendar_ai,hgb,price_calendar_ai_hgb,-0.006787295841789831,0.004222001268198455,2011-01-07,2025-06-27,756,0.003,1.0,1.0,0.0005,-0.0072872958417898315,-0.006787295841789831,-0.0554400209064102,-0.32047818619900514
2025-09-26,10,price_calendar_ai,hgb,price_calendar_ai_hgb,-0.0005677109701363037,0.0018678397577726932,2011-01-07,2025-06-27,756,0.003,0.0,1.0,0.0005,-0.0005,-0.0005677109701363037,-0.05591218284563548,-0.32086384870437124
2025-10-03,11,price_calendar_ai,hgb,price_calendar_ai_hgb,-0.017760499764301496,0.005579155593803407,2011-01-07,2025-09-26,769,0.003,1.0,1.0,0.0005,-0.018260499764301497,-0.017760499764301496,-0.07299525084149827,-0.33281916569791314
2025-10-10,11,price_calendar_ai,hgb,price_calendar_ai_hgb,0.013777581737391742,-0.0026957021772643134,2011-01-07,2025-09-26,769,0.003,0.0,1.0,0.0005,-0.0005,0.013777581737391742,-0.07345863735979408,-0.32356341268433164
2025-10-17,11,price_calendar_ai,hgb,price_calendar_ai_hgb,0.004550628997046058,-0.0070461440774757115,2011-01-07,2025-09-26,769,0.003,0.0,0.0,0.0,0.0,0.004550628997046058,-0.07345863735979408,-0.32047818619900514
2025-10-24,11,price_calendar_ai,hgb,price_calendar_ai_hgb,0.009601885003151178,-0.002962250395627802,2011-01-07,2025-09-26,769,0.003,0.0,0.0,0.0,0.0,0.009601885003151178,-0.07345863735979408,-0.31392207072298584
2025-10-31,11,price_calendar_ai,hgb,price_calendar_ai_hgb,-0.0011248852137382137,-0.0006756571146784877,2011-01-07,2025-09-26,769,0.003,0.0,0.0,0.0,-0.0,-0.0011248852137382137,-0.07345863735979408,-0.3146933957337178
2025-11-07,11,price_calendar_ai,hgb,price_calendar_ai_hgb,0.0072890236085148,-0.007376244702818752,2011-01-07,2025-09-26,769,0.003,0.0,0.0,0.0,0.0,0.0072890236085148,-0.07345863735979408,-0.30967993027916274
2025-11-14,11,price_calendar_ai,hgb,price_calendar_ai_hgb,-0.016901767817029345,-0.01016547524613434,2011-01-07,2025-09-26,769,0.003,0.0,0.0,0.0,-0.0,-0.016901767817029345,-0.07345863735979408,-0.3212495112097372
2025-11-21,11,price_calendar_ai,hgb,price_calendar_ai_hgb,0.020804738866287753,-0.010736761293407296,2011-01-07,2025-09-26,769,0.003,0.0,0.0,0.0,0.0,0.020804738866287753,-0.07345863735979408,-0.30698036629920233
2025-11-28,11,price_calendar_ai,hgb,price_calendar_ai_hgb,-0.006700132988308738,-0.007436246083067127,2011-01-07,2025-09-26,769,0.003,0.0,0.0,0.0,-0.0,-0.006700132988308738,-0.07345863735979408,-0.3116081692483913
2025-12-05,11,price_calendar_ai,hgb,price_calendar_ai_hgb,-0.0056180136750763054,0.0018981755268321972,2011-01-07,2025-09-26,769,0.003,0.0,0.0,0.0,-0.0,-0.0056180136750763054,-0.07345863735979408,-0.3154647207444501
2025-12-12,11,price_calendar_ai,hgb,price_calendar_ai_hgb,0.0022510372193500494,-0.007647213684718134,2011-01-07,2025-09-26,769,0.003,0.0,0.0,0.0,0.0,0.0022510372193500494,-0.07345863735979408,-0.31392207072298584
2025-12-19,11,price_calendar_ai,hgb,price_calendar_ai_hgb,0.017275406206680444,-0.003741993909384239,2011-01-07,2025-09-26,769,0.003,0.0,0.0,0.0,0.0,0.017275406206680444,-0.07345863735979408,-0.3019668272870457
2025-12-26,11,price_calendar_ai,hgb,price_calendar_ai_hgb,-0.026310010540252282,-0.007481363142693529,2011-01-07,2025-09-26,769,0.003,0.0,0.0,0.0,-0.0,-0.026310010540252282,-0.07345863735979408,-0.3200925972512405
2026-01-02,12,price_calendar_ai,hgb,price_calendar_ai_hgb,0.014639914596512149,0.008189876213623824,2011-01-07,2025-12-26,782,0.003,1.0,1.0,0.0005,0.014139914596512149,0.014639914596512149,-0.060264358468431256,-0.3100655927845287
2026-01-09,12,price_calendar_ai,hgb,price_calendar_ai_hgb,-0.040495929084172655,-0.005095154329657746,2011-01-07,2025-12-26,782,0.003,0.0,1.0,0.0005,-0.0005,-0.040495929084172655,-0.06073410884181718,-0.337446968647102
2026-01-16,12,price_calendar_ai,hgb,price_calendar_ai_hgb,0.013873041484489868,0.007579479139652138,2011-01-07,2025-12-26,782,0.003,1.0,1.0,0.0005,0.013373041484489867,0.013873041484489868,-0.04808890313745817,-0.3281912891911223
2026-01-23,12,price_calendar_ai,hgb,price_calendar_ai_hgb,0.003438368235503919,0.0017626858512765709,2011-01-07,2025-12-26,782,0.003,0.0,1.0,0.0005,-0.0005,0.003438368235503919,-0.048564739716831284,-0.32587738771652763
2026-01-30,12,price_calendar_ai,hgb,price_calendar_ai_hgb,0.001143536889932406,0.0035636443804235056,2011-01-07,2025-12-26,782,0.003,1.0,1.0,0.0005,0.0006435368899324061,0.001143536889932406,-0.04795225897261768,-0.3251060627057957
2026-02-06,12,price_calendar_ai,hgb,price_calendar_ai_hgb,0.008534880836821301,0.004436036416398236,2011-01-07,2025-12-26,782,0.003,1.0,0.0,0.0,0.008534880836821301,0.008534880836821301,-0.03979187051680555,-0.31932127224050866
2026-02-13,12,price_calendar_ai,hgb,price_calendar_ai_hgb,-0.001701093628666328,-0.0038910305797729846,2011-01-07,2025-12-26,782,0.003,0.0,1.0,0.0005,-0.0005,-0.001701093628666328,-0.04027185457553284,-0.32047818619900514
2026-02-20,12,price_calendar_ai,hgb,price_calendar_ai_hgb,0.015207195266091489,-0.003264965195685452,2011-01-07,2025-12-26,782,0.003,0.0,0.0,0.0,0.0,0.015207195266091489,-0.04027185457553284,-0.3100655927845287
2026-02-27,12,price_calendar_ai,hgb,price_calendar_ai_hgb,0.03460939053157874,-0.0031665971139956156,2011-01-07,2025-12-26,782,0.003,0.0,0.0,0.0,0.0,0.03460939053157874,-0.04027185457553284,-0.2857693698496807
2026-03-06,12,price_calendar_ai,hgb,price_calendar_ai_hgb,0.008066707704783571,0.011281618192014509,2011-01-07,2025-12-26,782,0.003,1.0,1.0,0.0005,0.007566707704783571,0.008066707704783571,-0.03298232814530955,-0.27998457938439336
2026-03-13,12,price_calendar_ai,hgb,price_calendar_ai_hgb,0.006938867613939692,0.0034388418978974454,2011-01-07,2025-12-26,782,0.003,1.0,0.0,0.0,0.006938867613939692,0.006938867613939692,-0.026248986673757857,-0.2749711139298383
2026-03-20,12,price_calendar_ai,hgb,price_calendar_ai_hgb,-0.011771099974565047,0.024943543156177618,2011-01-07,2025-12-26,782,0.003,1.0,0.0,0.0,-0.011771099974565047,-0.011771099974565047,-0.03764391023778213,-0.2834554683750862
2026-03-27,12,price_calendar_ai,hgb,price_calendar_ai_hgb,-0.02121370738946471,0.010646158520315665,2011-01-07,2025-12-26,782,0.003,1.0,0.0,0.0,-0.02121370738946471,-0.02121370738946471,-0.057844033444072185,-0.298495938296353
2026-04-03,13,price_calendar_ai,hgb,price_calendar_ai_hgb,-0.02448650596856261,0.0016552067949191043,2011-01-07,2026-03-27,795,0.003,0.0,1.0,0.0005,-0.0005,-0.02448650596856261,-0.058314993677480165,-0.3154647207444501
2026-04-10,13,price_calendar_ai,hgb,price_calendar_ai_hgb,0.011204641516453062,-0.013489100729817025,2011-01-07,2026-03-27,795,0.003,0.0,0.0,0.0,0.0,0.011204641516453062,-0.058314993677480165,-0.3077516177523326
2026-04-17,13,price_calendar_ai,hgb,price_calendar_ai_hgb,0.01767023800752021,-0.01789666492939144,2011-01-07,2026-03-27,795,0.003,0.0,0.0,0.0,0.0,0.01767023800752021,-0.058314993677480165,-0.2954107118110263
2026-04-24,13,price_calendar_ai,hgb,price_calendar_ai_hgb,0.03337225375719077,-0.010599453918515689,2011-01-07,2026-03-27,795,0.003,0.0,0.0,0.0,0.0,0.03337225375719077,-0.058314993677480165,-0.2715002249391456
2026-05-01,13,price_calendar_ai,hgb,price_calendar_ai_hgb,-0.01493354575146233,-0.015589329768002086,2011-01-07,2026-03-27,795,0.003,0.0,0.0,0.0,-0.0,-0.01493354575146233,-0.058314993677480165,-0.2822984808589879
2026-05-08,13,price_calendar_ai,hgb,price_calendar_ai_hgb,-0.004308026097975759,0.0006173667603294792,2011-01-07,2026-03-27,795,0.003,0.0,0.0,0.0,-0.0,-0.004308026097975759,-0.058314993677480165,-0.2853837073443145
2023-01-06,0,price_calendar_ai,ridge,price_calendar_ai_ridge,0.026637756991465977,0.009798924072781802,2011-01-07,2022-12-30,626,0.003,1.0,1.0,0.0005,0.026137756991465977,0.026637756991465977,0.02648234385359971,0.026995713357207185
2023-01-13,0,price_calendar_ai,ridge,price_calendar_ai_ridge,-0.005271073667588055,0.004443582326109573,2011-01-07,2022-12-30,626,0.003,1.0,0.0,0.0,-0.005271073667588055,-0.005271073667588055,0.02108591478287991,0.021596585397285928
2023-01-20,0,price_calendar_ai,ridge,price_calendar_ai_ridge,0.0018857687565256853,0.005807905990530474,2011-01-07,2022-12-30,626,0.003,1.0,0.0,0.0,0.0018857687565256853,0.0018857687565256853,0.02301326339444576,0.023524897924116273
2023-01-27,0,price_calendar_ai,ridge,price_calendar_ai_ridge,0.0015059870145548437,0.005387401250525822,2011-01-07,2022-12-30,626,0.003,1.0,0.0,0.0,0.0015059870145548437,0.0015059870145548437,0.024555068762866172,0.02506747438797885
2023-02-03,0,price_calendar_ai,ridge,price_calendar_ai_ridge,0.0030052586123381353,0.0034568244651213284,2011-01-07,2022-12-30,626,0.003,1.0,0.0,0.0,0.0030052586123381353,0.0030052586123381353,0.027638753020539086,0.028152700873305347
2023-02-10,0,price_calendar_ai,ridge,price_calendar_ai_ridge,-0.0007504862659923894,-0.006546395134419171,2011-01-07,2022-12-30,626,0.003,0.0,1.0,0.0005,-0.0005,-0.0007504862659923894,0.027125062077466566,0.027381375862573387
2023-02-17,0,price_calendar_ai,ridge,price_calendar_ai_ridge,-0.03787026601642918,-0.004456223539695885,2011-01-07,2022-12-30,626,0.003,0.0,0.0,0.0,-0.0,-0.03787026601642918,0.027125062077466566,-0.010798329477443858
2023-02-24,0,price_calendar_ai,ridge,price_calendar_ai_ridge,-0.011370403108148963,0.005530061216986378,2011-01-07,2022-12-30,626,0.003,1.0,1.0,0.0005,-0.011870403108148964,-0.011370403108148963,0.01500475234810339,-0.02198224790265224
2023-03-03,0,price_calendar_ai,ridge,price_calendar_ai_ridge,-0.031240052602529822,-0.004033387444676468,2011-01-07,2022-12-30,626,0.003,0.0,1.0,0.0005,-0.0005,-0.031240052602529822,0.014497376826380082,-0.05206326130278727
2023-03-10,0,price_calendar_ai,ridge,price_calendar_ai_ridge,0.007700160947850421,-0.0019534499017825357,2011-01-07,2022-12-30,626,0.003,0.0,0.0,0.0,0.0,0.007700160947850421,0.014497376826380082,-0.04473582081603633
2023-03-17,0,price_calendar_ai,ridge,price_calendar_ai_ridge,0.004029029578285659,-0.001873276676338333,2011-01-07,2022-12-30,626,0.003,0.0,0.0,0.0,0.0,0.004029029578285659,0.014497376826380082,-0.04087926931997765
2023-03-24,0,price_calendar_ai,ridge,price_calendar_ai_ridge,0.014371452949219155,-0.002208736567966801,2011-01-07,2022-12-30,626,0.003,0.0,0.0,0.0,0.0,0.014371452949219155,0.014497376826380082,-0.02699578691480875
2023-03-31,0,price_calendar_ai,ridge,price_calendar_ai_ridge,-0.01961238679648769,-0.004602696065992162,2011-01-07,2022-12-30,626,0.003,0.0,0.0,0.0,-0.0,-0.01961238679648769,0.014497376826380082,-0.04589280833213416
2023-04-07,1,price_calendar_ai,ridge,price_calendar_ai_ridge,0.014844839763751505,0.0022496518881499916,2011-01-07,2023-03-31,639,0.003,0.0,0.0,0.0,0.0,0.014844839763751505,0.014497376826380082,-0.031623589863997825
2023-04-14,1,price_calendar_ai,ridge,price_calendar_ai_ridge,-0.028273319322776214,-0.0028359332025824752,2011-01-07,2023-03-31,639,0.003,0.0,0.0,0.0,-0.0,-0.028273319322776214,0.014497376826380082,-0.0586193767788068
2023-04-21,1,price_calendar_ai,ridge,price_calendar_ai_ridge,-0.043111958005261464,0.002893079703530053,2011-01-07,2023-03-31,639,0.003,0.0,0.0,0.0,-0.0,-0.043111958005261464,0.014497376826380082,-0.09834173214028774
2023-04-28,1,price_calendar_ai,ridge,price_calendar_ai_ridge,0.01696399998898457,0.006605757351469418,2011-01-07,2023-03-31,639,0.003,1.0,1.0,0.0005,0.016463999988984568,0.01696399998898457,0.031338315825371055,-0.08291552615605335
2023-05-05,1,price_calendar_ai,ridge,price_calendar_ai_ridge,-0.04471944188032584,0.0028976708400079627,2011-01-07,2023-03-31,639,0.003,0.0,1.0,0.0005,-0.0005,-0.04471944188032584,0.030822775563264404,-0.1230235440229005
2023-05-12,1,price_calendar_ai,ridge,price_calendar_ai_ridge,-0.02088497643277787,-0.012939937473994637,2011-01-07,2023-03-31,639,0.003,0.0,0.0,0.0,-0.0,-0.02088497643277787,0.030822775563264404,-0.14114924042949384
2023-05-19,1,price_calendar_ai,ridge,price_calendar_ai_ridge,0.058853344475394476,0.009225357813215351,2011-01-07,2023-03-31,639,0.003,1.0,1.0,0.0005,0.058353344475394475,0.058853344475394476,0.09276440724124702,-0.08908597912670635
2023-05-26,1,price_calendar_ai,ridge,price_calendar_ai_ridge,0.008851441609216248,0.003843308003162142,2011-01-07,2023-03-31,639,0.003,1.0,0.0,0.0,0.008851441609216248,0.008851441609216248,0.10247988213165415,-0.08098728718682469
2023-06-02,1,price_calendar_ai,ridge,price_calendar_ai_ridge,-0.019492103447578124,-0.002189306841599283,2011-01-07,2023-03-31,639,0.003,0.0,1.0,0.0005,-0.0005,-0.019492103447578124,0.10192877997760807,-0.09872732108805227
2023-06-09,1,price_calendar_ai,ridge,price_calendar_ai_ridge,0.1047184545507811,0.008422064617714053,2011-01-07,2023-03-31,639,0.003,1.0,1.0,0.0005,0.1042184545507811,0.1047184545507811,0.22296780925176773,0.0007713250107321823
2023-06-16,1,price_calendar_ai,ridge,price_calendar_ai_ridge,-0.01788542960351691,-0.01112959838897398,2011-01-07,2023-03-31,639,0.003,0.0,1.0,0.0005,-0.0005,-0.01788542960351691,0.2223564781926426,-0.016968782448096853
2023-06-23,1,price_calendar_ai,ridge,price_calendar_ai_ridge,-0.1386444483967515,-0.0011878233379426666,2011-01-07,2023-03-31,639,0.003,0.0,0.0,0.0,-0.0,-0.1386444483967515,0.2223564781926426,-0.14423446691482045
2023-06-30,1,price_calendar_ai,ridge,price_calendar_ai_ridge,0.007184577115581181,0.034639217450547516,2011-01-07,2023-03-31,639,0.003,1.0,1.0,0.0005,0.006684577115581181,0.007184577115581181,0.23055478491315107,-0.13806401394416756
2023-07-07,2,price_calendar_ai,ridge,price_calendar_ai_ridge,0.035600307988796764,-0.008329195308276796,2011-01-07,2023-06-30,652,0.003,0.0,1.0,0.0005,-0.0005,0.035600307988796764,0.22993966131440913,-0.10682608658553538
2023-07-14,2,price_calendar_ai,ridge,price_calendar_ai_ridge,0.033959088920219926,-0.02734025659342397,2011-01-07,2023-06-30,652,0.003,0.0,0.0,0.0,0.0,0.033959088920219926,0.22993966131440913,-0.07597382173226952
2023-07-21,2,price_calendar_ai,ridge,price_calendar_ai_ridge,-0.007540814899039461,0.031167684597873814,2011-01-07,2023-06-30,652,0.003,1.0,1.0,0.0005,-0.008040814899039461,-0.007540814899039461,0.22008959849773668,-0.08291552615605335
2023-07-28,2,price_calendar_ai,ridge,price_calendar_ai_ridge,-0.04471944188032584,0.036151218700603956,2011-01-07,2023-06-30,652,0.003,1.0,0.0,0.0,-0.04471944188032584,-0.04471944188032584,0.16672987340001533,-0.1230235440229005
2023-08-04,2,price_calendar_ai,ridge,price_calendar_ai_ridge,-0.019987289785992512,-0.0033313801648267184,2011-01-07,2023-06-30,652,0.003,0.0,1.0,0.0005,-0.0005,-0.019987289785992512,0.16614665428024566,-0.14037791541876188
2023-08-11,2,price_calendar_ai,ridge,price_calendar_ai_ridge,0.010265635127240103,-0.024317710881099273,2011-01-07,2023-06-30,652,0.003,0.0,0.0,0.0,0.0,0.010265635127240103,0.16614665428024566,-0.13150789846814803
2023-08-18,2,price_calendar_ai,ridge,price_calendar_ai_ridge,-0.010265635127240103,-0.030128189347007603,2011-01-07,2023-06-30,652,0.003,0.0,0.0,0.0,-0.0,-0.010265635127240103,0.16614665428024566,-0.14037791541876188
2023-08-25,2,price_calendar_ai,ridge,price_calendar_ai_ridge,-0.004045865226357748,0.01122336289965629,2011-01-07,2023-06-30,652,0.003,1.0,1.0,0.0005,-0.004545865226357748,-0.004045865226357748,0.160857539665068,-0.14384880440945436
2023-09-01,2,price_calendar_ai,ridge,price_calendar_ai_ridge,-0.0009013275636022833,-0.0039053685629530854,2011-01-07,2023-06-30,652,0.003,0.0,1.0,0.0005,-0.0005,-0.0009013275636022833,0.16027725597824638,-0.14462012942018665
2023-09-08,2,price_calendar_ai,ridge,price_calendar_ai_ridge,-0.009513140538532916,0.023465902227855513,2011-01-07,2023-06-30,652,0.003,1.0,1.0,0.0005,-0.010013140538532916,-0.009513140538532916,0.14871720952227152,-0.15271889491766988
2023-09-15,2,price_calendar_ai,ridge,price_calendar_ai_ridge,-0.0004552801920918448,0.015089329024571942,2011-01-07,2023-06-30,652,0.003,1.0,0.0,0.0,-0.0004552801920918448,-0.0004552801920918448,0.14819434036547796,-0.15310455742303608
2023-09-22,2,price_calendar_ai,ridge,price_calendar_ai_ridge,0.0027285771324261354,0.001653232714129434,2011-01-07,2023-06-30,652,0.003,0.0,1.0,0.0005,-0.0005,0.0027285771324261354,0.14762038669567001,-0.15079058239083987
2023-09-29,2,price_calendar_ai,ridge,price_calendar_ai_ridge,0.03217432617415117,-0.015732963653197908,2011-01-07,2023-06-30,652,0.003,0.0,0.0,0.0,0.0,0.03217432617415117,0.14762038669567001,-0.1230235440229005
2023-10-06,3,price_calendar_ai,ridge,price_calendar_ai_ridge,0.0026350242409121094,-0.0035377592948590093,2011-01-07,2023-09-29,665,0.003,0.0,0.0,0.0,0.0,0.0026350242409121094,0.14762038669567001,-0.12070964254830607
2023-10-13,3,price_calendar_ai,ridge,price_calendar_ai_ridge,0.0,-0.003892904933324308,2011-01-07,2023-09-29,665,0.003,0.0,0.0,0.0,0.0,0.0,0.14762038669567001,-0.12070964254830607
2023-10-20,3,price_calendar_ai,ridge,price_calendar_ai_ridge,-0.023520000673689978,-0.0017967543318520014,2011-01-07,2023-09-29,665,0.003,0.0,0.0,0.0,-0.0,-0.023520000673689978,0.14762038669567001,-0.14114924042949384
2023-10-27,3,price_calendar_ai,ridge,price_calendar_ai_ridge,0.0017944826819555892,0.002382651152042639,2011-01-07,2023-09-29,665,0.003,0.0,0.0,0.0,0.0,0.0017944826819555892,0.14762038669567001,-0.13960666396563148
2023-11-03,3,price_calendar_ai,ridge,price_calendar_ai_ridge,-0.026341211304041767,-0.00534375824401715,2011-01-07,2023-09-29,665,0.003,0.0,0.0,0.0,-0.0,-0.026341211304041767,0.14762038669567001,-0.16197457437364948
2023-11-10,3,price_calendar_ai,ridge,price_calendar_ai_ridge,0.015525433238654074,7.690745341676678e-05,2011-01-07,2023-09-29,665,0.003,0.0,0.0,0.0,0.0,0.015525433238654074,0.14762038669567001,-0.1488623434216111
2023-11-17,3,price_calendar_ai,ridge,price_calendar_ai_ridge,-0.0063636300953144875,0.0018347481463290688,2011-01-07,2023-09-29,665,0.003,0.0,0.0,0.0,-0.0,-0.0063636300953144875,0.14762038669567001,-0.15426147138153223
2023-11-24,3,price_calendar_ai,ridge,price_calendar_ai_ridge,0.005003449478365063,-0.001777951927865104,2011-01-07,2023-09-29,665,0.003,0.0,0.0,0.0,0.0,0.005003449478365063,0.14762038669567001,-0.15001925738010757
2023-12-01,3,price_calendar_ai,ridge,price_calendar_ai_ridge,0.005881001245468642,-1.1389082635987133e-05,2011-01-07,2023-09-29,665,0.003,0.0,0.0,0.0,0.0,0.005881001245468642,0.14762038669567001,-0.14500579192555252
2023-12-08,3,price_calendar_ai,ridge,price_calendar_ai_ridge,-0.008607098920432321,-0.0029396595649212615,2011-01-07,2023-09-29,665,0.003,0.0,0.0,0.0,-0.0,-0.008607098920432321,0.14762038669567001,-0.15233323241230368
2023-12-15,3,price_calendar_ai,ridge,price_calendar_ai_ridge,-0.016514077120584947,-0.006118206187200235,2011-01-07,2023-09-29,665,0.003,0.0,0.0,0.0,-0.0,-0.016514077120584947,0.14762038669567001,-0.16621671481747258
2023-12-22,3,price_calendar_ai,ridge,price_calendar_ai_ridge,-0.0023154047756110963,0.00017719451684612697,2011-01-07,2023-09-29,665,0.003,0.0,0.0,0.0,-0.0,-0.0023154047756110963,0.14762038669567001,-0.1681450273443026
2023-12-29,3,price_calendar_ai,ridge,price_calendar_ai_ridge,-0.01588819209985548,-0.004786824719905525,2011-01-07,2023-09-29,665,0.003,0.0,0.0,0.0,-0.0,-0.01588819209985548,0.14762038669567001,-0.1812572582963411
2024-01-05,4,price_calendar_ai,ridge,price_calendar_ai_ridge,-0.02963882963634301,0.0014546820071299517,2011-01-07,2023-12-29,678,0.003,0.0,0.0,0.0,-0.0,-0.02963882963634301,0.14762038669567001,-0.20516774516822178
2024-01-12,4,price_calendar_ai,ridge,price_calendar_ai_ridge,-0.009261608043952041,0.007379937108473879,2011-01-07,2023-12-29,678,0.003,1.0,1.0,0.0005,-0.009761608043952041,-0.009261608043952041,0.13647226661113043,-0.21249518565497283
2024-01-19,4,price_calendar_ai,ridge,price_calendar_ai_ridge,-0.0009799343220819878,0.005521454151920701,2011-01-07,2023-12-29,678,0.003,1.0,0.0,0.0,-0.0009799343220819878,-0.0009799343220819878,0.1353591439136268,-0.21326651066570523
2024-01-26,4,price_calendar_ai,ridge,price_calendar_ai_ridge,-0.0019626604903777434,0.0070282891406229595,2011-01-07,2023-12-29,678,0.003,1.0,0.0,0.0,-0.0019626604903777434,-0.0019626604903777434,0.13313300467184375,-0.21480908712956748
2024-02-02,4,price_calendar_ai,ridge,price_calendar_ai_ridge,-0.021346072123210824,0.006985543476905512,2011-01-07,2023-12-29,678,0.003,1.0,0.0,0.0,-0.021346072123210824,-0.021346072123210824,0.1092013974416397,-0.23139220707229868
2024-02-09,4,price_calendar_ai,ridge,price_calendar_ai_ridge,-0.024379040246952144,0.009175707038759423,2011-01-07,2023-12-29,678,0.003,1.0,0.0,0.0,-0.024379040246952144,-0.024379040246952144,0.08248708962090112,-0.2499035659842581
2024-02-16,4,price_calendar_ai,ridge,price_calendar_ai_ridge,-0.028685207408120306,0.0045952320240974,2011-01-07,2023-12-29,678,0.003,1.0,0.0,0.0,-0.028685207408120306,-0.028685207408120306,0.05187685235890105,-0.27111456243377985
2024-02-23,4,price_calendar_ai,ridge,price_calendar_ai_ridge,0.020943154498284322,0.0013530139257428202,2011-01-07,2023-12-29,678,0.003,0.0,1.0,0.0005,-0.0005,0.020943154498284322,0.05135104539541668,-0.2556884300071469
2024-03-01,4,price_calendar_ai,ridge,price_calendar_ai_ridge,0.034626693929015406,0.0004108898766392899,2011-01-07,2023-12-29,678,0.003,0.0,0.0,0.0,0.0,0.034626693929015406,0.05135104539541668,-0.2294639681030699
2024-03-08,4,price_calendar_ai,ridge,price_calendar_ai_ridge,-0.001502568730861853,0.0031524540265526453,2011-01-07,2023-12-29,678,0.003,1.0,1.0,0.0005,-0.002002568730861853,-0.001502568730861853,0.04924774936707865,-0.2306208820615665
2024-03-15,4,price_calendar_ai,ridge,price_calendar_ai_ridge,0.007490652465172332,0.0028902567322960505,2011-01-07,2023-12-29,678,0.003,0.0,1.0,0.0005,-0.0005,0.007490652465172332,0.04872325662650723,-0.22483609159627937
2024-03-22,4,price_calendar_ai,ridge,price_calendar_ai_ridge,0.003972196004524697,-0.006175915905650862,2011-01-07,2023-12-29,678,0.003,0.0,0.0,0.0,0.0,0.003972196004524697,0.04872325662650723,-0.22175086511095266
2024-03-29,4,price_calendar_ai,ridge,price_calendar_ai_ridge,-0.01346991963592492,-0.012236965634161212,2011-01-07,2023-12-29,678,0.003,0.0,0.0,0.0,-0.0,-0.01346991963592492,0.04872325662650723,-0.23216353208303053
2024-04-05,5,price_calendar_ai,ridge,price_calendar_ai_ridge,0.0005021455742464376,-0.004964100101858675,2011-01-07,2024-03-29,691,0.003,0.0,0.0,0.0,0.0,0.0005021455742464376,0.04872325662650723,-0.23177786957766466
2024-04-12,5,price_calendar_ai,ridge,price_calendar_ai_ridge,-0.011105581514636143,-0.004009002892287323,2011-01-07,2024-03-29,691,0.003,0.0,0.0,0.0,-0.0,-0.011105581514636143,0.04872325662650723,-0.2402622240229122
2024-04-19,5,price_calendar_ai,ridge,price_calendar_ai_ridge,0.01711164742982696,-0.004740543712282351,2011-01-07,2024-03-29,691,0.003,0.0,0.0,0.0,0.0,0.01711164742982696,0.04872325662650723,-0.2271499930708739
2024-04-26,5,price_calendar_ai,ridge,price_calendar_ai_ridge,0.024156942575138896,-0.002491066568227272,2011-01-07,2024-03-29,691,0.003,0.0,0.0,0.0,0.0,0.024156942575138896,0.04872325662650723,-0.2082529716535484
2024-05-03,5,price_calendar_ai,ridge,price_calendar_ai_ridge,0.014506987133386051,-0.004090671192754632,2011-01-07,2024-03-29,691,0.003,0.0,0.0,0.0,0.0,0.014506987133386051,0.04872325662650723,-0.19668339072297414
2024-05-10,5,price_calendar_ai,ridge,price_calendar_ai_ridge,-0.025280902313195686,-0.001764247221172749,2011-01-07,2024-03-29,691,0.003,0.0,0.0,0.0,-0.0,-0.025280902313195686,0.04872325662650723,-0.2167373996563976
2024-05-17,5,price_calendar_ai,ridge,price_calendar_ai_ridge,0.019986034955030263,0.008673627700352756,2011-01-07,2024-03-29,691,0.003,1.0,1.0,0.0005,0.019486034955030263,0.019986034955030263,0.06935911725560784,-0.2009256047243988
2024-05-24,5,price_calendar_ai,ridge,price_calendar_ai_ridge,-0.04037967169090617,-0.001075012162924068,2011-01-07,2024-03-29,691,0.003,0.0,1.0,0.0005,-0.0005,-0.04037967169090617,0.0688245713445943,-0.23254919458839662
2024-05-31,5,price_calendar_ai,ridge,price_calendar_ai_ridge,0.002008078755808995,0.002296764367515869,2011-01-07,2024-03-29,691,0.003,0.0,0.0,0.0,0.0,0.002008078755808995,0.0688245713445943,-0.23100654456693248
2024-06-07,5,price_calendar_ai,ridge,price_calendar_ai_ridge,0.0,-0.016426299616157467,2011-01-07,2024-03-29,691,0.003,0.0,0.0,0.0,0.0,0.0,0.0688245713445943,-0.23100654456693248
2024-06-14,5,price_calendar_ai,ridge,price_calendar_ai_ridge,-0.030552293402017927,-0.01582785917041289,2011-01-07,2024-03-29,691,0.003,0.0,0.0,0.0,-0.0,-0.030552293402017927,0.0688245713445943,-0.2541457799856828
2024-06-21,5,price_calendar_ai,ridge,price_calendar_ai_ridge,-0.05472816839602368,1.3487394392647299e-05,2011-01-07,2024-03-29,691,0.003,0.0,0.0,0.0,-0.0,-0.05472816839602368,0.0688245713445943,-0.29386813534716405
2024-06-28,5,price_calendar_ai,ridge,price_calendar_ai_ridge,0.006532458721493217,0.03703398391917402,2011-01-07,2024-03-29,691,0.003,1.0,1.0,0.0005,0.006032458721493217,0.006532458721493217,0.07529169817773096,-0.2892402588403733
2024-07-05,6,price_calendar_ai,ridge,price_calendar_ai_ridge,-0.013107766350386907,-0.020151686861192886,2011-01-07,2024-06-28,704,0.003,0.0,1.0,0.0005,-0.0005,-0.013107766350386907,0.07475418671770528,-0.298495938296353
2024-07-12,6,price_calendar_ai,ridge,price_calendar_ai_ridge,-0.019428886184991168,-0.01675768175041712,2011-01-07,2024-06-28,704,0.003,0.0,0.0,0.0,-0.0,-0.019428886184991168,0.07475418671770528,-0.3119938317537574
2024-07-19,6,price_calendar_ai,ridge,price_calendar_ai_ridge,0.01003914187828503,-0.0020369168125426006,2011-01-07,2024-06-28,704,0.003,0.0,0.0,0.0,0.0,0.01003914187828503,0.07475418671770528,-0.305052053772372
2024-07-26,6,price_calendar_ai,ridge,price_calendar_ai_ridge,-0.01003914187828503,-0.010160467438652872,2011-01-07,2024-06-28,704,0.003,0.0,0.0,0.0,-0.0,-0.01003914187828503,0.07475418671770528,-0.3119938317537574
2024-08-02,6,price_calendar_ai,ridge,price_calendar_ai_ridge,-0.019242254775527545,-0.023673428446224307,2011-01-07,2024-06-28,704,0.003,0.0,0.0,0.0,-0.0,-0.019242254775527545,0.07475418671770528,-0.3251060627057957
2024-08-09,6,price_calendar_ai,ridge,price_calendar_ai_ridge,-0.009184900777309934,-0.011026468227949272,2011-01-07,2024-06-28,704,0.003,0.0,0.0,0.0,-0.0,-0.009184900777309934,0.07475418671770528,-0.331276515676449
2024-08-16,6,price_calendar_ai,ridge,price_calendar_ai_ridge,-0.00115409463771865,0.0009619424740679643,2011-01-07,2024-06-28,704,0.003,0.0,0.0,0.0,-0.0,-0.00115409463771865,0.07475418671770528,-0.3320478406871811
2024-08-23,6,price_calendar_ai,ridge,price_calendar_ai_ridge,0.021702797169266486,0.00022922514861482162,2011-01-07,2024-06-28,704,0.003,0.0,0.0,0.0,0.0,0.021702797169266486,0.07475418671770528,-0.3173929597136784
2024-08-30,6,price_calendar_ai,ridge,price_calendar_ai_ridge,0.010677180720008561,-0.008813722325663022,2011-01-07,2024-06-28,704,0.003,0.0,0.0,0.0,0.0,0.010677180720008561,0.07475418671770528,-0.3100655927845287
2024-09-06,6,price_calendar_ai,ridge,price_calendar_ai_ridge,0.014979501367015313,0.0025778652719921982,2011-01-07,2024-06-28,704,0.003,0.0,0.0,0.0,0.0,0.014979501367015313,0.07475418671770528,-0.29965292581245107
2024-09-13,6,price_calendar_ai,ridge,price_calendar_ai_ridge,-0.02339940079131697,-0.004708613865820327,2011-01-07,2024-06-28,704,0.003,0.0,0.0,0.0,-0.0,-0.02339940079131697,0.07475418671770528,-0.31585038324981596
2024-09-20,6,price_calendar_ai,ridge,price_calendar_ai_ridge,0.02943843146598457,-0.01123852784170805,2011-01-07,2024-06-28,704,0.003,0.0,0.0,0.0,0.0,0.02943843146598457,0.07475418671770528,-0.2954107118110263
2024-09-27,6,price_calendar_ai,ridge,price_calendar_ai_ridge,0.010887361589490663,0.006215575059445956,2011-01-07,2024-06-28,704,0.003,1.0,1.0,0.0005,0.010387361589490662,0.010887361589490663,0.08597622988287856,-0.28769768237651083
2024-10-04,7,price_calendar_ai,ridge,price_calendar_ai_ridge,-0.013079193454776483,-0.014889321778157712,2011-01-07,2024-09-27,717,0.003,0.0,1.0,0.0005,-0.0005,-0.013079193454776483,0.08543337749234436,-0.29695336183249044
2024-10-11,7,price_calendar_ai,ridge,price_calendar_ai_ridge,-0.036306675662896026,0.0004362389225550849,2011-01-07,2024-09-27,717,0.003,0.0,0.0,0.0,-0.0,-0.036306675662896026,0.08543337749234436,-0.3220208362204692
2024-10-18,7,price_calendar_ai,ridge,price_calendar_ai_ridge,0.021385123980925957,0.0056645598903600014,2011-01-07,2024-09-27,717,0.003,1.0,1.0,0.0005,0.020885123980925957,0.021385123980925957,0.1083411715436291,-0.3073660288045684
2024-10-25,7,price_calendar_ai,ridge,price_calendar_ai_ridge,-0.0005568544602643222,-0.001196905035336448,2011-01-07,2024-09-27,717,0.003,0.0,1.0,0.0005,-0.0005,-0.0005568544602643222,0.10778713947741614,-0.3077516177523326
2024-11-01,7,price_calendar_ai,ridge,price_calendar_ai_ridge,0.029098884004898462,0.015017575173595567,2011-01-07,2024-09-27,717,0.003,1.0,1.0,0.0005,0.02859888400489846,0.029098884004898462,0.13992599255654548,-0.28731201987114485
2024-11-08,7,price_calendar_ai,ridge,price_calendar_ai_ridge,-0.022435953727171665,0.00414831105151459,2011-01-07,2024-09-27,717,0.003,1.0,0.0,0.0,-0.022435953727171665,-0.022435953727171665,0.11463543549018307,-0.30312381480314365
2024-11-15,7,price_calendar_ai,ridge,price_calendar_ai_ridge,0.0,-0.004982315001833217,2011-01-07,2024-09-27,717,0.003,0.0,1.0,0.0005,-0.0005,0.0,0.11407825707864871,-0.30312381480314365
2024-11-22,7,price_calendar_ai,ridge,price_calendar_ai_ridge,-0.01112971158101228,-0.0033863593106652663,2011-01-07,2024-09-27,717,0.003,0.0,0.0,0.0,-0.0,-0.01112971158101228,0.11407825707864871,-0.31083684423765934
2024-11-29,7,price_calendar_ai,ridge,price_calendar_ai_ridge,0.01719872940108713,-0.0009066046746576126,2011-01-07,2024-09-27,717,0.003,0.0,0.0,0.0,0.0,0.01719872940108713,0.11407825707864871,-0.2988816008017189
2024-12-06,7,price_calendar_ai,ridge,price_calendar_ai_ridge,0.004390782165744955,-0.0061936835510180855,2011-01-07,2024-09-27,717,0.003,0.0,0.0,0.0,0.0,0.004390782165744955,0.11407825707864871,-0.2957963743163925
2024-12-13,7,price_calendar_ai,ridge,price_calendar_ai_ridge,0.0,-0.0026188677713902507,2011-01-07,2024-09-27,717,0.003,0.0,0.0,0.0,0.0,0.0,0.11407825707864871,-0.2957963743163925
2024-12-20,7,price_calendar_ai,ridge,price_calendar_ai_ridge,0.01683447122938375,-0.00042356256969277553,2011-01-07,2024-09-27,717,0.003,0.0,0.0,0.0,0.0,0.01683447122938375,0.11407825707864871,-0.28384113088045215
2024-12-27,7,price_calendar_ai,ridge,price_calendar_ai_ridge,-0.0026961049955143146,-0.005462594304243342,2011-01-07,2024-09-27,717,0.003,0.0,0.0,0.0,-0.0,-0.0026961049955143146,0.11407825707864871,-0.2857693698496807
2025-01-03,8,price_calendar_ai,ridge,price_calendar_ai_ridge,0.037620281860731186,0.00107724238242964,2011-01-07,2024-12-27,730,0.003,0.0,0.0,0.0,0.0,0.037620281860731186,0.11407825707864871,-0.25838799398710743
2025-01-10,8,price_calendar_ai,ridge,price_calendar_ai_ridge,0.02007796111557436,0.0029365078352096546,2011-01-07,2024-12-27,730,0.003,0.0,0.0,0.0,0.0,0.02007796111557436,0.11407825707864871,-0.24334745050823892
2025-01-17,8,price_calendar_ai,ridge,price_calendar_ai_ridge,0.007110206991211232,-1.52595728204084e-05,2011-01-07,2024-12-27,730,0.003,0.0,0.0,0.0,0.0,0.007110206991211232,0.11407825707864871,-0.23794832254831777
2025-01-24,8,price_calendar_ai,ridge,price_calendar_ai_ridge,0.0015171019737820757,0.002482907186985393,2011-01-07,2024-12-27,730,0.003,0.0,0.0,0.0,0.0,0.0015171019737820757,0.11407825707864871,-0.23679133503221972
2025-01-31,8,price_calendar_ai,ridge,price_calendar_ai_ridge,0.009054307167279507,-0.0005643939494479559,2011-01-07,2024-12-27,730,0.003,0.0,0.0,0.0,0.0,0.009054307167279507,0.11407825707864871,-0.2298496306084361
2025-02-07,8,price_calendar_ai,ridge,price_calendar_ai_ridge,0.01737449464791574,0.007169035651041475,2011-01-07,2024-12-27,730,0.003,1.0,1.0,0.0005,0.01687449464791574,0.01737449464791574,0.1330372767255199,-0.21635173715103162
2025-02-14,8,price_calendar_ai,ridge,price_calendar_ai_ridge,-0.003944774580914245,-0.008752456041106124,2011-01-07,2024-12-27,730,0.003,0.0,1.0,0.0005,-0.0005,-0.003944774580914245,0.13247089969321468,-0.21943696363635823
2025-02-21,8,price_calendar_ai,ridge,price_calendar_ai_ridge,-0.0595444295014711,-0.004819286021780245,2011-01-07,2024-12-27,730,0.003,0.0,0.0,0.0,-0.0,-0.0595444295014711,0.13247089969321468,-0.26455844695776054
2025-02-28,8,price_calendar_ai,ridge,price_calendar_ai_ridge,0.0,0.008903994201165359,2011-01-07,2024-12-27,730,0.003,1.0,1.0,0.0005,-0.0005,0.0,0.1319048057786405,-0.26455844695776054
2025-03-07,8,price_calendar_ai,ridge,price_calendar_ai_ridge,-0.012665064992064767,-0.0008868730974041928,2011-01-07,2024-12-27,730,0.003,0.0,1.0,0.0005,-0.0005,-0.012665064992064767,0.13133899484027345,-0.2738141264137405
2025-03-14,8,price_calendar_ai,ridge,price_calendar_ai_ridge,0.002651777649094189,-0.004280817401777775,2011-01-07,2024-12-27,730,0.003,0.0,0.0,0.0,0.0,0.002651777649094189,0.13133899484027345,-0.2718858874445119
2025-03-21,8,price_calendar_ai,ridge,price_calendar_ai_ridge,-0.022496936786924326,0.0017634668461215634,2011-01-07,2024-12-27,730,0.003,0.0,0.0,0.0,-0.0,-0.022496936786924326,0.13133899484027345,-0.2880833448818767
2025-03-28,8,price_calendar_ai,ridge,price_calendar_ai_ridge,0.01505408511722317,-0.004594264633260471,2011-01-07,2024-12-27,730,0.003,0.0,0.0,0.0,0.0,0.01505408511722317,0.13133899484027345,-0.27728501540443296
2025-04-04,9,price_calendar_ai,ridge,price_calendar_ai_ridge,0.04384836860910912,0.011190024015916254,2011-01-07,2025-03-28,743,0.003,1.0,1.0,0.0005,0.04334836860910912,0.04384836860910912,0.18145916023731035,-0.24489010052970306
2025-04-11,9,price_calendar_ai,ridge,price_calendar_ai_ridge,0.0,0.0034918048482467942,2011-01-07,2025-03-28,743,0.003,1.0,0.0,0.0,0.0,0.0,0.18145916023731035,-0.24489010052970306
2025-04-18,9,price_calendar_ai,ridge,price_calendar_ai_ridge,-0.02116207216842536,0.004970669851029,2011-01-07,2025-03-28,743,0.003,1.0,0.0,0.0,-0.02116207216842536,-0.02116207216842536,0.15671972830123249,-0.26070189546170197
2025-04-25,9,price_calendar_ai,ridge,price_calendar_ai_ridge,-0.01895794611669377,0.005331615569662657,2011-01-07,2025-03-28,743,0.003,1.0,0.0,0.0,-0.01895794611669377,-0.01895794611669377,0.13499725534678064,-0.2745854514244723
2025-05-02,9,price_calendar_ai,ridge,price_calendar_ai_ridge,-0.030771642822881695,0.0013091005730898944,2011-01-07,2025-03-28,743,0.003,0.0,1.0,0.0005,-0.0005,-0.030771642822881695,0.13442989857012133,-0.29656769932712435
2025-05-09,9,price_calendar_ai,ridge,price_calendar_ai_ridge,-0.016584085698091666,-0.00678673528853664,2011-01-07,2025-03-28,743,0.003,0.0,0.0,0.0,-0.0,-0.016584085698091666,0.13442989857012133,-0.3081372802576988
2025-05-16,9,price_calendar_ai,ridge,price_calendar_ai_ridge,0.031818367535546344,0.0029712882271298036,2011-01-07,2025-03-28,743,0.003,0.0,0.0,0.0,0.0,0.031818367535546344,0.13442989857012133,-0.2857693698496807
2025-05-23,9,price_calendar_ai,ridge,price_calendar_ai_ridge,-0.02183490700515245,0.0011940617249393485,2011-01-07,2025-03-28,743,0.003,0.0,0.0,0.0,-0.0,-0.02183490700515245,0.13442989857012133,-0.3011955022763134
2025-05-30,9,price_calendar_ai,ridge,price_calendar_ai_ridge,0.02721996999038989,0.004968722965756875,2011-01-07,2025-03-28,743,0.003,1.0,1.0,0.0005,0.02671996999038989,0.02721996999038989,0.16515042950926873,-0.2819128183536219
2025-06-06,9,price_calendar_ai,ridge,price_calendar_ai_ridge,-0.012429311493620254,-0.010646035806281453,2011-01-07,2025-03-28,743,0.003,0.0,1.0,0.0005,-0.0005,-0.012429311493620254,0.1645679999140468,-0.29078290886183733
2025-06-13,9,price_calendar_ai,ridge,price_calendar_ai_ridge,-0.002722530278641777,-0.0211082598406199,2011-01-07,2025-03-28,743,0.003,0.0,0.0,0.0,-0.0,-0.002722530278641777,0.1645679999140468,-0.2927111478310658
2025-06-20,9,price_calendar_ai,ridge,price_calendar_ai_ridge,-0.03439056872108148,-0.016536933813711532,2011-01-07,2025-03-28,743,0.003,0.0,0.0,0.0,-0.0,-0.03439056872108148,0.1645679999140468,-0.31662170826054803
2025-06-27,9,price_calendar_ai,ridge,price_calendar_ai_ridge,0.02452745834354264,0.009328997825330388,2011-01-07,2025-03-28,743,0.003,1.0,1.0,0.0005,0.02402745834354264,0.02452745834354264,0.19288848112923573,-0.29965292581245107
2025-07-04,10,price_calendar_ai,ridge,price_calendar_ai_ridge,-0.050250446105851054,-0.02529277597387295,2011-01-07,2025-06-27,756,0.003,0.0,1.0,0.0005,-0.0005,-0.050250446105851054,0.1922921859748825,-0.3339760796564095
2025-07-11,10,price_calendar_ai,ridge,price_calendar_ai_ridge,0.030789148650300024,-0.012558351024378528,2011-01-07,2025-06-27,756,0.003,0.0,0.0,0.0,0.0,0.030789148650300024,0.1922921859748825,-0.31315081926985533
2025-07-18,10,price_calendar_ai,ridge,price_calendar_ai_ridge,-0.018130791371108845,0.005538031020873779,2011-01-07,2025-06-27,756,0.003,1.0,1.0,0.0005,-0.018630791371108846,-0.018130791371108845,0.17028448601855573,-0.3254917252111619
2025-07-25,10,price_calendar_ai,ridge,price_calendar_ai_ridge,-0.018465596591241695,-0.005656700084277563,2011-01-07,2025-06-27,756,0.003,0.0,1.0,0.0005,-0.0005,-0.018465596591241695,0.16969949003672946,-0.3378326311524682
2025-08-01,10,price_calendar_ai,ridge,price_calendar_ai_ridge,-0.007600104223529858,0.0006916554075900663,2011-01-07,2025-06-27,756,0.003,0.0,0.0,0.0,-0.0,-0.007600104223529858,0.16969949003672946,-0.34284609660702303
2025-08-08,10,price_calendar_ai,ridge,price_calendar_ai_ridge,0.0029299309266903606,0.008219765803913584,2011-01-07,2025-06-27,756,0.003,1.0,1.0,0.0005,0.0024299309266903606,0.0029299309266903606,0.1725452350842136,-0.3409178576377947
2025-08-15,10,price_calendar_ai,ridge,price_calendar_ai_ridge,0.012212951347196466,-0.014515472909876518,2011-01-07,2025-06-27,756,0.003,0.0,1.0,0.0005,-0.0005,0.012212951347196466,0.1719591090104009,-0.33281916569791314
2025-08-22,10,price_calendar_ai,ridge,price_calendar_ai_ridge,0.015486427426680383,-0.00498033672662649,2011-01-07,2025-06-27,756,0.003,0.0,0.0,0.0,0.0,0.015486427426680383,0.1719591090104009,-0.32240649872583527
2025-08-29,10,price_calendar_ai,ridge,price_calendar_ai_ridge,-0.0022791467269858146,-0.007612755155390716,2011-01-07,2025-06-27,756,0.003,0.0,0.0,0.0,-0.0,-0.0022791467269858146,0.1719591090104009,-0.32394907518969773
2025-09-05,10,price_calendar_ai,ridge,price_calendar_ai_ridge,0.020886953432670996,-0.00014294740543229346,2011-01-07,2025-06-27,756,0.003,0.0,0.0,0.0,0.0,0.020886953432670996,0.1719591090104009,-0.30967993027916274
2025-09-12,10,price_calendar_ai,ridge,price_calendar_ai_ridge,-0.008978727556137933,-0.00877240487290402,2011-01-07,2025-06-27,756,0.003,0.0,0.0,0.0,-0.0,-0.008978727556137933,0.1719591090104009,-0.31585038324981596
2025-09-19,10,price_calendar_ai,ridge,price_calendar_ai_ridge,-0.006787295841789831,0.0004903540203941104,2011-01-07,2025-06-27,756,0.003,0.0,0.0,0.0,-0.0,-0.006787295841789831,0.1719591090104009,-0.32047818619900514
2025-09-26,10,price_calendar_ai,ridge,price_calendar_ai_ridge,-0.0005677109701363037,0.0024408847658892842,2011-01-07,2025-06-27,756,0.003,0.0,0.0,0.0,-0.0,-0.0005677109701363037,0.1719591090104009,-0.32086384870437124
2025-10-03,11,price_calendar_ai,ridge,price_calendar_ai_ridge,-0.017760499764301496,0.00978727339000606,2011-01-07,2025-09-26,769,0.003,1.0,1.0,0.0005,-0.018260499764301497,-0.017760499764301496,0.15075275851650183,-0.33281916569791314
2025-10-10,11,price_calendar_ai,ridge,price_calendar_ai_ridge,0.013777581737391742,-0.0069980965461222825,2011-01-07,2025-09-26,769,0.003,0.0,1.0,0.0005,-0.0005,0.013777581737391742,0.15017752595736722,-0.32356341268433164
2025-10-17,11,price_calendar_ai,ridge,price_calendar_ai_ridge,0.004550628997046058,-0.005774364969155722,2011-01-07,2025-09-26,769,0.003,0.0,0.0,0.0,0.0,0.004550628997046058,0.15017752595736722,-0.32047818619900514
2025-10-24,11,price_calendar_ai,ridge,price_calendar_ai_ridge,0.009601885003151178,-0.0015261839430887145,2011-01-07,2025-09-26,769,0.003,0.0,0.0,0.0,0.0,0.009601885003151178,0.15017752595736722,-0.31392207072298584
2025-10-31,11,price_calendar_ai,ridge,price_calendar_ai_ridge,-0.0011248852137382137,-0.00047565362439331736,2011-01-07,2025-09-26,769,0.003,0.0,0.0,0.0,-0.0,-0.0011248852137382137,0.15017752595736722,-0.3146933957337178
2025-11-07,11,price_calendar_ai,ridge,price_calendar_ai_ridge,0.0072890236085148,-0.0029647412526642727,2011-01-07,2025-09-26,769,0.003,0.0,0.0,0.0,0.0,0.0072890236085148,0.15017752595736722,-0.30967993027916274
2025-11-14,11,price_calendar_ai,ridge,price_calendar_ai_ridge,-0.016901767817029345,-0.005522825993427522,2011-01-07,2025-09-26,769,0.003,0.0,0.0,0.0,-0.0,-0.016901767817029345,0.15017752595736722,-0.3212495112097372
2025-11-21,11,price_calendar_ai,ridge,price_calendar_ai_ridge,0.020804738866287753,-0.001212986984245359,2011-01-07,2025-09-26,769,0.003,0.0,0.0,0.0,0.0,0.020804738866287753,0.15017752595736722,-0.30698036629920233
2025-11-28,11,price_calendar_ai,ridge,price_calendar_ai_ridge,-0.006700132988308738,-0.005118366352038585,2011-01-07,2025-09-26,769,0.003,0.0,0.0,0.0,-0.0,-0.006700132988308738,0.15017752595736722,-0.3116081692483913
2025-12-05,11,price_calendar_ai,ridge,price_calendar_ai_ridge,-0.0056180136750763054,-0.0012513523679099506,2011-01-07,2025-09-26,769,0.003,0.0,0.0,0.0,-0.0,-0.0056180136750763054,0.15017752595736722,-0.3154647207444501
2025-12-12,11,price_calendar_ai,ridge,price_calendar_ai_ridge,0.0022510372193500494,-0.003046600527709947,2011-01-07,2025-09-26,769,0.003,0.0,0.0,0.0,0.0,0.0022510372193500494,0.15017752595736722,-0.31392207072298584
2025-12-19,11,price_calendar_ai,ridge,price_calendar_ai_ridge,0.017275406206680444,-0.0035818707804597828,2011-01-07,2025-09-26,769,0.003,0.0,0.0,0.0,0.0,0.017275406206680444,0.15017752595736722,-0.3019668272870457
2025-12-26,11,price_calendar_ai,ridge,price_calendar_ai_ridge,-0.026310010540252282,-0.006226784817973133,2011-01-07,2025-09-26,769,0.003,0.0,0.0,0.0,-0.0,-0.026310010540252282,0.15017752595736722,-0.3200925972512405
2026-01-02,12,price_calendar_ai,ridge,price_calendar_ai_ridge,0.014639914596512149,0.0072929289680182295,2011-01-07,2025-12-26,782,0.003,1.0,1.0,0.0005,0.014139914596512149,0.014639914596512149,0.16655646343816732,-0.3100655927845287
2026-01-09,12,price_calendar_ai,ridge,price_calendar_ai_ridge,-0.040495929084172655,0.006148331669587667,2011-01-07,2025-12-26,782,0.003,1.0,0.0,0.0,-0.040495929084172655,-0.040495929084172655,0.12025942323222938,-0.337446968647102
2026-01-16,12,price_calendar_ai,ridge,price_calendar_ai_ridge,0.013873041484489868,0.010188033123187414,2011-01-07,2025-12-26,782,0.003,1.0,0.0,0.0,0.013873041484489868,0.013873041484489868,0.13590913221900403,-0.3281912891911223
2026-01-23,12,price_calendar_ai,ridge,price_calendar_ai_ridge,0.003438368235503919,0.006618306234123247,2011-01-07,2025-12-26,782,0.003,1.0,0.0,0.0,0.003438368235503919,0.003438368235503919,0.13982152837248996,-0.32587738771652763
2026-01-30,12,price_calendar_ai,ridge,price_calendar_ai_ridge,0.001143536889932406,0.0076559652519639565,2011-01-07,2025-12-26,782,0.003,1.0,0.0,0.0,0.001143536889932406,0.001143536889932406,0.1411257018812624,-0.3251060627057957
2026-02-06,12,price_calendar_ai,ridge,price_calendar_ai_ridge,0.008534880836821301,0.004877731254931518,2011-01-07,2025-12-26,782,0.003,1.0,0.0,0.0,0.008534880836821301,0.008534880836821301,0.15090675445139246,-0.31932127224050866
2026-02-13,12,price_calendar_ai,ridge,price_calendar_ai_ridge,-0.001701093628666328,-0.00260062991080024,2011-01-07,2025-12-26,782,0.003,0.0,1.0,0.0005,-0.0005,-0.001701093628666328,0.1503314449135369,-0.32047818619900514
2026-02-20,12,price_calendar_ai,ridge,price_calendar_ai_ridge,0.015207195266091489,-0.005569012024566945,2011-01-07,2025-12-26,782,0.003,0.0,0.0,0.0,0.0,0.015207195266091489,0.1503314449135369,-0.3100655927845287
2026-02-27,12,price_calendar_ai,ridge,price_calendar_ai_ridge,0.03460939053157874,-0.004801311363875179,2011-01-07,2025-12-26,782,0.003,0.0,0.0,0.0,0.0,0.03460939053157874,0.1503314449135369,-0.2857693698496807
2026-03-06,12,price_calendar_ai,ridge,price_calendar_ai_ridge,0.008066707704783571,-0.003991685640673437,2011-01-07,2025-12-26,782,0.003,0.0,0.0,0.0,0.0,0.008066707704783571,0.1503314449135369,-0.27998457938439336
2026-03-13,12,price_calendar_ai,ridge,price_calendar_ai_ridge,0.006938867613939692,-0.005090635606253692,2011-01-07,2025-12-26,782,0.003,0.0,0.0,0.0,0.0,0.006938867613939692,0.1503314449135369,-0.2749711139298383
2026-03-20,12,price_calendar_ai,ridge,price_calendar_ai_ridge,-0.011771099974565047,0.015663834347638593,2011-01-07,2025-12-26,782,0.003,1.0,1.0,0.0005,-0.012271099974565047,-0.011771099974565047,0.13630186796701582,-0.2834554683750862
2026-03-27,12,price_calendar_ai,ridge,price_calendar_ai_ridge,-0.02121370738946471,-0.001659040133219406,2011-01-07,2025-12-26,782,0.003,0.0,1.0,0.0005,-0.0005,-0.02121370738946471,0.13573385904709578,-0.298495938296353
2026-04-03,13,price_calendar_ai,ridge,price_calendar_ai_ridge,-0.02448650596856261,0.00518488330924681,2011-01-07,2026-03-27,795,0.003,1.0,1.0,0.0005,-0.02498650596856261,-0.02448650596856261,0.10770743749295653,-0.3154647207444501
2026-04-10,13,price_calendar_ai,ridge,price_calendar_ai_ridge,0.011204641516453062,-0.0001285824958489341,2011-01-07,2026-03-27,795,0.003,0.0,1.0,0.0005,-0.0005,0.011204641516453062,0.10715372221456532,-0.3077516177523326
2026-04-17,13,price_calendar_ai,ridge,price_calendar_ai_ridge,0.01767023800752021,-0.004294002678147354,2011-01-07,2026-03-27,795,0.003,0.0,0.0,0.0,0.0,0.01767023800752021,0.10715372221456532,-0.2954107118110263
2026-04-24,13,price_calendar_ai,ridge,price_calendar_ai_ridge,0.03337225375719077,-0.0025286448564956973,2011-01-07,2026-03-27,795,0.003,0.0,0.0,0.0,0.0,0.03337225375719077,0.10715372221456532,-0.2715002249391456
2026-05-01,13,price_calendar_ai,ridge,price_calendar_ai_ridge,-0.01493354575146233,-0.0012945299659020105,2011-01-07,2026-03-27,795,0.003,0.0,0.0,0.0,-0.0,-0.01493354575146233,0.10715372221456532,-0.2822984808589879
2026-05-08,13,price_calendar_ai,ridge,price_calendar_ai_ridge,-0.004308026097975759,-0.0020340626962394087,2011-01-07,2026-03-27,795,0.003,0.0,0.0,0.0,-0.0,-0.004308026097975759,0.10715372221456532,-0.2853837073443145
2023-01-06,0,price_calendar,hgb,price_calendar_hgb,0.026637756991465977,0.01121436106899755,2011-01-07,2022-12-30,626,0.003,1.0,1.0,0.0005,0.026137756991465977,0.026637756991465977,0.02648234385359971,0.026995713357207185
2023-01-13,0,price_calendar,hgb,price_calendar_hgb,-0.005271073667588055,-0.0013101270390865139,2011-01-07,2022-12-30,626,0.003,0.0,1.0,0.0005,-0.0005,-0.005271073667588055,0.025969230970583457,0.021596585397285928
2023-01-20,0,price_calendar,hgb,price_calendar_hgb,0.0018857687565256853,-0.0011865731598567335,2011-01-07,2022-12-30,626,0.003,0.0,0.0,0.0,0.0,0.0018857687565256853,0.025969230970583457,0.023524897924116273
2023-01-27,0,price_calendar,hgb,price_calendar_hgb,0.0015059870145548437,0.005656848520517475,2011-01-07,2022-12-30,626,0.003,1.0,1.0,0.0005,0.0010059870145548437,0.0015059870145548437,0.02700186201389676,0.02506747438797885
2023-02-03,0,price_calendar,hgb,price_calendar_hgb,0.0030052586123381353,0.003751254534391062,2011-01-07,2022-12-30,626,0.003,1.0,0.0,0.0,0.0030052586123381353,0.0030052586123381353,0.030092910578340515,0.028152700873305347
2023-02-10,0,price_calendar,hgb,price_calendar_hgb,-0.0007504862659923894,0.0010969653148465133,2011-01-07,2022-12-30,626,0.003,0.0,1.0,0.0005,-0.0005,-0.0007504862659923894,0.029577992863207614,0.027381375862573387
2023-02-17,0,price_calendar,hgb,price_calendar_hgb,-0.03787026601642918,-0.0036324956520508867,2011-01-07,2022-12-30,626,0.003,0.0,0.0,0.0,-0.0,-0.03787026601642918,0.029577992863207614,-0.010798329477443858
2023-02-24,0,price_calendar,hgb,price_calendar_hgb,-0.011370403108148963,0.005611561282843308,2011-01-07,2022-12-30,626,0.003,1.0,1.0,0.0005,-0.011870403108148964,-0.011370403108148963,0.01742873799175282,-0.02198224790265224
2023-03-03,0,price_calendar,hgb,price_calendar_hgb,-0.031240052602529822,4.2407380101335046e-05,2011-01-07,2022-12-30,626,0.003,0.0,1.0,0.0005,-0.0005,-0.031240052602529822,0.016920150780155296,-0.05206326130278727
2023-03-10,0,price_calendar,hgb,price_calendar_hgb,0.007700160947850421,-0.004100874617005464,2011-01-07,2022-12-30,626,0.003,0.0,0.0,0.0,0.0,0.007700160947850421,0.016920150780155296,-0.04473582081603633
2023-03-17,0,price_calendar,hgb,price_calendar_hgb,0.004029029578285659,-0.01207030140938799,2011-01-07,2022-12-30,626,0.003,0.0,0.0,0.0,0.0,0.004029029578285659,0.016920150780155296,-0.04087926931997765
2023-03-24,0,price_calendar,hgb,price_calendar_hgb,0.014371452949219155,-0.00912022992176217,2011-01-07,2022-12-30,626,0.003,0.0,0.0,0.0,0.0,0.014371452949219155,0.016920150780155296,-0.02699578691480875
2023-03-31,0,price_calendar,hgb,price_calendar_hgb,-0.01961238679648769,-0.008608154413528697,2011-01-07,2022-12-30,626,0.003,0.0,0.0,0.0,-0.0,-0.01961238679648769,0.016920150780155296,-0.04589280833213416
2023-04-07,1,price_calendar,hgb,price_calendar_hgb,0.014844839763751505,-0.0065656550822650395,2011-01-07,2023-03-31,639,0.003,0.0,0.0,0.0,0.0,0.014844839763751505,0.016920150780155296,-0.031623589863997825
2023-04-14,1,price_calendar,hgb,price_calendar_hgb,-0.028273319322776214,-0.020464596667519416,2011-01-07,2023-03-31,639,0.003,0.0,0.0,0.0,-0.0,-0.028273319322776214,0.016920150780155296,-0.0586193767788068
2023-04-21,1,price_calendar,hgb,price_calendar_hgb,-0.043111958005261464,-0.00737221334068202,2011-01-07,2023-03-31,639,0.003,0.0,0.0,0.0,-0.0,-0.043111958005261464,0.016920150780155296,-0.09834173214028774
2023-04-28,1,price_calendar,hgb,price_calendar_hgb,0.01696399998898457,-0.005216040532398597,2011-01-07,2023-03-31,639,0.003,0.0,0.0,0.0,0.0,0.01696399998898457,0.016920150780155296,-0.08291552615605335
2023-05-05,1,price_calendar,hgb,price_calendar_hgb,-0.04471944188032584,0.004015717263465844,2011-01-07,2023-03-31,639,0.003,1.0,1.0,0.0005,-0.04521944188032584,-0.04471944188032584,-0.02804020871698243,-0.1230235440229005
2023-05-12,1,price_calendar,hgb,price_calendar_hgb,-0.02088497643277787,0.00014699894427949188,2011-01-07,2023-03-31,639,0.003,0.0,1.0,0.0005,-0.0005,-0.02088497643277787,-0.028526067137896627,-0.14114924042949384
2023-05-19,1,price_calendar,hgb,price_calendar_hgb,0.058853344475394476,0.01115867124177883,2011-01-07,2023-03-31,639,0.003,1.0,1.0,0.0005,0.058353344475394475,0.058853344475394476,0.02984932188202971,-0.08908597912670635
2023-05-26,1,price_calendar,hgb,price_calendar_hgb,0.008851441609216248,0.0017913482818406091,2011-01-07,2023-03-31,639,0.003,0.0,1.0,0.0005,-0.0005,0.008851441609216248,0.029334525930801325,-0.08098728718682469
2023-06-02,1,price_calendar,hgb,price_calendar_hgb,-0.019492103447578124,0.01076460165879676,2011-01-07,2023-03-31,639,0.003,1.0,1.0,0.0005,-0.019992103447578125,-0.019492103447578124,0.008960303982684215,-0.09872732108805227
2023-06-09,1,price_calendar,hgb,price_calendar_hgb,0.1047184545507811,-0.007709003253490372,2011-01-07,2023-03-31,639,0.003,0.0,1.0,0.0005,-0.0005,0.1047184545507811,0.008455949929713658,0.0007713250107321823
2023-06-16,1,price_calendar,hgb,price_calendar_hgb,-0.01788542960351691,-0.00667291693812282,2011-01-07,2023-03-31,639,0.003,0.0,0.0,0.0,-0.0,-0.01788542960351691,0.008455949929713658,-0.016968782448096853
2023-06-23,1,price_calendar,hgb,price_calendar_hgb,-0.1386444483967515,-0.001365221428892371,2011-01-07,2023-03-31,639,0.003,0.0,0.0,0.0,-0.0,-0.1386444483967515,0.008455949929713658,-0.14423446691482045
2023-06-30,1,price_calendar,hgb,price_calendar_hgb,0.007184577115581181,0.009108730413134054,2011-01-07,2023-03-31,639,0.003,1.0,1.0,0.0005,0.006684577115581181,0.007184577115581181,0.01521963248806979,-0.13806401394416756
2023-07-07,2,price_calendar,hgb,price_calendar_hgb,0.035600307988796764,0.01357004327066543,2011-01-07,2023-06-30,652,0.003,1.0,0.0,0.0,0.035600307988796764,0.035600307988796764,0.052012802335680064,-0.10682608658553538
2023-07-14,2,price_calendar,hgb,price_calendar_hgb,0.033959088920219926,0.0037265417002688636,2011-01-07,2023-06-30,652,0.003,1.0,0.0,0.0,0.033959088920219926,0.033959088920219926,0.0883517248223531,-0.07597382173226952
2023-07-21,2,price_calendar,hgb,price_calendar_hgb,-0.007540814899039461,0.008440631627992632,2011-01-07,2023-06-30,652,0.003,1.0,0.0,0.0,-0.007540814899039461,-0.007540814899039461,0.08017553224197038,-0.08291552615605335
2023-07-28,2,price_calendar,hgb,price_calendar_hgb,-0.04471944188032584,-0.011437968256805977,2011-01-07,2023-06-30,652,0.003,0.0,1.0,0.0005,-0.0005,-0.04471944188032584,0.0796355794752901,-0.1230235440229005
2023-08-04,2,price_calendar,hgb,price_calendar_hgb,-0.019987289785992512,-0.011484933138783794,2011-01-07,2023-06-30,652,0.003,0.0,0.0,0.0,-0.0,-0.019987289785992512,0.0796355794752901,-0.14037791541876188
2023-08-11,2,price_calendar,hgb,price_calendar_hgb,0.010265635127240103,-0.0033285581536114705,2011-01-07,2023-06-30,652,0.003,0.0,0.0,0.0,0.0,0.010265635127240103,0.0796355794752901,-0.13150789846814803
2023-08-18,2,price_calendar,hgb,price_calendar_hgb,-0.010265635127240103,-0.022165973949862052,2011-01-07,2023-06-30,652,0.003,0.0,0.0,0.0,-0.0,-0.010265635127240103,0.0796355794752901,-0.14037791541876188
2023-08-25,2,price_calendar,hgb,price_calendar_hgb,-0.004045865226357748,-0.005728482549585951,2011-01-07,2023-06-30,652,0.003,0.0,0.0,0.0,-0.0,-0.004045865226357748,0.0796355794752901,-0.14384880440945436
2023-09-01,2,price_calendar,hgb,price_calendar_hgb,-0.0009013275636022833,-0.00021544534479301752,2011-01-07,2023-06-30,652,0.003,0.0,0.0,0.0,-0.0,-0.0009013275636022833,0.0796355794752901,-0.14462012942018665
2023-09-08,2,price_calendar,hgb,price_calendar_hgb,-0.009513140538532916,-0.005946147857079302,2011-01-07,2023-06-30,652,0.003,0.0,0.0,0.0,-0.0,-0.009513140538532916,0.0796355794752901,-0.15271889491766988
2023-09-15,2,price_calendar,hgb,price_calendar_hgb,-0.0004552801920918448,0.0013780742866803342,2011-01-07,2023-06-30,652,0.003,0.0,0.0,0.0,-0.0,-0.0004552801920918448,0.0796355794752901,-0.15310455742303608
2023-09-22,2,price_calendar,hgb,price_calendar_hgb,0.0027285771324261354,-0.0010398039390002588,2011-01-07,2023-06-30,652,0.003,0.0,0.0,0.0,0.0,0.0027285771324261354,0.0796355794752901,-0.15079058239083987
2023-09-29,2,price_calendar,hgb,price_calendar_hgb,0.03217432617415117,0.004996134628933721,2011-01-07,2023-06-30,652,0.003,1.0,1.0,0.0005,0.03167432617415117,0.03217432617415117,0.11437965176994624,-0.1230235440229005
2023-10-06,3,price_calendar,hgb,price_calendar_hgb,0.0026350242409121094,0.006038605429111625,2011-01-07,2023-09-29,665,0.003,1.0,0.0,0.0,0.0026350242409121094,0.0026350242409121094,0.1173199413317858,-0.12070964254830607
2023-10-13,3,price_calendar,hgb,price_calendar_hgb,0.0,0.002019159306580972,2011-01-07,2023-09-29,665,0.003,0.0,1.0,0.0005,-0.0005,0.0,0.11676142100283804,-0.12070964254830607
2023-10-20,3,price_calendar,hgb,price_calendar_hgb,-0.023520000673689978,0.012964289913885851,2011-01-07,2023-09-29,665,0.003,1.0,1.0,0.0005,-0.02402000067368998,-0.023520000673689978,0.09025641045323574,-0.14114924042949384
2023-10-27,3,price_calendar,hgb,price_calendar_hgb,0.0017944826819555892,0.0031880561185666178,2011-01-07,2023-09-29,665,0.003,1.0,0.0,0.0,0.0017944826819555892,0.0017944826819555892,0.0922146131556254,-0.13960666396563148
2023-11-03,3,price_calendar,hgb,price_calendar_hgb,-0.026341211304041767,-0.0046501718725318235,2011-01-07,2023-09-29,665,0.003,0.0,1.0,0.0005,-0.0005,-0.026341211304041767,0.09166864235312255,-0.16197457437364948
2023-11-10,3,price_calendar,hgb,price_calendar_hgb,0.015525433238654074,0.004222090231469555,2011-01-07,2023-09-29,665,0.003,1.0,1.0,0.0005,0.015025433238654073,0.015525433238654074,0.10819528572072179,-0.1488623434216111
2023-11-17,3,price_calendar,hgb,price_calendar_hgb,-0.0063636300953144875,-0.0031854675598404396,2011-01-07,2023-09-29,665,0.003,0.0,1.0,0.0005,-0.0005,-0.0063636300953144875,0.10764132657918757,-0.15426147138153223
2023-11-24,3,price_calendar,hgb,price_calendar_hgb,0.005003449478365063,-0.009379881492103392,2011-01-07,2023-09-29,665,0.003,0.0,0.0,0.0,0.0,0.005003449478365063,0.10764132657918757,-0.15001925738010757
2023-12-01,3,price_calendar,hgb,price_calendar_hgb,0.005881001245468642,-0.002415077706707186,2011-01-07,2023-09-29,665,0.003,0.0,0.0,0.0,0.0,0.005881001245468642,0.10764132657918757,-0.14500579192555252
2023-12-08,3,price_calendar,hgb,price_calendar_hgb,-0.008607098920432321,-0.006722283062353361,2011-01-07,2023-09-29,665,0.003,0.0,0.0,0.0,-0.0,-0.008607098920432321,0.10764132657918757,-0.15233323241230368
2023-12-15,3,price_calendar,hgb,price_calendar_hgb,-0.016514077120584947,0.00047508586129228904,2011-01-07,2023-09-29,665,0.003,0.0,0.0,0.0,-0.0,-0.016514077120584947,0.10764132657918757,-0.16621671481747258
2023-12-22,3,price_calendar,hgb,price_calendar_hgb,-0.0023154047756110963,0.00404130576519217,2011-01-07,2023-09-29,665,0.003,1.0,1.0,0.0005,-0.0028154047756110963,-0.0023154047756110963,0.1045272536435553,-0.1681450273443026
2023-12-29,3,price_calendar,hgb,price_calendar_hgb,-0.01588819209985548,-0.000794168171742626,2011-01-07,2023-09-29,665,0.003,0.0,1.0,0.0005,-0.0005,-0.01588819209985548,0.10397512805963216,-0.1812572582963411
2024-01-05,4,price_calendar,hgb,price_calendar_hgb,-0.02963882963634301,-0.0018102236569794757,2011-01-07,2023-12-29,678,0.003,0.0,0.0,0.0,-0.0,-0.02963882963634301,0.10397512805963216,-0.20516774516822178
2024-01-12,4,price_calendar,hgb,price_calendar_hgb,-0.009261608043952041,0.015558234235029073,2011-01-07,2023-12-29,678,0.003,1.0,1.0,0.0005,-0.009761608043952041,-0.009261608043952041,0.09325098317633174,-0.21249518565497283
2024-01-19,4,price_calendar,hgb,price_calendar_hgb,-0.0009799343220819878,0.004568463402721316,2011-01-07,2023-12-29,678,0.003,1.0,0.0,0.0,-0.0009799343220819878,-0.0009799343220819878,0.09218019375260877,-0.21326651066570523
2024-01-26,4,price_calendar,hgb,price_calendar_hgb,-0.0019626604903777434,0.012806888693850707,2011-01-07,2023-12-29,678,0.003,1.0,0.0,0.0,-0.0019626604903777434,-0.0019626604903777434,0.09003871702126354,-0.21480908712956748
2024-02-02,4,price_calendar,hgb,price_calendar_hgb,-0.021346072123210824,0.009981453643880969,2011-01-07,2023-12-29,678,0.003,1.0,0.0,0.0,-0.021346072123210824,-0.021346072123210824,0.06701725499172628,-0.23139220707229868
2024-02-09,4,price_calendar,hgb,price_calendar_hgb,-0.024379040246952144,0.00589901954570001,2011-01-07,2023-12-29,678,0.003,1.0,0.0,0.0,-0.024379040246952144,-0.024379040246952144,0.04131892151898264,-0.2499035659842581
2024-02-16,4,price_calendar,hgb,price_calendar_hgb,-0.028685207408120306,0.013016519331455796,2011-01-07,2023-12-29,678,0.003,1.0,0.0,0.0,-0.028685207408120306,-0.028685207408120306,0.011872825063209635,-0.27111456243377985
2024-02-23,4,price_calendar,hgb,price_calendar_hgb,0.020943154498284322,0.009178951915831905,2011-01-07,2023-12-29,678,0.003,1.0,0.0,0.0,0.020943154498284322,0.020943154498284322,0.03328810295716256,-0.2556884300071469
2024-03-01,4,price_calendar,hgb,price_calendar_hgb,0.034626693929015406,0.0017652070732041669,2011-01-07,2023-12-29,678,0.003,0.0,1.0,0.0005,-0.0005,0.034626693929015406,0.03277158804517266,-0.2294639681030699
2024-03-08,4,price_calendar,hgb,price_calendar_hgb,-0.001502568730861853,-0.00885172525386014,2011-01-07,2023-12-29,678,0.003,0.0,0.0,0.0,-0.0,-0.001502568730861853,0.03277158804517266,-0.2306208820615665
2024-03-15,4,price_calendar,hgb,price_calendar_hgb,0.007490652465172332,0.011205865731082825,2011-01-07,2023-12-29,678,0.003,1.0,1.0,0.0005,0.006990652465172331,0.007490652465172332,0.04001662957186736,-0.22483609159627937
2024-03-22,4,price_calendar,hgb,price_calendar_hgb,0.003972196004524697,-0.017308798044839757,2011-01-07,2023-12-29,678,0.003,0.0,1.0,0.0005,-0.0005,0.003972196004524697,0.03949675123749574,-0.22175086511095266
2024-03-29,4,price_calendar,hgb,price_calendar_hgb,-0.01346991963592492,-0.024748477892471074,2011-01-07,2023-12-29,678,0.003,0.0,0.0,0.0,-0.0,-0.01346991963592492,0.03949675123749574,-0.23216353208303053
2024-04-05,5,price_calendar,hgb,price_calendar_hgb,0.0005021455742464376,-0.0036743391736457926,2011-01-07,2024-03-29,691,0.003,0.0,0.0,0.0,0.0,0.0005021455742464376,0.03949675123749574,-0.23177786957766466
2024-04-12,5,price_calendar,hgb,price_calendar_hgb,-0.011105581514636143,-0.008641048892659202,2011-01-07,2024-03-29,691,0.003,0.0,0.0,0.0,-0.0,-0.011105581514636143,0.03949675123749574,-0.2402622240229122
2024-04-19,5,price_calendar,hgb,price_calendar_hgb,0.01711164742982696,-0.011875974601530295,2011-01-07,2024-03-29,691,0.003,0.0,0.0,0.0,0.0,0.01711164742982696,0.03949675123749574,-0.2271499930708739
2024-04-26,5,price_calendar,hgb,price_calendar_hgb,0.024156942575138896,-0.012490697040231674,2011-01-07,2024-03-29,691,0.003,0.0,0.0,0.0,0.0,0.024156942575138896,0.03949675123749574,-0.2082529716535484
2024-05-03,5,price_calendar,hgb,price_calendar_hgb,0.014506987133386051,-0.010606436084024036,2011-01-07,2024-03-29,691,0.003,0.0,0.0,0.0,0.0,0.014506987133386051,0.03949675123749574,-0.19668339072297414
2024-05-10,5,price_calendar,hgb,price_calendar_hgb,-0.025280902313195686,-0.016574502858286874,2011-01-07,2024-03-29,691,0.003,0.0,0.0,0.0,-0.0,-0.025280902313195686,0.03949675123749574,-0.2167373996563976
2024-05-17,5,price_calendar,hgb,price_calendar_hgb,0.019986034955030263,0.026596026341817278,2011-01-07,2024-03-29,691,0.003,1.0,1.0,0.0005,0.019486034955030263,0.019986034955030263,0.05995106074898926,-0.2009256047243988
2024-05-24,5,price_calendar,hgb,price_calendar_hgb,-0.04037967169090617,-0.011747135836998192,2011-01-07,2024-03-29,691,0.003,0.0,1.0,0.0005,-0.0005,-0.04037967169090617,0.05942121769041764,-0.23254919458839662
2024-05-31,5,price_calendar,hgb,price_calendar_hgb,0.002008078755808995,-0.0075906834214925865,2011-01-07,2024-03-29,691,0.003,0.0,0.0,0.0,0.0,0.002008078755808995,0.05942121769041764,-0.23100654456693248
2024-06-07,5,price_calendar,hgb,price_calendar_hgb,0.0,-0.025497712887251812,2011-01-07,2024-03-29,691,0.003,0.0,0.0,0.0,0.0,0.0,0.05942121769041764,-0.23100654456693248
2024-06-14,5,price_calendar,hgb,price_calendar_hgb,-0.030552293402017927,-0.027389720429853086,2011-01-07,2024-03-29,691,0.003,0.0,0.0,0.0,-0.0,-0.030552293402017927,0.05942121769041764,-0.2541457799856828
2024-06-21,5,price_calendar,hgb,price_calendar_hgb,-0.05472816839602368,-0.00637373625292603,2011-01-07,2024-03-29,691,0.003,0.0,0.0,0.0,-0.0,-0.05472816839602368,0.05942121769041764,-0.29386813534716405
2024-06-28,5,price_calendar,hgb,price_calendar_hgb,0.006532458721493217,0.005971350959366686,2011-01-07,2024-03-29,691,0.003,1.0,1.0,0.0005,0.006032458721493217,0.006532458721493217,0.0658314477395836,-0.2892402588403733
2024-07-05,6,price_calendar,hgb,price_calendar_hgb,-0.013107766350386907,-0.010219649553377964,2011-01-07,2024-06-28,704,0.003,0.0,1.0,0.0005,-0.0005,-0.013107766350386907,0.06529866522244276,-0.298495938296353
2024-07-12,6,price_calendar,hgb,price_calendar_hgb,-0.019428886184991168,-0.020034093527204026,2011-01-07,2024-06-28,704,0.003,0.0,0.0,0.0,-0.0,-0.019428886184991168,0.06529866522244276,-0.3119938317537574
2024-07-19,6,price_calendar,hgb,price_calendar_hgb,0.01003914187828503,-0.009048223457027469,2011-01-07,2024-06-28,704,0.003,0.0,0.0,0.0,0.0,0.01003914187828503,0.06529866522244276,-0.305052053772372
2024-07-26,6,price_calendar,hgb,price_calendar_hgb,-0.01003914187828503,-0.009723875180000889,2011-01-07,2024-06-28,704,0.003,0.0,0.0,0.0,-0.0,-0.01003914187828503,0.06529866522244276,-0.3119938317537574
2024-08-02,6,price_calendar,hgb,price_calendar_hgb,-0.019242254775527545,-0.00988748319427364,2011-01-07,2024-06-28,704,0.003,0.0,0.0,0.0,-0.0,-0.019242254775527545,0.06529866522244276,-0.3251060627057957
2024-08-09,6,price_calendar,hgb,price_calendar_hgb,-0.009184900777309934,0.01580666717283284,2011-01-07,2024-06-28,704,0.003,1.0,1.0,0.0005,-0.009684900777309935,-0.009184900777309934,0.05503115352286625,-0.331276515676449
2024-08-16,6,price_calendar,hgb,price_calendar_hgb,-0.00115409463771865,-0.012127384793518098,2011-01-07,2024-06-28,704,0.003,0.0,1.0,0.0005,-0.0005,-0.00115409463771865,0.05450376980302196,-0.3320478406871811
2024-08-23,6,price_calendar,hgb,price_calendar_hgb,0.021702797169266486,-0.00802411326325384,2011-01-07,2024-06-28,704,0.003,0.0,0.0,0.0,0.0,0.021702797169266486,0.05450376980302196,-0.3173929597136784
2024-08-30,6,price_calendar,hgb,price_calendar_hgb,0.010677180720008561,-0.013703795862142468,2011-01-07,2024-06-28,704,0.003,0.0,0.0,0.0,0.0,0.010677180720008561,0.05450376980302196,-0.3100655927845287
2024-09-06,6,price_calendar,hgb,price_calendar_hgb,0.014979501367015313,0.001980408507341893,2011-01-07,2024-06-28,704,0.003,0.0,0.0,0.0,0.0,0.014979501367015313,0.05450376980302196,-0.29965292581245107
2024-09-13,6,price_calendar,hgb,price_calendar_hgb,-0.02339940079131697,-0.00010592345069786367,2011-01-07,2024-06-28,704,0.003,0.0,0.0,0.0,-0.0,-0.02339940079131697,0.05450376980302196,-0.31585038324981596
2024-09-20,6,price_calendar,hgb,price_calendar_hgb,0.02943843146598457,-0.00416329348515688,2011-01-07,2024-06-28,704,0.003,0.0,0.0,0.0,0.0,0.02943843146598457,0.05450376980302196,-0.2954107118110263
2024-09-27,6,price_calendar,hgb,price_calendar_hgb,0.010887361589490663,0.006029499936779318,2011-01-07,2024-06-28,704,0.003,1.0,1.0,0.0005,0.010387361589490662,0.010887361589490663,0.06551436829039115,-0.28769768237651083
2024-10-04,7,price_calendar,hgb,price_calendar_hgb,-0.013079193454776483,0.004929788111503634,2011-01-07,2024-09-27,717,0.003,1.0,0.0,0.0,-0.013079193454776483,-0.013079193454776483,0.05166903997313943,-0.29695336183249044
2024-10-11,7,price_calendar,hgb,price_calendar_hgb,-0.036306675662896026,0.0064654236332487664,2011-01-07,2024-09-27,717,0.003,1.0,0.0,0.0,-0.036306675662896026,-0.036306675662896026,0.014171262026471121,-0.3220208362204692
2024-10-18,7,price_calendar,hgb,price_calendar_hgb,0.021385123980925957,0.02085877494757861,2011-01-07,2024-09-27,717,0.003,1.0,0.0,0.0,0.021385123980925957,0.021385123980925957,0.03609300435389762,-0.3073660288045684
2024-10-25,7,price_calendar,hgb,price_calendar_hgb,-0.0005568544602643222,-0.004665970310560671,2011-01-07,2024-09-27,717,0.003,0.0,1.0,0.0005,-0.0005,-0.0005568544602643222,0.035575087341763734,-0.3077516177523326
2024-11-01,7,price_calendar,hgb,price_calendar_hgb,0.029098884004898462,0.004804090295109491,2011-01-07,2024-09-27,717,0.003,1.0,1.0,0.0005,0.02859888400489846,0.029098884004898462,0.06561894179577354,-0.28731201987114485
2024-11-08,7,price_calendar,hgb,price_calendar_hgb,-0.022435953727171665,0.0010822334653809702,2011-01-07,2024-09-27,717,0.003,0.0,1.0,0.0005,-0.0005,-0.022435953727171665,0.0650862655050457,-0.30312381480314365
2024-11-15,7,price_calendar,hgb,price_calendar_hgb,0.0,0.013348049520383735,2011-01-07,2024-09-27,717,0.003,1.0,1.0,0.0005,-0.0005,0.0,0.06455385548588977,-0.30312381480314365
2024-11-22,7,price_calendar,hgb,price_calendar_hgb,-0.01112971158101228,-0.005072848000193182,2011-01-07,2024-09-27,717,0.003,0.0,1.0,0.0005,-0.0005,-0.01112971158101228,0.06402171160520331,-0.31083684423765934
2024-11-29,7,price_calendar,hgb,price_calendar_hgb,0.01719872940108713,0.009956656107992231,2011-01-07,2024-09-27,717,0.003,1.0,1.0,0.0005,0.01669872940108713,0.01719872940108713,0.08193870138571624,-0.2988816008017189
2024-12-06,7,price_calendar,hgb,price_calendar_hgb,0.004390782165744955,-0.005032982067703045,2011-01-07,2024-09-27,717,0.003,0.0,1.0,0.0005,-0.0005,0.004390782165744955,0.08139786725482345,-0.2957963743163925
2024-12-13,7,price_calendar,hgb,price_calendar_hgb,0.0,-0.00022564613808240892,2011-01-07,2024-09-27,717,0.003,0.0,0.0,0.0,0.0,0.0,0.08139786725482345,-0.2957963743163925
2024-12-20,7,price_calendar,hgb,price_calendar_hgb,0.01683447122938375,0.0003340725123316441,2011-01-07,2024-09-27,717,0.003,0.0,0.0,0.0,0.0,0.01683447122938375,0.08139786725482345,-0.28384113088045215
2024-12-27,7,price_calendar,hgb,price_calendar_hgb,-0.0026961049955143146,-0.016340664375099633,2011-01-07,2024-09-27,717,0.003,0.0,0.0,0.0,-0.0,-0.0026961049955143146,0.08139786725482345,-0.2857693698496807
2025-01-03,8,price_calendar,hgb,price_calendar_hgb,0.037620281860731186,0.001078048596211486,2011-01-07,2024-12-27,730,0.003,0.0,0.0,0.0,0.0,0.037620281860731186,0.08139786725482345,-0.25838799398710743
2025-01-10,8,price_calendar,hgb,price_calendar_hgb,0.02007796111557436,0.006539171636561073,2011-01-07,2024-12-27,730,0.003,1.0,1.0,0.0005,0.01957796111557436,0.02007796111557436,0.10277803983626854,-0.24334745050823892
2025-01-17,8,price_calendar,hgb,price_calendar_hgb,0.007110206991211232,-0.005334980325403713,2011-01-07,2024-12-27,730,0.003,0.0,1.0,0.0005,-0.0005,0.007110206991211232,0.10222678864063384,-0.23794832254831777
2025-01-24,8,price_calendar,hgb,price_calendar_hgb,0.0015171019737820757,0.01943965399260621,2011-01-07,2024-12-27,730,0.003,1.0,1.0,0.0005,0.0010171019737820757,0.0015171019737820757,0.10334843600109278,-0.23679133503221972
2025-01-31,8,price_calendar,hgb,price_calendar_hgb,0.009054307167279507,-0.012452002750875702,2011-01-07,2024-12-27,730,0.003,0.0,1.0,0.0005,-0.0005,0.009054307167279507,0.10279689967866301,-0.2298496306084361
2025-02-07,8,price_calendar,hgb,price_calendar_hgb,0.01737449464791574,0.00289223911250506,2011-01-07,2024-12-27,730,0.003,0.0,0.0,0.0,0.0,0.01737449464791574,0.10279689967866301,-0.21635173715103162
2025-02-14,8,price_calendar,hgb,price_calendar_hgb,-0.003944774580914245,0.0029757362234333435,2011-01-07,2024-12-27,730,0.003,0.0,0.0,0.0,-0.0,-0.003944774580914245,0.10279689967866301,-0.21943696363635823
2025-02-21,8,price_calendar,hgb,price_calendar_hgb,-0.0595444295014711,0.00025919255087038224,2011-01-07,2024-12-27,730,0.003,0.0,0.0,0.0,-0.0,-0.0595444295014711,0.10279689967866301,-0.26455844695776054
2025-02-28,8,price_calendar,hgb,price_calendar_hgb,0.0,0.008133200064315413,2011-01-07,2024-12-27,730,0.003,1.0,1.0,0.0005,-0.0005,0.0,0.10224563905546424,-0.26455844695776054
2025-03-07,8,price_calendar,hgb,price_calendar_hgb,-0.012665064992064767,-0.0010967658848731983,2011-01-07,2024-12-27,730,0.003,0.0,1.0,0.0005,-0.0005,-0.012665064992064767,0.10169465399368072,-0.2738141264137405
2025-03-14,8,price_calendar,hgb,price_calendar_hgb,0.002651777649094189,0.0011085050723096083,2011-01-07,2024-12-27,730,0.003,0.0,0.0,0.0,0.0,0.002651777649094189,0.10169465399368072,-0.2718858874445119
2025-03-21,8,price_calendar,hgb,price_calendar_hgb,-0.022496936786924326,0.0016777105376209278,2011-01-07,2024-12-27,730,0.003,0.0,0.0,0.0,-0.0,-0.022496936786924326,0.10169465399368072,-0.2880833448818767
2025-03-28,8,price_calendar,hgb,price_calendar_hgb,0.01505408511722317,0.008515578081845061,2011-01-07,2024-12-27,730,0.003,1.0,1.0,0.0005,0.01455408511722317,0.01505408511722317,0.11784606113814178,-0.27728501540443296
2025-04-04,9,price_calendar,hgb,price_calendar_hgb,0.04384836860910912,-0.0015183593803247061,2011-01-07,2025-03-28,743,0.003,0.0,1.0,0.0005,-0.0005,0.04384836860910912,0.11728727781504489,-0.24489010052970306
2025-04-11,9,price_calendar,hgb,price_calendar_hgb,0.0,-0.014590763233884349,2011-01-07,2025-03-28,743,0.003,0.0,0.0,0.0,0.0,0.0,0.11728727781504489,-0.24489010052970306
2025-04-18,9,price_calendar,hgb,price_calendar_hgb,-0.02116207216842536,0.006687850549930215,2011-01-07,2025-03-28,743,0.003,1.0,1.0,0.0005,-0.02166207216842536,-0.02116207216842536,0.0933447784793291,-0.26070189546170197
2025-04-25,9,price_calendar,hgb,price_calendar_hgb,-0.01895794611669377,0.029379568824716217,2011-01-07,2025-03-28,743,0.003,1.0,0.0,0.0,-0.01895794611669377,-0.01895794611669377,0.07281244744068749,-0.2745854514244723
2025-05-02,9,price_calendar,hgb,price_calendar_hgb,-0.030771642822881695,0.0006058634467259094,2011-01-07,2025-03-28,743,0.003,0.0,1.0,0.0005,-0.0005,-0.030771642822881695,0.07227617529617558,-0.29656769932712435
2025-05-09,9,price_calendar,hgb,price_calendar_hgb,-0.016584085698091666,-0.009489954317554145,2011-01-07,2025-03-28,743,0.003,0.0,0.0,0.0,-0.0,-0.016584085698091666,0.07227617529617558,-0.3081372802576988
2025-05-16,9,price_calendar,hgb,price_calendar_hgb,0.031818367535546344,-0.004247377780664356,2011-01-07,2025-03-28,743,0.003,0.0,0.0,0.0,0.0,0.031818367535546344,0.07227617529617558,-0.2857693698496807
2025-05-23,9,price_calendar,hgb,price_calendar_hgb,-0.02183490700515245,0.006951323899172902,2011-01-07,2025-03-28,743,0.003,1.0,1.0,0.0005,-0.02233490700515245,-0.02183490700515245,0.04859245798876577,-0.3011955022763134
2025-05-30,9,price_calendar,hgb,price_calendar_hgb,0.02721996999038989,0.004513851564447558,2011-01-07,2025-03-28,743,0.003,1.0,0.0,0.0,0.02721996999038989,0.02721996999038989,0.07752712712295118,-0.2819128183536219
2025-06-06,9,price_calendar,hgb,price_calendar_hgb,-0.012429311493620254,-0.014894777584628087,2011-01-07,2025-03-28,743,0.003,0.0,1.0,0.0005,-0.0005,-0.012429311493620254,0.07698849822783504,-0.29078290886183733
2025-06-13,9,price_calendar,hgb,price_calendar_hgb,-0.002722530278641777,-0.029629397305864214,2011-01-07,2025-03-28,743,0.003,0.0,0.0,0.0,-0.0,-0.002722530278641777,0.07698849822783504,-0.2927111478310658
2025-06-20,9,price_calendar,hgb,price_calendar_hgb,-0.03439056872108148,-0.004894785761334202,2011-01-07,2025-03-28,743,0.003,0.0,0.0,0.0,-0.0,-0.03439056872108148,0.07698849822783504,-0.31662170826054803
2025-06-27,9,price_calendar,hgb,price_calendar_hgb,0.02452745834354264,-0.005948810058121213,2011-01-07,2025-03-28,743,0.003,0.0,0.0,0.0,0.0,0.02452745834354264,0.07698849822783504,-0.29965292581245107
2025-07-04,10,price_calendar,hgb,price_calendar_hgb,-0.050250446105851054,-0.015308130668267634,2011-01-07,2025-06-27,756,0.003,0.0,0.0,0.0,-0.0,-0.050250446105851054,0.07698849822783504,-0.3339760796564095
2025-07-11,10,price_calendar,hgb,price_calendar_hgb,0.030789148650300024,0.0010950354499693936,2011-01-07,2025-06-27,756,0.003,0.0,0.0,0.0,0.0,0.030789148650300024,0.07698849822783504,-0.31315081926985533
2025-07-18,10,price_calendar,hgb,price_calendar_hgb,-0.018130791371108845,0.008185136429627614,2011-01-07,2025-06-27,756,0.003,1.0,1.0,0.0005,-0.018630791371108846,-0.018130791371108845,0.05710910959791349,-0.3254917252111619
2025-07-25,10,price_calendar,hgb,price_calendar_hgb,-0.018465596591241695,0.0021782949882279126,2011-01-07,2025-06-27,756,0.003,0.0,1.0,0.0005,-0.0005,-0.018465596591241695,0.05658068715973297,-0.3378326311524682
2025-08-01,10,price_calendar,hgb,price_calendar_hgb,-0.007600104223529858,-0.0058920561665089,2011-01-07,2025-06-27,756,0.003,0.0,0.0,0.0,-0.0,-0.007600104223529858,0.05658068715973297,-0.34284609660702303
2025-08-08,10,price_calendar,hgb,price_calendar_hgb,0.0029299309266903606,0.010097970360783469,2011-01-07,2025-06-27,756,0.003,1.0,1.0,0.0005,0.0024299309266903606,0.0029299309266903606,0.05915122710042975,-0.3409178576377947
2025-08-15,10,price_calendar,hgb,price_calendar_hgb,0.012212951347196466,-0.014413170070841419,2011-01-07,2025-06-27,756,0.003,0.0,1.0,0.0005,-0.0005,0.012212951347196466,0.05862178385872019,-0.33281916569791314
2025-08-22,10,price_calendar,hgb,price_calendar_hgb,0.015486427426680383,0.02068385570495558,2011-01-07,2025-06-27,756,0.003,1.0,1.0,0.0005,0.014986427426680382,0.015486427426680383,0.07460621801112133,-0.32240649872583527
2025-08-29,10,price_calendar,hgb,price_calendar_hgb,-0.0022791467269858146,-0.006141689643745628,2011-01-07,2025-06-27,756,0.003,0.0,1.0,0.0005,-0.0005,-0.0022791467269858146,0.07406904920550827,-0.32394907518969773
2025-09-05,10,price_calendar,hgb,price_calendar_hgb,0.020886953432670996,-0.002145741903360823,2011-01-07,2025-06-27,756,0.003,0.0,0.0,0.0,0.0,0.020886953432670996,0.07406904920550827,-0.30967993027916274
2025-09-12,10,price_calendar,hgb,price_calendar_hgb,-0.008978727556137933,-0.011184102996717666,2011-01-07,2025-06-27,756,0.003,0.0,0.0,0.0,-0.0,-0.008978727556137933,0.07406904920550827,-0.31585038324981596
2025-09-19,10,price_calendar,hgb,price_calendar_hgb,-0.006787295841789831,0.0016382507402672671,2011-01-07,2025-06-27,756,0.003,0.0,0.0,0.0,-0.0,-0.006787295841789831,0.07406904920550827,-0.32047818619900514
2025-09-26,10,price_calendar,hgb,price_calendar_hgb,-0.0005677109701363037,0.0014540065085046816,2011-01-07,2025-06-27,756,0.003,0.0,0.0,0.0,-0.0,-0.0005677109701363037,0.07406904920550827,-0.32086384870437124
2025-10-03,11,price_calendar,hgb,price_calendar_hgb,-0.017760499764301496,0.0034297774710106955,2011-01-07,2025-09-26,769,0.003,1.0,1.0,0.0005,-0.018260499764301497,-0.017760499764301496,0.054633998496841585,-0.33281916569791314
2025-10-10,11,price_calendar,hgb,price_calendar_hgb,0.013777581737391742,-0.0007039070886271632,2011-01-07,2025-09-26,769,0.003,0.0,1.0,0.0005,-0.0005,0.013777581737391742,0.054106813304874324,-0.32356341268433164
2025-10-17,11,price_calendar,hgb,price_calendar_hgb,0.004550628997046058,-0.006381738427853342,2011-01-07,2025-09-26,769,0.003,0.0,0.0,0.0,0.0,0.004550628997046058,0.054106813304874324,-0.32047818619900514
2025-10-24,11,price_calendar,hgb,price_calendar_hgb,0.009601885003151178,-0.005076941071384534,2011-01-07,2025-09-26,769,0.003,0.0,0.0,0.0,0.0,0.009601885003151178,0.054106813304874324,-0.31392207072298584
2025-10-31,11,price_calendar,hgb,price_calendar_hgb,-0.0011248852137382137,-0.003926481316772829,2011-01-07,2025-09-26,769,0.003,0.0,0.0,0.0,-0.0,-0.0011248852137382137,0.054106813304874324,-0.3146933957337178
2025-11-07,11,price_calendar,hgb,price_calendar_hgb,0.0072890236085148,-0.00781459608198569,2011-01-07,2025-09-26,769,0.003,0.0,0.0,0.0,0.0,0.0072890236085148,0.054106813304874324,-0.30967993027916274
2025-11-14,11,price_calendar,hgb,price_calendar_hgb,-0.016901767817029345,-0.010814481078558248,2011-01-07,2025-09-26,769,0.003,0.0,0.0,0.0,-0.0,-0.016901767817029345,0.054106813304874324,-0.3212495112097372
2025-11-21,11,price_calendar,hgb,price_calendar_hgb,0.020804738866287753,-0.004332834681483483,2011-01-07,2025-09-26,769,0.003,0.0,0.0,0.0,0.0,0.020804738866287753,0.054106813304874324,-0.30698036629920233
2025-11-28,11,price_calendar,hgb,price_calendar_hgb,-0.006700132988308738,-0.005523866606811095,2011-01-07,2025-09-26,769,0.003,0.0,0.0,0.0,-0.0,-0.006700132988308738,0.054106813304874324,-0.3116081692483913
2025-12-05,11,price_calendar,hgb,price_calendar_hgb,-0.0056180136750763054,0.002409644783954542,2011-01-07,2025-09-26,769,0.003,0.0,0.0,0.0,-0.0,-0.0056180136750763054,0.054106813304874324,-0.3154647207444501
2025-12-12,11,price_calendar,hgb,price_calendar_hgb,0.0022510372193500494,-0.006145848456962174,2011-01-07,2025-09-26,769,0.003,0.0,0.0,0.0,0.0,0.0022510372193500494,0.054106813304874324,-0.31392207072298584
2025-12-19,11,price_calendar,hgb,price_calendar_hgb,0.017275406206680444,-0.004641883880664583,2011-01-07,2025-09-26,769,0.003,0.0,0.0,0.0,0.0,0.017275406206680444,0.054106813304874324,-0.3019668272870457
2025-12-26,11,price_calendar,hgb,price_calendar_hgb,-0.026310010540252282,-0.00497994109164315,2011-01-07,2025-09-26,769,0.003,0.0,0.0,0.0,-0.0,-0.026310010540252282,0.054106813304874324,-0.3200925972512405
2026-01-02,12,price_calendar,hgb,price_calendar_hgb,0.014639914596512149,0.010924912281017125,2011-01-07,2025-12-26,782,0.003,1.0,1.0,0.0005,0.014139914596512149,0.014639914596512149,0.06911766963232258,-0.3100655927845287
2026-01-09,12,price_calendar,hgb,price_calendar_hgb,-0.040495929084172655,-0.0022893065416104033,2011-01-07,2025-12-26,782,0.003,0.0,1.0,0.0005,-0.0005,-0.040495929084172655,0.06858324441494457,-0.337446968647102
2026-01-16,12,price_calendar,hgb,price_calendar_hgb,0.013873041484489868,0.006910829856394648,2011-01-07,2025-12-26,782,0.003,1.0,1.0,0.0005,0.013373041484489867,0.013873041484489868,0.08296943161183767,-0.3281912891911223
2026-01-23,12,price_calendar,hgb,price_calendar_hgb,0.003438368235503919,0.0006905458649997885,2011-01-07,2025-12-26,782,0.003,0.0,1.0,0.0005,-0.0005,0.003438368235503919,0.0824280822446517,-0.32587738771652763
2026-01-30,12,price_calendar,hgb,price_calendar_hgb,0.001143536889932406,0.0018720427558564625,2011-01-07,2025-12-26,782,0.003,0.0,0.0,0.0,0.0,0.001143536889932406,0.0824280822446517,-0.3251060627057957
2026-02-06,12,price_calendar,hgb,price_calendar_hgb,0.008534880836821301,0.0009078137528698541,2011-01-07,2025-12-26,782,0.003,0.0,0.0,0.0,0.0,0.008534880836821301,0.0824280822446517,-0.31932127224050866
2026-02-13,12,price_calendar,hgb,price_calendar_hgb,-0.001701093628666328,-0.0021565395920252767,2011-01-07,2025-12-26,782,0.003,0.0,0.0,0.0,-0.0,-0.001701093628666328,0.0824280822446517,-0.32047818619900514
2026-02-20,12,price_calendar,hgb,price_calendar_hgb,0.015207195266091489,-0.004426042007845339,2011-01-07,2025-12-26,782,0.003,0.0,0.0,0.0,0.0,0.015207195266091489,0.0824280822446517,-0.3100655927845287
2026-02-27,12,price_calendar,hgb,price_calendar_hgb,0.03460939053157874,-0.004666043070129761,2011-01-07,2025-12-26,782,0.003,0.0,0.0,0.0,0.0,0.03460939053157874,0.0824280822446517,-0.2857693698496807
2026-03-06,12,price_calendar,hgb,price_calendar_hgb,0.008066707704783571,0.012932041226996961,2011-01-07,2025-12-26,782,0.003,1.0,1.0,0.0005,0.007566707704783571,0.008066707704783571,0.0906495647050296,-0.27998457938439336
2026-03-13,12,price_calendar,hgb,price_calendar_hgb,0.006938867613939692,0.012743673877567818,2011-01-07,2025-12-26,782,0.003,1.0,0.0,0.0,0.006938867613939692,0.006938867613939692,0.09824375471695901,-0.2749711139298383
2026-03-20,12,price_calendar,hgb,price_calendar_hgb,-0.011771099974565047,0.013396787761108479,2011-01-07,2025-12-26,782,0.003,1.0,0.0,0.0,-0.011771099974565047,-0.011771099974565047,0.08539200568830463,-0.2834554683750862
2026-03-27,12,price_calendar,hgb,price_calendar_hgb,-0.02121370738946471,0.02439484644584443,2011-01-07,2025-12-26,782,0.003,1.0,0.0,0.0,-0.02121370738946471,-0.02121370738946471,0.06260932423050525,-0.298495938296353
2026-04-03,13,price_calendar,hgb,price_calendar_hgb,-0.02448650596856261,0.007491844861669594,2011-01-07,2026-03-27,795,0.003,1.0,0.0,0.0,-0.02448650596856261,-0.02448650596856261,0.03690571475118598,-0.3154647207444501
2026-04-10,13,price_calendar,hgb,price_calendar_hgb,0.011204641516453062,-0.015387167436668476,2011-01-07,2026-03-27,795,0.003,0.0,1.0,0.0005,-0.0005,0.011204641516453062,0.03638739148542536,-0.3077516177523326
2026-04-17,13,price_calendar,hgb,price_calendar_hgb,0.01767023800752021,-0.021283312477300136,2011-01-07,2026-03-27,795,0.003,0.0,0.0,0.0,0.0,0.01767023800752021,0.03638739148542536,-0.2954107118110263
2026-04-24,13,price_calendar,hgb,price_calendar_hgb,0.03337225375719077,-0.012310402758813644,2011-01-07,2026-03-27,795,0.003,0.0,0.0,0.0,0.0,0.03337225375719077,0.03638739148542536,-0.2715002249391456
2026-05-01,13,price_calendar,hgb,price_calendar_hgb,-0.01493354575146233,-0.011336953092334921,2011-01-07,2026-03-27,795,0.003,0.0,0.0,0.0,-0.0,-0.01493354575146233,0.03638739148542536,-0.2822984808589879
2026-05-08,13,price_calendar,hgb,price_calendar_hgb,-0.004308026097975759,-0.0008026948257882232,2011-01-07,2026-03-27,795,0.003,0.0,0.0,0.0,-0.0,-0.004308026097975759,0.03638739148542536,-0.2853837073443145
2023-01-06,0,price_calendar,ridge,price_calendar_ridge,0.026637756991465977,0.008678876371558418,2011-01-07,2022-12-30,626,0.003,1.0,1.0,0.0005,0.026137756991465977,0.026637756991465977,0.02648234385359971,0.026995713357207185
2023-01-13,0,price_calendar,ridge,price_calendar_ridge,-0.005271073667588055,0.0052496787438254585,2011-01-07,2022-12-30,626,0.003,1.0,0.0,0.0,-0.005271073667588055,-0.005271073667588055,0.02108591478287991,0.021596585397285928
2023-01-20,0,price_calendar,ridge,price_calendar_ridge,0.0018857687565256853,0.005283834815083733,2011-01-07,2022-12-30,626,0.003,1.0,0.0,0.0,0.0018857687565256853,0.0018857687565256853,0.02301326339444576,0.023524897924116273
2023-01-27,0,price_calendar,ridge,price_calendar_ridge,0.0015059870145548437,0.00362687949718938,2011-01-07,2022-12-30,626,0.003,1.0,0.0,0.0,0.0015059870145548437,0.0015059870145548437,0.024555068762866172,0.02506747438797885
2023-02-03,0,price_calendar,ridge,price_calendar_ridge,0.0030052586123381353,0.003701264950295925,2011-01-07,2022-12-30,626,0.003,1.0,0.0,0.0,0.0030052586123381353,0.0030052586123381353,0.027638753020539086,0.028152700873305347
2023-02-10,0,price_calendar,ridge,price_calendar_ridge,-0.0007504862659923894,-0.0073765032107536745,2011-01-07,2022-12-30,626,0.003,0.0,1.0,0.0005,-0.0005,-0.0007504862659923894,0.027125062077466566,0.027381375862573387
2023-02-17,0,price_calendar,ridge,price_calendar_ridge,-0.03787026601642918,-0.005347340746499863,2011-01-07,2022-12-30,626,0.003,0.0,0.0,0.0,-0.0,-0.03787026601642918,0.027125062077466566,-0.010798329477443858
2023-02-24,0,price_calendar,ridge,price_calendar_ridge,-0.011370403108148963,0.00538065437966285,2011-01-07,2022-12-30,626,0.003,1.0,1.0,0.0005,-0.011870403108148964,-0.011370403108148963,0.01500475234810339,-0.02198224790265224
2023-03-03,0,price_calendar,ridge,price_calendar_ridge,-0.031240052602529822,-0.004293771909898972,2011-01-07,2022-12-30,626,0.003,0.0,1.0,0.0005,-0.0005,-0.031240052602529822,0.014497376826380082,-0.05206326130278727
2023-03-10,0,price_calendar,ridge,price_calendar_ridge,0.007700160947850421,-0.0031225100717534437,2011-01-07,2022-12-30,626,0.003,0.0,0.0,0.0,0.0,0.007700160947850421,0.014497376826380082,-0.04473582081603633
2023-03-17,0,price_calendar,ridge,price_calendar_ridge,0.004029029578285659,-0.00378156005039831,2011-01-07,2022-12-30,626,0.003,0.0,0.0,0.0,0.0,0.004029029578285659,0.014497376826380082,-0.04087926931997765
2023-03-24,0,price_calendar,ridge,price_calendar_ridge,0.014371452949219155,-0.00520053275296559,2011-01-07,2022-12-30,626,0.003,0.0,0.0,0.0,0.0,0.014371452949219155,0.014497376826380082,-0.02699578691480875
2023-03-31,0,price_calendar,ridge,price_calendar_ridge,-0.01961238679648769,-0.005490125525884092,2011-01-07,2022-12-30,626,0.003,0.0,0.0,0.0,-0.0,-0.01961238679648769,0.014497376826380082,-0.04589280833213416
2023-04-07,1,price_calendar,ridge,price_calendar_ridge,0.014844839763751505,-0.0009528828069674233,2011-01-07,2023-03-31,639,0.003,0.0,0.0,0.0,0.0,0.014844839763751505,0.014497376826380082,-0.031623589863997825
2023-04-14,1,price_calendar,ridge,price_calendar_ridge,-0.028273319322776214,-0.0033332638404683485,2011-01-07,2023-03-31,639,0.003,0.0,0.0,0.0,-0.0,-0.028273319322776214,0.014497376826380082,-0.0586193767788068
2023-04-21,1,price_calendar,ridge,price_calendar_ridge,-0.043111958005261464,0.0014029010337760716,2011-01-07,2023-03-31,639,0.003,0.0,0.0,0.0,-0.0,-0.043111958005261464,0.014497376826380082,-0.09834173214028774
2023-04-28,1,price_calendar,ridge,price_calendar_ridge,0.01696399998898457,0.005120584944861316,2011-01-07,2023-03-31,639,0.003,1.0,1.0,0.0005,0.016463999988984568,0.01696399998898457,0.031338315825371055,-0.08291552615605335
2023-05-05,1,price_calendar,ridge,price_calendar_ridge,-0.04471944188032584,-5.0388481697527195e-05,2011-01-07,2023-03-31,639,0.003,0.0,1.0,0.0005,-0.0005,-0.04471944188032584,0.030822775563264404,-0.1230235440229005
2023-05-12,1,price_calendar,ridge,price_calendar_ridge,-0.02088497643277787,0.002044622659791238,2011-01-07,2023-03-31,639,0.003,0.0,0.0,0.0,-0.0,-0.02088497643277787,0.030822775563264404,-0.14114924042949384
2023-05-19,1,price_calendar,ridge,price_calendar_ridge,0.058853344475394476,0.006249065760847597,2011-01-07,2023-03-31,639,0.003,1.0,1.0,0.0005,0.058353344475394475,0.058853344475394476,0.09276440724124702,-0.08908597912670635
2023-05-26,1,price_calendar,ridge,price_calendar_ridge,0.008851441609216248,0.0010753292605938818,2011-01-07,2023-03-31,639,0.003,0.0,1.0,0.0005,-0.0005,0.008851441609216248,0.0922181616104143,-0.08098728718682469
2023-06-02,1,price_calendar,ridge,price_calendar_ridge,-0.019492103447578124,-0.0010515746991003835,2011-01-07,2023-03-31,639,0.003,0.0,0.0,0.0,-0.0,-0.019492103447578124,0.0922181616104143,-0.09872732108805227
2023-06-09,1,price_calendar,ridge,price_calendar_ridge,0.1047184545507811,0.0024883875358489905,2011-01-07,2023-03-31,639,0.003,0.0,0.0,0.0,0.0,0.1047184545507811,0.0922181616104143,0.0007713250107321823
2023-06-16,1,price_calendar,ridge,price_calendar_ridge,-0.01788542960351691,-0.005769976890971944,2011-01-07,2023-03-31,639,0.003,0.0,0.0,0.0,-0.0,-0.01788542960351691,0.0922181616104143,-0.016968782448096853
2023-06-23,1,price_calendar,ridge,price_calendar_ridge,-0.1386444483967515,0.003859265158742703,2011-01-07,2023-03-31,639,0.003,1.0,1.0,0.0005,-0.1391444483967515,-0.1386444483967515,-0.04965842780701979,-0.14423446691482045
2023-06-30,1,price_calendar,ridge,price_calendar_ridge,0.007184577115581181,0.03121689146034931,2011-01-07,2023-03-31,639,0.003,1.0,0.0,0.0,0.007184577115581181,0.007184577115581181,-0.042806039213929115,-0.13806401394416756
2023-07-07,2,price_calendar,ridge,price_calendar_ridge,0.035600307988796764,0.008635940851663953,2011-01-07,2023-06-30,652,0.003,1.0,0.0,0.0,0.035600307988796764,0.035600307988796764,-0.00811581175054088,-0.10682608658553538
2023-07-14,2,price_calendar,ridge,price_calendar_ridge,0.033959088920219926,-0.011071090833828918,2011-01-07,2023-06-30,652,0.003,0.0,1.0,0.0005,-0.0005,0.033959088920219926,-0.008611629879803795,-0.07597382173226952
2023-07-21,2,price_calendar,ridge,price_calendar_ridge,-0.007540814899039461,0.018955628729386387,2011-01-07,2023-06-30,652,0.003,1.0,1.0,0.0005,-0.008040814899039461,-0.007540814899039461,-0.016551237023593623,-0.08291552615605335
2023-07-28,2,price_calendar,ridge,price_calendar_ridge,-0.04471944188032584,0.010079009393488499,2011-01-07,2023-06-30,652,0.003,1.0,0.0,0.0,-0.04471944188032584,-0.04471944188032584,-0.0595616484759397,-0.1230235440229005
2023-08-04,2,price_calendar,ridge,price_calendar_ridge,-0.019987289785992512,-0.0007614515351239976,2011-01-07,2023-06-30,652,0.003,0.0,1.0,0.0005,-0.0005,-0.019987289785992512,-0.06003175011649775,-0.14037791541876188
2023-08-11,2,price_calendar,ridge,price_calendar_ridge,0.010265635127240103,-0.011307760775468287,2011-01-07,2023-06-30,652,0.003,0.0,0.0,0.0,0.0,0.010265635127240103,-0.06003175011649775,-0.13150789846814803
2023-08-18,2,price_calendar,ridge,price_calendar_ridge,-0.010265635127240103,-0.015457014745027583,2011-01-07,2023-06-30,652,0.003,0.0,0.0,0.0,-0.0,-0.010265635127240103,-0.06003175011649775,-0.14037791541876188
2023-08-25,2,price_calendar,ridge,price_calendar_ridge,-0.004045865226357748,-0.004225289932890557,2011-01-07,2023-06-30,652,0.003,0.0,0.0,0.0,-0.0,-0.004045865226357748,-0.06003175011649775,-0.14384880440945436
2023-09-01,2,price_calendar,ridge,price_calendar_ridge,-0.0009013275636022833,-0.0011254134414207203,2011-01-07,2023-06-30,652,0.003,0.0,0.0,0.0,-0.0,-0.0009013275636022833,-0.06003175011649775,-0.14462012942018665
2023-09-08,2,price_calendar,ridge,price_calendar_ridge,-0.009513140538532916,-0.010219020301928342,2011-01-07,2023-06-30,652,0.003,0.0,0.0,0.0,-0.0,-0.009513140538532916,-0.06003175011649775,-0.15271889491766988
2023-09-15,2,price_calendar,ridge,price_calendar_ridge,-0.0004552801920918448,-0.006769744593637761,2011-01-07,2023-06-30,652,0.003,0.0,0.0,0.0,-0.0,-0.0004552801920918448,-0.06003175011649775,-0.15310455742303608
2023-09-22,2,price_calendar,ridge,price_calendar_ridge,0.0027285771324261354,-0.0029238556184694514,2011-01-07,2023-06-30,652,0.003,0.0,0.0,0.0,0.0,0.0027285771324261354,-0.06003175011649775,-0.15079058239083987
2023-09-29,2,price_calendar,ridge,price_calendar_ridge,0.03217432617415117,-0.005693037695037697,2011-01-07,2023-06-30,652,0.003,0.0,0.0,0.0,0.0,0.03217432617415117,-0.06003175011649775,-0.1230235440229005
2023-10-06,3,price_calendar,ridge,price_calendar_ridge,0.0026350242409121094,-0.0018999773745304728,2011-01-07,2023-09-29,665,0.003,0.0,0.0,0.0,0.0,0.0026350242409121094,-0.06003175011649775,-0.12070964254830607
2023-10-13,3,price_calendar,ridge,price_calendar_ridge,0.0,-0.0030446622351781036,2011-01-07,2023-09-29,665,0.003,0.0,0.0,0.0,0.0,0.0,-0.06003175011649775,-0.12070964254830607
2023-10-20,3,price_calendar,ridge,price_calendar_ridge,-0.023520000673689978,0.0006767409127841052,2011-01-07,2023-09-29,665,0.003,0.0,0.0,0.0,-0.0,-0.023520000673689978,-0.06003175011649775,-0.14114924042949384
2023-10-27,3,price_calendar,ridge,price_calendar_ridge,0.0017944826819555892,0.004053357630851677,2011-01-07,2023-09-29,665,0.003,1.0,1.0,0.0005,0.0012944826819555892,0.0017944826819555892,-0.05881418960996121,-0.13960666396563148
2023-11-03,3,price_calendar,ridge,price_calendar_ridge,-0.026341211304041767,-0.005334224643235182,2011-01-07,2023-09-29,665,0.003,0.0,1.0,0.0005,-0.0005,-0.026341211304041767,-0.0592846648865355,-0.16197457437364948
2023-11-10,3,price_calendar,ridge,price_calendar_ridge,0.015525433238654074,-0.0012871809761777933,2011-01-07,2023-09-29,665,0.003,0.0,0.0,0.0,0.0,0.015525433238654074,-0.0592846648865355,-0.1488623434216111
2023-11-17,3,price_calendar,ridge,price_calendar_ridge,-0.0063636300953144875,0.0008517058826899975,2011-01-07,2023-09-29,665,0.003,0.0,0.0,0.0,-0.0,-0.0063636300953144875,-0.0592846648865355,-0.15426147138153223
2023-11-24,3,price_calendar,ridge,price_calendar_ridge,0.005003449478365063,-0.0042443690414050925,2011-01-07,2023-09-29,665,0.003,0.0,0.0,0.0,0.0,0.005003449478365063,-0.0592846648865355,-0.15001925738010757
2023-12-01,3,price_calendar,ridge,price_calendar_ridge,0.005881001245468642,0.0005075412186137191,2011-01-07,2023-09-29,665,0.003,0.0,0.0,0.0,0.0,0.005881001245468642,-0.0592846648865355,-0.14500579192555252
2023-12-08,3,price_calendar,ridge,price_calendar_ridge,-0.008607098920432321,-0.0013551393451170942,2011-01-07,2023-09-29,665,0.003,0.0,0.0,0.0,-0.0,-0.008607098920432321,-0.0592846648865355,-0.15233323241230368
2023-12-15,3,price_calendar,ridge,price_calendar_ridge,-0.016514077120584947,-0.005104734221755722,2011-01-07,2023-09-29,665,0.003,0.0,0.0,0.0,-0.0,-0.016514077120584947,-0.0592846648865355,-0.16621671481747258
2023-12-22,3,price_calendar,ridge,price_calendar_ridge,-0.0023154047756110963,0.0017723027630395065,2011-01-07,2023-09-29,665,0.003,0.0,0.0,0.0,-0.0,-0.0023154047756110963,-0.0592846648865355,-0.1681450273443026
2023-12-29,3,price_calendar,ridge,price_calendar_ridge,-0.01588819209985548,-0.005855194851291979,2011-01-07,2023-09-29,665,0.003,0.0,0.0,0.0,-0.0,-0.01588819209985548,-0.0592846648865355,-0.1812572582963411
2024-01-05,4,price_calendar,ridge,price_calendar_ridge,-0.02963882963634301,-0.0005530673933381229,2011-01-07,2023-12-29,678,0.003,0.0,0.0,0.0,-0.0,-0.02963882963634301,-0.0592846648865355,-0.20516774516822178
2024-01-12,4,price_calendar,ridge,price_calendar_ridge,-0.009261608043952041,0.005612178873611408,2011-01-07,2023-12-29,678,0.003,1.0,1.0,0.0005,-0.009761608043952041,-0.009261608043952041,-0.06842288484392789,-0.21249518565497283
2024-01-19,4,price_calendar,ridge,price_calendar_ridge,-0.0009799343220819878,0.0035370022804489805,2011-01-07,2023-12-29,678,0.003,1.0,0.0,0.0,-0.0009799343220819878,-0.0009799343220819878,-0.06933532209543014,-0.21326651066570523
2024-01-26,4,price_calendar,ridge,price_calendar_ridge,-0.0019626604903777434,0.005548443929320643,2011-01-07,2023-12-29,678,0.003,1.0,0.0,0.0,-0.0019626604903777434,-0.0019626604903777434,-0.07116010958362806,-0.21480908712956748
2024-02-02,4,price_calendar,ridge,price_calendar_ridge,-0.021346072123210824,0.005230903846852875,2011-01-07,2023-12-29,678,0.003,1.0,0.0,0.0,-0.021346072123210824,-0.021346072123210824,-0.09077707541689128,-0.23139220707229868
2024-02-09,4,price_calendar,ridge,price_calendar_ridge,-0.024379040246952144,0.0023427165291827127,2011-01-07,2023-12-29,678,0.003,0.0,1.0,0.0005,-0.0005,-0.024379040246952144,-0.0912315732452571,-0.2499035659842581
2024-02-16,4,price_calendar,ridge,price_calendar_ridge,-0.028685207408120306,0.002216128341694971,2011-01-07,2023-12-29,678,0.003,0.0,0.0,0.0,-0.0,-0.028685207408120306,-0.0912315732452571,-0.27111456243377985
2024-02-23,4,price_calendar,ridge,price_calendar_ridge,0.020943154498284322,-0.0028186913674787596,2011-01-07,2023-12-29,678,0.003,0.0,0.0,0.0,0.0,0.020943154498284322,-0.0912315732452571,-0.2556884300071469
2024-03-01,4,price_calendar,ridge,price_calendar_ridge,0.034626693929015406,-0.0024374059357184993,2011-01-07,2023-12-29,678,0.003,0.0,0.0,0.0,0.0,0.034626693929015406,-0.0912315732452571,-0.2294639681030699
2024-03-08,4,price_calendar,ridge,price_calendar_ridge,-0.001502568730861853,0.0019776081756836474,2011-01-07,2023-12-29,678,0.003,0.0,0.0,0.0,-0.0,-0.001502568730861853,-0.0912315732452571,-0.2306208820615665
2024-03-15,4,price_calendar,ridge,price_calendar_ridge,0.007490652465172332,0.0033846443094699146,2011-01-07,2023-12-29,678,0.003,1.0,1.0,0.0005,0.006990652465172331,0.007490652465172332,-0.084856431765572,-0.22483609159627937
2024-03-22,4,price_calendar,ridge,price_calendar_ridge,0.003972196004524697,-0.004661369721786291,2011-01-07,2023-12-29,678,0.003,0.0,1.0,0.0005,-0.0005,0.003972196004524697,-0.08531388917580629,-0.22175086511095266
2024-03-29,4,price_calendar,ridge,price_calendar_ridge,-0.01346991963592492,-0.011055923598513427,2011-01-07,2023-12-29,678,0.003,0.0,0.0,0.0,-0.0,-0.01346991963592492,-0.08531388917580629,-0.23216353208303053
2024-04-05,5,price_calendar,ridge,price_calendar_ridge,0.0005021455742464376,-0.00562822885185856,2011-01-07,2024-03-29,691,0.003,0.0,0.0,0.0,0.0,0.0005021455742464376,-0.08531388917580629,-0.23177786957766466
2024-04-12,5,price_calendar,ridge,price_calendar_ridge,-0.011105581514636143,-0.0037284750475374997,2011-01-07,2024-03-29,691,0.003,0.0,0.0,0.0,-0.0,-0.011105581514636143,-0.08531388917580629,-0.2402622240229122
2024-04-19,5,price_calendar,ridge,price_calendar_ridge,0.01711164742982696,-0.004962521805362816,2011-01-07,2024-03-29,691,0.003,0.0,0.0,0.0,0.0,0.01711164742982696,-0.08531388917580629,-0.2271499930708739
2024-04-26,5,price_calendar,ridge,price_calendar_ridge,0.024156942575138896,-0.002231906429656125,2011-01-07,2024-03-29,691,0.003,0.0,0.0,0.0,0.0,0.024156942575138896,-0.08531388917580629,-0.2082529716535484
2024-05-03,5,price_calendar,ridge,price_calendar_ridge,0.014506987133386051,-0.003769992040550144,2011-01-07,2024-03-29,691,0.003,0.0,0.0,0.0,0.0,0.014506987133386051,-0.08531388917580629,-0.19668339072297414
2024-05-10,5,price_calendar,ridge,price_calendar_ridge,-0.025280902313195686,-0.0032764506733993686,2011-01-07,2024-03-29,691,0.003,0.0,0.0,0.0,-0.0,-0.025280902313195686,-0.08531388917580629,-0.2167373996563976
2024-05-17,5,price_calendar,ridge,price_calendar_ridge,0.019986034955030263,0.004606595734290975,2011-01-07,2024-03-29,691,0.003,1.0,1.0,0.0005,0.019486034955030263,0.019986034955030263,-0.06731549447722807,-0.2009256047243988
2024-05-24,5,price_calendar,ridge,price_calendar_ridge,-0.04037967169090617,-0.005855157607512538,2011-01-07,2024-03-29,691,0.003,0.0,1.0,0.0005,-0.0005,-0.04037967169090617,-0.06778172016385475,-0.23254919458839662
2024-05-31,5,price_calendar,ridge,price_calendar_ridge,0.002008078755808995,-0.0020487098928738566,2011-01-07,2024-03-29,691,0.003,0.0,0.0,0.0,0.0,0.002008078755808995,-0.06778172016385475,-0.23100654456693248
2024-06-07,5,price_calendar,ridge,price_calendar_ridge,0.0,-0.009721701569468078,2011-01-07,2024-03-29,691,0.003,0.0,0.0,0.0,0.0,0.0,-0.06778172016385475,-0.23100654456693248
2024-06-14,5,price_calendar,ridge,price_calendar_ridge,-0.030552293402017927,-0.013560261114808519,2011-01-07,2024-03-29,691,0.003,0.0,0.0,0.0,-0.0,-0.030552293402017927,-0.06778172016385475,-0.2541457799856828
2024-06-21,5,price_calendar,ridge,price_calendar_ridge,-0.05472816839602368,-0.011917857736320097,2011-01-07,2024-03-29,691,0.003,0.0,0.0,0.0,-0.0,-0.05472816839602368,-0.06778172016385475,-0.29386813534716405
2024-06-28,5,price_calendar,ridge,price_calendar_ridge,0.006532458721493217,-0.0016398230392260897,2011-01-07,2024-03-29,691,0.003,0.0,0.0,0.0,0.0,0.006532458721493217,-0.06778172016385475,-0.2892402588403733
2024-07-05,6,price_calendar,ridge,price_calendar_ridge,-0.013107766350386907,-0.011369526721538114,2011-01-07,2024-06-28,704,0.003,0.0,0.0,0.0,-0.0,-0.013107766350386907,-0.06778172016385475,-0.298495938296353
2024-07-12,6,price_calendar,ridge,price_calendar_ridge,-0.019428886184991168,-0.007418468915523198,2011-01-07,2024-06-28,704,0.003,0.0,0.0,0.0,-0.0,-0.019428886184991168,-0.06778172016385475,-0.3119938317537574
2024-07-19,6,price_calendar,ridge,price_calendar_ridge,0.01003914187828503,-0.0005681051383146746,2011-01-07,2024-06-28,704,0.003,0.0,0.0,0.0,0.0,0.01003914187828503,-0.06778172016385475,-0.305052053772372
2024-07-26,6,price_calendar,ridge,price_calendar_ridge,-0.01003914187828503,-0.008536327887728849,2011-01-07,2024-06-28,704,0.003,0.0,0.0,0.0,-0.0,-0.01003914187828503,-0.06778172016385475,-0.3119938317537574
2024-08-02,6,price_calendar,ridge,price_calendar_ridge,-0.019242254775527545,-0.014136312009378418,2011-01-07,2024-06-28,704,0.003,0.0,0.0,0.0,-0.0,-0.019242254775527545,-0.06778172016385475,-0.3251060627057957
2024-08-09,6,price_calendar,ridge,price_calendar_ridge,-0.009184900777309934,-0.009246688405334057,2011-01-07,2024-06-28,704,0.003,0.0,0.0,0.0,-0.0,-0.009184900777309934,-0.06778172016385475,-0.331276515676449
2024-08-16,6,price_calendar,ridge,price_calendar_ridge,-0.00115409463771865,-0.012412570107211914,2011-01-07,2024-06-28,704,0.003,0.0,0.0,0.0,-0.0,-0.00115409463771865,-0.06778172016385475,-0.3320478406871811
2024-08-23,6,price_calendar,ridge,price_calendar_ridge,0.021702797169266486,-0.011721079733034972,2011-01-07,2024-06-28,704,0.003,0.0,0.0,0.0,0.0,0.021702797169266486,-0.06778172016385475,-0.3173929597136784
2024-08-30,6,price_calendar,ridge,price_calendar_ridge,0.010677180720008561,-0.007081803834763142,2011-01-07,2024-06-28,704,0.003,0.0,0.0,0.0,0.0,0.010677180720008561,-0.06778172016385475,-0.3100655927845287
2024-09-06,6,price_calendar,ridge,price_calendar_ridge,0.014979501367015313,-0.0040472905624349045,2011-01-07,2024-06-28,704,0.003,0.0,0.0,0.0,0.0,0.014979501367015313,-0.06778172016385475,-0.29965292581245107
2024-09-13,6,price_calendar,ridge,price_calendar_ridge,-0.02339940079131697,-0.0023699720359151625,2011-01-07,2024-06-28,704,0.003,0.0,0.0,0.0,-0.0,-0.02339940079131697,-0.06778172016385475,-0.31585038324981596
2024-09-20,6,price_calendar,ridge,price_calendar_ridge,0.02943843146598457,-0.001875320094396934,2011-01-07,2024-06-28,704,0.003,0.0,0.0,0.0,0.0,0.02943843146598457,-0.06778172016385475,-0.2954107118110263
2024-09-27,6,price_calendar,ridge,price_calendar_ridge,0.010887361589490663,-0.00562428019816728,2011-01-07,2024-06-28,704,0.003,0.0,0.0,0.0,0.0,0.010887361589490663,-0.06778172016385475,-0.28769768237651083
2024-10-04,7,price_calendar,ridge,price_calendar_ridge,-0.013079193454776483,-0.0040538064670743255,2011-01-07,2024-09-27,717,0.003,0.0,0.0,0.0,-0.0,-0.013079193454776483,-0.06778172016385475,-0.29695336183249044
2024-10-11,7,price_calendar,ridge,price_calendar_ridge,-0.036306675662896026,0.001518948134044526,2011-01-07,2024-09-27,717,0.003,0.0,0.0,0.0,-0.0,-0.036306675662896026,-0.06778172016385475,-0.3220208362204692
2024-10-18,7,price_calendar,ridge,price_calendar_ridge,0.021385123980925957,0.0063794181279177836,2011-01-07,2024-09-27,717,0.003,1.0,1.0,0.0005,0.020885123980925957,0.021385123980925957,-0.04810749159474115,-0.3073660288045684
2024-10-25,7,price_calendar,ridge,price_calendar_ridge,-0.0005568544602643222,-0.0007032284198337267,2011-01-07,2024-09-27,717,0.003,0.0,1.0,0.0005,-0.0005,-0.0005568544602643222,-0.04858331888220879,-0.3077516177523326
2024-11-01,7,price_calendar,ridge,price_calendar_ridge,0.029098884004898462,-0.0022529254182045,2011-01-07,2024-09-27,717,0.003,0.0,0.0,0.0,0.0,0.029098884004898462,-0.04858331888220879,-0.28731201987114485
2024-11-08,7,price_calendar,ridge,price_calendar_ridge,-0.022435953727171665,0.004724401018352137,2011-01-07,2024-09-27,717,0.003,1.0,1.0,0.0005,-0.022935953727171665,-0.022435953727171665,-0.0701566200117304,-0.30312381480314365
2024-11-15,7,price_calendar,ridge,price_calendar_ridge,0.0,0.002558499938506209,2011-01-07,2024-09-27,717,0.003,0.0,1.0,0.0005,-0.0005,0.0,-0.0706214254906713,-0.30312381480314365
2024-11-22,7,price_calendar,ridge,price_calendar_ridge,-0.01112971158101228,-0.0033122000240993527,2011-01-07,2024-09-27,717,0.003,0.0,0.0,0.0,-0.0,-0.01112971158101228,-0.0706214254906713,-0.31083684423765934
2024-11-29,7,price_calendar,ridge,price_calendar_ridge,0.01719872940108713,-0.0012577362477801893,2011-01-07,2024-09-27,717,0.003,0.0,0.0,0.0,0.0,0.01719872940108713,-0.0706214254906713,-0.2988816008017189
2024-12-06,7,price_calendar,ridge,price_calendar_ridge,0.004390782165744955,-0.006113524343271703,2011-01-07,2024-09-27,717,0.003,0.0,0.0,0.0,0.0,0.004390782165744955,-0.0706214254906713,-0.2957963743163925
2024-12-13,7,price_calendar,ridge,price_calendar_ridge,0.0,-0.0011023118242461764,2011-01-07,2024-09-27,717,0.003,0.0,0.0,0.0,0.0,0.0,-0.0706214254906713,-0.2957963743163925
2024-12-20,7,price_calendar,ridge,price_calendar_ridge,0.01683447122938375,0.0014653546839091397,2011-01-07,2024-09-27,717,0.003,0.0,0.0,0.0,0.0,0.01683447122938375,-0.0706214254906713,-0.28384113088045215
2024-12-27,7,price_calendar,ridge,price_calendar_ridge,-0.0026961049955143146,-0.0038436486668041265,2011-01-07,2024-09-27,717,0.003,0.0,0.0,0.0,-0.0,-0.0026961049955143146,-0.0706214254906713,-0.2857693698496807
2025-01-03,8,price_calendar,ridge,price_calendar_ridge,0.037620281860731186,0.003169885028950276,2011-01-07,2024-12-27,730,0.003,1.0,1.0,0.0005,0.037120281860731186,0.037620281860731186,-0.03547433154999713,-0.25838799398710743
2025-01-10,8,price_calendar,ridge,price_calendar_ridge,0.02007796111557436,0.00511731010818683,2011-01-07,2024-12-27,730,0.003,1.0,0.0,0.0,0.02007796111557436,0.02007796111557436,-0.015912903019733027,-0.24334745050823892
2025-01-17,8,price_calendar,ridge,price_calendar_ridge,0.007110206991211232,0.001174596440702251,2011-01-07,2024-12-27,730,0.003,0.0,1.0,0.0005,-0.0005,0.007110206991211232,-0.016404823577835237,-0.23794832254831777
2025-01-24,8,price_calendar,ridge,price_calendar_ridge,0.0015171019737820757,0.004881894045556666,2011-01-07,2024-12-27,730,0.003,1.0,1.0,0.0005,0.0010171019737820757,0.0015171019737820757,-0.015403898047115172,-0.23679133503221972
2025-01-31,8,price_calendar,ridge,price_calendar_ridge,0.009054307167279507,0.00036179169313305397,2011-01-07,2024-12-27,730,0.003,0.0,1.0,0.0005,-0.0005,0.009054307167279507,-0.015896073044088688,-0.2298496306084361
2025-02-07,8,price_calendar,ridge,price_calendar_ridge,0.01737449464791574,-0.0052034937002491425,2011-01-07,2024-12-27,730,0.003,0.0,0.0,0.0,0.0,0.01737449464791574,-0.015896073044088688,-0.21635173715103162
2025-02-14,8,price_calendar,ridge,price_calendar_ridge,-0.003944774580914245,-0.008826626837805813,2011-01-07,2024-12-27,730,0.003,0.0,0.0,0.0,-0.0,-0.003944774580914245,-0.015896073044088688,-0.21943696363635823
2025-02-21,8,price_calendar,ridge,price_calendar_ridge,-0.0595444295014711,-0.0046890384754488335,2011-01-07,2024-12-27,730,0.003,0.0,0.0,0.0,-0.0,-0.0595444295014711,-0.015896073044088688,-0.26455844695776054
2025-02-28,8,price_calendar,ridge,price_calendar_ridge,0.0,0.008455513830297282,2011-01-07,2024-12-27,730,0.003,1.0,1.0,0.0005,-0.0005,0.0,-0.016388002015075398,-0.26455844695776054
2025-03-07,8,price_calendar,ridge,price_calendar_ridge,-0.012665064992064767,-0.0017066971209418783,2011-01-07,2024-12-27,730,0.003,0.0,1.0,0.0005,-0.0005,-0.012665064992064767,-0.016879685083057483,-0.2738141264137405
2025-03-14,8,price_calendar,ridge,price_calendar_ridge,0.002651777649094189,-0.00622225153087358,2011-01-07,2024-12-27,730,0.003,0.0,0.0,0.0,0.0,0.002651777649094189,-0.016879685083057483,-0.2718858874445119
2025-03-21,8,price_calendar,ridge,price_calendar_ridge,-0.022496936786924326,0.0006452477985455338,2011-01-07,2024-12-27,730,0.003,0.0,0.0,0.0,-0.0,-0.022496936786924326,-0.016879685083057483,-0.2880833448818767
2025-03-28,8,price_calendar,ridge,price_calendar_ridge,0.01505408511722317,-0.004907513011707953,2011-01-07,2024-12-27,730,0.003,0.0,0.0,0.0,0.0,0.01505408511722317,-0.016879685083057483,-0.27728501540443296
2025-04-04,9,price_calendar,ridge,price_calendar_ridge,0.04384836860910912,-0.004185273255816029,2011-01-07,2025-03-28,743,0.003,0.0,0.0,0.0,0.0,0.04384836860910912,-0.016879685083057483,-0.24489010052970306
2025-04-11,9,price_calendar,ridge,price_calendar_ridge,0.0,0.0037246355686815003,2011-01-07,2025-03-28,743,0.003,1.0,1.0,0.0005,-0.0005,0.0,-0.017371122370955616,-0.24489010052970306
2025-04-18,9,price_calendar,ridge,price_calendar_ridge,-0.02116207216842536,0.0034930914969887373,2011-01-07,2025-03-28,743,0.003,1.0,0.0,0.0,-0.02116207216842536,-0.02116207216842536,-0.03794710252726119,-0.26070189546170197
2025-04-25,9,price_calendar,ridge,price_calendar_ridge,-0.01895794611669377,0.00674658832296368,2011-01-07,2025-03-28,743,0.003,1.0,0.0,0.0,-0.01895794611669377,-0.01895794611669377,-0.05601385416535665,-0.2745854514244723
2025-05-02,9,price_calendar,ridge,price_calendar_ridge,-0.030771642822881695,-0.001227310827887977,2011-01-07,2025-03-28,743,0.003,0.0,1.0,0.0005,-0.0005,-0.030771642822881695,-0.05648572925966966,-0.29656769932712435
2025-05-09,9,price_calendar,ridge,price_calendar_ridge,-0.016584085698091666,-0.008062750874546647,2011-01-07,2025-03-28,743,0.003,0.0,0.0,0.0,-0.0,-0.016584085698091666,-0.05648572925966966,-0.3081372802576988
2025-05-16,9,price_calendar,ridge,price_calendar_ridge,0.031818367535546344,-0.005250433101339444,2011-01-07,2025-03-28,743,0.003,0.0,0.0,0.0,0.0,0.031818367535546344,-0.05648572925966966,-0.2857693698496807
2025-05-23,9,price_calendar,ridge,price_calendar_ridge,-0.02183490700515245,7.784901206716677e-05,2011-01-07,2025-03-28,743,0.003,0.0,0.0,0.0,-0.0,-0.02183490700515245,-0.05648572925966966,-0.3011955022763134
2025-05-30,9,price_calendar,ridge,price_calendar_ridge,0.02721996999038989,0.000401299107749858,2011-01-07,2025-03-28,743,0.003,0.0,0.0,0.0,0.0,0.02721996999038989,-0.05648572925966966,-0.2819128183536219
2025-06-06,9,price_calendar,ridge,price_calendar_ridge,-0.012429311493620254,-0.00941062591388527,2011-01-07,2025-03-28,743,0.003,0.0,0.0,0.0,-0.0,-0.012429311493620254,-0.05648572925966966,-0.29078290886183733
2025-06-13,9,price_calendar,ridge,price_calendar_ridge,-0.002722530278641777,-0.011918190287724097,2011-01-07,2025-03-28,743,0.003,0.0,0.0,0.0,-0.0,-0.002722530278641777,-0.05648572925966966,-0.2927111478310658
2025-06-20,9,price_calendar,ridge,price_calendar_ridge,-0.03439056872108148,-0.013770128578839554,2011-01-07,2025-03-28,743,0.003,0.0,0.0,0.0,-0.0,-0.03439056872108148,-0.05648572925966966,-0.31662170826054803
2025-06-27,9,price_calendar,ridge,price_calendar_ridge,0.02452745834354264,-0.0043803784707146,2011-01-07,2025-03-28,743,0.003,0.0,0.0,0.0,0.0,0.02452745834354264,-0.05648572925966966,-0.29965292581245107
2025-07-04,10,price_calendar,ridge,price_calendar_ridge,-0.050250446105851054,-0.01716466727091026,2011-01-07,2025-06-27,756,0.003,0.0,0.0,0.0,-0.0,-0.050250446105851054,-0.05648572925966966,-0.3339760796564095
2025-07-11,10,price_calendar,ridge,price_calendar_ridge,0.030789148650300024,-0.003970588049379279,2011-01-07,2025-06-27,756,0.003,0.0,0.0,0.0,0.0,0.030789148650300024,-0.05648572925966966,-0.31315081926985533
2025-07-18,10,price_calendar,ridge,price_calendar_ridge,-0.018130791371108845,-0.003419197235363641,2011-01-07,2025-06-27,756,0.003,0.0,0.0,0.0,-0.0,-0.018130791371108845,-0.05648572925966966,-0.3254917252111619
2025-07-25,10,price_calendar,ridge,price_calendar_ridge,-0.018465596591241695,-0.004497528451971517,2011-01-07,2025-06-27,756,0.003,0.0,0.0,0.0,-0.0,-0.018465596591241695,-0.05648572925966966,-0.3378326311524682
2025-08-01,10,price_calendar,ridge,price_calendar_ridge,-0.007600104223529858,-0.004629550328310432,2011-01-07,2025-06-27,756,0.003,0.0,0.0,0.0,-0.0,-0.007600104223529858,-0.05648572925966966,-0.34284609660702303
2025-08-08,10,price_calendar,ridge,price_calendar_ridge,0.0029299309266903606,-0.003340540144265774,2011-01-07,2025-06-27,756,0.003,0.0,0.0,0.0,0.0,0.0029299309266903606,-0.05648572925966966,-0.3409178576377947
2025-08-15,10,price_calendar,ridge,price_calendar_ridge,0.012212951347196466,-0.011604453643527262,2011-01-07,2025-06-27,756,0.003,0.0,0.0,0.0,0.0,0.012212951347196466,-0.05648572925966966,-0.33281916569791314
2025-08-22,10,price_calendar,ridge,price_calendar_ridge,0.015486427426680383,0.00032267829621516174,2011-01-07,2025-06-27,756,0.003,0.0,0.0,0.0,0.0,0.015486427426680383,-0.05648572925966966,-0.32240649872583527
2025-08-29,10,price_calendar,ridge,price_calendar_ridge,-0.0022791467269858146,-0.002806501835706071,2011-01-07,2025-06-27,756,0.003,0.0,0.0,0.0,-0.0,-0.0022791467269858146,-0.05648572925966966,-0.32394907518969773
2025-09-05,10,price_calendar,ridge,price_calendar_ridge,0.020886953432670996,-0.005840849300071939,2011-01-07,2025-06-27,756,0.003,0.0,0.0,0.0,0.0,0.020886953432670996,-0.05648572925966966,-0.30967993027916274
2025-09-12,10,price_calendar,ridge,price_calendar_ridge,-0.008978727556137933,-0.006428289768729688,2011-01-07,2025-06-27,756,0.003,0.0,0.0,0.0,-0.0,-0.008978727556137933,-0.05648572925966966,-0.31585038324981596
2025-09-19,10,price_calendar,ridge,price_calendar_ridge,-0.006787295841789831,-0.005513749754012567,2011-01-07,2025-06-27,756,0.003,0.0,0.0,0.0,-0.0,-0.006787295841789831,-0.05648572925966966,-0.32047818619900514
2025-09-26,10,price_calendar,ridge,price_calendar_ridge,-0.0005677109701363037,-0.00450130344514129,2011-01-07,2025-06-27,756,0.003,0.0,0.0,0.0,-0.0,-0.0005677109701363037,-0.05648572925966966,-0.32086384870437124
2025-10-03,11,price_calendar,ridge,price_calendar_ridge,-0.017760499764301496,-0.004345570900665252,2011-01-07,2025-09-26,769,0.003,0.0,0.0,0.0,-0.0,-0.017760499764301496,-0.05648572925966966,-0.33281916569791314
2025-10-10,11,price_calendar,ridge,price_calendar_ridge,0.013777581737391742,-0.007312759558618527,2011-01-07,2025-09-26,769,0.003,0.0,0.0,0.0,0.0,0.013777581737391742,-0.05648572925966966,-0.32356341268433164
2025-10-17,11,price_calendar,ridge,price_calendar_ridge,0.004550628997046058,-0.006147781926250383,2011-01-07,2025-09-26,769,0.003,0.0,0.0,0.0,0.0,0.004550628997046058,-0.05648572925966966,-0.32047818619900514
2025-10-24,11,price_calendar,ridge,price_calendar_ridge,0.009601885003151178,-0.001033910348230239,2011-01-07,2025-09-26,769,0.003,0.0,0.0,0.0,0.0,0.009601885003151178,-0.05648572925966966,-0.31392207072298584
2025-10-31,11,price_calendar,ridge,price_calendar_ridge,-0.0011248852137382137,0.0005092533731740571,2011-01-07,2025-09-26,769,0.003,0.0,0.0,0.0,-0.0,-0.0011248852137382137,-0.05648572925966966,-0.3146933957337178
2025-11-07,11,price_calendar,ridge,price_calendar_ridge,0.0072890236085148,-0.0019357486525460057,2011-01-07,2025-09-26,769,0.003,0.0,0.0,0.0,0.0,0.0072890236085148,-0.05648572925966966,-0.30967993027916274
2025-11-14,11,price_calendar,ridge,price_calendar_ridge,-0.016901767817029345,-0.004550928621005505,2011-01-07,2025-09-26,769,0.003,0.0,0.0,0.0,-0.0,-0.016901767817029345,-0.05648572925966966,-0.3212495112097372
2025-11-21,11,price_calendar,ridge,price_calendar_ridge,0.020804738866287753,-0.0013598587170295614,2011-01-07,2025-09-26,769,0.003,0.0,0.0,0.0,0.0,0.020804738866287753,-0.05648572925966966,-0.30698036629920233
2025-11-28,11,price_calendar,ridge,price_calendar_ridge,-0.006700132988308738,-0.005918493540392494,2011-01-07,2025-09-26,769,0.003,0.0,0.0,0.0,-0.0,-0.006700132988308738,-0.05648572925966966,-0.3116081692483913
2025-12-05,11,price_calendar,ridge,price_calendar_ridge,-0.0056180136750763054,-0.0014430229824685449,2011-01-07,2025-09-26,769,0.003,0.0,0.0,0.0,-0.0,-0.0056180136750763054,-0.05648572925966966,-0.3154647207444501
2025-12-12,11,price_calendar,ridge,price_calendar_ridge,0.0022510372193500494,-0.0031188892804181407,2011-01-07,2025-09-26,769,0.003,0.0,0.0,0.0,0.0,0.0022510372193500494,-0.05648572925966966,-0.31392207072298584
2025-12-19,11,price_calendar,ridge,price_calendar_ridge,0.017275406206680444,-0.003560859385381865,2011-01-07,2025-09-26,769,0.003,0.0,0.0,0.0,0.0,0.017275406206680444,-0.05648572925966966,-0.3019668272870457
2025-12-26,11,price_calendar,ridge,price_calendar_ridge,-0.026310010540252282,-0.005926824335113637,2011-01-07,2025-09-26,769,0.003,0.0,0.0,0.0,-0.0,-0.026310010540252282,-0.05648572925966966,-0.3200925972512405
2026-01-02,12,price_calendar,ridge,price_calendar_ridge,0.014639914596512149,0.0075650990355874215,2011-01-07,2025-12-26,782,0.003,1.0,1.0,0.0005,0.014139914596512149,0.014639914596512149,-0.04304975011389789,-0.3100655927845287
2026-01-09,12,price_calendar,ridge,price_calendar_ridge,-0.040495929084172655,0.006464200045938833,2011-01-07,2025-12-26,782,0.003,1.0,0.0,0.0,-0.040495929084172655,-0.040495929084172655,-0.0810281640035121,-0.337446968647102
2026-01-16,12,price_calendar,ridge,price_calendar_ridge,0.013873041484489868,0.009324174927055078,2011-01-07,2025-12-26,782,0.003,1.0,0.0,0.0,0.013873041484489868,0.013873041484489868,-0.06819038598340632,-0.3281912891911223
2026-01-23,12,price_calendar,ridge,price_calendar_ridge,0.003438368235503919,0.0057445227128997385,2011-01-07,2025-12-26,782,0.003,1.0,0.0,0.0,0.003438368235503919,0.003438368235503919,-0.0649809669847774,-0.32587738771652763
2026-01-30,12,price_calendar,ridge,price_calendar_ridge,0.001143536889932406,0.006503188999707711,2011-01-07,2025-12-26,782,0.003,1.0,0.0,0.0,0.001143536889932406,0.001143536889932406,-0.06391112664337095,-0.3251060627057957
2026-02-06,12,price_calendar,ridge,price_calendar_ridge,0.008534880836821301,0.004052416925805634,2011-01-07,2025-12-26,782,0.003,1.0,0.0,0.0,0.008534880836821301,0.008534880836821301,-0.05588752813400388,-0.31932127224050866
2026-02-13,12,price_calendar,ridge,price_calendar_ridge,-0.001701093628666328,-0.0022872890947961523,2011-01-07,2025-12-26,782,0.003,0.0,1.0,0.0005,-0.0005,-0.001701093628666328,-0.056359466375544454,-0.32047818619900514
2026-02-20,12,price_calendar,ridge,price_calendar_ridge,0.015207195266091489,-0.005576571641599998,2011-01-07,2025-12-26,782,0.003,0.0,0.0,0.0,0.0,0.015207195266091489,-0.056359466375544454,-0.3100655927845287
2026-02-27,12,price_calendar,ridge,price_calendar_ridge,0.03460939053157874,-0.00417921316546032,2011-01-07,2025-12-26,782,0.003,0.0,0.0,0.0,0.0,0.03460939053157874,-0.056359466375544454,-0.2857693698496807
2026-03-06,12,price_calendar,ridge,price_calendar_ridge,0.008066707704783571,-0.0015553417146668342,2011-01-07,2025-12-26,782,0.003,0.0,0.0,0.0,0.0,0.008066707704783571,-0.056359466375544454,-0.27998457938439336
2026-03-13,12,price_calendar,ridge,price_calendar_ridge,0.006938867613939692,0.004755800012499007,2011-01-07,2025-12-26,782,0.003,1.0,1.0,0.0005,0.006438867613939692,0.006938867613939692,-0.050263886648657,-0.2749711139298383
2026-03-20,12,price_calendar,ridge,price_calendar_ridge,-0.011771099974565047,0.005145826583350604,2011-01-07,2025-12-26,782,0.003,1.0,0.0,0.0,-0.011771099974565047,-0.011771099974565047,-0.06137778565315144,-0.2834554683750862
2026-03-27,12,price_calendar,ridge,price_calendar_ridge,-0.02121370738946471,0.0019925601378150016,2011-01-07,2025-12-26,782,0.003,0.0,1.0,0.0005,-0.0005,-0.02121370738946471,-0.06184697945210027,-0.298495938296353
2026-04-03,13,price_calendar,ridge,price_calendar_ridge,-0.02448650596856261,0.0017151969108327137,2011-01-07,2026-03-27,795,0.003,0.0,0.0,0.0,-0.0,-0.02448650596856261,-0.06184697945210027,-0.3154647207444501
2026-04-10,13,price_calendar,ridge,price_calendar_ridge,0.011204641516453062,3.417265274215076e-05,2011-01-07,2026-03-27,795,0.003,0.0,0.0,0.0,0.0,0.011204641516453062,-0.06184697945210027,-0.3077516177523326
2026-04-17,13,price_calendar,ridge,price_calendar_ridge,0.01767023800752021,-0.0063101638939574356,2011-01-07,2026-03-27,795,0.003,0.0,0.0,0.0,0.0,0.01767023800752021,-0.06184697945210027,-0.2954107118110263
2026-04-24,13,price_calendar,ridge,price_calendar_ridge,0.03337225375719077,-0.004616310627878086,2011-01-07,2026-03-27,795,0.003,0.0,0.0,0.0,0.0,0.03337225375719077,-0.06184697945210027,-0.2715002249391456
2026-05-01,13,price_calendar,ridge,price_calendar_ridge,-0.01493354575146233,-0.0014319570809593052,2011-01-07,2026-03-27,795,0.003,0.0,0.0,0.0,-0.0,-0.01493354575146233,-0.06184697945210027,-0.2822984808589879
2026-05-08,13,price_calendar,ridge,price_calendar_ridge,-0.004308026097975759,-0.001392134634487803,2011-01-07,2026-03-27,795,0.003,0.0,0.0,0.0,-0.0,-0.004308026097975759,-0.06184697945210027,-0.2853837073443145
