week,fold,feature_set,estimator,model,target_log_return_next,target_abs_return_next,predicted_abs_return_next,high_vol_threshold,y_true_high_vol,y_pred_high_vol,train_start,train_end,n_train
2023-01-06,0,price_ai,hgb,price_ai_hgb,0.026637756991465977,0.026637756991465977,0.013209891435707102,0.02716175170834423,0,0,2011-01-07,2022-12-30,626
2023-01-13,0,price_ai,hgb,price_ai_hgb,-0.005271073667588055,0.005271073667588055,0.01254519335216476,0.02716175170834423,0,0,2011-01-07,2022-12-30,626
2023-01-20,0,price_ai,hgb,price_ai_hgb,0.0018857687565256853,0.0018857687565256853,0.012404031521378618,0.02716175170834423,0,0,2011-01-07,2022-12-30,626
2023-01-27,0,price_ai,hgb,price_ai_hgb,0.0015059870145548437,0.0015059870145548437,0.016940766396177743,0.02716175170834423,0,0,2011-01-07,2022-12-30,626
2023-02-03,0,price_ai,hgb,price_ai_hgb,0.0030052586123381353,0.0030052586123381353,0.01537773147117305,0.02716175170834423,0,0,2011-01-07,2022-12-30,626
2023-02-10,0,price_ai,hgb,price_ai_hgb,-0.0007504862659923894,0.0007504862659923894,0.019275158204407266,0.02716175170834423,0,0,2011-01-07,2022-12-30,626
2023-02-17,0,price_ai,hgb,price_ai_hgb,-0.03787026601642918,0.03787026601642918,0.015892183035740866,0.02716175170834423,1,0,2011-01-07,2022-12-30,626
2023-02-24,0,price_ai,hgb,price_ai_hgb,-0.011370403108148963,0.011370403108148963,0.020983200463528785,0.02716175170834423,0,0,2011-01-07,2022-12-30,626
2023-03-03,0,price_ai,hgb,price_ai_hgb,-0.031240052602529822,0.031240052602529822,0.022363086393496975,0.02716175170834423,1,0,2011-01-07,2022-12-30,626
2023-03-10,0,price_ai,hgb,price_ai_hgb,0.007700160947850421,0.007700160947850421,0.013842076123608235,0.02716175170834423,0,0,2011-01-07,2022-12-30,626
2023-03-17,0,price_ai,hgb,price_ai_hgb,0.004029029578285659,0.004029029578285659,0.021609567334982503,0.02716175170834423,0,0,2011-01-07,2022-12-30,626
2023-03-24,0,price_ai,hgb,price_ai_hgb,0.014371452949219155,0.014371452949219155,0.018612592118906937,0.02716175170834423,0,0,2011-01-07,2022-12-30,626
2023-03-31,0,price_ai,hgb,price_ai_hgb,-0.01961238679648769,0.01961238679648769,0.018455608132704204,0.02716175170834423,0,0,2011-01-07,2022-12-30,626
2023-04-07,1,price_ai,hgb,price_ai_hgb,0.014844839763751505,0.014844839763751505,0.01391094195749267,0.026793623512194917,0,0,2011-01-07,2023-03-31,639
2023-04-14,1,price_ai,hgb,price_ai_hgb,-0.028273319322776214,0.028273319322776214,0.014440644409965323,0.026793623512194917,1,0,2011-01-07,2023-03-31,639
2023-04-21,1,price_ai,hgb,price_ai_hgb,-0.043111958005261464,0.043111958005261464,0.019767557795480967,0.026793623512194917,1,0,2011-01-07,2023-03-31,639
2023-04-28,1,price_ai,hgb,price_ai_hgb,0.01696399998898457,0.01696399998898457,0.022499879976599486,0.026793623512194917,0,0,2011-01-07,2023-03-31,639
2023-05-05,1,price_ai,hgb,price_ai_hgb,-0.04471944188032584,0.04471944188032584,0.018384879320817626,0.026793623512194917,1,0,2011-01-07,2023-03-31,639
2023-05-12,1,price_ai,hgb,price_ai_hgb,-0.02088497643277787,0.02088497643277787,0.013939459724559037,0.026793623512194917,0,0,2011-01-07,2023-03-31,639
2023-05-19,1,price_ai,hgb,price_ai_hgb,0.058853344475394476,0.058853344475394476,0.020767287025074417,0.026793623512194917,1,0,2011-01-07,2023-03-31,639
2023-05-26,1,price_ai,hgb,price_ai_hgb,0.008851441609216248,0.008851441609216248,0.036242316966022994,0.026793623512194917,0,1,2011-01-07,2023-03-31,639
2023-06-02,1,price_ai,hgb,price_ai_hgb,-0.019492103447578124,0.019492103447578124,0.02732135339539111,0.026793623512194917,0,1,2011-01-07,2023-03-31,639
2023-06-09,1,price_ai,hgb,price_ai_hgb,0.1047184545507811,0.1047184545507811,0.03487211662242459,0.026793623512194917,1,1,2011-01-07,2023-03-31,639
2023-06-16,1,price_ai,hgb,price_ai_hgb,-0.01788542960351691,0.01788542960351691,0.025213388902366112,0.026793623512194917,0,0,2011-01-07,2023-03-31,639
2023-06-23,1,price_ai,hgb,price_ai_hgb,-0.1386444483967515,0.1386444483967515,0.009201333086911316,0.026793623512194917,1,0,2011-01-07,2023-03-31,639
2023-06-30,1,price_ai,hgb,price_ai_hgb,0.007184577115581181,0.007184577115581181,0.054666757377430465,0.026793623512194917,0,1,2011-01-07,2023-03-31,639
2023-07-07,2,price_ai,hgb,price_ai_hgb,0.035600307988796764,0.035600307988796764,0.046695943623252086,0.027287537081984097,1,1,2011-01-07,2023-06-30,652
2023-07-14,2,price_ai,hgb,price_ai_hgb,0.033959088920219926,0.033959088920219926,0.039066423321042036,0.027287537081984097,1,1,2011-01-07,2023-06-30,652
2023-07-21,2,price_ai,hgb,price_ai_hgb,-0.007540814899039461,0.007540814899039461,0.03155884560239647,0.027287537081984097,0,1,2011-01-07,2023-06-30,652
2023-07-28,2,price_ai,hgb,price_ai_hgb,-0.04471944188032584,0.04471944188032584,0.019951442771610442,0.027287537081984097,1,0,2011-01-07,2023-06-30,652
2023-08-04,2,price_ai,hgb,price_ai_hgb,-0.019987289785992512,0.019987289785992512,0.023266437413934617,0.027287537081984097,0,0,2011-01-07,2023-06-30,652
2023-08-11,2,price_ai,hgb,price_ai_hgb,0.010265635127240103,0.010265635127240103,0.020575081718981425,0.027287537081984097,0,0,2011-01-07,2023-06-30,652
2023-08-18,2,price_ai,hgb,price_ai_hgb,-0.010265635127240103,0.010265635127240103,0.02003679751651085,0.027287537081984097,0,0,2011-01-07,2023-06-30,652
2023-08-25,2,price_ai,hgb,price_ai_hgb,-0.004045865226357748,0.004045865226357748,0.02052469849201542,0.027287537081984097,0,0,2011-01-07,2023-06-30,652
2023-09-01,2,price_ai,hgb,price_ai_hgb,-0.0009013275636022833,0.0009013275636022833,0.014565107639454428,0.027287537081984097,0,0,2011-01-07,2023-06-30,652
2023-09-08,2,price_ai,hgb,price_ai_hgb,-0.009513140538532916,0.009513140538532916,0.014342776254853423,0.027287537081984097,0,0,2011-01-07,2023-06-30,652
2023-09-15,2,price_ai,hgb,price_ai_hgb,-0.0004552801920918448,0.0004552801920918448,0.020383379815135577,0.027287537081984097,0,0,2011-01-07,2023-06-30,652
2023-09-22,2,price_ai,hgb,price_ai_hgb,0.0027285771324261354,0.0027285771324261354,0.010723182660448251,0.027287537081984097,0,0,2011-01-07,2023-06-30,652
2023-09-29,2,price_ai,hgb,price_ai_hgb,0.03217432617415117,0.03217432617415117,0.016800573909066002,0.027287537081984097,1,0,2011-01-07,2023-06-30,652
2023-10-06,3,price_ai,hgb,price_ai_hgb,0.0026350242409121094,0.0026350242409121094,0.01365629232497828,0.027350429768804013,0,0,2011-01-07,2023-09-29,665
2023-10-13,3,price_ai,hgb,price_ai_hgb,0.0,0.0,0.017593742182865264,0.027350429768804013,0,0,2011-01-07,2023-09-29,665
2023-10-20,3,price_ai,hgb,price_ai_hgb,-0.023520000673689978,0.023520000673689978,0.027903739524537445,0.027350429768804013,0,1,2011-01-07,2023-09-29,665
2023-10-27,3,price_ai,hgb,price_ai_hgb,0.0017944826819555892,0.0017944826819555892,0.018042579012605395,0.027350429768804013,0,0,2011-01-07,2023-09-29,665
2023-11-03,3,price_ai,hgb,price_ai_hgb,-0.026341211304041767,0.026341211304041767,0.00959309596112044,0.027350429768804013,0,0,2011-01-07,2023-09-29,665
2023-11-10,3,price_ai,hgb,price_ai_hgb,0.015525433238654074,0.015525433238654074,0.010904225548148634,0.027350429768804013,0,0,2011-01-07,2023-09-29,665
2023-11-17,3,price_ai,hgb,price_ai_hgb,-0.0063636300953144875,0.0063636300953144875,0.020067414298268617,0.027350429768804013,0,0,2011-01-07,2023-09-29,665
2023-11-24,3,price_ai,hgb,price_ai_hgb,0.005003449478365063,0.005003449478365063,0.020225935267476992,0.027350429768804013,0,0,2011-01-07,2023-09-29,665
2023-12-01,3,price_ai,hgb,price_ai_hgb,0.005881001245468642,0.005881001245468642,0.01748059682250053,0.027350429768804013,0,0,2011-01-07,2023-09-29,665
2023-12-08,3,price_ai,hgb,price_ai_hgb,-0.008607098920432321,0.008607098920432321,0.013663003784999551,0.027350429768804013,0,0,2011-01-07,2023-09-29,665
2023-12-15,3,price_ai,hgb,price_ai_hgb,-0.016514077120584947,0.016514077120584947,0.013928855358960258,0.027350429768804013,0,0,2011-01-07,2023-09-29,665
2023-12-22,3,price_ai,hgb,price_ai_hgb,-0.0023154047756110963,0.0023154047756110963,0.01708644480942531,0.027350429768804013,0,0,2011-01-07,2023-09-29,665
2023-12-29,3,price_ai,hgb,price_ai_hgb,-0.01588819209985548,0.01588819209985548,0.013926187556484414,0.027350429768804013,0,0,2011-01-07,2023-09-29,665
2024-01-05,4,price_ai,hgb,price_ai_hgb,-0.029638829636343456,0.029638829636343456,0.013255933470126194,0.02661593887029116,1,0,2011-01-07,2023-12-29,678
2024-01-12,4,price_ai,hgb,price_ai_hgb,-0.009261608043951597,0.009261608043951597,0.010970675646541759,0.02661593887029116,0,0,2011-01-07,2023-12-29,678
2024-01-19,4,price_ai,hgb,price_ai_hgb,-0.0009799343220819878,0.0009799343220819878,0.0110294122536694,0.02661593887029116,0,0,2011-01-07,2023-12-29,678
2024-01-26,4,price_ai,hgb,price_ai_hgb,-0.0019626604903781875,0.0019626604903781875,0.020625838310399738,0.02661593887029116,0,0,2011-01-07,2023-12-29,678
2024-02-02,4,price_ai,hgb,price_ai_hgb,-0.02134607212321038,0.02134607212321038,0.011478923784421877,0.02661593887029116,0,0,2011-01-07,2023-12-29,678
2024-02-09,4,price_ai,hgb,price_ai_hgb,-0.024379040246952144,0.024379040246952144,0.012628611442120045,0.02661593887029116,0,0,2011-01-07,2023-12-29,678
2024-02-16,4,price_ai,hgb,price_ai_hgb,-0.028685207408120306,0.028685207408120306,0.015071145757541527,0.02661593887029116,1,0,2011-01-07,2023-12-29,678
2024-02-23,4,price_ai,hgb,price_ai_hgb,0.020943154498284322,0.020943154498284322,0.01795435444070319,0.02661593887029116,0,0,2011-01-07,2023-12-29,678
2024-03-01,4,price_ai,hgb,price_ai_hgb,0.034626693929015406,0.034626693929015406,0.021436406230119505,0.02661593887029116,1,0,2011-01-07,2023-12-29,678
2024-03-08,4,price_ai,hgb,price_ai_hgb,-0.001502568730861853,0.001502568730861853,0.018963527959024482,0.02661593887029116,0,0,2011-01-07,2023-12-29,678
2024-03-15,4,price_ai,hgb,price_ai_hgb,0.007490652465172332,0.007490652465172332,0.020429469793233682,0.02661593887029116,0,0,2011-01-07,2023-12-29,678
2024-03-22,4,price_ai,hgb,price_ai_hgb,0.003972196004524697,0.003972196004524697,0.02242337967462451,0.02661593887029116,0,0,2011-01-07,2023-12-29,678
2024-03-29,4,price_ai,hgb,price_ai_hgb,-0.01346991963592492,0.01346991963592492,0.018863034631793195,0.02661593887029116,0,0,2011-01-07,2023-12-29,678
2024-04-05,5,price_ai,hgb,price_ai_hgb,0.0005021455742464376,0.0005021455742464376,0.0108071705564032,0.02641957577971787,0,0,2011-01-07,2024-03-29,691
2024-04-12,5,price_ai,hgb,price_ai_hgb,-0.011105581514636143,0.011105581514636143,0.017908031729922703,0.02641957577971787,0,0,2011-01-07,2024-03-29,691
2024-04-19,5,price_ai,hgb,price_ai_hgb,0.01711164742982696,0.01711164742982696,0.017634417945767273,0.02641957577971787,0,0,2011-01-07,2024-03-29,691
2024-04-26,5,price_ai,hgb,price_ai_hgb,0.024156942575138896,0.024156942575138896,0.016588414003037615,0.02641957577971787,0,0,2011-01-07,2024-03-29,691
2024-05-03,5,price_ai,hgb,price_ai_hgb,0.014506987133386051,0.014506987133386051,0.0121020400210784,0.02641957577971787,0,0,2011-01-07,2024-03-29,691
2024-05-10,5,price_ai,hgb,price_ai_hgb,-0.025280902313195686,0.025280902313195686,0.0189057934779587,0.02641957577971787,0,0,2011-01-07,2024-03-29,691
2024-05-17,5,price_ai,hgb,price_ai_hgb,0.019986034955030263,0.019986034955030263,0.025451576765098738,0.02641957577971787,0,0,2011-01-07,2024-03-29,691
2024-05-24,5,price_ai,hgb,price_ai_hgb,-0.04037967169090617,0.04037967169090617,0.027789581961311625,0.02641957577971787,1,1,2011-01-07,2024-03-29,691
2024-05-31,5,price_ai,hgb,price_ai_hgb,0.002008078755808995,0.002008078755808995,0.013897179494532725,0.02641957577971787,0,0,2011-01-07,2024-03-29,691
2024-06-07,5,price_ai,hgb,price_ai_hgb,0.0,0.0,0.020693418899413403,0.02641957577971787,0,0,2011-01-07,2024-03-29,691
2024-06-14,5,price_ai,hgb,price_ai_hgb,-0.030552293402017927,0.030552293402017927,0.02282073548499609,0.02641957577971787,1,0,2011-01-07,2024-03-29,691
2024-06-21,5,price_ai,hgb,price_ai_hgb,-0.05472816839602368,0.05472816839602368,0.014870899441301513,0.02641957577971787,1,0,2011-01-07,2024-03-29,691
2024-06-28,5,price_ai,hgb,price_ai_hgb,0.006532458721493217,0.006532458721493217,0.022345586772432424,0.02641957577971787,0,0,2011-01-07,2024-03-29,691
2024-07-05,6,price_ai,hgb,price_ai_hgb,-0.013107766350386907,0.013107766350386907,0.017379594989393867,0.026349047751609376,0,0,2011-01-07,2024-06-28,704
2024-07-12,6,price_ai,hgb,price_ai_hgb,-0.019428886184991168,0.019428886184991168,0.016959471182161803,0.026349047751609376,0,0,2011-01-07,2024-06-28,704
2024-07-19,6,price_ai,hgb,price_ai_hgb,0.01003914187828503,0.01003914187828503,0.02693276775623655,0.026349047751609376,0,1,2011-01-07,2024-06-28,704
2024-07-26,6,price_ai,hgb,price_ai_hgb,-0.01003914187828503,0.01003914187828503,0.02367559631378674,0.026349047751609376,0,0,2011-01-07,2024-06-28,704
2024-08-02,6,price_ai,hgb,price_ai_hgb,-0.019242254775527545,0.019242254775527545,0.01995814972110549,0.026349047751609376,0,0,2011-01-07,2024-06-28,704
2024-08-09,6,price_ai,hgb,price_ai_hgb,-0.009184900777309934,0.009184900777309934,0.016987376953152323,0.026349047751609376,0,0,2011-01-07,2024-06-28,704
2024-08-16,6,price_ai,hgb,price_ai_hgb,-0.00115409463771865,0.00115409463771865,0.0188324226512295,0.026349047751609376,0,0,2011-01-07,2024-06-28,704
2024-08-23,6,price_ai,hgb,price_ai_hgb,0.021702797169266486,0.021702797169266486,0.02128660018027833,0.026349047751609376,0,0,2011-01-07,2024-06-28,704
2024-08-30,6,price_ai,hgb,price_ai_hgb,0.010677180720008561,0.010677180720008561,0.02388887046623581,0.026349047751609376,0,0,2011-01-07,2024-06-28,704
2024-09-06,6,price_ai,hgb,price_ai_hgb,0.014979501367015313,0.014979501367015313,0.011674422516722053,0.026349047751609376,0,0,2011-01-07,2024-06-28,704
2024-09-13,6,price_ai,hgb,price_ai_hgb,-0.02339940079131697,0.02339940079131697,0.01569158105128743,0.026349047751609376,0,0,2011-01-07,2024-06-28,704
2024-09-20,6,price_ai,hgb,price_ai_hgb,0.02943843146598457,0.02943843146598457,0.012763956520863935,0.026349047751609376,1,0,2011-01-07,2024-06-28,704
2024-09-27,6,price_ai,hgb,price_ai_hgb,0.010887361589490663,0.010887361589490663,0.026707673250835312,0.026349047751609376,0,1,2011-01-07,2024-06-28,704
2024-10-04,7,price_ai,hgb,price_ai_hgb,-0.013079193454776483,0.013079193454776483,0.020629778600946107,0.026080167655098307,0,0,2011-01-07,2024-09-27,717
2024-10-11,7,price_ai,hgb,price_ai_hgb,-0.036306675662896026,0.036306675662896026,0.015683046640567917,0.026080167655098307,1,0,2011-01-07,2024-09-27,717
2024-10-18,7,price_ai,hgb,price_ai_hgb,0.021385123980925957,0.021385123980925957,0.016565378898839783,0.026080167655098307,0,0,2011-01-07,2024-09-27,717
2024-10-25,7,price_ai,hgb,price_ai_hgb,-0.0005568544602643222,0.0005568544602643222,0.021908457387418347,0.026080167655098307,0,0,2011-01-07,2024-09-27,717
2024-11-01,7,price_ai,hgb,price_ai_hgb,0.029098884004898462,0.029098884004898462,0.017110396266261506,0.026080167655098307,1,0,2011-01-07,2024-09-27,717
2024-11-08,7,price_ai,hgb,price_ai_hgb,-0.022435953727171665,0.022435953727171665,0.01212814112768169,0.026080167655098307,0,0,2011-01-07,2024-09-27,717
2024-11-15,7,price_ai,hgb,price_ai_hgb,0.0,0.0,0.025918340828175873,0.026080167655098307,0,0,2011-01-07,2024-09-27,717
2024-11-22,7,price_ai,hgb,price_ai_hgb,-0.01112971158101228,0.01112971158101228,0.01661617066081322,0.026080167655098307,0,0,2011-01-07,2024-09-27,717
2024-11-29,7,price_ai,hgb,price_ai_hgb,0.01719872940108713,0.01719872940108713,0.01934006597267231,0.026080167655098307,0,0,2011-01-07,2024-09-27,717
2024-12-06,7,price_ai,hgb,price_ai_hgb,0.004390782165744955,0.004390782165744955,0.019676325499482564,0.026080167655098307,0,0,2011-01-07,2024-09-27,717
2024-12-13,7,price_ai,hgb,price_ai_hgb,0.0,0.0,0.012440643908188621,0.026080167655098307,0,0,2011-01-07,2024-09-27,717
2024-12-20,7,price_ai,hgb,price_ai_hgb,0.01683447122938375,0.01683447122938375,0.02134723674517377,0.026080167655098307,0,0,2011-01-07,2024-09-27,717
2024-12-27,7,price_ai,hgb,price_ai_hgb,-0.0026961049955143146,0.0026961049955143146,0.022248536711587406,0.026080167655098307,0,0,2011-01-07,2024-09-27,717
2025-01-03,8,price_ai,hgb,price_ai_hgb,0.037620281860731186,0.037620281860731186,0.015353259986301736,0.026019826505414078,1,0,2011-01-07,2024-12-27,730
2025-01-10,8,price_ai,hgb,price_ai_hgb,0.02007796111557436,0.02007796111557436,0.029385480655806304,0.026019826505414078,0,1,2011-01-07,2024-12-27,730
2025-01-17,8,price_ai,hgb,price_ai_hgb,0.007110206991211232,0.007110206991211232,0.0305334981833413,0.026019826505414078,0,1,2011-01-07,2024-12-27,730
2025-01-24,8,price_ai,hgb,price_ai_hgb,0.0015171019737820757,0.0015171019737820757,0.0411704439184002,0.026019826505414078,0,1,2011-01-07,2024-12-27,730
2025-01-31,8,price_ai,hgb,price_ai_hgb,0.009054307167279507,0.009054307167279507,0.01520128536246206,0.026019826505414078,0,0,2011-01-07,2024-12-27,730
2025-02-07,8,price_ai,hgb,price_ai_hgb,0.01737449464791574,0.01737449464791574,0.019458203085740644,0.026019826505414078,0,0,2011-01-07,2024-12-27,730
2025-02-14,8,price_ai,hgb,price_ai_hgb,-0.003944774580914245,0.003944774580914245,0.021577751966586504,0.026019826505414078,0,0,2011-01-07,2024-12-27,730
2025-02-21,8,price_ai,hgb,price_ai_hgb,-0.0595444295014711,0.0595444295014711,0.013226549722177091,0.026019826505414078,1,0,2011-01-07,2024-12-27,730
2025-02-28,8,price_ai,hgb,price_ai_hgb,0.0,0.0,0.0389052323391176,0.026019826505414078,0,1,2011-01-07,2024-12-27,730
2025-03-07,8,price_ai,hgb,price_ai_hgb,-0.012665064992064767,0.012665064992064767,0.027174814962573002,0.026019826505414078,0,1,2011-01-07,2024-12-27,730
2025-03-14,8,price_ai,hgb,price_ai_hgb,0.002651777649094189,0.002651777649094189,0.02441979023711022,0.026019826505414078,0,0,2011-01-07,2024-12-27,730
2025-03-21,8,price_ai,hgb,price_ai_hgb,-0.022496936786924326,0.022496936786924326,0.02258654086227775,0.026019826505414078,0,0,2011-01-07,2024-12-27,730
2025-03-28,8,price_ai,hgb,price_ai_hgb,0.01505408511722317,0.01505408511722317,0.027926238270919918,0.026019826505414078,0,1,2011-01-07,2024-12-27,730
2025-04-04,9,price_ai,hgb,price_ai_hgb,0.04384836860910912,0.04384836860910912,0.018985149051974383,0.025885769953424464,1,0,2011-01-07,2025-03-28,743
2025-04-11,9,price_ai,hgb,price_ai_hgb,0.0,0.0,0.023272980029799675,0.025885769953424464,0,0,2011-01-07,2025-03-28,743
2025-04-18,9,price_ai,hgb,price_ai_hgb,-0.02116207216842536,0.02116207216842536,0.019923257414610256,0.025885769953424464,0,0,2011-01-07,2025-03-28,743
2025-04-25,9,price_ai,hgb,price_ai_hgb,-0.01895794611669377,0.01895794611669377,0.035153703586078736,0.025885769953424464,0,1,2011-01-07,2025-03-28,743
2025-05-02,9,price_ai,hgb,price_ai_hgb,-0.030771642822881695,0.030771642822881695,0.015154104016525264,0.025885769953424464,1,0,2011-01-07,2025-03-28,743
2025-05-09,9,price_ai,hgb,price_ai_hgb,-0.016584085698091666,0.016584085698091666,0.016618097500904466,0.025885769953424464,0,0,2011-01-07,2025-03-28,743
2025-05-16,9,price_ai,hgb,price_ai_hgb,0.031818367535546344,0.031818367535546344,0.01946205500053618,0.025885769953424464,1,0,2011-01-07,2025-03-28,743
2025-05-23,9,price_ai,hgb,price_ai_hgb,-0.02183490700515245,0.02183490700515245,0.01041360758128613,0.025885769953424464,0,0,2011-01-07,2025-03-28,743
2025-05-30,9,price_ai,hgb,price_ai_hgb,0.02721996999038989,0.02721996999038989,0.018097570983052327,0.025885769953424464,1,0,2011-01-07,2025-03-28,743
2025-06-06,9,price_ai,hgb,price_ai_hgb,-0.012429311493620254,0.012429311493620254,0.014217162297705284,0.025885769953424464,0,0,2011-01-07,2025-03-28,743
2025-06-13,9,price_ai,hgb,price_ai_hgb,-0.002722530278641777,0.002722530278641777,0.015909560328595227,0.025885769953424464,0,0,2011-01-07,2025-03-28,743
2025-06-20,9,price_ai,hgb,price_ai_hgb,-0.03439056872108148,0.03439056872108148,0.024404365122213702,0.025885769953424464,1,0,2011-01-07,2025-03-28,743
2025-06-27,9,price_ai,hgb,price_ai_hgb,0.02452745834354264,0.02452745834354264,0.020150183008064305,0.025885769953424464,0,0,2011-01-07,2025-03-28,743
2025-07-04,10,price_ai,hgb,price_ai_hgb,-0.050250446105851054,0.050250446105851054,0.022140092410256898,0.025967964345029904,1,0,2011-01-07,2025-06-27,756
2025-07-11,10,price_ai,hgb,price_ai_hgb,0.030789148650300024,0.030789148650300024,0.023114624726108292,0.025967964345029904,1,0,2011-01-07,2025-06-27,756
2025-07-18,10,price_ai,hgb,price_ai_hgb,-0.018130791371108845,0.018130791371108845,0.030077128507575403,0.025967964345029904,0,1,2011-01-07,2025-06-27,756
2025-07-25,10,price_ai,hgb,price_ai_hgb,-0.018465596591241695,0.018465596591241695,0.03202230545137253,0.025967964345029904,0,1,2011-01-07,2025-06-27,756
2025-08-01,10,price_ai,hgb,price_ai_hgb,-0.007600104223529858,0.007600104223529858,0.014906434268960518,0.025967964345029904,0,0,2011-01-07,2025-06-27,756
2025-08-08,10,price_ai,hgb,price_ai_hgb,0.0029299309266903606,0.0029299309266903606,0.022246865681424668,0.025967964345029904,0,0,2011-01-07,2025-06-27,756
2025-08-15,10,price_ai,hgb,price_ai_hgb,0.012212951347196466,0.012212951347196466,0.021697467464350556,0.025967964345029904,0,0,2011-01-07,2025-06-27,756
2025-08-22,10,price_ai,hgb,price_ai_hgb,0.015486427426680383,0.015486427426680383,0.019058733578838735,0.025967964345029904,0,0,2011-01-07,2025-06-27,756
2025-08-29,10,price_ai,hgb,price_ai_hgb,-0.0022791467269858146,0.0022791467269858146,0.017337191377644428,0.025967964345029904,0,0,2011-01-07,2025-06-27,756
2025-09-05,10,price_ai,hgb,price_ai_hgb,0.020886953432670996,0.020886953432670996,0.016905772484427158,0.025967964345029904,0,0,2011-01-07,2025-06-27,756
2025-09-12,10,price_ai,hgb,price_ai_hgb,-0.008978727556137933,0.008978727556137933,0.031512195113206874,0.025967964345029904,0,1,2011-01-07,2025-06-27,756
2025-09-19,10,price_ai,hgb,price_ai_hgb,-0.006787295841789831,0.006787295841789831,0.012986589507269011,0.025967964345029904,0,0,2011-01-07,2025-06-27,756
2025-09-26,10,price_ai,hgb,price_ai_hgb,-0.0005677109701363037,0.0005677109701363037,0.01331619651406126,0.025967964345029904,0,0,2011-01-07,2025-06-27,756
2025-10-03,11,price_ai,hgb,price_ai_hgb,-0.017760499764301496,0.017760499764301496,0.011804275718995939,0.025811610899004644,0,0,2011-01-07,2025-09-26,769
2025-10-10,11,price_ai,hgb,price_ai_hgb,0.013777581737391742,0.013777581737391742,0.012283233940109387,0.025811610899004644,0,0,2011-01-07,2025-09-26,769
2025-10-17,11,price_ai,hgb,price_ai_hgb,0.004550628997046058,0.004550628997046058,0.016826271242978204,0.025811610899004644,0,0,2011-01-07,2025-09-26,769
2025-10-24,11,price_ai,hgb,price_ai_hgb,0.009601885003151178,0.009601885003151178,0.014152127509473795,0.025811610899004644,0,0,2011-01-07,2025-09-26,769
2025-10-31,11,price_ai,hgb,price_ai_hgb,-0.0011248852137382137,0.0011248852137382137,0.010899252443304426,0.025811610899004644,0,0,2011-01-07,2025-09-26,769
2025-11-07,11,price_ai,hgb,price_ai_hgb,0.0072890236085148,0.0072890236085148,0.01289677555948198,0.025811610899004644,0,0,2011-01-07,2025-09-26,769
2025-11-14,11,price_ai,hgb,price_ai_hgb,-0.016901767817029345,0.016901767817029345,0.012049442867762066,0.025811610899004644,0,0,2011-01-07,2025-09-26,769
2025-11-21,11,price_ai,hgb,price_ai_hgb,0.020804738866287753,0.020804738866287753,0.014317956022813999,0.025811610899004644,0,0,2011-01-07,2025-09-26,769
2025-11-28,11,price_ai,hgb,price_ai_hgb,-0.006700132988308738,0.006700132988308738,0.017138484829532494,0.025811610899004644,0,0,2011-01-07,2025-09-26,769
2025-12-05,11,price_ai,hgb,price_ai_hgb,-0.0056180136750763054,0.0056180136750763054,0.020939884526808828,0.025811610899004644,0,0,2011-01-07,2025-09-26,769
2025-12-12,11,price_ai,hgb,price_ai_hgb,0.0022510372193500494,0.0022510372193500494,0.0146429853154156,0.025811610899004644,0,0,2011-01-07,2025-09-26,769
2025-12-19,11,price_ai,hgb,price_ai_hgb,0.017275406206680444,0.017275406206680444,0.01109218140661784,0.025811610899004644,0,0,2011-01-07,2025-09-26,769
2025-12-26,11,price_ai,hgb,price_ai_hgb,-0.026310010540252282,0.026310010540252282,0.014028452555717675,0.025811610899004644,1,0,2011-01-07,2025-09-26,769
2026-01-02,12,price_ai,hgb,price_ai_hgb,0.014639914596512149,0.014639914596512149,0.016344270425683784,0.025555294108124734,0,0,2011-01-07,2025-12-26,782
2026-01-09,12,price_ai,hgb,price_ai_hgb,-0.040495929084172655,0.040495929084172655,0.014770845416504445,0.025555294108124734,1,0,2011-01-07,2025-12-26,782
2026-01-16,12,price_ai,hgb,price_ai_hgb,0.013873041484489868,0.013873041484489868,0.020893268680063536,0.025555294108124734,0,0,2011-01-07,2025-12-26,782
2026-01-23,12,price_ai,hgb,price_ai_hgb,0.003438368235503919,0.003438368235503919,0.015920826151769887,0.025555294108124734,0,0,2011-01-07,2025-12-26,782
2026-01-30,12,price_ai,hgb,price_ai_hgb,0.001143536889932406,0.001143536889932406,0.01897471096282298,0.025555294108124734,0,0,2011-01-07,2025-12-26,782
2026-02-06,12,price_ai,hgb,price_ai_hgb,0.008534880836821301,0.008534880836821301,0.025662328244361383,0.025555294108124734,0,1,2011-01-07,2025-12-26,782
2026-02-13,12,price_ai,hgb,price_ai_hgb,-0.001701093628666328,0.001701093628666328,0.01407122421120747,0.025555294108124734,0,0,2011-01-07,2025-12-26,782
2026-02-20,12,price_ai,hgb,price_ai_hgb,0.015207195266091489,0.015207195266091489,0.018481597224345846,0.025555294108124734,0,0,2011-01-07,2025-12-26,782
2026-02-27,12,price_ai,hgb,price_ai_hgb,0.03460939053157874,0.03460939053157874,0.018383601223895242,0.025555294108124734,1,0,2011-01-07,2025-12-26,782
2026-03-06,12,price_ai,hgb,price_ai_hgb,0.008066707704783571,0.008066707704783571,0.011163236027815505,0.025555294108124734,0,0,2011-01-07,2025-12-26,782
2026-03-13,12,price_ai,hgb,price_ai_hgb,0.006938867613939692,0.006938867613939692,0.02634431837954044,0.025555294108124734,0,1,2011-01-07,2025-12-26,782
2026-03-20,12,price_ai,hgb,price_ai_hgb,-0.011771099974565047,0.011771099974565047,0.01623992355686606,0.025555294108124734,0,0,2011-01-07,2025-12-26,782
2026-03-27,12,price_ai,hgb,price_ai_hgb,-0.02121370738946471,0.02121370738946471,0.02853488228725493,0.025555294108124734,0,1,2011-01-07,2025-12-26,782
2026-04-03,13,price_ai,hgb,price_ai_hgb,-0.02448650596856261,0.02448650596856261,0.014552275170359223,0.025394470563627976,0,0,2011-01-07,2026-03-27,795
2026-04-10,13,price_ai,hgb,price_ai_hgb,0.011204641516453062,0.011204641516453062,0.016764527679293224,0.025394470563627976,0,0,2011-01-07,2026-03-27,795
2026-04-17,13,price_ai,hgb,price_ai_hgb,0.01767023800752021,0.01767023800752021,0.017109827541441344,0.025394470563627976,0,0,2011-01-07,2026-03-27,795
2026-04-24,13,price_ai,hgb,price_ai_hgb,0.03337225375719077,0.03337225375719077,0.018317446005197455,0.025394470563627976,1,0,2011-01-07,2026-03-27,795
2026-05-01,13,price_ai,hgb,price_ai_hgb,-0.014933545751462773,0.014933545751462773,0.012172995970128485,0.025394470563627976,0,0,2011-01-07,2026-03-27,795
2026-05-08,13,price_ai,hgb,price_ai_hgb,-0.004308026097975315,0.004308026097975315,0.017102425108866795,0.025394470563627976,0,0,2011-01-07,2026-03-27,795
2023-01-06,0,price_ai,ridge,price_ai_ridge,0.026637756991465977,0.026637756991465977,0.019978275362819455,0.02716175170834423,0,0,2011-01-07,2022-12-30,626
2023-01-13,0,price_ai,ridge,price_ai_ridge,-0.005271073667588055,0.005271073667588055,0.020198923659200865,0.02716175170834423,0,0,2011-01-07,2022-12-30,626
2023-01-20,0,price_ai,ridge,price_ai_ridge,0.0018857687565256853,0.0018857687565256853,0.020154506230997498,0.02716175170834423,0,0,2011-01-07,2022-12-30,626
2023-01-27,0,price_ai,ridge,price_ai_ridge,0.0015059870145548437,0.0015059870145548437,0.016477632519815193,0.02716175170834423,0,0,2011-01-07,2022-12-30,626
2023-02-03,0,price_ai,ridge,price_ai_ridge,0.0030052586123381353,0.0030052586123381353,0.018854418855769283,0.02716175170834423,0,0,2011-01-07,2022-12-30,626
2023-02-10,0,price_ai,ridge,price_ai_ridge,-0.0007504862659923894,0.0007504862659923894,0.012846476561024424,0.02716175170834423,0,0,2011-01-07,2022-12-30,626
2023-02-17,0,price_ai,ridge,price_ai_ridge,-0.03787026601642918,0.03787026601642918,0.013701922312559853,0.02716175170834423,1,0,2011-01-07,2022-12-30,626
2023-02-24,0,price_ai,ridge,price_ai_ridge,-0.011370403108148963,0.011370403108148963,0.019760691390460623,0.02716175170834423,0,0,2011-01-07,2022-12-30,626
2023-03-03,0,price_ai,ridge,price_ai_ridge,-0.031240052602529822,0.031240052602529822,0.018224346726080566,0.02716175170834423,1,0,2011-01-07,2022-12-30,626
2023-03-10,0,price_ai,ridge,price_ai_ridge,0.007700160947850421,0.007700160947850421,0.01922946063008725,0.02716175170834423,0,0,2011-01-07,2022-12-30,626
2023-03-17,0,price_ai,ridge,price_ai_ridge,0.004029029578285659,0.004029029578285659,0.01794635308368804,0.02716175170834423,0,0,2011-01-07,2022-12-30,626
2023-03-24,0,price_ai,ridge,price_ai_ridge,0.014371452949219155,0.014371452949219155,0.01731683905816932,0.02716175170834423,0,0,2011-01-07,2022-12-30,626
2023-03-31,0,price_ai,ridge,price_ai_ridge,-0.01961238679648769,0.01961238679648769,0.016070203353168923,0.02716175170834423,0,0,2011-01-07,2022-12-30,626
2023-04-07,1,price_ai,ridge,price_ai_ridge,0.014844839763751505,0.014844839763751505,0.01563221933515455,0.026793623512194917,0,0,2011-01-07,2023-03-31,639
2023-04-14,1,price_ai,ridge,price_ai_ridge,-0.028273319322776214,0.028273319322776214,0.016301163630034768,0.026793623512194917,1,0,2011-01-07,2023-03-31,639
2023-04-21,1,price_ai,ridge,price_ai_ridge,-0.043111958005261464,0.043111958005261464,0.01897710620748771,0.026793623512194917,1,0,2011-01-07,2023-03-31,639
2023-04-28,1,price_ai,ridge,price_ai_ridge,0.01696399998898457,0.01696399998898457,0.019947998233021125,0.026793623512194917,0,0,2011-01-07,2023-03-31,639
2023-05-05,1,price_ai,ridge,price_ai_ridge,-0.04471944188032584,0.04471944188032584,0.020197530892023058,0.026793623512194917,1,0,2011-01-07,2023-03-31,639
2023-05-12,1,price_ai,ridge,price_ai_ridge,-0.02088497643277787,0.02088497643277787,0.020872356266050867,0.026793623512194917,0,0,2011-01-07,2023-03-31,639
2023-05-19,1,price_ai,ridge,price_ai_ridge,0.058853344475394476,0.058853344475394476,0.019106439845837764,0.026793623512194917,1,0,2011-01-07,2023-03-31,639
2023-05-26,1,price_ai,ridge,price_ai_ridge,0.008851441609216248,0.008851441609216248,0.02286144130636405,0.026793623512194917,0,0,2011-01-07,2023-03-31,639
2023-06-02,1,price_ai,ridge,price_ai_ridge,-0.019492103447578124,0.019492103447578124,0.025951373680144066,0.026793623512194917,0,0,2011-01-07,2023-03-31,639
2023-06-09,1,price_ai,ridge,price_ai_ridge,0.1047184545507811,0.1047184545507811,0.02749526814286913,0.026793623512194917,1,1,2011-01-07,2023-03-31,639
2023-06-16,1,price_ai,ridge,price_ai_ridge,-0.01788542960351691,0.01788542960351691,0.033639065132125466,0.026793623512194917,0,1,2011-01-07,2023-03-31,639
2023-06-23,1,price_ai,ridge,price_ai_ridge,-0.1386444483967515,0.1386444483967515,0.036933448002430494,0.026793623512194917,1,1,2011-01-07,2023-03-31,639
2023-06-30,1,price_ai,ridge,price_ai_ridge,0.007184577115581181,0.007184577115581181,0.04813105952323933,0.026793623512194917,0,1,2011-01-07,2023-03-31,639
2023-07-07,2,price_ai,ridge,price_ai_ridge,0.035600307988796764,0.035600307988796764,0.043087473585033,0.027287537081984097,1,1,2011-01-07,2023-06-30,652
2023-07-14,2,price_ai,ridge,price_ai_ridge,0.033959088920219926,0.033959088920219926,0.03486711013698242,0.027287537081984097,1,1,2011-01-07,2023-06-30,652
2023-07-21,2,price_ai,ridge,price_ai_ridge,-0.007540814899039461,0.007540814899039461,0.04356821888698589,0.027287537081984097,0,1,2011-01-07,2023-06-30,652
2023-07-28,2,price_ai,ridge,price_ai_ridge,-0.04471944188032584,0.04471944188032584,0.03271529662178874,0.027287537081984097,1,1,2011-01-07,2023-06-30,652
2023-08-04,2,price_ai,ridge,price_ai_ridge,-0.019987289785992512,0.019987289785992512,0.033166071002232594,0.027287537081984097,0,1,2011-01-07,2023-06-30,652
2023-08-11,2,price_ai,ridge,price_ai_ridge,0.010265635127240103,0.010265635127240103,0.0316663982846446,0.027287537081984097,0,1,2011-01-07,2023-06-30,652
2023-08-18,2,price_ai,ridge,price_ai_ridge,-0.010265635127240103,0.010265635127240103,0.02451683398374474,0.027287537081984097,0,0,2011-01-07,2023-06-30,652
2023-08-25,2,price_ai,ridge,price_ai_ridge,-0.004045865226357748,0.004045865226357748,0.026180537750721412,0.027287537081984097,0,0,2011-01-07,2023-06-30,652
2023-09-01,2,price_ai,ridge,price_ai_ridge,-0.0009013275636022833,0.0009013275636022833,0.023686179905591746,0.027287537081984097,0,0,2011-01-07,2023-06-30,652
2023-09-08,2,price_ai,ridge,price_ai_ridge,-0.009513140538532916,0.009513140538532916,0.022719828642664534,0.027287537081984097,0,0,2011-01-07,2023-06-30,652
2023-09-15,2,price_ai,ridge,price_ai_ridge,-0.0004552801920918448,0.0004552801920918448,0.018346672071919826,0.027287537081984097,0,0,2011-01-07,2023-06-30,652
2023-09-22,2,price_ai,ridge,price_ai_ridge,0.0027285771324261354,0.0027285771324261354,0.014761756547603014,0.027287537081984097,0,0,2011-01-07,2023-06-30,652
2023-09-29,2,price_ai,ridge,price_ai_ridge,0.03217432617415117,0.03217432617415117,0.018176202700224922,0.027287537081984097,1,0,2011-01-07,2023-06-30,652
2023-10-06,3,price_ai,ridge,price_ai_ridge,0.0026350242409121094,0.0026350242409121094,0.021772662300160076,0.027350429768804013,0,0,2011-01-07,2023-09-29,665
2023-10-13,3,price_ai,ridge,price_ai_ridge,0.0,0.0,0.019935808049666142,0.027350429768804013,0,0,2011-01-07,2023-09-29,665
2023-10-20,3,price_ai,ridge,price_ai_ridge,-0.023520000673689978,0.023520000673689978,0.020228941573621186,0.027350429768804013,0,0,2011-01-07,2023-09-29,665
2023-10-27,3,price_ai,ridge,price_ai_ridge,0.0017944826819555892,0.0017944826819555892,0.021397535087027877,0.027350429768804013,0,0,2011-01-07,2023-09-29,665
2023-11-03,3,price_ai,ridge,price_ai_ridge,-0.026341211304041767,0.026341211304041767,0.014505052384636424,0.027350429768804013,0,0,2011-01-07,2023-09-29,665
2023-11-10,3,price_ai,ridge,price_ai_ridge,0.015525433238654074,0.015525433238654074,0.017075092305745453,0.027350429768804013,0,0,2011-01-07,2023-09-29,665
2023-11-17,3,price_ai,ridge,price_ai_ridge,-0.0063636300953144875,0.0063636300953144875,0.01614918632031487,0.027350429768804013,0,0,2011-01-07,2023-09-29,665
2023-11-24,3,price_ai,ridge,price_ai_ridge,0.005003449478365063,0.005003449478365063,0.013095205684075056,0.027350429768804013,0,0,2011-01-07,2023-09-29,665
2023-12-01,3,price_ai,ridge,price_ai_ridge,0.005881001245468642,0.005881001245468642,0.017037259645705686,0.027350429768804013,0,0,2011-01-07,2023-09-29,665
2023-12-08,3,price_ai,ridge,price_ai_ridge,-0.008607098920432321,0.008607098920432321,0.01769048266233163,0.027350429768804013,0,0,2011-01-07,2023-09-29,665
2023-12-15,3,price_ai,ridge,price_ai_ridge,-0.016514077120584947,0.016514077120584947,0.014801935134909587,0.027350429768804013,0,0,2011-01-07,2023-09-29,665
2023-12-22,3,price_ai,ridge,price_ai_ridge,-0.0023154047756110963,0.0023154047756110963,0.01974769454738436,0.027350429768804013,0,0,2011-01-07,2023-09-29,665
2023-12-29,3,price_ai,ridge,price_ai_ridge,-0.01588819209985548,0.01588819209985548,0.014160360911838973,0.027350429768804013,0,0,2011-01-07,2023-09-29,665
2024-01-05,4,price_ai,ridge,price_ai_ridge,-0.029638829636343456,0.029638829636343456,0.011564748307934357,0.02661593887029116,1,0,2011-01-07,2023-12-29,678
2024-01-12,4,price_ai,ridge,price_ai_ridge,-0.009261608043951597,0.009261608043951597,0.014510432368453563,0.02661593887029116,0,0,2011-01-07,2023-12-29,678
2024-01-19,4,price_ai,ridge,price_ai_ridge,-0.0009799343220819878,0.0009799343220819878,0.01257741743690071,0.02661593887029116,0,0,2011-01-07,2023-12-29,678
2024-01-26,4,price_ai,ridge,price_ai_ridge,-0.0019626604903781875,0.0019626604903781875,0.017357442466430208,0.02661593887029116,0,0,2011-01-07,2023-12-29,678
2024-02-02,4,price_ai,ridge,price_ai_ridge,-0.02134607212321038,0.02134607212321038,0.01612462810318956,0.02661593887029116,0,0,2011-01-07,2023-12-29,678
2024-02-09,4,price_ai,ridge,price_ai_ridge,-0.024379040246952144,0.024379040246952144,0.014504300299620146,0.02661593887029116,0,0,2011-01-07,2023-12-29,678
2024-02-16,4,price_ai,ridge,price_ai_ridge,-0.028685207408120306,0.028685207408120306,0.015406250883438792,0.02661593887029116,1,0,2011-01-07,2023-12-29,678
2024-02-23,4,price_ai,ridge,price_ai_ridge,0.020943154498284322,0.020943154498284322,0.011467231277839244,0.02661593887029116,0,0,2011-01-07,2023-12-29,678
2024-03-01,4,price_ai,ridge,price_ai_ridge,0.034626693929015406,0.034626693929015406,0.017218762734187314,0.02661593887029116,1,0,2011-01-07,2023-12-29,678
2024-03-08,4,price_ai,ridge,price_ai_ridge,-0.001502568730861853,0.001502568730861853,0.023558131035941007,0.02661593887029116,0,0,2011-01-07,2023-12-29,678
2024-03-15,4,price_ai,ridge,price_ai_ridge,0.007490652465172332,0.007490652465172332,0.024046248058023564,0.02661593887029116,0,0,2011-01-07,2023-12-29,678
2024-03-22,4,price_ai,ridge,price_ai_ridge,0.003972196004524697,0.003972196004524697,0.0205352291752534,0.02661593887029116,0,0,2011-01-07,2023-12-29,678
2024-03-29,4,price_ai,ridge,price_ai_ridge,-0.01346991963592492,0.01346991963592492,0.018963357573258482,0.02661593887029116,0,0,2011-01-07,2023-12-29,678
2024-04-05,5,price_ai,ridge,price_ai_ridge,0.0005021455742464376,0.0005021455742464376,0.01591226529362743,0.02641957577971787,0,0,2011-01-07,2024-03-29,691
2024-04-12,5,price_ai,ridge,price_ai_ridge,-0.011105581514636143,0.011105581514636143,0.015873833839921164,0.02641957577971787,0,0,2011-01-07,2024-03-29,691
2024-04-19,5,price_ai,ridge,price_ai_ridge,0.01711164742982696,0.01711164742982696,0.01587540535249047,0.02641957577971787,0,0,2011-01-07,2024-03-29,691
2024-04-26,5,price_ai,ridge,price_ai_ridge,0.024156942575138896,0.024156942575138896,0.017433347601036524,0.02641957577971787,0,0,2011-01-07,2024-03-29,691
2024-05-03,5,price_ai,ridge,price_ai_ridge,0.014506987133386051,0.014506987133386051,0.01862948021341116,0.02641957577971787,0,0,2011-01-07,2024-03-29,691
2024-05-10,5,price_ai,ridge,price_ai_ridge,-0.025280902313195686,0.025280902313195686,0.025257463919922434,0.02641957577971787,0,0,2011-01-07,2024-03-29,691
2024-05-17,5,price_ai,ridge,price_ai_ridge,0.019986034955030263,0.019986034955030263,0.032474851624724986,0.02641957577971787,0,1,2011-01-07,2024-03-29,691
2024-05-24,5,price_ai,ridge,price_ai_ridge,-0.04037967169090617,0.04037967169090617,0.023874760746907475,0.02641957577971787,1,0,2011-01-07,2024-03-29,691
2024-05-31,5,price_ai,ridge,price_ai_ridge,0.002008078755808995,0.002008078755808995,0.02437709493863146,0.02641957577971787,0,0,2011-01-07,2024-03-29,691
2024-06-07,5,price_ai,ridge,price_ai_ridge,0.0,0.0,0.02122854908552064,0.02641957577971787,0,0,2011-01-07,2024-03-29,691
2024-06-14,5,price_ai,ridge,price_ai_ridge,-0.030552293402017927,0.030552293402017927,0.02228194239585829,0.02641957577971787,1,0,2011-01-07,2024-03-29,691
2024-06-21,5,price_ai,ridge,price_ai_ridge,-0.05472816839602368,0.05472816839602368,0.017294817420323193,0.02641957577971787,1,0,2011-01-07,2024-03-29,691
2024-06-28,5,price_ai,ridge,price_ai_ridge,0.006532458721493217,0.006532458721493217,0.018515711259454063,0.02641957577971787,0,0,2011-01-07,2024-03-29,691
2024-07-05,6,price_ai,ridge,price_ai_ridge,-0.013107766350386907,0.013107766350386907,0.017834399889395107,0.026349047751609376,0,0,2011-01-07,2024-06-28,704
2024-07-12,6,price_ai,ridge,price_ai_ridge,-0.019428886184991168,0.019428886184991168,0.020142622914704936,0.026349047751609376,0,0,2011-01-07,2024-06-28,704
2024-07-19,6,price_ai,ridge,price_ai_ridge,0.01003914187828503,0.01003914187828503,0.021075584446658885,0.026349047751609376,0,0,2011-01-07,2024-06-28,704
2024-07-26,6,price_ai,ridge,price_ai_ridge,-0.01003914187828503,0.01003914187828503,0.01804969707920817,0.026349047751609376,0,0,2011-01-07,2024-06-28,704
2024-08-02,6,price_ai,ridge,price_ai_ridge,-0.019242254775527545,0.019242254775527545,0.017377862477716673,0.026349047751609376,0,0,2011-01-07,2024-06-28,704
2024-08-09,6,price_ai,ridge,price_ai_ridge,-0.009184900777309934,0.009184900777309934,0.015428793578519076,0.026349047751609376,0,0,2011-01-07,2024-06-28,704
2024-08-16,6,price_ai,ridge,price_ai_ridge,-0.00115409463771865,0.00115409463771865,0.010576740517451248,0.026349047751609376,0,0,2011-01-07,2024-06-28,704
2024-08-23,6,price_ai,ridge,price_ai_ridge,0.021702797169266486,0.021702797169266486,0.008896668569114882,0.026349047751609376,0,0,2011-01-07,2024-06-28,704
2024-08-30,6,price_ai,ridge,price_ai_ridge,0.010677180720008561,0.010677180720008561,0.017902668688510648,0.026349047751609376,0,0,2011-01-07,2024-06-28,704
2024-09-06,6,price_ai,ridge,price_ai_ridge,0.014979501367015313,0.014979501367015313,0.017374640532603246,0.026349047751609376,0,0,2011-01-07,2024-06-28,704
2024-09-13,6,price_ai,ridge,price_ai_ridge,-0.02339940079131697,0.02339940079131697,0.019992399995588512,0.026349047751609376,0,0,2011-01-07,2024-06-28,704
2024-09-20,6,price_ai,ridge,price_ai_ridge,0.02943843146598457,0.02943843146598457,0.019310884982665137,0.026349047751609376,1,0,2011-01-07,2024-06-28,704
2024-09-27,6,price_ai,ridge,price_ai_ridge,0.010887361589490663,0.010887361589490663,0.017509608189157096,0.026349047751609376,0,0,2011-01-07,2024-06-28,704
2024-10-04,7,price_ai,ridge,price_ai_ridge,-0.013079193454776483,0.013079193454776483,0.02499006539021897,0.026080167655098307,0,0,2011-01-07,2024-09-27,717
2024-10-11,7,price_ai,ridge,price_ai_ridge,-0.036306675662896026,0.036306675662896026,0.019141334384934695,0.026080167655098307,1,0,2011-01-07,2024-09-27,717
2024-10-18,7,price_ai,ridge,price_ai_ridge,0.021385123980925957,0.021385123980925957,0.022798129355859405,0.026080167655098307,0,0,2011-01-07,2024-09-27,717
2024-10-25,7,price_ai,ridge,price_ai_ridge,-0.0005568544602643222,0.0005568544602643222,0.01855501538047069,0.026080167655098307,0,0,2011-01-07,2024-09-27,717
2024-11-01,7,price_ai,ridge,price_ai_ridge,0.029098884004898462,0.029098884004898462,0.014521686822113916,0.026080167655098307,1,0,2011-01-07,2024-09-27,717
2024-11-08,7,price_ai,ridge,price_ai_ridge,-0.022435953727171665,0.022435953727171665,0.0203704148053273,0.026080167655098307,0,0,2011-01-07,2024-09-27,717
2024-11-15,7,price_ai,ridge,price_ai_ridge,0.0,0.0,0.02472775744700909,0.026080167655098307,0,0,2011-01-07,2024-09-27,717
2024-11-22,7,price_ai,ridge,price_ai_ridge,-0.01112971158101228,0.01112971158101228,0.017042963639190174,0.026080167655098307,0,0,2011-01-07,2024-09-27,717
2024-11-29,7,price_ai,ridge,price_ai_ridge,0.01719872940108713,0.01719872940108713,0.01919255332146627,0.026080167655098307,0,0,2011-01-07,2024-09-27,717
2024-12-06,7,price_ai,ridge,price_ai_ridge,0.004390782165744955,0.004390782165744955,0.01539444837165391,0.026080167655098307,0,0,2011-01-07,2024-09-27,717
2024-12-13,7,price_ai,ridge,price_ai_ridge,0.0,0.0,0.017534091429869385,0.026080167655098307,0,0,2011-01-07,2024-09-27,717
2024-12-20,7,price_ai,ridge,price_ai_ridge,0.01683447122938375,0.01683447122938375,0.021206961443399532,0.026080167655098307,0,0,2011-01-07,2024-09-27,717
2024-12-27,7,price_ai,ridge,price_ai_ridge,-0.0026961049955143146,0.0026961049955143146,0.01821917369495693,0.026080167655098307,0,0,2011-01-07,2024-09-27,717
2025-01-03,8,price_ai,ridge,price_ai_ridge,0.037620281860731186,0.037620281860731186,0.018959852432376217,0.026019826505414078,1,0,2011-01-07,2024-12-27,730
2025-01-10,8,price_ai,ridge,price_ai_ridge,0.02007796111557436,0.02007796111557436,0.0194010567044805,0.026019826505414078,0,0,2011-01-07,2024-12-27,730
2025-01-17,8,price_ai,ridge,price_ai_ridge,0.007110206991211232,0.007110206991211232,0.02110119075128626,0.026019826505414078,0,0,2011-01-07,2024-12-27,730
2025-01-24,8,price_ai,ridge,price_ai_ridge,0.0015171019737820757,0.0015171019737820757,0.02218666194806169,0.026019826505414078,0,0,2011-01-07,2024-12-27,730
2025-01-31,8,price_ai,ridge,price_ai_ridge,0.009054307167279507,0.009054307167279507,0.02036985295870669,0.026019826505414078,0,0,2011-01-07,2024-12-27,730
2025-02-07,8,price_ai,ridge,price_ai_ridge,0.01737449464791574,0.01737449464791574,0.016235269887524256,0.026019826505414078,0,0,2011-01-07,2024-12-27,730
2025-02-14,8,price_ai,ridge,price_ai_ridge,-0.003944774580914245,0.003944774580914245,0.014134760497876606,0.026019826505414078,0,0,2011-01-07,2024-12-27,730
2025-02-21,8,price_ai,ridge,price_ai_ridge,-0.0595444295014711,0.0595444295014711,0.015947286424242122,0.026019826505414078,1,0,2011-01-07,2024-12-27,730
2025-02-28,8,price_ai,ridge,price_ai_ridge,0.0,0.0,0.025536530076796876,0.026019826505414078,0,0,2011-01-07,2024-12-27,730
2025-03-07,8,price_ai,ridge,price_ai_ridge,-0.012665064992064767,0.012665064992064767,0.019425889858049543,0.026019826505414078,0,0,2011-01-07,2024-12-27,730
2025-03-14,8,price_ai,ridge,price_ai_ridge,0.002651777649094189,0.002651777649094189,0.017749991170532817,0.026019826505414078,0,0,2011-01-07,2024-12-27,730
2025-03-21,8,price_ai,ridge,price_ai_ridge,-0.022496936786924326,0.022496936786924326,0.019840498279677488,0.026019826505414078,0,0,2011-01-07,2024-12-27,730
2025-03-28,8,price_ai,ridge,price_ai_ridge,0.01505408511722317,0.01505408511722317,0.016138220766429522,0.026019826505414078,0,0,2011-01-07,2024-12-27,730
2025-04-04,9,price_ai,ridge,price_ai_ridge,0.04384836860910912,0.04384836860910912,0.017335046275466504,0.025885769953424464,1,0,2011-01-07,2025-03-28,743
2025-04-11,9,price_ai,ridge,price_ai_ridge,0.0,0.0,0.02424513928772433,0.025885769953424464,0,0,2011-01-07,2025-03-28,743
2025-04-18,9,price_ai,ridge,price_ai_ridge,-0.02116207216842536,0.02116207216842536,0.02644097371700839,0.025885769953424464,0,1,2011-01-07,2025-03-28,743
2025-04-25,9,price_ai,ridge,price_ai_ridge,-0.01895794611669377,0.01895794611669377,0.0244329085711632,0.025885769953424464,0,0,2011-01-07,2025-03-28,743
2025-05-02,9,price_ai,ridge,price_ai_ridge,-0.030771642822881695,0.030771642822881695,0.02442384381680358,0.025885769953424464,1,0,2011-01-07,2025-03-28,743
2025-05-09,9,price_ai,ridge,price_ai_ridge,-0.016584085698091666,0.016584085698091666,0.015681927297648994,0.025885769953424464,0,0,2011-01-07,2025-03-28,743
2025-05-16,9,price_ai,ridge,price_ai_ridge,0.031818367535546344,0.031818367535546344,0.01479223398311981,0.025885769953424464,1,0,2011-01-07,2025-03-28,743
2025-05-23,9,price_ai,ridge,price_ai_ridge,-0.02183490700515245,0.02183490700515245,0.016453893163351767,0.025885769953424464,0,0,2011-01-07,2025-03-28,743
2025-05-30,9,price_ai,ridge,price_ai_ridge,0.02721996999038989,0.02721996999038989,0.021895737590294576,0.025885769953424464,1,0,2011-01-07,2025-03-28,743
2025-06-06,9,price_ai,ridge,price_ai_ridge,-0.012429311493620254,0.012429311493620254,0.019585870756796783,0.025885769953424464,0,0,2011-01-07,2025-03-28,743
2025-06-13,9,price_ai,ridge,price_ai_ridge,-0.002722530278641777,0.002722530278641777,0.02295736059228856,0.025885769953424464,0,0,2011-01-07,2025-03-28,743
2025-06-20,9,price_ai,ridge,price_ai_ridge,-0.03439056872108148,0.03439056872108148,0.027626047398757764,0.025885769953424464,1,1,2011-01-07,2025-03-28,743
2025-06-27,9,price_ai,ridge,price_ai_ridge,0.02452745834354264,0.02452745834354264,0.019440907857402417,0.025885769953424464,0,0,2011-01-07,2025-03-28,743
2025-07-04,10,price_ai,ridge,price_ai_ridge,-0.050250446105851054,0.050250446105851054,0.01797668539316844,0.025967964345029904,1,0,2011-01-07,2025-06-27,756
2025-07-11,10,price_ai,ridge,price_ai_ridge,0.030789148650300024,0.030789148650300024,0.023968568270353128,0.025967964345029904,1,0,2011-01-07,2025-06-27,756
2025-07-18,10,price_ai,ridge,price_ai_ridge,-0.018130791371108845,0.018130791371108845,0.020187075485723995,0.025967964345029904,0,0,2011-01-07,2025-06-27,756
2025-07-25,10,price_ai,ridge,price_ai_ridge,-0.018465596591241695,0.018465596591241695,0.022548963733091818,0.025967964345029904,0,0,2011-01-07,2025-06-27,756
2025-08-01,10,price_ai,ridge,price_ai_ridge,-0.007600104223529858,0.007600104223529858,0.018847546190919166,0.025967964345029904,0,0,2011-01-07,2025-06-27,756
2025-08-08,10,price_ai,ridge,price_ai_ridge,0.0029299309266903606,0.0029299309266903606,0.01914854062854079,0.025967964345029904,0,0,2011-01-07,2025-06-27,756
2025-08-15,10,price_ai,ridge,price_ai_ridge,0.012212951347196466,0.012212951347196466,0.01717128553986179,0.025967964345029904,0,0,2011-01-07,2025-06-27,756
2025-08-22,10,price_ai,ridge,price_ai_ridge,0.015486427426680383,0.015486427426680383,0.021304254933092712,0.025967964345029904,0,0,2011-01-07,2025-06-27,756
2025-08-29,10,price_ai,ridge,price_ai_ridge,-0.0022791467269858146,0.0022791467269858146,0.021032928953498748,0.025967964345029904,0,0,2011-01-07,2025-06-27,756
2025-09-05,10,price_ai,ridge,price_ai_ridge,0.020886953432670996,0.020886953432670996,0.017465234500495867,0.025967964345029904,0,0,2011-01-07,2025-06-27,756
2025-09-12,10,price_ai,ridge,price_ai_ridge,-0.008978727556137933,0.008978727556137933,0.01873504381110673,0.025967964345029904,0,0,2011-01-07,2025-06-27,756
2025-09-19,10,price_ai,ridge,price_ai_ridge,-0.006787295841789831,0.006787295841789831,0.017041806665640032,0.025967964345029904,0,0,2011-01-07,2025-06-27,756
2025-09-26,10,price_ai,ridge,price_ai_ridge,-0.0005677109701363037,0.0005677109701363037,0.016622297464974005,0.025967964345029904,0,0,2011-01-07,2025-06-27,756
2025-10-03,11,price_ai,ridge,price_ai_ridge,-0.017760499764301496,0.017760499764301496,0.010350656078128045,0.025811610899004644,0,0,2011-01-07,2025-09-26,769
2025-10-10,11,price_ai,ridge,price_ai_ridge,0.013777581737391742,0.013777581737391742,0.014271599863813232,0.025811610899004644,0,0,2011-01-07,2025-09-26,769
2025-10-17,11,price_ai,ridge,price_ai_ridge,0.004550628997046058,0.004550628997046058,0.012272013929925956,0.025811610899004644,0,0,2011-01-07,2025-09-26,769
2025-10-24,11,price_ai,ridge,price_ai_ridge,0.009601885003151178,0.009601885003151178,0.015930688151330356,0.025811610899004644,0,0,2011-01-07,2025-09-26,769
2025-10-31,11,price_ai,ridge,price_ai_ridge,-0.0011248852137382137,0.0011248852137382137,0.01660730476314898,0.025811610899004644,0,0,2011-01-07,2025-09-26,769
2025-11-07,11,price_ai,ridge,price_ai_ridge,0.0072890236085148,0.0072890236085148,0.016078030488335428,0.025811610899004644,0,0,2011-01-07,2025-09-26,769
2025-11-14,11,price_ai,ridge,price_ai_ridge,-0.016901767817029345,0.016901767817029345,0.015251837721015831,0.025811610899004644,0,0,2011-01-07,2025-09-26,769
2025-11-21,11,price_ai,ridge,price_ai_ridge,0.020804738866287753,0.020804738866287753,0.01676274718424474,0.025811610899004644,0,0,2011-01-07,2025-09-26,769
2025-11-28,11,price_ai,ridge,price_ai_ridge,-0.006700132988308738,0.006700132988308738,0.01377766474930669,0.025811610899004644,0,0,2011-01-07,2025-09-26,769
2025-12-05,11,price_ai,ridge,price_ai_ridge,-0.0056180136750763054,0.0056180136750763054,0.017766263816942646,0.025811610899004644,0,0,2011-01-07,2025-09-26,769
2025-12-12,11,price_ai,ridge,price_ai_ridge,0.0022510372193500494,0.0022510372193500494,0.014572483665302813,0.025811610899004644,0,0,2011-01-07,2025-09-26,769
2025-12-19,11,price_ai,ridge,price_ai_ridge,0.017275406206680444,0.017275406206680444,0.014819176929408184,0.025811610899004644,0,0,2011-01-07,2025-09-26,769
2025-12-26,11,price_ai,ridge,price_ai_ridge,-0.026310010540252282,0.026310010540252282,0.015114217335812368,0.025811610899004644,1,0,2011-01-07,2025-09-26,769
2026-01-02,12,price_ai,ridge,price_ai_ridge,0.014639914596512149,0.014639914596512149,0.01735359467953316,0.025555294108124734,0,0,2011-01-07,2025-12-26,782
2026-01-09,12,price_ai,ridge,price_ai_ridge,-0.040495929084172655,0.040495929084172655,0.017928143973136045,0.025555294108124734,1,0,2011-01-07,2025-12-26,782
2026-01-16,12,price_ai,ridge,price_ai_ridge,0.013873041484489868,0.013873041484489868,0.02133401726404341,0.025555294108124734,0,0,2011-01-07,2025-12-26,782
2026-01-23,12,price_ai,ridge,price_ai_ridge,0.003438368235503919,0.003438368235503919,0.01805859679228952,0.025555294108124734,0,0,2011-01-07,2025-12-26,782
2026-01-30,12,price_ai,ridge,price_ai_ridge,0.001143536889932406,0.001143536889932406,0.019896924614271727,0.025555294108124734,0,0,2011-01-07,2025-12-26,782
2026-02-06,12,price_ai,ridge,price_ai_ridge,0.008534880836821301,0.008534880836821301,0.0195072768637019,0.025555294108124734,0,0,2011-01-07,2025-12-26,782
2026-02-13,12,price_ai,ridge,price_ai_ridge,-0.001701093628666328,0.001701093628666328,0.014793255820288398,0.025555294108124734,0,0,2011-01-07,2025-12-26,782
2026-02-20,12,price_ai,ridge,price_ai_ridge,0.015207195266091489,0.015207195266091489,0.016328595867207175,0.025555294108124734,0,0,2011-01-07,2025-12-26,782
2026-02-27,12,price_ai,ridge,price_ai_ridge,0.03460939053157874,0.03460939053157874,0.01668799710218751,0.025555294108124734,1,0,2011-01-07,2025-12-26,782
2026-03-06,12,price_ai,ridge,price_ai_ridge,0.008066707704783571,0.008066707704783571,0.02183294690460249,0.025555294108124734,0,0,2011-01-07,2025-12-26,782
2026-03-13,12,price_ai,ridge,price_ai_ridge,0.006938867613939692,0.006938867613939692,0.0434202030220079,0.025555294108124734,0,1,2011-01-07,2025-12-26,782
2026-03-20,12,price_ai,ridge,price_ai_ridge,-0.011771099974565047,0.011771099974565047,0.02302622252883571,0.025555294108124734,0,0,2011-01-07,2025-12-26,782
2026-03-27,12,price_ai,ridge,price_ai_ridge,-0.02121370738946471,0.02121370738946471,0.024997719044462314,0.025555294108124734,0,0,2011-01-07,2025-12-26,782
2026-04-03,13,price_ai,ridge,price_ai_ridge,-0.02448650596856261,0.02448650596856261,0.02404260002353476,0.025394470563627976,0,0,2011-01-07,2026-03-27,795
2026-04-10,13,price_ai,ridge,price_ai_ridge,0.011204641516453062,0.011204641516453062,0.015001798038474108,0.025394470563627976,0,0,2011-01-07,2026-03-27,795
2026-04-17,13,price_ai,ridge,price_ai_ridge,0.01767023800752021,0.01767023800752021,0.013381507687468638,0.025394470563627976,0,0,2011-01-07,2026-03-27,795
2026-04-24,13,price_ai,ridge,price_ai_ridge,0.03337225375719077,0.03337225375719077,0.01530753477586943,0.025394470563627976,1,0,2011-01-07,2026-03-27,795
2026-05-01,13,price_ai,ridge,price_ai_ridge,-0.014933545751462773,0.014933545751462773,0.01920790969722187,0.025394470563627976,0,0,2011-01-07,2026-03-27,795
2026-05-08,13,price_ai,ridge,price_ai_ridge,-0.004308026097975315,0.004308026097975315,0.020575860231146163,0.025394470563627976,0,0,2011-01-07,2026-03-27,795
2023-01-06,0,price_calendar_ai,hgb,price_calendar_ai_hgb,0.026637756991465977,0.026637756991465977,0.013403466583422091,0.02716175170834423,0,0,2011-01-07,2022-12-30,626
2023-01-13,0,price_calendar_ai,hgb,price_calendar_ai_hgb,-0.005271073667588055,0.005271073667588055,0.01242485031497589,0.02716175170834423,0,0,2011-01-07,2022-12-30,626
2023-01-20,0,price_calendar_ai,hgb,price_calendar_ai_hgb,0.0018857687565256853,0.0018857687565256853,0.011847614209931105,0.02716175170834423,0,0,2011-01-07,2022-12-30,626
2023-01-27,0,price_calendar_ai,hgb,price_calendar_ai_hgb,0.0015059870145548437,0.0015059870145548437,0.01614710487028829,0.02716175170834423,0,0,2011-01-07,2022-12-30,626
2023-02-03,0,price_calendar_ai,hgb,price_calendar_ai_hgb,0.0030052586123381353,0.0030052586123381353,0.010771625876383403,0.02716175170834423,0,0,2011-01-07,2022-12-30,626
2023-02-10,0,price_calendar_ai,hgb,price_calendar_ai_hgb,-0.0007504862659923894,0.0007504862659923894,0.015714726423386484,0.02716175170834423,0,0,2011-01-07,2022-12-30,626
2023-02-17,0,price_calendar_ai,hgb,price_calendar_ai_hgb,-0.03787026601642918,0.03787026601642918,0.013655721955108403,0.02716175170834423,1,0,2011-01-07,2022-12-30,626
2023-02-24,0,price_calendar_ai,hgb,price_calendar_ai_hgb,-0.011370403108148963,0.011370403108148963,0.0198007144670489,0.02716175170834423,0,0,2011-01-07,2022-12-30,626
2023-03-03,0,price_calendar_ai,hgb,price_calendar_ai_hgb,-0.031240052602529822,0.031240052602529822,0.02569463442853403,0.02716175170834423,1,0,2011-01-07,2022-12-30,626
2023-03-10,0,price_calendar_ai,hgb,price_calendar_ai_hgb,0.007700160947850421,0.007700160947850421,0.008961179779579132,0.02716175170834423,0,0,2011-01-07,2022-12-30,626
2023-03-17,0,price_calendar_ai,hgb,price_calendar_ai_hgb,0.004029029578285659,0.004029029578285659,0.017498244664453006,0.02716175170834423,0,0,2011-01-07,2022-12-30,626
2023-03-24,0,price_calendar_ai,hgb,price_calendar_ai_hgb,0.014371452949219155,0.014371452949219155,0.019565658028601933,0.02716175170834423,0,0,2011-01-07,2022-12-30,626
2023-03-31,0,price_calendar_ai,hgb,price_calendar_ai_hgb,-0.01961238679648769,0.01961238679648769,0.02045221258450144,0.02716175170834423,0,0,2011-01-07,2022-12-30,626
2023-04-07,1,price_calendar_ai,hgb,price_calendar_ai_hgb,0.014844839763751505,0.014844839763751505,0.01929866935113627,0.026793623512194917,0,0,2011-01-07,2023-03-31,639
2023-04-14,1,price_calendar_ai,hgb,price_calendar_ai_hgb,-0.028273319322776214,0.028273319322776214,0.01661856253560428,0.026793623512194917,1,0,2011-01-07,2023-03-31,639
2023-04-21,1,price_calendar_ai,hgb,price_calendar_ai_hgb,-0.043111958005261464,0.043111958005261464,0.02004972599375592,0.026793623512194917,1,0,2011-01-07,2023-03-31,639
2023-04-28,1,price_calendar_ai,hgb,price_calendar_ai_hgb,0.01696399998898457,0.01696399998898457,0.020382176681879895,0.026793623512194917,0,0,2011-01-07,2023-03-31,639
2023-05-05,1,price_calendar_ai,hgb,price_calendar_ai_hgb,-0.04471944188032584,0.04471944188032584,0.02004007331703361,0.026793623512194917,1,0,2011-01-07,2023-03-31,639
2023-05-12,1,price_calendar_ai,hgb,price_calendar_ai_hgb,-0.02088497643277787,0.02088497643277787,0.01827546008092072,0.026793623512194917,0,0,2011-01-07,2023-03-31,639
2023-05-19,1,price_calendar_ai,hgb,price_calendar_ai_hgb,0.058853344475394476,0.058853344475394476,0.022375593260697987,0.026793623512194917,1,0,2011-01-07,2023-03-31,639
2023-05-26,1,price_calendar_ai,hgb,price_calendar_ai_hgb,0.008851441609216248,0.008851441609216248,0.034335908121125455,0.026793623512194917,0,1,2011-01-07,2023-03-31,639
2023-06-02,1,price_calendar_ai,hgb,price_calendar_ai_hgb,-0.019492103447578124,0.019492103447578124,0.02501683907589179,0.026793623512194917,0,0,2011-01-07,2023-03-31,639
2023-06-09,1,price_calendar_ai,hgb,price_calendar_ai_hgb,0.1047184545507811,0.1047184545507811,0.03785732668634805,0.026793623512194917,1,1,2011-01-07,2023-03-31,639
2023-06-16,1,price_calendar_ai,hgb,price_calendar_ai_hgb,-0.01788542960351691,0.01788542960351691,0.040065662874529256,0.026793623512194917,0,1,2011-01-07,2023-03-31,639
2023-06-23,1,price_calendar_ai,hgb,price_calendar_ai_hgb,-0.1386444483967515,0.1386444483967515,0.03280793931168214,0.026793623512194917,1,1,2011-01-07,2023-03-31,639
2023-06-30,1,price_calendar_ai,hgb,price_calendar_ai_hgb,0.007184577115581181,0.007184577115581181,0.05979951413019243,0.026793623512194917,0,1,2011-01-07,2023-03-31,639
2023-07-07,2,price_calendar_ai,hgb,price_calendar_ai_hgb,0.035600307988796764,0.035600307988796764,0.05071943733797393,0.027287537081984097,1,1,2011-01-07,2023-06-30,652
2023-07-14,2,price_calendar_ai,hgb,price_calendar_ai_hgb,0.033959088920219926,0.033959088920219926,0.024884934443713036,0.027287537081984097,1,0,2011-01-07,2023-06-30,652
2023-07-21,2,price_calendar_ai,hgb,price_calendar_ai_hgb,-0.007540814899039461,0.007540814899039461,0.024437334203120685,0.027287537081984097,0,0,2011-01-07,2023-06-30,652
2023-07-28,2,price_calendar_ai,hgb,price_calendar_ai_hgb,-0.04471944188032584,0.04471944188032584,0.021242464860206405,0.027287537081984097,1,0,2011-01-07,2023-06-30,652
2023-08-04,2,price_calendar_ai,hgb,price_calendar_ai_hgb,-0.019987289785992512,0.019987289785992512,0.02808286332100537,0.027287537081984097,0,1,2011-01-07,2023-06-30,652
2023-08-11,2,price_calendar_ai,hgb,price_calendar_ai_hgb,0.010265635127240103,0.010265635127240103,0.024891998628258083,0.027287537081984097,0,0,2011-01-07,2023-06-30,652
2023-08-18,2,price_calendar_ai,hgb,price_calendar_ai_hgb,-0.010265635127240103,0.010265635127240103,0.02262164810038653,0.027287537081984097,0,0,2011-01-07,2023-06-30,652
2023-08-25,2,price_calendar_ai,hgb,price_calendar_ai_hgb,-0.004045865226357748,0.004045865226357748,0.02228717087201195,0.027287537081984097,0,0,2011-01-07,2023-06-30,652
2023-09-01,2,price_calendar_ai,hgb,price_calendar_ai_hgb,-0.0009013275636022833,0.0009013275636022833,0.0173583020715543,0.027287537081984097,0,0,2011-01-07,2023-06-30,652
2023-09-08,2,price_calendar_ai,hgb,price_calendar_ai_hgb,-0.009513140538532916,0.009513140538532916,0.018470550052799798,0.027287537081984097,0,0,2011-01-07,2023-06-30,652
2023-09-15,2,price_calendar_ai,hgb,price_calendar_ai_hgb,-0.0004552801920918448,0.0004552801920918448,0.021061743200126534,0.027287537081984097,0,0,2011-01-07,2023-06-30,652
2023-09-22,2,price_calendar_ai,hgb,price_calendar_ai_hgb,0.0027285771324261354,0.0027285771324261354,0.009059884633952364,0.027287537081984097,0,0,2011-01-07,2023-06-30,652
2023-09-29,2,price_calendar_ai,hgb,price_calendar_ai_hgb,0.03217432617415117,0.03217432617415117,0.016255104887365625,0.027287537081984097,1,0,2011-01-07,2023-06-30,652
2023-10-06,3,price_calendar_ai,hgb,price_calendar_ai_hgb,0.0026350242409121094,0.0026350242409121094,0.009402936186415974,0.027350429768804013,0,0,2011-01-07,2023-09-29,665
2023-10-13,3,price_calendar_ai,hgb,price_calendar_ai_hgb,0.0,0.0,0.009830179070916543,0.027350429768804013,0,0,2011-01-07,2023-09-29,665
2023-10-20,3,price_calendar_ai,hgb,price_calendar_ai_hgb,-0.023520000673689978,0.023520000673689978,0.01629066892681533,0.027350429768804013,0,0,2011-01-07,2023-09-29,665
2023-10-27,3,price_calendar_ai,hgb,price_calendar_ai_hgb,0.0017944826819555892,0.0017944826819555892,0.01581986167332283,0.027350429768804013,0,0,2011-01-07,2023-09-29,665
2023-11-03,3,price_calendar_ai,hgb,price_calendar_ai_hgb,-0.026341211304041767,0.026341211304041767,0.0090031085040364,0.027350429768804013,0,0,2011-01-07,2023-09-29,665
2023-11-10,3,price_calendar_ai,hgb,price_calendar_ai_hgb,0.015525433238654074,0.015525433238654074,0.01124535327033268,0.027350429768804013,0,0,2011-01-07,2023-09-29,665
2023-11-17,3,price_calendar_ai,hgb,price_calendar_ai_hgb,-0.0063636300953144875,0.0063636300953144875,0.015871515350443958,0.027350429768804013,0,0,2011-01-07,2023-09-29,665
2023-11-24,3,price_calendar_ai,hgb,price_calendar_ai_hgb,0.005003449478365063,0.005003449478365063,0.018257681283005825,0.027350429768804013,0,0,2011-01-07,2023-09-29,665
2023-12-01,3,price_calendar_ai,hgb,price_calendar_ai_hgb,0.005881001245468642,0.005881001245468642,0.017459024973630836,0.027350429768804013,0,0,2011-01-07,2023-09-29,665
2023-12-08,3,price_calendar_ai,hgb,price_calendar_ai_hgb,-0.008607098920432321,0.008607098920432321,0.013815903193694374,0.027350429768804013,0,0,2011-01-07,2023-09-29,665
2023-12-15,3,price_calendar_ai,hgb,price_calendar_ai_hgb,-0.016514077120584947,0.016514077120584947,0.013791566838993859,0.027350429768804013,0,0,2011-01-07,2023-09-29,665
2023-12-22,3,price_calendar_ai,hgb,price_calendar_ai_hgb,-0.0023154047756110963,0.0023154047756110963,0.013568274112361715,0.027350429768804013,0,0,2011-01-07,2023-09-29,665
2023-12-29,3,price_calendar_ai,hgb,price_calendar_ai_hgb,-0.01588819209985548,0.01588819209985548,0.013542849882723444,0.027350429768804013,0,0,2011-01-07,2023-09-29,665
2024-01-05,4,price_calendar_ai,hgb,price_calendar_ai_hgb,-0.029638829636343456,0.029638829636343456,0.015209506496235575,0.02661593887029116,1,0,2011-01-07,2023-12-29,678
2024-01-12,4,price_calendar_ai,hgb,price_calendar_ai_hgb,-0.009261608043951597,0.009261608043951597,0.011573343807553033,0.02661593887029116,0,0,2011-01-07,2023-12-29,678
2024-01-19,4,price_calendar_ai,hgb,price_calendar_ai_hgb,-0.0009799343220819878,0.0009799343220819878,0.011164686133465475,0.02661593887029116,0,0,2011-01-07,2023-12-29,678
2024-01-26,4,price_calendar_ai,hgb,price_calendar_ai_hgb,-0.0019626604903781875,0.0019626604903781875,0.014698311548039479,0.02661593887029116,0,0,2011-01-07,2023-12-29,678
2024-02-02,4,price_calendar_ai,hgb,price_calendar_ai_hgb,-0.02134607212321038,0.02134607212321038,0.010575521139921787,0.02661593887029116,0,0,2011-01-07,2023-12-29,678
2024-02-09,4,price_calendar_ai,hgb,price_calendar_ai_hgb,-0.024379040246952144,0.024379040246952144,0.010669557834075841,0.02661593887029116,0,0,2011-01-07,2023-12-29,678
2024-02-16,4,price_calendar_ai,hgb,price_calendar_ai_hgb,-0.028685207408120306,0.028685207408120306,0.015334365093706306,0.02661593887029116,1,0,2011-01-07,2023-12-29,678
2024-02-23,4,price_calendar_ai,hgb,price_calendar_ai_hgb,0.020943154498284322,0.020943154498284322,0.017699296164863067,0.02661593887029116,0,0,2011-01-07,2023-12-29,678
2024-03-01,4,price_calendar_ai,hgb,price_calendar_ai_hgb,0.034626693929015406,0.034626693929015406,0.022139210958346214,0.02661593887029116,1,0,2011-01-07,2023-12-29,678
2024-03-08,4,price_calendar_ai,hgb,price_calendar_ai_hgb,-0.001502568730861853,0.001502568730861853,0.019989815079312308,0.02661593887029116,0,0,2011-01-07,2023-12-29,678
2024-03-15,4,price_calendar_ai,hgb,price_calendar_ai_hgb,0.007490652465172332,0.007490652465172332,0.022075115327005776,0.02661593887029116,0,0,2011-01-07,2023-12-29,678
2024-03-22,4,price_calendar_ai,hgb,price_calendar_ai_hgb,0.003972196004524697,0.003972196004524697,0.022078554923406688,0.02661593887029116,0,0,2011-01-07,2023-12-29,678
2024-03-29,4,price_calendar_ai,hgb,price_calendar_ai_hgb,-0.01346991963592492,0.01346991963592492,0.024571811653598438,0.02661593887029116,0,0,2011-01-07,2023-12-29,678
2024-04-05,5,price_calendar_ai,hgb,price_calendar_ai_hgb,0.0005021455742464376,0.0005021455742464376,0.015483105497295774,0.02641957577971787,0,0,2011-01-07,2024-03-29,691
2024-04-12,5,price_calendar_ai,hgb,price_calendar_ai_hgb,-0.011105581514636143,0.011105581514636143,0.024304202752547,0.02641957577971787,0,0,2011-01-07,2024-03-29,691
2024-04-19,5,price_calendar_ai,hgb,price_calendar_ai_hgb,0.01711164742982696,0.01711164742982696,0.02533236337445449,0.02641957577971787,0,0,2011-01-07,2024-03-29,691
2024-04-26,5,price_calendar_ai,hgb,price_calendar_ai_hgb,0.024156942575138896,0.024156942575138896,0.026105103086234125,0.02641957577971787,0,0,2011-01-07,2024-03-29,691
2024-05-03,5,price_calendar_ai,hgb,price_calendar_ai_hgb,0.014506987133386051,0.014506987133386051,0.023427824055629397,0.02641957577971787,0,0,2011-01-07,2024-03-29,691
2024-05-10,5,price_calendar_ai,hgb,price_calendar_ai_hgb,-0.025280902313195686,0.025280902313195686,0.02166292169915166,0.02641957577971787,0,0,2011-01-07,2024-03-29,691
2024-05-17,5,price_calendar_ai,hgb,price_calendar_ai_hgb,0.019986034955030263,0.019986034955030263,0.01751623813299167,0.02641957577971787,0,0,2011-01-07,2024-03-29,691
2024-05-24,5,price_calendar_ai,hgb,price_calendar_ai_hgb,-0.04037967169090617,0.04037967169090617,0.027161817993611885,0.02641957577971787,1,1,2011-01-07,2024-03-29,691
2024-05-31,5,price_calendar_ai,hgb,price_calendar_ai_hgb,0.002008078755808995,0.002008078755808995,0.012357303729666654,0.02641957577971787,0,0,2011-01-07,2024-03-29,691
2024-06-07,5,price_calendar_ai,hgb,price_calendar_ai_hgb,0.0,0.0,0.026198057050902054,0.02641957577971787,0,0,2011-01-07,2024-03-29,691
2024-06-14,5,price_calendar_ai,hgb,price_calendar_ai_hgb,-0.030552293402017927,0.030552293402017927,0.024921364360553266,0.02641957577971787,1,0,2011-01-07,2024-03-29,691
2024-06-21,5,price_calendar_ai,hgb,price_calendar_ai_hgb,-0.05472816839602368,0.05472816839602368,0.03981300379198551,0.02641957577971787,1,1,2011-01-07,2024-03-29,691
2024-06-28,5,price_calendar_ai,hgb,price_calendar_ai_hgb,0.006532458721493217,0.006532458721493217,0.029219634957584995,0.02641957577971787,0,1,2011-01-07,2024-03-29,691
2024-07-05,6,price_calendar_ai,hgb,price_calendar_ai_hgb,-0.013107766350386907,0.013107766350386907,0.023738962164012223,0.026349047751609376,0,0,2011-01-07,2024-06-28,704
2024-07-12,6,price_calendar_ai,hgb,price_calendar_ai_hgb,-0.019428886184991168,0.019428886184991168,0.025066967852721056,0.026349047751609376,0,0,2011-01-07,2024-06-28,704
2024-07-19,6,price_calendar_ai,hgb,price_calendar_ai_hgb,0.01003914187828503,0.01003914187828503,0.021349901557514765,0.026349047751609376,0,0,2011-01-07,2024-06-28,704
2024-07-26,6,price_calendar_ai,hgb,price_calendar_ai_hgb,-0.01003914187828503,0.01003914187828503,0.023190144348728185,0.026349047751609376,0,0,2011-01-07,2024-06-28,704
2024-08-02,6,price_calendar_ai,hgb,price_calendar_ai_hgb,-0.019242254775527545,0.019242254775527545,0.020878915023906184,0.026349047751609376,0,0,2011-01-07,2024-06-28,704
2024-08-09,6,price_calendar_ai,hgb,price_calendar_ai_hgb,-0.009184900777309934,0.009184900777309934,0.019637349832911235,0.026349047751609376,0,0,2011-01-07,2024-06-28,704
2024-08-16,6,price_calendar_ai,hgb,price_calendar_ai_hgb,-0.00115409463771865,0.00115409463771865,0.018314652760676835,0.026349047751609376,0,0,2011-01-07,2024-06-28,704
2024-08-23,6,price_calendar_ai,hgb,price_calendar_ai_hgb,0.021702797169266486,0.021702797169266486,0.022084751463182475,0.026349047751609376,0,0,2011-01-07,2024-06-28,704
2024-08-30,6,price_calendar_ai,hgb,price_calendar_ai_hgb,0.010677180720008561,0.010677180720008561,0.023333784005912562,0.026349047751609376,0,0,2011-01-07,2024-06-28,704
2024-09-06,6,price_calendar_ai,hgb,price_calendar_ai_hgb,0.014979501367015313,0.014979501367015313,0.00926442547550637,0.026349047751609376,0,0,2011-01-07,2024-06-28,704
2024-09-13,6,price_calendar_ai,hgb,price_calendar_ai_hgb,-0.02339940079131697,0.02339940079131697,0.00969439606961733,0.026349047751609376,0,0,2011-01-07,2024-06-28,704
2024-09-20,6,price_calendar_ai,hgb,price_calendar_ai_hgb,0.02943843146598457,0.02943843146598457,0.00841341534925398,0.026349047751609376,1,0,2011-01-07,2024-06-28,704
2024-09-27,6,price_calendar_ai,hgb,price_calendar_ai_hgb,0.010887361589490663,0.010887361589490663,0.016524953189870812,0.026349047751609376,0,0,2011-01-07,2024-06-28,704
2024-10-04,7,price_calendar_ai,hgb,price_calendar_ai_hgb,-0.013079193454776483,0.013079193454776483,0.01701414139195817,0.026080167655098307,0,0,2011-01-07,2024-09-27,717
2024-10-11,7,price_calendar_ai,hgb,price_calendar_ai_hgb,-0.036306675662896026,0.036306675662896026,0.014215677314990079,0.026080167655098307,1,0,2011-01-07,2024-09-27,717
2024-10-18,7,price_calendar_ai,hgb,price_calendar_ai_hgb,0.021385123980925957,0.021385123980925957,0.013677587331397777,0.026080167655098307,0,0,2011-01-07,2024-09-27,717
2024-10-25,7,price_calendar_ai,hgb,price_calendar_ai_hgb,-0.0005568544602643222,0.0005568544602643222,0.01730461176114215,0.026080167655098307,0,0,2011-01-07,2024-09-27,717
2024-11-01,7,price_calendar_ai,hgb,price_calendar_ai_hgb,0.029098884004898462,0.029098884004898462,0.016977781534346908,0.026080167655098307,1,0,2011-01-07,2024-09-27,717
2024-11-08,7,price_calendar_ai,hgb,price_calendar_ai_hgb,-0.022435953727171665,0.022435953727171665,0.014828009437736763,0.026080167655098307,0,0,2011-01-07,2024-09-27,717
2024-11-15,7,price_calendar_ai,hgb,price_calendar_ai_hgb,0.0,0.0,0.0207156895775518,0.026080167655098307,0,0,2011-01-07,2024-09-27,717
2024-11-22,7,price_calendar_ai,hgb,price_calendar_ai_hgb,-0.01112971158101228,0.01112971158101228,0.01244091553038245,0.026080167655098307,0,0,2011-01-07,2024-09-27,717
2024-11-29,7,price_calendar_ai,hgb,price_calendar_ai_hgb,0.01719872940108713,0.01719872940108713,0.013957571869666093,0.026080167655098307,0,0,2011-01-07,2024-09-27,717
2024-12-06,7,price_calendar_ai,hgb,price_calendar_ai_hgb,0.004390782165744955,0.004390782165744955,0.015436240392933292,0.026080167655098307,0,0,2011-01-07,2024-09-27,717
2024-12-13,7,price_calendar_ai,hgb,price_calendar_ai_hgb,0.0,0.0,0.016233125723532454,0.026080167655098307,0,0,2011-01-07,2024-09-27,717
2024-12-20,7,price_calendar_ai,hgb,price_calendar_ai_hgb,0.01683447122938375,0.01683447122938375,0.014127156862969076,0.026080167655098307,0,0,2011-01-07,2024-09-27,717
2024-12-27,7,price_calendar_ai,hgb,price_calendar_ai_hgb,-0.0026961049955143146,0.0026961049955143146,0.021845410454822186,0.026080167655098307,0,0,2011-01-07,2024-09-27,717
2025-01-03,8,price_calendar_ai,hgb,price_calendar_ai_hgb,0.037620281860731186,0.037620281860731186,0.013214894977422497,0.026019826505414078,1,0,2011-01-07,2024-12-27,730
2025-01-10,8,price_calendar_ai,hgb,price_calendar_ai_hgb,0.02007796111557436,0.02007796111557436,0.021568936538369804,0.026019826505414078,0,0,2011-01-07,2024-12-27,730
2025-01-17,8,price_calendar_ai,hgb,price_calendar_ai_hgb,0.007110206991211232,0.007110206991211232,0.02186412024958521,0.026019826505414078,0,0,2011-01-07,2024-12-27,730
2025-01-24,8,price_calendar_ai,hgb,price_calendar_ai_hgb,0.0015171019737820757,0.0015171019737820757,0.03427034764940567,0.026019826505414078,0,1,2011-01-07,2024-12-27,730
2025-01-31,8,price_calendar_ai,hgb,price_calendar_ai_hgb,0.009054307167279507,0.009054307167279507,0.015529242306697047,0.026019826505414078,0,0,2011-01-07,2024-12-27,730
2025-02-07,8,price_calendar_ai,hgb,price_calendar_ai_hgb,0.01737449464791574,0.01737449464791574,0.017069266100363027,0.026019826505414078,0,0,2011-01-07,2024-12-27,730
2025-02-14,8,price_calendar_ai,hgb,price_calendar_ai_hgb,-0.003944774580914245,0.003944774580914245,0.020762979780560485,0.026019826505414078,0,0,2011-01-07,2024-12-27,730
2025-02-21,8,price_calendar_ai,hgb,price_calendar_ai_hgb,-0.0595444295014711,0.0595444295014711,0.01869376652859,0.026019826505414078,1,0,2011-01-07,2024-12-27,730
2025-02-28,8,price_calendar_ai,hgb,price_calendar_ai_hgb,0.0,0.0,0.03200502451977944,0.026019826505414078,0,1,2011-01-07,2024-12-27,730
2025-03-07,8,price_calendar_ai,hgb,price_calendar_ai_hgb,-0.012665064992064767,0.012665064992064767,0.023780055793109833,0.026019826505414078,0,0,2011-01-07,2024-12-27,730
2025-03-14,8,price_calendar_ai,hgb,price_calendar_ai_hgb,0.002651777649094189,0.002651777649094189,0.02285228098605001,0.026019826505414078,0,0,2011-01-07,2024-12-27,730
2025-03-21,8,price_calendar_ai,hgb,price_calendar_ai_hgb,-0.022496936786924326,0.022496936786924326,0.02842131150816693,0.026019826505414078,0,1,2011-01-07,2024-12-27,730
2025-03-28,8,price_calendar_ai,hgb,price_calendar_ai_hgb,0.01505408511722317,0.01505408511722317,0.026888371003421143,0.026019826505414078,0,1,2011-01-07,2024-12-27,730
2025-04-04,9,price_calendar_ai,hgb,price_calendar_ai_hgb,0.04384836860910912,0.04384836860910912,0.02345204527487646,0.025885769953424464,1,0,2011-01-07,2025-03-28,743
2025-04-11,9,price_calendar_ai,hgb,price_calendar_ai_hgb,0.0,0.0,0.028671684777516332,0.025885769953424464,0,1,2011-01-07,2025-03-28,743
2025-04-18,9,price_calendar_ai,hgb,price_calendar_ai_hgb,-0.02116207216842536,0.02116207216842536,0.036575412029007784,0.025885769953424464,0,1,2011-01-07,2025-03-28,743
2025-04-25,9,price_calendar_ai,hgb,price_calendar_ai_hgb,-0.01895794611669377,0.01895794611669377,0.04316349562146945,0.025885769953424464,0,1,2011-01-07,2025-03-28,743
2025-05-02,9,price_calendar_ai,hgb,price_calendar_ai_hgb,-0.030771642822881695,0.030771642822881695,0.022372960601882753,0.025885769953424464,1,0,2011-01-07,2025-03-28,743
2025-05-09,9,price_calendar_ai,hgb,price_calendar_ai_hgb,-0.016584085698091666,0.016584085698091666,0.022206982004587216,0.025885769953424464,0,0,2011-01-07,2025-03-28,743
2025-05-16,9,price_calendar_ai,hgb,price_calendar_ai_hgb,0.031818367535546344,0.031818367535546344,0.027387080437529715,0.025885769953424464,1,1,2011-01-07,2025-03-28,743
2025-05-23,9,price_calendar_ai,hgb,price_calendar_ai_hgb,-0.02183490700515245,0.02183490700515245,0.016164275640468698,0.025885769953424464,0,0,2011-01-07,2025-03-28,743
2025-05-30,9,price_calendar_ai,hgb,price_calendar_ai_hgb,0.02721996999038989,0.02721996999038989,0.023915162454888884,0.025885769953424464,1,0,2011-01-07,2025-03-28,743
2025-06-06,9,price_calendar_ai,hgb,price_calendar_ai_hgb,-0.012429311493620254,0.012429311493620254,0.02344228285576069,0.025885769953424464,0,0,2011-01-07,2025-03-28,743
2025-06-13,9,price_calendar_ai,hgb,price_calendar_ai_hgb,-0.002722530278641777,0.002722530278641777,0.03193719844249838,0.025885769953424464,0,1,2011-01-07,2025-03-28,743
2025-06-20,9,price_calendar_ai,hgb,price_calendar_ai_hgb,-0.03439056872108148,0.03439056872108148,0.04614769595983082,0.025885769953424464,1,1,2011-01-07,2025-03-28,743
2025-06-27,9,price_calendar_ai,hgb,price_calendar_ai_hgb,0.02452745834354264,0.02452745834354264,0.04160456779610105,0.025885769953424464,0,1,2011-01-07,2025-03-28,743
2025-07-04,10,price_calendar_ai,hgb,price_calendar_ai_hgb,-0.050250446105851054,0.050250446105851054,0.034084263947340016,0.025967964345029904,1,1,2011-01-07,2025-06-27,756
2025-07-11,10,price_calendar_ai,hgb,price_calendar_ai_hgb,0.030789148650300024,0.030789148650300024,0.02470739161630396,0.025967964345029904,1,0,2011-01-07,2025-06-27,756
2025-07-18,10,price_calendar_ai,hgb,price_calendar_ai_hgb,-0.018130791371108845,0.018130791371108845,0.0156704107068734,0.025967964345029904,0,0,2011-01-07,2025-06-27,756
2025-07-25,10,price_calendar_ai,hgb,price_calendar_ai_hgb,-0.018465596591241695,0.018465596591241695,0.022466535058498868,0.025967964345029904,0,0,2011-01-07,2025-06-27,756
2025-08-01,10,price_calendar_ai,hgb,price_calendar_ai_hgb,-0.007600104223529858,0.007600104223529858,0.013125156419673992,0.025967964345029904,0,0,2011-01-07,2025-06-27,756
2025-08-08,10,price_calendar_ai,hgb,price_calendar_ai_hgb,0.0029299309266903606,0.0029299309266903606,0.020676080498291637,0.025967964345029904,0,0,2011-01-07,2025-06-27,756
2025-08-15,10,price_calendar_ai,hgb,price_calendar_ai_hgb,0.012212951347196466,0.012212951347196466,0.021866274492378407,0.025967964345029904,0,0,2011-01-07,2025-06-27,756
2025-08-22,10,price_calendar_ai,hgb,price_calendar_ai_hgb,0.015486427426680383,0.015486427426680383,0.018032868944246064,0.025967964345029904,0,0,2011-01-07,2025-06-27,756
2025-08-29,10,price_calendar_ai,hgb,price_calendar_ai_hgb,-0.0022791467269858146,0.0022791467269858146,0.014941606957260047,0.025967964345029904,0,0,2011-01-07,2025-06-27,756
2025-09-05,10,price_calendar_ai,hgb,price_calendar_ai_hgb,0.020886953432670996,0.020886953432670996,0.013998957734323868,0.025967964345029904,0,0,2011-01-07,2025-06-27,756
2025-09-12,10,price_calendar_ai,hgb,price_calendar_ai_hgb,-0.008978727556137933,0.008978727556137933,0.022367640111713435,0.025967964345029904,0,0,2011-01-07,2025-06-27,756
2025-09-19,10,price_calendar_ai,hgb,price_calendar_ai_hgb,-0.006787295841789831,0.006787295841789831,0.013508245925492112,0.025967964345029904,0,0,2011-01-07,2025-06-27,756
2025-09-26,10,price_calendar_ai,hgb,price_calendar_ai_hgb,-0.0005677109701363037,0.0005677109701363037,0.013056300035773256,0.025967964345029904,0,0,2011-01-07,2025-06-27,756
2025-10-03,11,price_calendar_ai,hgb,price_calendar_ai_hgb,-0.017760499764301496,0.017760499764301496,0.011702558190276052,0.025811610899004644,0,0,2011-01-07,2025-09-26,769
2025-10-10,11,price_calendar_ai,hgb,price_calendar_ai_hgb,0.013777581737391742,0.013777581737391742,0.013388672929093178,0.025811610899004644,0,0,2011-01-07,2025-09-26,769
2025-10-17,11,price_calendar_ai,hgb,price_calendar_ai_hgb,0.004550628997046058,0.004550628997046058,0.014296057180583079,0.025811610899004644,0,0,2011-01-07,2025-09-26,769
2025-10-24,11,price_calendar_ai,hgb,price_calendar_ai_hgb,0.009601885003151178,0.009601885003151178,0.014868314754315796,0.025811610899004644,0,0,2011-01-07,2025-09-26,769
2025-10-31,11,price_calendar_ai,hgb,price_calendar_ai_hgb,-0.0011248852137382137,0.0011248852137382137,0.01172280962399122,0.025811610899004644,0,0,2011-01-07,2025-09-26,769
2025-11-07,11,price_calendar_ai,hgb,price_calendar_ai_hgb,0.0072890236085148,0.0072890236085148,0.01217190754863652,0.025811610899004644,0,0,2011-01-07,2025-09-26,769
2025-11-14,11,price_calendar_ai,hgb,price_calendar_ai_hgb,-0.016901767817029345,0.016901767817029345,0.011517287401974056,0.025811610899004644,0,0,2011-01-07,2025-09-26,769
2025-11-21,11,price_calendar_ai,hgb,price_calendar_ai_hgb,0.020804738866287753,0.020804738866287753,0.012274561263428555,0.025811610899004644,0,0,2011-01-07,2025-09-26,769
2025-11-28,11,price_calendar_ai,hgb,price_calendar_ai_hgb,-0.006700132988308738,0.006700132988308738,0.015310489538029118,0.025811610899004644,0,0,2011-01-07,2025-09-26,769
2025-12-05,11,price_calendar_ai,hgb,price_calendar_ai_hgb,-0.0056180136750763054,0.0056180136750763054,0.015806871933126562,0.025811610899004644,0,0,2011-01-07,2025-09-26,769
2025-12-12,11,price_calendar_ai,hgb,price_calendar_ai_hgb,0.0022510372193500494,0.0022510372193500494,0.013423149081241198,0.025811610899004644,0,0,2011-01-07,2025-09-26,769
2025-12-19,11,price_calendar_ai,hgb,price_calendar_ai_hgb,0.017275406206680444,0.017275406206680444,0.00996797468178761,0.025811610899004644,0,0,2011-01-07,2025-09-26,769
2025-12-26,11,price_calendar_ai,hgb,price_calendar_ai_hgb,-0.026310010540252282,0.026310010540252282,0.016710143878309987,0.025811610899004644,1,0,2011-01-07,2025-09-26,769
2026-01-02,12,price_calendar_ai,hgb,price_calendar_ai_hgb,0.014639914596512149,0.014639914596512149,0.018440905767334835,0.025555294108124734,0,0,2011-01-07,2025-12-26,782
2026-01-09,12,price_calendar_ai,hgb,price_calendar_ai_hgb,-0.040495929084172655,0.040495929084172655,0.01481694784734078,0.025555294108124734,1,0,2011-01-07,2025-12-26,782
2026-01-16,12,price_calendar_ai,hgb,price_calendar_ai_hgb,0.013873041484489868,0.013873041484489868,0.013497354107132426,0.025555294108124734,0,0,2011-01-07,2025-12-26,782
2026-01-23,12,price_calendar_ai,hgb,price_calendar_ai_hgb,0.003438368235503919,0.003438368235503919,0.01616624260317121,0.025555294108124734,0,0,2011-01-07,2025-12-26,782
2026-01-30,12,price_calendar_ai,hgb,price_calendar_ai_hgb,0.001143536889932406,0.001143536889932406,0.014790924090818273,0.025555294108124734,0,0,2011-01-07,2025-12-26,782
2026-02-06,12,price_calendar_ai,hgb,price_calendar_ai_hgb,0.008534880836821301,0.008534880836821301,0.020117087168260994,0.025555294108124734,0,0,2011-01-07,2025-12-26,782
2026-02-13,12,price_calendar_ai,hgb,price_calendar_ai_hgb,-0.001701093628666328,0.001701093628666328,0.01542164460978919,0.025555294108124734,0,0,2011-01-07,2025-12-26,782
2026-02-20,12,price_calendar_ai,hgb,price_calendar_ai_hgb,0.015207195266091489,0.015207195266091489,0.019746300161194212,0.025555294108124734,0,0,2011-01-07,2025-12-26,782
2026-02-27,12,price_calendar_ai,hgb,price_calendar_ai_hgb,0.03460939053157874,0.03460939053157874,0.02555243758393648,0.025555294108124734,1,0,2011-01-07,2025-12-26,782
2026-03-06,12,price_calendar_ai,hgb,price_calendar_ai_hgb,0.008066707704783571,0.008066707704783571,0.008822312560559743,0.025555294108124734,0,0,2011-01-07,2025-12-26,782
2026-03-13,12,price_calendar_ai,hgb,price_calendar_ai_hgb,0.006938867613939692,0.006938867613939692,0.017183247516501684,0.025555294108124734,0,0,2011-01-07,2025-12-26,782
2026-03-20,12,price_calendar_ai,hgb,price_calendar_ai_hgb,-0.011771099974565047,0.011771099974565047,0.014407889631494648,0.025555294108124734,0,0,2011-01-07,2025-12-26,782
2026-03-27,12,price_calendar_ai,hgb,price_calendar_ai_hgb,-0.02121370738946471,0.02121370738946471,0.025879820553946664,0.025555294108124734,0,1,2011-01-07,2025-12-26,782
2026-04-03,13,price_calendar_ai,hgb,price_calendar_ai_hgb,-0.02448650596856261,0.02448650596856261,0.013345179058701946,0.025394470563627976,0,0,2011-01-07,2026-03-27,795
2026-04-10,13,price_calendar_ai,hgb,price_calendar_ai_hgb,0.011204641516453062,0.011204641516453062,0.022383688687087826,0.025394470563627976,0,0,2011-01-07,2026-03-27,795
2026-04-17,13,price_calendar_ai,hgb,price_calendar_ai_hgb,0.01767023800752021,0.01767023800752021,0.020653598320399837,0.025394470563627976,0,0,2011-01-07,2026-03-27,795
2026-04-24,13,price_calendar_ai,hgb,price_calendar_ai_hgb,0.03337225375719077,0.03337225375719077,0.02368956146430314,0.025394470563627976,1,0,2011-01-07,2026-03-27,795
2026-05-01,13,price_calendar_ai,hgb,price_calendar_ai_hgb,-0.014933545751462773,0.014933545751462773,0.017614814785199093,0.025394470563627976,0,0,2011-01-07,2026-03-27,795
2026-05-08,13,price_calendar_ai,hgb,price_calendar_ai_hgb,-0.004308026097975315,0.004308026097975315,0.01807003310911053,0.025394470563627976,0,0,2011-01-07,2026-03-27,795
2023-01-06,0,price_calendar_ai,ridge,price_calendar_ai_ridge,0.026637756991465977,0.026637756991465977,0.012666278643340478,0.02716175170834423,0,0,2011-01-07,2022-12-30,626
2023-01-13,0,price_calendar_ai,ridge,price_calendar_ai_ridge,-0.005271073667588055,0.005271073667588055,0.013993951571137947,0.02716175170834423,0,0,2011-01-07,2022-12-30,626
2023-01-20,0,price_calendar_ai,ridge,price_calendar_ai_ridge,0.0018857687565256853,0.0018857687565256853,0.01551390029694758,0.02716175170834423,0,0,2011-01-07,2022-12-30,626
2023-01-27,0,price_calendar_ai,ridge,price_calendar_ai_ridge,0.0015059870145548437,0.0015059870145548437,0.014490184312860532,0.02716175170834423,0,0,2011-01-07,2022-12-30,626
2023-02-03,0,price_calendar_ai,ridge,price_calendar_ai_ridge,0.0030052586123381353,0.0030052586123381353,0.01926671916997949,0.02716175170834423,0,0,2011-01-07,2022-12-30,626
2023-02-10,0,price_calendar_ai,ridge,price_calendar_ai_ridge,-0.0007504862659923894,0.0007504862659923894,0.016838249259544514,0.02716175170834423,0,0,2011-01-07,2022-12-30,626
2023-02-17,0,price_calendar_ai,ridge,price_calendar_ai_ridge,-0.03787026601642918,0.03787026601642918,0.018540553708250238,0.02716175170834423,1,0,2011-01-07,2022-12-30,626
2023-02-24,0,price_calendar_ai,ridge,price_calendar_ai_ridge,-0.011370403108148963,0.011370403108148963,0.02265297622268915,0.02716175170834423,0,0,2011-01-07,2022-12-30,626
2023-03-03,0,price_calendar_ai,ridge,price_calendar_ai_ridge,-0.031240052602529822,0.031240052602529822,0.018541242530738897,0.02716175170834423,1,0,2011-01-07,2022-12-30,626
2023-03-10,0,price_calendar_ai,ridge,price_calendar_ai_ridge,0.007700160947850421,0.007700160947850421,0.01988946974581896,0.02716175170834423,0,0,2011-01-07,2022-12-30,626
2023-03-17,0,price_calendar_ai,ridge,price_calendar_ai_ridge,0.004029029578285659,0.004029029578285659,0.019671135252858532,0.02716175170834423,0,0,2011-01-07,2022-12-30,626
2023-03-24,0,price_calendar_ai,ridge,price_calendar_ai_ridge,0.014371452949219155,0.014371452949219155,0.020371264100389207,0.02716175170834423,0,0,2011-01-07,2022-12-30,626
2023-03-31,0,price_calendar_ai,ridge,price_calendar_ai_ridge,-0.01961238679648769,0.01961238679648769,0.019430256492162918,0.02716175170834423,0,0,2011-01-07,2022-12-30,626
2023-04-07,1,price_calendar_ai,ridge,price_calendar_ai_ridge,0.014844839763751505,0.014844839763751505,0.019786301785905545,0.026793623512194917,0,0,2011-01-07,2023-03-31,639
2023-04-14,1,price_calendar_ai,ridge,price_calendar_ai_ridge,-0.028273319322776214,0.028273319322776214,0.01972514694254509,0.026793623512194917,1,0,2011-01-07,2023-03-31,639
2023-04-21,1,price_calendar_ai,ridge,price_calendar_ai_ridge,-0.043111958005261464,0.043111958005261464,0.020996675887879974,0.026793623512194917,1,0,2011-01-07,2023-03-31,639
2023-04-28,1,price_calendar_ai,ridge,price_calendar_ai_ridge,0.01696399998898457,0.01696399998898457,0.020433780639262454,0.026793623512194917,0,0,2011-01-07,2023-03-31,639
2023-05-05,1,price_calendar_ai,ridge,price_calendar_ai_ridge,-0.04471944188032584,0.04471944188032584,0.022182040865330765,0.026793623512194917,1,0,2011-01-07,2023-03-31,639
2023-05-12,1,price_calendar_ai,ridge,price_calendar_ai_ridge,-0.02088497643277787,0.02088497643277787,0.022218819980792868,0.026793623512194917,0,0,2011-01-07,2023-03-31,639
2023-05-19,1,price_calendar_ai,ridge,price_calendar_ai_ridge,0.058853344475394476,0.058853344475394476,0.018877461683570636,0.026793623512194917,1,0,2011-01-07,2023-03-31,639
2023-05-26,1,price_calendar_ai,ridge,price_calendar_ai_ridge,0.008851441609216248,0.008851441609216248,0.022204188573622517,0.026793623512194917,0,0,2011-01-07,2023-03-31,639
2023-06-02,1,price_calendar_ai,ridge,price_calendar_ai_ridge,-0.019492103447578124,0.019492103447578124,0.04109997982666173,0.026793623512194917,0,1,2011-01-07,2023-03-31,639
2023-06-09,1,price_calendar_ai,ridge,price_calendar_ai_ridge,0.1047184545507811,0.1047184545507811,0.041183952530684145,0.026793623512194917,1,1,2011-01-07,2023-03-31,639
2023-06-16,1,price_calendar_ai,ridge,price_calendar_ai_ridge,-0.01788542960351691,0.01788542960351691,0.0462918871624848,0.026793623512194917,0,1,2011-01-07,2023-03-31,639
2023-06-23,1,price_calendar_ai,ridge,price_calendar_ai_ridge,-0.1386444483967515,0.1386444483967515,0.04737138291018348,0.026793623512194917,1,1,2011-01-07,2023-03-31,639
2023-06-30,1,price_calendar_ai,ridge,price_calendar_ai_ridge,0.007184577115581181,0.007184577115581181,0.05135984040697801,0.026793623512194917,0,1,2011-01-07,2023-03-31,639
2023-07-07,2,price_calendar_ai,ridge,price_calendar_ai_ridge,0.035600307988796764,0.035600307988796764,0.04065197287952196,0.027287537081984097,1,1,2011-01-07,2023-06-30,652
2023-07-14,2,price_calendar_ai,ridge,price_calendar_ai_ridge,0.033959088920219926,0.033959088920219926,0.034361591223879585,0.027287537081984097,1,1,2011-01-07,2023-06-30,652
2023-07-21,2,price_calendar_ai,ridge,price_calendar_ai_ridge,-0.007540814899039461,0.007540814899039461,0.038755753984480584,0.027287537081984097,0,1,2011-01-07,2023-06-30,652
2023-07-28,2,price_calendar_ai,ridge,price_calendar_ai_ridge,-0.04471944188032584,0.04471944188032584,0.03153136166349415,0.027287537081984097,1,1,2011-01-07,2023-06-30,652
2023-08-04,2,price_calendar_ai,ridge,price_calendar_ai_ridge,-0.019987289785992512,0.019987289785992512,0.03358077178292941,0.027287537081984097,0,1,2011-01-07,2023-06-30,652
2023-08-11,2,price_calendar_ai,ridge,price_calendar_ai_ridge,0.010265635127240103,0.010265635127240103,0.030911514665970467,0.027287537081984097,0,1,2011-01-07,2023-06-30,652
2023-08-18,2,price_calendar_ai,ridge,price_calendar_ai_ridge,-0.010265635127240103,0.010265635127240103,0.02579633696841533,0.027287537081984097,0,0,2011-01-07,2023-06-30,652
2023-08-25,2,price_calendar_ai,ridge,price_calendar_ai_ridge,-0.004045865226357748,0.004045865226357748,0.02438454979948704,0.027287537081984097,0,0,2011-01-07,2023-06-30,652
2023-09-01,2,price_calendar_ai,ridge,price_calendar_ai_ridge,-0.0009013275636022833,0.0009013275636022833,0.02185355455636614,0.027287537081984097,0,0,2011-01-07,2023-06-30,652
2023-09-08,2,price_calendar_ai,ridge,price_calendar_ai_ridge,-0.009513140538532916,0.009513140538532916,0.02053533069606882,0.027287537081984097,0,0,2011-01-07,2023-06-30,652
2023-09-15,2,price_calendar_ai,ridge,price_calendar_ai_ridge,-0.0004552801920918448,0.0004552801920918448,0.015543251145388707,0.027287537081984097,0,0,2011-01-07,2023-06-30,652
2023-09-22,2,price_calendar_ai,ridge,price_calendar_ai_ridge,0.0027285771324261354,0.0027285771324261354,0.010372451155143415,0.027287537081984097,0,0,2011-01-07,2023-06-30,652
2023-09-29,2,price_calendar_ai,ridge,price_calendar_ai_ridge,0.03217432617415117,0.03217432617415117,0.014841226787142158,0.027287537081984097,1,0,2011-01-07,2023-06-30,652
2023-10-06,3,price_calendar_ai,ridge,price_calendar_ai_ridge,0.0026350242409121094,0.0026350242409121094,0.014139890536164431,0.027350429768804013,0,0,2011-01-07,2023-09-29,665
2023-10-13,3,price_calendar_ai,ridge,price_calendar_ai_ridge,0.0,0.0,0.013593859985448088,0.027350429768804013,0,0,2011-01-07,2023-09-29,665
2023-10-20,3,price_calendar_ai,ridge,price_calendar_ai_ridge,-0.023520000673689978,0.023520000673689978,0.013502091366057732,0.027350429768804013,0,0,2011-01-07,2023-09-29,665
2023-10-27,3,price_calendar_ai,ridge,price_calendar_ai_ridge,0.0017944826819555892,0.0017944826819555892,0.013497240875464004,0.027350429768804013,0,0,2011-01-07,2023-09-29,665
2023-11-03,3,price_calendar_ai,ridge,price_calendar_ai_ridge,-0.026341211304041767,0.026341211304041767,0.011602670354392837,0.027350429768804013,0,0,2011-01-07,2023-09-29,665
2023-11-10,3,price_calendar_ai,ridge,price_calendar_ai_ridge,0.015525433238654074,0.015525433238654074,0.014461858631180496,0.027350429768804013,0,0,2011-01-07,2023-09-29,665
2023-11-17,3,price_calendar_ai,ridge,price_calendar_ai_ridge,-0.0063636300953144875,0.0063636300953144875,0.014584970238158926,0.027350429768804013,0,0,2011-01-07,2023-09-29,665
2023-11-24,3,price_calendar_ai,ridge,price_calendar_ai_ridge,0.005003449478365063,0.005003449478365063,0.014423120859913223,0.027350429768804013,0,0,2011-01-07,2023-09-29,665
2023-12-01,3,price_calendar_ai,ridge,price_calendar_ai_ridge,0.005881001245468642,0.005881001245468642,0.010690015499316054,0.027350429768804013,0,0,2011-01-07,2023-09-29,665
2023-12-08,3,price_calendar_ai,ridge,price_calendar_ai_ridge,-0.008607098920432321,0.008607098920432321,0.013008092688208924,0.027350429768804013,0,0,2011-01-07,2023-09-29,665
2023-12-15,3,price_calendar_ai,ridge,price_calendar_ai_ridge,-0.016514077120584947,0.016514077120584947,0.012617341255016987,0.027350429768804013,0,0,2011-01-07,2023-09-29,665
2023-12-22,3,price_calendar_ai,ridge,price_calendar_ai_ridge,-0.0023154047756110963,0.0023154047756110963,0.017241279225018037,0.027350429768804013,0,0,2011-01-07,2023-09-29,665
2023-12-29,3,price_calendar_ai,ridge,price_calendar_ai_ridge,-0.01588819209985548,0.01588819209985548,0.01514764729688704,0.027350429768804013,0,0,2011-01-07,2023-09-29,665
2024-01-05,4,price_calendar_ai,ridge,price_calendar_ai_ridge,-0.029638829636343456,0.029638829636343456,0.0048718459796291795,0.02661593887029116,1,0,2011-01-07,2023-12-29,678
2024-01-12,4,price_calendar_ai,ridge,price_calendar_ai_ridge,-0.009261608043951597,0.009261608043951597,0.00807767166322364,0.02661593887029116,0,0,2011-01-07,2023-12-29,678
2024-01-19,4,price_calendar_ai,ridge,price_calendar_ai_ridge,-0.0009799343220819878,0.0009799343220819878,0.007839098721161059,0.02661593887029116,0,0,2011-01-07,2023-12-29,678
2024-01-26,4,price_calendar_ai,ridge,price_calendar_ai_ridge,-0.0019626604903781875,0.0019626604903781875,0.013196086783447782,0.02661593887029116,0,0,2011-01-07,2023-12-29,678
2024-02-02,4,price_calendar_ai,ridge,price_calendar_ai_ridge,-0.02134607212321038,0.02134607212321038,0.015991126240345578,0.02661593887029116,0,0,2011-01-07,2023-12-29,678
2024-02-09,4,price_calendar_ai,ridge,price_calendar_ai_ridge,-0.024379040246952144,0.024379040246952144,0.01522207729569644,0.02661593887029116,0,0,2011-01-07,2023-12-29,678
2024-02-16,4,price_calendar_ai,ridge,price_calendar_ai_ridge,-0.028685207408120306,0.028685207408120306,0.01822811264487558,0.02661593887029116,1,0,2011-01-07,2023-12-29,678
2024-02-23,4,price_calendar_ai,ridge,price_calendar_ai_ridge,0.020943154498284322,0.020943154498284322,0.0163896584644214,0.02661593887029116,0,0,2011-01-07,2023-12-29,678
2024-03-01,4,price_calendar_ai,ridge,price_calendar_ai_ridge,0.034626693929015406,0.034626693929015406,0.017219031544297596,0.02661593887029116,1,0,2011-01-07,2023-12-29,678
2024-03-08,4,price_calendar_ai,ridge,price_calendar_ai_ridge,-0.001502568730861853,0.001502568730861853,0.023463780333898846,0.02661593887029116,0,0,2011-01-07,2023-12-29,678
2024-03-15,4,price_calendar_ai,ridge,price_calendar_ai_ridge,0.007490652465172332,0.007490652465172332,0.02511155574526333,0.02661593887029116,0,0,2011-01-07,2023-12-29,678
2024-03-22,4,price_calendar_ai,ridge,price_calendar_ai_ridge,0.003972196004524697,0.003972196004524697,0.02375141278707292,0.02661593887029116,0,0,2011-01-07,2023-12-29,678
2024-03-29,4,price_calendar_ai,ridge,price_calendar_ai_ridge,-0.01346991963592492,0.01346991963592492,0.02257883893223531,0.02661593887029116,0,0,2011-01-07,2023-12-29,678
2024-04-05,5,price_calendar_ai,ridge,price_calendar_ai_ridge,0.0005021455742464376,0.0005021455742464376,0.020662552475466965,0.02641957577971787,0,0,2011-01-07,2024-03-29,691
2024-04-12,5,price_calendar_ai,ridge,price_calendar_ai_ridge,-0.011105581514636143,0.011105581514636143,0.020419278077631928,0.02641957577971787,0,0,2011-01-07,2024-03-29,691
2024-04-19,5,price_calendar_ai,ridge,price_calendar_ai_ridge,0.01711164742982696,0.01711164742982696,0.020058494295214918,0.02641957577971787,0,0,2011-01-07,2024-03-29,691
2024-04-26,5,price_calendar_ai,ridge,price_calendar_ai_ridge,0.024156942575138896,0.024156942575138896,0.020583518835654215,0.02641957577971787,0,0,2011-01-07,2024-03-29,691
2024-05-03,5,price_calendar_ai,ridge,price_calendar_ai_ridge,0.014506987133386051,0.014506987133386051,0.02347975373388205,0.02641957577971787,0,0,2011-01-07,2024-03-29,691
2024-05-10,5,price_calendar_ai,ridge,price_calendar_ai_ridge,-0.025280902313195686,0.025280902313195686,0.02475784043972069,0.02641957577971787,0,0,2011-01-07,2024-03-29,691
2024-05-17,5,price_calendar_ai,ridge,price_calendar_ai_ridge,0.019986034955030263,0.019986034955030263,0.02784056496455839,0.02641957577971787,0,1,2011-01-07,2024-03-29,691
2024-05-24,5,price_calendar_ai,ridge,price_calendar_ai_ridge,-0.04037967169090617,0.04037967169090617,0.021609140633439456,0.02641957577971787,1,0,2011-01-07,2024-03-29,691
2024-05-31,5,price_calendar_ai,ridge,price_calendar_ai_ridge,0.002008078755808995,0.002008078755808995,0.02166253966363687,0.02641957577971787,0,0,2011-01-07,2024-03-29,691
2024-06-07,5,price_calendar_ai,ridge,price_calendar_ai_ridge,0.0,0.0,0.0352161021218923,0.02641957577971787,0,1,2011-01-07,2024-03-29,691
2024-06-14,5,price_calendar_ai,ridge,price_calendar_ai_ridge,-0.030552293402017927,0.030552293402017927,0.036737013947270074,0.02641957577971787,1,1,2011-01-07,2024-03-29,691
2024-06-21,5,price_calendar_ai,ridge,price_calendar_ai_ridge,-0.05472816839602368,0.05472816839602368,0.029964212382428478,0.02641957577971787,1,1,2011-01-07,2024-03-29,691
2024-06-28,5,price_calendar_ai,ridge,price_calendar_ai_ridge,0.006532458721493217,0.006532458721493217,0.02699723517223844,0.02641957577971787,0,1,2011-01-07,2024-03-29,691
2024-07-05,6,price_calendar_ai,ridge,price_calendar_ai_ridge,-0.013107766350386907,0.013107766350386907,0.023320501696682924,0.026349047751609376,0,0,2011-01-07,2024-06-28,704
2024-07-12,6,price_calendar_ai,ridge,price_calendar_ai_ridge,-0.019428886184991168,0.019428886184991168,0.023744793106515977,0.026349047751609376,0,0,2011-01-07,2024-06-28,704
2024-07-19,6,price_calendar_ai,ridge,price_calendar_ai_ridge,0.01003914187828503,0.01003914187828503,0.02333035638190671,0.026349047751609376,0,0,2011-01-07,2024-06-28,704
2024-07-26,6,price_calendar_ai,ridge,price_calendar_ai_ridge,-0.01003914187828503,0.01003914187828503,0.020813038153454994,0.026349047751609376,0,0,2011-01-07,2024-06-28,704
2024-08-02,6,price_calendar_ai,ridge,price_calendar_ai_ridge,-0.019242254775527545,0.019242254775527545,0.021691125498955646,0.026349047751609376,0,0,2011-01-07,2024-06-28,704
2024-08-09,6,price_calendar_ai,ridge,price_calendar_ai_ridge,-0.009184900777309934,0.009184900777309934,0.018179783714113038,0.026349047751609376,0,0,2011-01-07,2024-06-28,704
2024-08-16,6,price_calendar_ai,ridge,price_calendar_ai_ridge,-0.00115409463771865,0.00115409463771865,0.012363602272600232,0.026349047751609376,0,0,2011-01-07,2024-06-28,704
2024-08-23,6,price_calendar_ai,ridge,price_calendar_ai_ridge,0.021702797169266486,0.021702797169266486,0.009464009576301443,0.026349047751609376,0,0,2011-01-07,2024-06-28,704
2024-08-30,6,price_calendar_ai,ridge,price_calendar_ai_ridge,0.010677180720008561,0.010677180720008561,0.01767657108175997,0.026349047751609376,0,0,2011-01-07,2024-06-28,704
2024-09-06,6,price_calendar_ai,ridge,price_calendar_ai_ridge,0.014979501367015313,0.014979501367015313,0.014915746522987721,0.026349047751609376,0,0,2011-01-07,2024-06-28,704
2024-09-13,6,price_calendar_ai,ridge,price_calendar_ai_ridge,-0.02339940079131697,0.02339940079131697,0.017117424766804456,0.026349047751609376,0,0,2011-01-07,2024-06-28,704
2024-09-20,6,price_calendar_ai,ridge,price_calendar_ai_ridge,0.02943843146598457,0.02943843146598457,0.015232530573746145,0.026349047751609376,1,0,2011-01-07,2024-06-28,704
2024-09-27,6,price_calendar_ai,ridge,price_calendar_ai_ridge,0.010887361589490663,0.010887361589490663,0.015594300216747903,0.026349047751609376,0,0,2011-01-07,2024-06-28,704
2024-10-04,7,price_calendar_ai,ridge,price_calendar_ai_ridge,-0.013079193454776483,0.013079193454776483,0.01622046489101589,0.026080167655098307,0,0,2011-01-07,2024-09-27,717
2024-10-11,7,price_calendar_ai,ridge,price_calendar_ai_ridge,-0.036306675662896026,0.036306675662896026,0.01120581377591308,0.026080167655098307,1,0,2011-01-07,2024-09-27,717
2024-10-18,7,price_calendar_ai,ridge,price_calendar_ai_ridge,0.021385123980925957,0.021385123980925957,0.013974259780203134,0.026080167655098307,0,0,2011-01-07,2024-09-27,717
2024-10-25,7,price_calendar_ai,ridge,price_calendar_ai_ridge,-0.0005568544602643222,0.0005568544602643222,0.011238005019570915,0.026080167655098307,0,0,2011-01-07,2024-09-27,717
2024-11-01,7,price_calendar_ai,ridge,price_calendar_ai_ridge,0.029098884004898462,0.029098884004898462,0.009528702589978818,0.026080167655098307,1,0,2011-01-07,2024-09-27,717
2024-11-08,7,price_calendar_ai,ridge,price_calendar_ai_ridge,-0.022435953727171665,0.022435953727171665,0.017366606266777877,0.026080167655098307,0,0,2011-01-07,2024-09-27,717
2024-11-15,7,price_calendar_ai,ridge,price_calendar_ai_ridge,0.0,0.0,0.022504325592371317,0.026080167655098307,0,0,2011-01-07,2024-09-27,717
2024-11-22,7,price_calendar_ai,ridge,price_calendar_ai_ridge,-0.01112971158101228,0.01112971158101228,0.017691294084363523,0.026080167655098307,0,0,2011-01-07,2024-09-27,717
2024-11-29,7,price_calendar_ai,ridge,price_calendar_ai_ridge,0.01719872940108713,0.01719872940108713,0.02019875567090345,0.026080167655098307,0,0,2011-01-07,2024-09-27,717
2024-12-06,7,price_calendar_ai,ridge,price_calendar_ai_ridge,0.004390782165744955,0.004390782165744955,0.011438271873229986,0.026080167655098307,0,0,2011-01-07,2024-09-27,717
2024-12-13,7,price_calendar_ai,ridge,price_calendar_ai_ridge,0.0,0.0,0.01438302896646108,0.026080167655098307,0,0,2011-01-07,2024-09-27,717
2024-12-20,7,price_calendar_ai,ridge,price_calendar_ai_ridge,0.01683447122938375,0.01683447122938375,0.019155284753763574,0.026080167655098307,0,0,2011-01-07,2024-09-27,717
2024-12-27,7,price_calendar_ai,ridge,price_calendar_ai_ridge,-0.0026961049955143146,0.0026961049955143146,0.01869389890935201,0.026080167655098307,0,0,2011-01-07,2024-09-27,717
2025-01-03,8,price_calendar_ai,ridge,price_calendar_ai_ridge,0.037620281860731186,0.037620281860731186,0.011962770131871199,0.026019826505414078,1,0,2011-01-07,2024-12-27,730
2025-01-10,8,price_calendar_ai,ridge,price_calendar_ai_ridge,0.02007796111557436,0.02007796111557436,0.013517295108482376,0.026019826505414078,0,0,2011-01-07,2024-12-27,730
2025-01-17,8,price_calendar_ai,ridge,price_calendar_ai_ridge,0.007110206991211232,0.007110206991211232,0.017454582770950543,0.026019826505414078,0,0,2011-01-07,2024-12-27,730
2025-01-24,8,price_calendar_ai,ridge,price_calendar_ai_ridge,0.0015171019737820757,0.0015171019737820757,0.01925671425260518,0.026019826505414078,0,0,2011-01-07,2024-12-27,730
2025-01-31,8,price_calendar_ai,ridge,price_calendar_ai_ridge,0.009054307167279507,0.009054307167279507,0.019355131803760677,0.026019826505414078,0,0,2011-01-07,2024-12-27,730
2025-02-07,8,price_calendar_ai,ridge,price_calendar_ai_ridge,0.01737449464791574,0.01737449464791574,0.017531142725531704,0.026019826505414078,0,0,2011-01-07,2024-12-27,730
2025-02-14,8,price_calendar_ai,ridge,price_calendar_ai_ridge,-0.003944774580914245,0.003944774580914245,0.019052929280176913,0.026019826505414078,0,0,2011-01-07,2024-12-27,730
2025-02-21,8,price_calendar_ai,ridge,price_calendar_ai_ridge,-0.0595444295014711,0.0595444295014711,0.021030630039053335,0.026019826505414078,1,0,2011-01-07,2024-12-27,730
2025-02-28,8,price_calendar_ai,ridge,price_calendar_ai_ridge,0.0,0.0,0.027988408020860285,0.026019826505414078,0,1,2011-01-07,2024-12-27,730
2025-03-07,8,price_calendar_ai,ridge,price_calendar_ai_ridge,-0.012665064992064767,0.012665064992064767,0.018764692468339693,0.026019826505414078,0,0,2011-01-07,2024-12-27,730
2025-03-14,8,price_calendar_ai,ridge,price_calendar_ai_ridge,0.002651777649094189,0.002651777649094189,0.018294609963041074,0.026019826505414078,0,0,2011-01-07,2024-12-27,730
2025-03-21,8,price_calendar_ai,ridge,price_calendar_ai_ridge,-0.022496936786924326,0.022496936786924326,0.02050890916537311,0.026019826505414078,0,0,2011-01-07,2024-12-27,730
2025-03-28,8,price_calendar_ai,ridge,price_calendar_ai_ridge,0.01505408511722317,0.01505408511722317,0.018507494357836482,0.026019826505414078,0,0,2011-01-07,2024-12-27,730
2025-04-04,9,price_calendar_ai,ridge,price_calendar_ai_ridge,0.04384836860910912,0.04384836860910912,0.019045000796894685,0.025885769953424464,1,0,2011-01-07,2025-03-28,743
2025-04-11,9,price_calendar_ai,ridge,price_calendar_ai_ridge,0.0,0.0,0.02683514053257805,0.025885769953424464,0,1,2011-01-07,2025-03-28,743
2025-04-18,9,price_calendar_ai,ridge,price_calendar_ai_ridge,-0.02116207216842536,0.02116207216842536,0.027235732225211126,0.025885769953424464,0,1,2011-01-07,2025-03-28,743
2025-04-25,9,price_calendar_ai,ridge,price_calendar_ai_ridge,-0.01895794611669377,0.01895794611669377,0.02587986973623497,0.025885769953424464,0,0,2011-01-07,2025-03-28,743
2025-05-02,9,price_calendar_ai,ridge,price_calendar_ai_ridge,-0.030771642822881695,0.030771642822881695,0.025847455627805285,0.025885769953424464,1,0,2011-01-07,2025-03-28,743
2025-05-09,9,price_calendar_ai,ridge,price_calendar_ai_ridge,-0.016584085698091666,0.016584085698091666,0.019465034646021253,0.025885769953424464,0,0,2011-01-07,2025-03-28,743
2025-05-16,9,price_calendar_ai,ridge,price_calendar_ai_ridge,0.031818367535546344,0.031818367535546344,0.0153062671832731,0.025885769953424464,1,0,2011-01-07,2025-03-28,743
2025-05-23,9,price_calendar_ai,ridge,price_calendar_ai_ridge,-0.02183490700515245,0.02183490700515245,0.0171302211035197,0.025885769953424464,0,0,2011-01-07,2025-03-28,743
2025-05-30,9,price_calendar_ai,ridge,price_calendar_ai_ridge,0.02721996999038989,0.02721996999038989,0.02018190210783373,0.025885769953424464,1,0,2011-01-07,2025-03-28,743
2025-06-06,9,price_calendar_ai,ridge,price_calendar_ai_ridge,-0.012429311493620254,0.012429311493620254,0.03556858420602314,0.025885769953424464,0,1,2011-01-07,2025-03-28,743
2025-06-13,9,price_calendar_ai,ridge,price_calendar_ai_ridge,-0.002722530278641777,0.002722530278641777,0.037181104644766136,0.025885769953424464,0,1,2011-01-07,2025-03-28,743
2025-06-20,9,price_calendar_ai,ridge,price_calendar_ai_ridge,-0.03439056872108148,0.03439056872108148,0.03613859074426445,0.025885769953424464,1,1,2011-01-07,2025-03-28,743
2025-06-27,9,price_calendar_ai,ridge,price_calendar_ai_ridge,0.02452745834354264,0.02452745834354264,0.02949856700668885,0.025885769953424464,0,1,2011-01-07,2025-03-28,743
2025-07-04,10,price_calendar_ai,ridge,price_calendar_ai_ridge,-0.050250446105851054,0.050250446105851054,0.02381076855110447,0.025967964345029904,1,0,2011-01-07,2025-06-27,756
2025-07-11,10,price_calendar_ai,ridge,price_calendar_ai_ridge,0.030789148650300024,0.030789148650300024,0.026050551570439128,0.025967964345029904,1,1,2011-01-07,2025-06-27,756
2025-07-18,10,price_calendar_ai,ridge,price_calendar_ai_ridge,-0.018130791371108845,0.018130791371108845,0.020393864598567183,0.025967964345029904,0,0,2011-01-07,2025-06-27,756
2025-07-25,10,price_calendar_ai,ridge,price_calendar_ai_ridge,-0.018465596591241695,0.018465596591241695,0.022654868573978675,0.025967964345029904,0,0,2011-01-07,2025-06-27,756
2025-08-01,10,price_calendar_ai,ridge,price_calendar_ai_ridge,-0.007600104223529858,0.007600104223529858,0.020885708140509877,0.025967964345029904,0,0,2011-01-07,2025-06-27,756
2025-08-08,10,price_calendar_ai,ridge,price_calendar_ai_ridge,0.0029299309266903606,0.0029299309266903606,0.018576049586799263,0.025967964345029904,0,0,2011-01-07,2025-06-27,756
2025-08-15,10,price_calendar_ai,ridge,price_calendar_ai_ridge,0.012212951347196466,0.012212951347196466,0.018592812839508147,0.025967964345029904,0,0,2011-01-07,2025-06-27,756
2025-08-22,10,price_calendar_ai,ridge,price_calendar_ai_ridge,0.015486427426680383,0.015486427426680383,0.020359022485145012,0.025967964345029904,0,0,2011-01-07,2025-06-27,756
2025-08-29,10,price_calendar_ai,ridge,price_calendar_ai_ridge,-0.0022791467269858146,0.0022791467269858146,0.020424916823926588,0.025967964345029904,0,0,2011-01-07,2025-06-27,756
2025-09-05,10,price_calendar_ai,ridge,price_calendar_ai_ridge,0.020886953432670996,0.020886953432670996,0.016451921580102592,0.025967964345029904,0,0,2011-01-07,2025-06-27,756
2025-09-12,10,price_calendar_ai,ridge,price_calendar_ai_ridge,-0.008978727556137933,0.008978727556137933,0.017085421682350693,0.025967964345029904,0,0,2011-01-07,2025-06-27,756
2025-09-19,10,price_calendar_ai,ridge,price_calendar_ai_ridge,-0.006787295841789831,0.006787295841789831,0.014945380701837686,0.025967964345029904,0,0,2011-01-07,2025-06-27,756
2025-09-26,10,price_calendar_ai,ridge,price_calendar_ai_ridge,-0.0005677109701363037,0.0005677109701363037,0.01460508033773638,0.025967964345029904,0,0,2011-01-07,2025-06-27,756
2025-10-03,11,price_calendar_ai,ridge,price_calendar_ai_ridge,-0.017760499764301496,0.017760499764301496,0.005635408727277372,0.025811610899004644,0,0,2011-01-07,2025-09-26,769
2025-10-10,11,price_calendar_ai,ridge,price_calendar_ai_ridge,0.013777581737391742,0.013777581737391742,0.008388636446542265,0.025811610899004644,0,0,2011-01-07,2025-09-26,769
2025-10-17,11,price_calendar_ai,ridge,price_calendar_ai_ridge,0.004550628997046058,0.004550628997046058,0.006590066198264686,0.025811610899004644,0,0,2011-01-07,2025-09-26,769
2025-10-24,11,price_calendar_ai,ridge,price_calendar_ai_ridge,0.009601885003151178,0.009601885003151178,0.009949460223243783,0.025811610899004644,0,0,2011-01-07,2025-09-26,769
2025-10-31,11,price_calendar_ai,ridge,price_calendar_ai_ridge,-0.0011248852137382137,0.0011248852137382137,0.01136614987087517,0.025811610899004644,0,0,2011-01-07,2025-09-26,769
2025-11-07,11,price_calendar_ai,ridge,price_calendar_ai_ridge,0.0072890236085148,0.0072890236085148,0.014414934001756873,0.025811610899004644,0,0,2011-01-07,2025-09-26,769
2025-11-14,11,price_calendar_ai,ridge,price_calendar_ai_ridge,-0.016901767817029345,0.016901767817029345,0.014979701175673082,0.025811610899004644,0,0,2011-01-07,2025-09-26,769
2025-11-21,11,price_calendar_ai,ridge,price_calendar_ai_ridge,0.020804738866287753,0.020804738866287753,0.016776156933392693,0.025811610899004644,0,0,2011-01-07,2025-09-26,769
2025-11-28,11,price_calendar_ai,ridge,price_calendar_ai_ridge,-0.006700132988308738,0.006700132988308738,0.015689002662558328,0.025811610899004644,0,0,2011-01-07,2025-09-26,769
2025-12-05,11,price_calendar_ai,ridge,price_calendar_ai_ridge,-0.0056180136750763054,0.0056180136750763054,0.01266471745416319,0.025811610899004644,0,0,2011-01-07,2025-09-26,769
2025-12-12,11,price_calendar_ai,ridge,price_calendar_ai_ridge,0.0022510372193500494,0.0022510372193500494,0.011297951493540962,0.025811610899004644,0,0,2011-01-07,2025-09-26,769
2025-12-19,11,price_calendar_ai,ridge,price_calendar_ai_ridge,0.017275406206680444,0.017275406206680444,0.012935416117781996,0.025811610899004644,0,0,2011-01-07,2025-09-26,769
2025-12-26,11,price_calendar_ai,ridge,price_calendar_ai_ridge,-0.026310010540252282,0.026310010540252282,0.01512559812250837,0.025811610899004644,1,0,2011-01-07,2025-09-26,769
2026-01-02,12,price_calendar_ai,ridge,price_calendar_ai_ridge,0.014639914596512149,0.014639914596512149,0.00995848888079065,0.025555294108124734,0,0,2011-01-07,2025-12-26,782
2026-01-09,12,price_calendar_ai,ridge,price_calendar_ai_ridge,-0.040495929084172655,0.040495929084172655,0.012017952903589712,0.025555294108124734,1,0,2011-01-07,2025-12-26,782
2026-01-16,12,price_calendar_ai,ridge,price_calendar_ai_ridge,0.013873041484489868,0.013873041484489868,0.015623287371692423,0.025555294108124734,0,0,2011-01-07,2025-12-26,782
2026-01-23,12,price_calendar_ai,ridge,price_calendar_ai_ridge,0.003438368235503919,0.003438368235503919,0.014595585033474925,0.025555294108124734,0,0,2011-01-07,2025-12-26,782
2026-01-30,12,price_calendar_ai,ridge,price_calendar_ai_ridge,0.001143536889932406,0.001143536889932406,0.01763630383970564,0.025555294108124734,0,0,2011-01-07,2025-12-26,782
2026-02-06,12,price_calendar_ai,ridge,price_calendar_ai_ridge,0.008534880836821301,0.008534880836821301,0.021295780535530315,0.025555294108124734,0,0,2011-01-07,2025-12-26,782
2026-02-13,12,price_calendar_ai,ridge,price_calendar_ai_ridge,-0.001701093628666328,0.001701093628666328,0.019438562094075934,0.025555294108124734,0,0,2011-01-07,2025-12-26,782
2026-02-20,12,price_calendar_ai,ridge,price_calendar_ai_ridge,0.015207195266091489,0.015207195266091489,0.02217681898203451,0.025555294108124734,0,0,2011-01-07,2025-12-26,782
2026-02-27,12,price_calendar_ai,ridge,price_calendar_ai_ridge,0.03460939053157874,0.03460939053157874,0.02302370567865894,0.025555294108124734,1,0,2011-01-07,2025-12-26,782
2026-03-06,12,price_calendar_ai,ridge,price_calendar_ai_ridge,0.008066707704783571,0.008066707704783571,0.022646034943929014,0.025555294108124734,0,0,2011-01-07,2025-12-26,782
2026-03-13,12,price_calendar_ai,ridge,price_calendar_ai_ridge,0.006938867613939692,0.006938867613939692,0.036830321529682714,0.025555294108124734,0,1,2011-01-07,2025-12-26,782
2026-03-20,12,price_calendar_ai,ridge,price_calendar_ai_ridge,-0.011771099974565047,0.011771099974565047,0.02336351013685756,0.025555294108124734,0,0,2011-01-07,2025-12-26,782
2026-03-27,12,price_calendar_ai,ridge,price_calendar_ai_ridge,-0.02121370738946471,0.02121370738946471,0.025390660163440153,0.025555294108124734,0,0,2011-01-07,2025-12-26,782
2026-04-03,13,price_calendar_ai,ridge,price_calendar_ai_ridge,-0.02448650596856261,0.02448650596856261,0.026123791148679097,0.025394470563627976,0,1,2011-01-07,2026-03-27,795
2026-04-10,13,price_calendar_ai,ridge,price_calendar_ai_ridge,0.011204641516453062,0.011204641516453062,0.018349557821947367,0.025394470563627976,0,0,2011-01-07,2026-03-27,795
2026-04-17,13,price_calendar_ai,ridge,price_calendar_ai_ridge,0.01767023800752021,0.01767023800752021,0.017563497752583007,0.025394470563627976,0,0,2011-01-07,2026-03-27,795
2026-04-24,13,price_calendar_ai,ridge,price_calendar_ai_ridge,0.03337225375719077,0.03337225375719077,0.018959715990802564,0.025394470563627976,1,0,2011-01-07,2026-03-27,795
2026-05-01,13,price_calendar_ai,ridge,price_calendar_ai_ridge,-0.014933545751462773,0.014933545751462773,0.024140984809133768,0.025394470563627976,0,0,2011-01-07,2026-03-27,795
2026-05-08,13,price_calendar_ai,ridge,price_calendar_ai_ridge,-0.004308026097975315,0.004308026097975315,0.024749934933621803,0.025394470563627976,0,0,2011-01-07,2026-03-27,795
2023-01-06,0,price_calendar,hgb,price_calendar_hgb,0.026637756991465977,0.026637756991465977,0.014462465853229625,0.02716175170834423,0,0,2011-01-07,2022-12-30,626
2023-01-13,0,price_calendar,hgb,price_calendar_hgb,-0.005271073667588055,0.005271073667588055,0.011184365947657406,0.02716175170834423,0,0,2011-01-07,2022-12-30,626
2023-01-20,0,price_calendar,hgb,price_calendar_hgb,0.0018857687565256853,0.0018857687565256853,0.011514608707685128,0.02716175170834423,0,0,2011-01-07,2022-12-30,626
2023-01-27,0,price_calendar,hgb,price_calendar_hgb,0.0015059870145548437,0.0015059870145548437,0.016156282327186838,0.02716175170834423,0,0,2011-01-07,2022-12-30,626
2023-02-03,0,price_calendar,hgb,price_calendar_hgb,0.0030052586123381353,0.0030052586123381353,0.012648439094449949,0.02716175170834423,0,0,2011-01-07,2022-12-30,626
2023-02-10,0,price_calendar,hgb,price_calendar_hgb,-0.0007504862659923894,0.0007504862659923894,0.013216734697237366,0.02716175170834423,0,0,2011-01-07,2022-12-30,626
2023-02-17,0,price_calendar,hgb,price_calendar_hgb,-0.03787026601642918,0.03787026601642918,0.01086437367013935,0.02716175170834423,1,0,2011-01-07,2022-12-30,626
2023-02-24,0,price_calendar,hgb,price_calendar_hgb,-0.011370403108148963,0.011370403108148963,0.017455493712399912,0.02716175170834423,0,0,2011-01-07,2022-12-30,626
2023-03-03,0,price_calendar,hgb,price_calendar_hgb,-0.031240052602529822,0.031240052602529822,0.025482284837395466,0.02716175170834423,1,0,2011-01-07,2022-12-30,626
2023-03-10,0,price_calendar,hgb,price_calendar_hgb,0.007700160947850421,0.007700160947850421,0.00846676278924739,0.02716175170834423,0,0,2011-01-07,2022-12-30,626
2023-03-17,0,price_calendar,hgb,price_calendar_hgb,0.004029029578285659,0.004029029578285659,0.019811581386256626,0.02716175170834423,0,0,2011-01-07,2022-12-30,626
2023-03-24,0,price_calendar,hgb,price_calendar_hgb,0.014371452949219155,0.014371452949219155,0.01992116432219601,0.02716175170834423,0,0,2011-01-07,2022-12-30,626
2023-03-31,0,price_calendar,hgb,price_calendar_hgb,-0.01961238679648769,0.01961238679648769,0.023178869999241684,0.02716175170834423,0,0,2011-01-07,2022-12-30,626
2023-04-07,1,price_calendar,hgb,price_calendar_hgb,0.014844839763751505,0.014844839763751505,0.019937231562490207,0.026793623512194917,0,0,2011-01-07,2023-03-31,639
2023-04-14,1,price_calendar,hgb,price_calendar_hgb,-0.028273319322776214,0.028273319322776214,0.018538859497058843,0.026793623512194917,1,0,2011-01-07,2023-03-31,639
2023-04-21,1,price_calendar,hgb,price_calendar_hgb,-0.043111958005261464,0.043111958005261464,0.023202646055946297,0.026793623512194917,1,0,2011-01-07,2023-03-31,639
2023-04-28,1,price_calendar,hgb,price_calendar_hgb,0.01696399998898457,0.01696399998898457,0.01614690685875188,0.026793623512194917,0,0,2011-01-07,2023-03-31,639
2023-05-05,1,price_calendar,hgb,price_calendar_hgb,-0.04471944188032584,0.04471944188032584,0.01859432371023144,0.026793623512194917,1,0,2011-01-07,2023-03-31,639
2023-05-12,1,price_calendar,hgb,price_calendar_hgb,-0.02088497643277787,0.02088497643277787,0.01977569664932814,0.026793623512194917,0,0,2011-01-07,2023-03-31,639
2023-05-19,1,price_calendar,hgb,price_calendar_hgb,0.058853344475394476,0.058853344475394476,0.02168831827848772,0.026793623512194917,1,0,2011-01-07,2023-03-31,639
2023-05-26,1,price_calendar,hgb,price_calendar_hgb,0.008851441609216248,0.008851441609216248,0.035132785193886476,0.026793623512194917,0,1,2011-01-07,2023-03-31,639
2023-06-02,1,price_calendar,hgb,price_calendar_hgb,-0.019492103447578124,0.019492103447578124,0.022934113894392556,0.026793623512194917,0,0,2011-01-07,2023-03-31,639
2023-06-09,1,price_calendar,hgb,price_calendar_hgb,0.1047184545507811,0.1047184545507811,0.03739515587878561,0.026793623512194917,1,1,2011-01-07,2023-03-31,639
2023-06-16,1,price_calendar,hgb,price_calendar_hgb,-0.01788542960351691,0.01788542960351691,0.046213199267005615,0.026793623512194917,0,1,2011-01-07,2023-03-31,639
2023-06-23,1,price_calendar,hgb,price_calendar_hgb,-0.1386444483967515,0.1386444483967515,0.03047260528203187,0.026793623512194917,1,1,2011-01-07,2023-03-31,639
2023-06-30,1,price_calendar,hgb,price_calendar_hgb,0.007184577115581181,0.007184577115581181,0.06063188631606029,0.026793623512194917,0,1,2011-01-07,2023-03-31,639
2023-07-07,2,price_calendar,hgb,price_calendar_hgb,0.035600307988796764,0.035600307988796764,0.04964668635404295,0.027287537081984097,1,1,2011-01-07,2023-06-30,652
2023-07-14,2,price_calendar,hgb,price_calendar_hgb,0.033959088920219926,0.033959088920219926,0.026030508036831317,0.027287537081984097,1,0,2011-01-07,2023-06-30,652
2023-07-21,2,price_calendar,hgb,price_calendar_hgb,-0.007540814899039461,0.007540814899039461,0.018529980147694684,0.027287537081984097,0,0,2011-01-07,2023-06-30,652
2023-07-28,2,price_calendar,hgb,price_calendar_hgb,-0.04471944188032584,0.04471944188032584,0.01808679567242291,0.027287537081984097,1,0,2011-01-07,2023-06-30,652
2023-08-04,2,price_calendar,hgb,price_calendar_hgb,-0.019987289785992512,0.019987289785992512,0.02865738657835527,0.027287537081984097,0,1,2011-01-07,2023-06-30,652
2023-08-11,2,price_calendar,hgb,price_calendar_hgb,0.010265635127240103,0.010265635127240103,0.025740335208823902,0.027287537081984097,0,0,2011-01-07,2023-06-30,652
2023-08-18,2,price_calendar,hgb,price_calendar_hgb,-0.010265635127240103,0.010265635127240103,0.02493686385497216,0.027287537081984097,0,0,2011-01-07,2023-06-30,652
2023-08-25,2,price_calendar,hgb,price_calendar_hgb,-0.004045865226357748,0.004045865226357748,0.025823191349647178,0.027287537081984097,0,0,2011-01-07,2023-06-30,652
2023-09-01,2,price_calendar,hgb,price_calendar_hgb,-0.0009013275636022833,0.0009013275636022833,0.017073589585896772,0.027287537081984097,0,0,2011-01-07,2023-06-30,652
2023-09-08,2,price_calendar,hgb,price_calendar_hgb,-0.009513140538532916,0.009513140538532916,0.020818244858682097,0.027287537081984097,0,0,2011-01-07,2023-06-30,652
2023-09-15,2,price_calendar,hgb,price_calendar_hgb,-0.0004552801920918448,0.0004552801920918448,0.01764042785081773,0.027287537081984097,0,0,2011-01-07,2023-06-30,652
2023-09-22,2,price_calendar,hgb,price_calendar_hgb,0.0027285771324261354,0.0027285771324261354,0.012329391167584377,0.027287537081984097,0,0,2011-01-07,2023-06-30,652
2023-09-29,2,price_calendar,hgb,price_calendar_hgb,0.03217432617415117,0.03217432617415117,0.017667233452616407,0.027287537081984097,1,0,2011-01-07,2023-06-30,652
2023-10-06,3,price_calendar,hgb,price_calendar_hgb,0.0026350242409121094,0.0026350242409121094,0.010596983805119154,0.027350429768804013,0,0,2011-01-07,2023-09-29,665
2023-10-13,3,price_calendar,hgb,price_calendar_hgb,0.0,0.0,0.009749463874334875,0.027350429768804013,0,0,2011-01-07,2023-09-29,665
2023-10-20,3,price_calendar,hgb,price_calendar_hgb,-0.023520000673689978,0.023520000673689978,0.014852113413115361,0.027350429768804013,0,0,2011-01-07,2023-09-29,665
2023-10-27,3,price_calendar,hgb,price_calendar_hgb,0.0017944826819555892,0.0017944826819555892,0.015482908847769235,0.027350429768804013,0,0,2011-01-07,2023-09-29,665
2023-11-03,3,price_calendar,hgb,price_calendar_hgb,-0.026341211304041767,0.026341211304041767,0.006944237032567591,0.027350429768804013,0,0,2011-01-07,2023-09-29,665
2023-11-10,3,price_calendar,hgb,price_calendar_hgb,0.015525433238654074,0.015525433238654074,0.011903529462631023,0.027350429768804013,0,0,2011-01-07,2023-09-29,665
2023-11-17,3,price_calendar,hgb,price_calendar_hgb,-0.0063636300953144875,0.0063636300953144875,0.015192235343895773,0.027350429768804013,0,0,2011-01-07,2023-09-29,665
2023-11-24,3,price_calendar,hgb,price_calendar_hgb,0.005003449478365063,0.005003449478365063,0.015983137574914617,0.027350429768804013,0,0,2011-01-07,2023-09-29,665
2023-12-01,3,price_calendar,hgb,price_calendar_hgb,0.005881001245468642,0.005881001245468642,0.015002829897157748,0.027350429768804013,0,0,2011-01-07,2023-09-29,665
2023-12-08,3,price_calendar,hgb,price_calendar_hgb,-0.008607098920432321,0.008607098920432321,0.014615355951314425,0.027350429768804013,0,0,2011-01-07,2023-09-29,665
2023-12-15,3,price_calendar,hgb,price_calendar_hgb,-0.016514077120584947,0.016514077120584947,0.012117049415373948,0.027350429768804013,0,0,2011-01-07,2023-09-29,665
2023-12-22,3,price_calendar,hgb,price_calendar_hgb,-0.0023154047756110963,0.0023154047756110963,0.012870055780337591,0.027350429768804013,0,0,2011-01-07,2023-09-29,665
2023-12-29,3,price_calendar,hgb,price_calendar_hgb,-0.01588819209985548,0.01588819209985548,0.014897835786387262,0.027350429768804013,0,0,2011-01-07,2023-09-29,665
2024-01-05,4,price_calendar,hgb,price_calendar_hgb,-0.029638829636343456,0.029638829636343456,0.01569349845513643,0.02661593887029116,1,0,2011-01-07,2023-12-29,678
2024-01-12,4,price_calendar,hgb,price_calendar_hgb,-0.009261608043951597,0.009261608043951597,0.011401213191726402,0.02661593887029116,0,0,2011-01-07,2023-12-29,678
2024-01-19,4,price_calendar,hgb,price_calendar_hgb,-0.0009799343220819878,0.0009799343220819878,0.010831179134236264,0.02661593887029116,0,0,2011-01-07,2023-12-29,678
2024-01-26,4,price_calendar,hgb,price_calendar_hgb,-0.0019626604903781875,0.0019626604903781875,0.014231189140622304,0.02661593887029116,0,0,2011-01-07,2023-12-29,678
2024-02-02,4,price_calendar,hgb,price_calendar_hgb,-0.02134607212321038,0.02134607212321038,0.010971509136642266,0.02661593887029116,0,0,2011-01-07,2023-12-29,678
2024-02-09,4,price_calendar,hgb,price_calendar_hgb,-0.024379040246952144,0.024379040246952144,0.011311162616216253,0.02661593887029116,0,0,2011-01-07,2023-12-29,678
2024-02-16,4,price_calendar,hgb,price_calendar_hgb,-0.028685207408120306,0.028685207408120306,0.01269903748544892,0.02661593887029116,1,0,2011-01-07,2023-12-29,678
2024-02-23,4,price_calendar,hgb,price_calendar_hgb,0.020943154498284322,0.020943154498284322,0.017763209048457292,0.02661593887029116,0,0,2011-01-07,2023-12-29,678
2024-03-01,4,price_calendar,hgb,price_calendar_hgb,0.034626693929015406,0.034626693929015406,0.021621009392682574,0.02661593887029116,1,0,2011-01-07,2023-12-29,678
2024-03-08,4,price_calendar,hgb,price_calendar_hgb,-0.001502568730861853,0.001502568730861853,0.02103252120448675,0.02661593887029116,0,0,2011-01-07,2023-12-29,678
2024-03-15,4,price_calendar,hgb,price_calendar_hgb,0.007490652465172332,0.007490652465172332,0.021709215112019908,0.02661593887029116,0,0,2011-01-07,2023-12-29,678
2024-03-22,4,price_calendar,hgb,price_calendar_hgb,0.003972196004524697,0.003972196004524697,0.021701085554265587,0.02661593887029116,0,0,2011-01-07,2023-12-29,678
2024-03-29,4,price_calendar,hgb,price_calendar_hgb,-0.01346991963592492,0.01346991963592492,0.020682708509821582,0.02661593887029116,0,0,2011-01-07,2023-12-29,678
2024-04-05,5,price_calendar,hgb,price_calendar_hgb,0.0005021455742464376,0.0005021455742464376,0.014125435365239827,0.02641957577971787,0,0,2011-01-07,2024-03-29,691
2024-04-12,5,price_calendar,hgb,price_calendar_hgb,-0.011105581514636143,0.011105581514636143,0.022322198029060943,0.02641957577971787,0,0,2011-01-07,2024-03-29,691
2024-04-19,5,price_calendar,hgb,price_calendar_hgb,0.01711164742982696,0.01711164742982696,0.02184584232962404,0.02641957577971787,0,0,2011-01-07,2024-03-29,691
2024-04-26,5,price_calendar,hgb,price_calendar_hgb,0.024156942575138896,0.024156942575138896,0.0279815780697103,0.02641957577971787,0,1,2011-01-07,2024-03-29,691
2024-05-03,5,price_calendar,hgb,price_calendar_hgb,0.014506987133386051,0.014506987133386051,0.023126090761970985,0.02641957577971787,0,0,2011-01-07,2024-03-29,691
2024-05-10,5,price_calendar,hgb,price_calendar_hgb,-0.025280902313195686,0.025280902313195686,0.021160284286787637,0.02641957577971787,0,0,2011-01-07,2024-03-29,691
2024-05-17,5,price_calendar,hgb,price_calendar_hgb,0.019986034955030263,0.019986034955030263,0.01898599474399488,0.02641957577971787,0,0,2011-01-07,2024-03-29,691
2024-05-24,5,price_calendar,hgb,price_calendar_hgb,-0.04037967169090617,0.04037967169090617,0.026158894758420242,0.02641957577971787,1,0,2011-01-07,2024-03-29,691
2024-05-31,5,price_calendar,hgb,price_calendar_hgb,0.002008078755808995,0.002008078755808995,0.010042061152955226,0.02641957577971787,0,0,2011-01-07,2024-03-29,691
2024-06-07,5,price_calendar,hgb,price_calendar_hgb,0.0,0.0,0.028454214277527076,0.02641957577971787,0,1,2011-01-07,2024-03-29,691
2024-06-14,5,price_calendar,hgb,price_calendar_hgb,-0.030552293402017927,0.030552293402017927,0.021825196541568722,0.02641957577971787,1,0,2011-01-07,2024-03-29,691
2024-06-21,5,price_calendar,hgb,price_calendar_hgb,-0.05472816839602368,0.05472816839602368,0.04197236265814485,0.02641957577971787,1,1,2011-01-07,2024-03-29,691
2024-06-28,5,price_calendar,hgb,price_calendar_hgb,0.006532458721493217,0.006532458721493217,0.03369894509374213,0.02641957577971787,0,1,2011-01-07,2024-03-29,691
2024-07-05,6,price_calendar,hgb,price_calendar_hgb,-0.013107766350386907,0.013107766350386907,0.025965529676013323,0.026349047751609376,0,0,2011-01-07,2024-06-28,704
2024-07-12,6,price_calendar,hgb,price_calendar_hgb,-0.019428886184991168,0.019428886184991168,0.026087208623237042,0.026349047751609376,0,0,2011-01-07,2024-06-28,704
2024-07-19,6,price_calendar,hgb,price_calendar_hgb,0.01003914187828503,0.01003914187828503,0.01960291369488684,0.026349047751609376,0,0,2011-01-07,2024-06-28,704
2024-07-26,6,price_calendar,hgb,price_calendar_hgb,-0.01003914187828503,0.01003914187828503,0.021871808300450893,0.026349047751609376,0,0,2011-01-07,2024-06-28,704
2024-08-02,6,price_calendar,hgb,price_calendar_hgb,-0.019242254775527545,0.019242254775527545,0.02111192953116313,0.026349047751609376,0,0,2011-01-07,2024-06-28,704
2024-08-09,6,price_calendar,hgb,price_calendar_hgb,-0.009184900777309934,0.009184900777309934,0.015628864528359827,0.026349047751609376,0,0,2011-01-07,2024-06-28,704
2024-08-16,6,price_calendar,hgb,price_calendar_hgb,-0.00115409463771865,0.00115409463771865,0.016264407341154013,0.026349047751609376,0,0,2011-01-07,2024-06-28,704
2024-08-23,6,price_calendar,hgb,price_calendar_hgb,0.021702797169266486,0.021702797169266486,0.022954739959520302,0.026349047751609376,0,0,2011-01-07,2024-06-28,704
2024-08-30,6,price_calendar,hgb,price_calendar_hgb,0.010677180720008561,0.010677180720008561,0.02248388489494814,0.026349047751609376,0,0,2011-01-07,2024-06-28,704
2024-09-06,6,price_calendar,hgb,price_calendar_hgb,0.014979501367015313,0.014979501367015313,0.009464922336415087,0.026349047751609376,0,0,2011-01-07,2024-06-28,704
2024-09-13,6,price_calendar,hgb,price_calendar_hgb,-0.02339940079131697,0.02339940079131697,0.011951190866160727,0.026349047751609376,0,0,2011-01-07,2024-06-28,704
2024-09-20,6,price_calendar,hgb,price_calendar_hgb,0.02943843146598457,0.02943843146598457,0.009114965089792074,0.026349047751609376,1,0,2011-01-07,2024-06-28,704
2024-09-27,6,price_calendar,hgb,price_calendar_hgb,0.010887361589490663,0.010887361589490663,0.013650325771022228,0.026349047751609376,0,0,2011-01-07,2024-06-28,704
2024-10-04,7,price_calendar,hgb,price_calendar_hgb,-0.013079193454776483,0.013079193454776483,0.012908101123126257,0.026080167655098307,0,0,2011-01-07,2024-09-27,717
2024-10-11,7,price_calendar,hgb,price_calendar_hgb,-0.036306675662896026,0.036306675662896026,0.015027873094618555,0.026080167655098307,1,0,2011-01-07,2024-09-27,717
2024-10-18,7,price_calendar,hgb,price_calendar_hgb,0.021385123980925957,0.021385123980925957,0.0134882721200793,0.026080167655098307,0,0,2011-01-07,2024-09-27,717
2024-10-25,7,price_calendar,hgb,price_calendar_hgb,-0.0005568544602643222,0.0005568544602643222,0.01797971952419611,0.026080167655098307,0,0,2011-01-07,2024-09-27,717
2024-11-01,7,price_calendar,hgb,price_calendar_hgb,0.029098884004898462,0.029098884004898462,0.019023364007889045,0.026080167655098307,1,0,2011-01-07,2024-09-27,717
2024-11-08,7,price_calendar,hgb,price_calendar_hgb,-0.022435953727171665,0.022435953727171665,0.015031508143782355,0.026080167655098307,0,0,2011-01-07,2024-09-27,717
2024-11-15,7,price_calendar,hgb,price_calendar_hgb,0.0,0.0,0.019510192457442694,0.026080167655098307,0,0,2011-01-07,2024-09-27,717
2024-11-22,7,price_calendar,hgb,price_calendar_hgb,-0.01112971158101228,0.01112971158101228,0.015153170030677078,0.026080167655098307,0,0,2011-01-07,2024-09-27,717
2024-11-29,7,price_calendar,hgb,price_calendar_hgb,0.01719872940108713,0.01719872940108713,0.014430930728385777,0.026080167655098307,0,0,2011-01-07,2024-09-27,717
2024-12-06,7,price_calendar,hgb,price_calendar_hgb,0.004390782165744955,0.004390782165744955,0.016510246910498586,0.026080167655098307,0,0,2011-01-07,2024-09-27,717
2024-12-13,7,price_calendar,hgb,price_calendar_hgb,0.0,0.0,0.015707180958845383,0.026080167655098307,0,0,2011-01-07,2024-09-27,717
2024-12-20,7,price_calendar,hgb,price_calendar_hgb,0.01683447122938375,0.01683447122938375,0.01310836457363266,0.026080167655098307,0,0,2011-01-07,2024-09-27,717
2024-12-27,7,price_calendar,hgb,price_calendar_hgb,-0.0026961049955143146,0.0026961049955143146,0.02203901333992228,0.026080167655098307,0,0,2011-01-07,2024-09-27,717
2025-01-03,8,price_calendar,hgb,price_calendar_hgb,0.037620281860731186,0.037620281860731186,0.012519359613614061,0.026019826505414078,1,0,2011-01-07,2024-12-27,730
2025-01-10,8,price_calendar,hgb,price_calendar_hgb,0.02007796111557436,0.02007796111557436,0.018888145992533734,0.026019826505414078,0,0,2011-01-07,2024-12-27,730
2025-01-17,8,price_calendar,hgb,price_calendar_hgb,0.007110206991211232,0.007110206991211232,0.02269060410723687,0.026019826505414078,0,0,2011-01-07,2024-12-27,730
2025-01-24,8,price_calendar,hgb,price_calendar_hgb,0.0015171019737820757,0.0015171019737820757,0.030939554699568387,0.026019826505414078,0,1,2011-01-07,2024-12-27,730
2025-01-31,8,price_calendar,hgb,price_calendar_hgb,0.009054307167279507,0.009054307167279507,0.01705196108501781,0.026019826505414078,0,0,2011-01-07,2024-12-27,730
2025-02-07,8,price_calendar,hgb,price_calendar_hgb,0.01737449464791574,0.01737449464791574,0.017454626927233152,0.026019826505414078,0,0,2011-01-07,2024-12-27,730
2025-02-14,8,price_calendar,hgb,price_calendar_hgb,-0.003944774580914245,0.003944774580914245,0.020889185364218132,0.026019826505414078,0,0,2011-01-07,2024-12-27,730
2025-02-21,8,price_calendar,hgb,price_calendar_hgb,-0.0595444295014711,0.0595444295014711,0.020511718448115526,0.026019826505414078,1,0,2011-01-07,2024-12-27,730
2025-02-28,8,price_calendar,hgb,price_calendar_hgb,0.0,0.0,0.03082440095437171,0.026019826505414078,0,1,2011-01-07,2024-12-27,730
2025-03-07,8,price_calendar,hgb,price_calendar_hgb,-0.012665064992064767,0.012665064992064767,0.022192845104544626,0.026019826505414078,0,0,2011-01-07,2024-12-27,730
2025-03-14,8,price_calendar,hgb,price_calendar_hgb,0.002651777649094189,0.002651777649094189,0.019222261231218448,0.026019826505414078,0,0,2011-01-07,2024-12-27,730
2025-03-21,8,price_calendar,hgb,price_calendar_hgb,-0.022496936786924326,0.022496936786924326,0.025459708360388838,0.026019826505414078,0,0,2011-01-07,2024-12-27,730
2025-03-28,8,price_calendar,hgb,price_calendar_hgb,0.01505408511722317,0.01505408511722317,0.028421747193620908,0.026019826505414078,0,1,2011-01-07,2024-12-27,730
2025-04-04,9,price_calendar,hgb,price_calendar_hgb,0.04384836860910912,0.04384836860910912,0.02251613082285841,0.025885769953424464,1,0,2011-01-07,2025-03-28,743
2025-04-11,9,price_calendar,hgb,price_calendar_hgb,0.0,0.0,0.028333631133447695,0.025885769953424464,0,1,2011-01-07,2025-03-28,743
2025-04-18,9,price_calendar,hgb,price_calendar_hgb,-0.02116207216842536,0.02116207216842536,0.031865124144372745,0.025885769953424464,0,1,2011-01-07,2025-03-28,743
2025-04-25,9,price_calendar,hgb,price_calendar_hgb,-0.01895794611669377,0.01895794611669377,0.044454528279087524,0.025885769953424464,0,1,2011-01-07,2025-03-28,743
2025-05-02,9,price_calendar,hgb,price_calendar_hgb,-0.030771642822881695,0.030771642822881695,0.02173722588900625,0.025885769953424464,1,0,2011-01-07,2025-03-28,743
2025-05-09,9,price_calendar,hgb,price_calendar_hgb,-0.016584085698091666,0.016584085698091666,0.021619226530102273,0.025885769953424464,0,0,2011-01-07,2025-03-28,743
2025-05-16,9,price_calendar,hgb,price_calendar_hgb,0.031818367535546344,0.031818367535546344,0.03032853001595141,0.025885769953424464,1,1,2011-01-07,2025-03-28,743
2025-05-23,9,price_calendar,hgb,price_calendar_hgb,-0.02183490700515245,0.02183490700515245,0.017935076520577457,0.025885769953424464,0,0,2011-01-07,2025-03-28,743
2025-05-30,9,price_calendar,hgb,price_calendar_hgb,0.02721996999038989,0.02721996999038989,0.02411342085896701,0.025885769953424464,1,0,2011-01-07,2025-03-28,743
2025-06-06,9,price_calendar,hgb,price_calendar_hgb,-0.012429311493620254,0.012429311493620254,0.026358892184668258,0.025885769953424464,0,1,2011-01-07,2025-03-28,743
2025-06-13,9,price_calendar,hgb,price_calendar_hgb,-0.002722530278641777,0.002722530278641777,0.03034103230384714,0.025885769953424464,0,1,2011-01-07,2025-03-28,743
2025-06-20,9,price_calendar,hgb,price_calendar_hgb,-0.03439056872108148,0.03439056872108148,0.046893144324719055,0.025885769953424464,1,1,2011-01-07,2025-03-28,743
2025-06-27,9,price_calendar,hgb,price_calendar_hgb,0.02452745834354264,0.02452745834354264,0.0426176180915154,0.025885769953424464,0,1,2011-01-07,2025-03-28,743
2025-07-04,10,price_calendar,hgb,price_calendar_hgb,-0.050250446105851054,0.050250446105851054,0.03446212346992054,0.025967964345029904,1,1,2011-01-07,2025-06-27,756
2025-07-11,10,price_calendar,hgb,price_calendar_hgb,0.030789148650300024,0.030789148650300024,0.0257423322692096,0.025967964345029904,1,0,2011-01-07,2025-06-27,756
2025-07-18,10,price_calendar,hgb,price_calendar_hgb,-0.018130791371108845,0.018130791371108845,0.019957116127594123,0.025967964345029904,0,0,2011-01-07,2025-06-27,756
2025-07-25,10,price_calendar,hgb,price_calendar_hgb,-0.018465596591241695,0.018465596591241695,0.027819304688586066,0.025967964345029904,0,1,2011-01-07,2025-06-27,756
2025-08-01,10,price_calendar,hgb,price_calendar_hgb,-0.007600104223529858,0.007600104223529858,0.01330851872196924,0.025967964345029904,0,0,2011-01-07,2025-06-27,756
2025-08-08,10,price_calendar,hgb,price_calendar_hgb,0.0029299309266903606,0.0029299309266903606,0.0211420718717555,0.025967964345029904,0,0,2011-01-07,2025-06-27,756
2025-08-15,10,price_calendar,hgb,price_calendar_hgb,0.012212951347196466,0.012212951347196466,0.02205933103525595,0.025967964345029904,0,0,2011-01-07,2025-06-27,756
2025-08-22,10,price_calendar,hgb,price_calendar_hgb,0.015486427426680383,0.015486427426680383,0.019751422609115776,0.025967964345029904,0,0,2011-01-07,2025-06-27,756
2025-08-29,10,price_calendar,hgb,price_calendar_hgb,-0.0022791467269858146,0.0022791467269858146,0.01337492554872387,0.025967964345029904,0,0,2011-01-07,2025-06-27,756
2025-09-05,10,price_calendar,hgb,price_calendar_hgb,0.020886953432670996,0.020886953432670996,0.015700899645168243,0.025967964345029904,0,0,2011-01-07,2025-06-27,756
2025-09-12,10,price_calendar,hgb,price_calendar_hgb,-0.008978727556137933,0.008978727556137933,0.020138600707604655,0.025967964345029904,0,0,2011-01-07,2025-06-27,756
2025-09-19,10,price_calendar,hgb,price_calendar_hgb,-0.006787295841789831,0.006787295841789831,0.012587281664210005,0.025967964345029904,0,0,2011-01-07,2025-06-27,756
2025-09-26,10,price_calendar,hgb,price_calendar_hgb,-0.0005677109701363037,0.0005677109701363037,0.013243936278112942,0.025967964345029904,0,0,2011-01-07,2025-06-27,756
2025-10-03,11,price_calendar,hgb,price_calendar_hgb,-0.017760499764301496,0.017760499764301496,0.011866582764037069,0.025811610899004644,0,0,2011-01-07,2025-09-26,769
2025-10-10,11,price_calendar,hgb,price_calendar_hgb,0.013777581737391742,0.013777581737391742,0.013686119633028898,0.025811610899004644,0,0,2011-01-07,2025-09-26,769
2025-10-17,11,price_calendar,hgb,price_calendar_hgb,0.004550628997046058,0.004550628997046058,0.012684843421275484,0.025811610899004644,0,0,2011-01-07,2025-09-26,769
2025-10-24,11,price_calendar,hgb,price_calendar_hgb,0.009601885003151178,0.009601885003151178,0.01589644805607897,0.025811610899004644,0,0,2011-01-07,2025-09-26,769
2025-10-31,11,price_calendar,hgb,price_calendar_hgb,-0.0011248852137382137,0.0011248852137382137,0.012106117235240122,0.025811610899004644,0,0,2011-01-07,2025-09-26,769
2025-11-07,11,price_calendar,hgb,price_calendar_hgb,0.0072890236085148,0.0072890236085148,0.0112107132547186,0.025811610899004644,0,0,2011-01-07,2025-09-26,769
2025-11-14,11,price_calendar,hgb,price_calendar_hgb,-0.016901767817029345,0.016901767817029345,0.011431994839362407,0.025811610899004644,0,0,2011-01-07,2025-09-26,769
2025-11-21,11,price_calendar,hgb,price_calendar_hgb,0.020804738866287753,0.020804738866287753,0.012870197932199005,0.025811610899004644,0,0,2011-01-07,2025-09-26,769
2025-11-28,11,price_calendar,hgb,price_calendar_hgb,-0.006700132988308738,0.006700132988308738,0.012803099536666775,0.025811610899004644,0,0,2011-01-07,2025-09-26,769
2025-12-05,11,price_calendar,hgb,price_calendar_hgb,-0.0056180136750763054,0.0056180136750763054,0.014054936105928973,0.025811610899004644,0,0,2011-01-07,2025-09-26,769
2025-12-12,11,price_calendar,hgb,price_calendar_hgb,0.0022510372193500494,0.0022510372193500494,0.01321712734016734,0.025811610899004644,0,0,2011-01-07,2025-09-26,769
2025-12-19,11,price_calendar,hgb,price_calendar_hgb,0.017275406206680444,0.017275406206680444,0.0114687446750104,0.025811610899004644,0,0,2011-01-07,2025-09-26,769
2025-12-26,11,price_calendar,hgb,price_calendar_hgb,-0.026310010540252282,0.026310010540252282,0.018556262204311152,0.025811610899004644,1,0,2011-01-07,2025-09-26,769
2026-01-02,12,price_calendar,hgb,price_calendar_hgb,0.014639914596512149,0.014639914596512149,0.015531972923988866,0.025555294108124734,0,0,2011-01-07,2025-12-26,782
2026-01-09,12,price_calendar,hgb,price_calendar_hgb,-0.040495929084172655,0.040495929084172655,0.015407793594423097,0.025555294108124734,1,0,2011-01-07,2025-12-26,782
2026-01-16,12,price_calendar,hgb,price_calendar_hgb,0.013873041484489868,0.013873041484489868,0.013791035770523033,0.025555294108124734,0,0,2011-01-07,2025-12-26,782
2026-01-23,12,price_calendar,hgb,price_calendar_hgb,0.003438368235503919,0.003438368235503919,0.015241715834300531,0.025555294108124734,0,0,2011-01-07,2025-12-26,782
2026-01-30,12,price_calendar,hgb,price_calendar_hgb,0.001143536889932406,0.001143536889932406,0.016470723245749695,0.025555294108124734,0,0,2011-01-07,2025-12-26,782
2026-02-06,12,price_calendar,hgb,price_calendar_hgb,0.008534880836821301,0.008534880836821301,0.02034786045910807,0.025555294108124734,0,0,2011-01-07,2025-12-26,782
2026-02-13,12,price_calendar,hgb,price_calendar_hgb,-0.001701093628666328,0.001701093628666328,0.01548714144707043,0.025555294108124734,0,0,2011-01-07,2025-12-26,782
2026-02-20,12,price_calendar,hgb,price_calendar_hgb,0.015207195266091489,0.015207195266091489,0.01969456410048687,0.025555294108124734,0,0,2011-01-07,2025-12-26,782
2026-02-27,12,price_calendar,hgb,price_calendar_hgb,0.03460939053157874,0.03460939053157874,0.02395253295079406,0.025555294108124734,1,0,2011-01-07,2025-12-26,782
2026-03-06,12,price_calendar,hgb,price_calendar_hgb,0.008066707704783571,0.008066707704783571,0.010591897267224544,0.025555294108124734,0,0,2011-01-07,2025-12-26,782
2026-03-13,12,price_calendar,hgb,price_calendar_hgb,0.006938867613939692,0.006938867613939692,0.01349800671165228,0.025555294108124734,0,0,2011-01-07,2025-12-26,782
2026-03-20,12,price_calendar,hgb,price_calendar_hgb,-0.011771099974565047,0.011771099974565047,0.01337581245700927,0.025555294108124734,0,0,2011-01-07,2025-12-26,782
2026-03-27,12,price_calendar,hgb,price_calendar_hgb,-0.02121370738946471,0.02121370738946471,0.027057496741562343,0.025555294108124734,0,1,2011-01-07,2025-12-26,782
2026-04-03,13,price_calendar,hgb,price_calendar_hgb,-0.02448650596856261,0.02448650596856261,0.014360643266652259,0.025394470563627976,0,0,2011-01-07,2026-03-27,795
2026-04-10,13,price_calendar,hgb,price_calendar_hgb,0.011204641516453062,0.011204641516453062,0.023903701882465902,0.025394470563627976,0,0,2011-01-07,2026-03-27,795
2026-04-17,13,price_calendar,hgb,price_calendar_hgb,0.01767023800752021,0.01767023800752021,0.023414350277190212,0.025394470563627976,0,0,2011-01-07,2026-03-27,795
2026-04-24,13,price_calendar,hgb,price_calendar_hgb,0.03337225375719077,0.03337225375719077,0.025606344260706772,0.025394470563627976,1,1,2011-01-07,2026-03-27,795
2026-05-01,13,price_calendar,hgb,price_calendar_hgb,-0.014933545751462773,0.014933545751462773,0.018500278611858337,0.025394470563627976,0,0,2011-01-07,2026-03-27,795
2026-05-08,13,price_calendar,hgb,price_calendar_hgb,-0.004308026097975315,0.004308026097975315,0.019291080626413885,0.025394470563627976,0,0,2011-01-07,2026-03-27,795
2023-01-06,0,price_calendar,ridge,price_calendar_ridge,0.026637756991465977,0.026637756991465977,0.012448340081597665,0.02716175170834423,0,0,2011-01-07,2022-12-30,626
2023-01-13,0,price_calendar,ridge,price_calendar_ridge,-0.005271073667588055,0.005271073667588055,0.013912569697782021,0.02716175170834423,0,0,2011-01-07,2022-12-30,626
2023-01-20,0,price_calendar,ridge,price_calendar_ridge,0.0018857687565256853,0.0018857687565256853,0.01536352354910228,0.02716175170834423,0,0,2011-01-07,2022-12-30,626
2023-01-27,0,price_calendar,ridge,price_calendar_ridge,0.0015059870145548437,0.0015059870145548437,0.0146412038242595,0.02716175170834423,0,0,2011-01-07,2022-12-30,626
2023-02-03,0,price_calendar,ridge,price_calendar_ridge,0.0030052586123381353,0.0030052586123381353,0.019586516062316203,0.02716175170834423,0,0,2011-01-07,2022-12-30,626
2023-02-10,0,price_calendar,ridge,price_calendar_ridge,-0.0007504862659923894,0.0007504862659923894,0.017167599636758867,0.02716175170834423,0,0,2011-01-07,2022-12-30,626
2023-02-17,0,price_calendar,ridge,price_calendar_ridge,-0.03787026601642918,0.03787026601642918,0.01905472172638953,0.02716175170834423,1,0,2011-01-07,2022-12-30,626
2023-02-24,0,price_calendar,ridge,price_calendar_ridge,-0.011370403108148963,0.011370403108148963,0.02308163782069829,0.02716175170834423,0,0,2011-01-07,2022-12-30,626
2023-03-03,0,price_calendar,ridge,price_calendar_ridge,-0.031240052602529822,0.031240052602529822,0.01862268153569268,0.02716175170834423,1,0,2011-01-07,2022-12-30,626
2023-03-10,0,price_calendar,ridge,price_calendar_ridge,0.007700160947850421,0.007700160947850421,0.019965115984930323,0.02716175170834423,0,0,2011-01-07,2022-12-30,626
2023-03-17,0,price_calendar,ridge,price_calendar_ridge,0.004029029578285659,0.004029029578285659,0.019982523576307244,0.02716175170834423,0,0,2011-01-07,2022-12-30,626
2023-03-24,0,price_calendar,ridge,price_calendar_ridge,0.014371452949219155,0.014371452949219155,0.02081084874964297,0.02716175170834423,0,0,2011-01-07,2022-12-30,626
2023-03-31,0,price_calendar,ridge,price_calendar_ridge,-0.01961238679648769,0.01961238679648769,0.019957606761194496,0.02716175170834423,0,0,2011-01-07,2022-12-30,626
2023-04-07,1,price_calendar,ridge,price_calendar_ridge,0.014844839763751505,0.014844839763751505,0.021206030680528717,0.026793623512194917,0,0,2011-01-07,2023-03-31,639
2023-04-14,1,price_calendar,ridge,price_calendar_ridge,-0.028273319322776214,0.028273319322776214,0.021113662468406298,0.026793623512194917,1,0,2011-01-07,2023-03-31,639
2023-04-21,1,price_calendar,ridge,price_calendar_ridge,-0.043111958005261464,0.043111958005261464,0.022293507179290812,0.026793623512194917,1,0,2011-01-07,2023-03-31,639
2023-04-28,1,price_calendar,ridge,price_calendar_ridge,0.01696399998898457,0.01696399998898457,0.02187135508781199,0.026793623512194917,0,0,2011-01-07,2023-03-31,639
2023-05-05,1,price_calendar,ridge,price_calendar_ridge,-0.04471944188032584,0.04471944188032584,0.02380714952698904,0.026793623512194917,1,0,2011-01-07,2023-03-31,639
2023-05-12,1,price_calendar,ridge,price_calendar_ridge,-0.02088497643277787,0.02088497643277787,0.02185449341502302,0.026793623512194917,0,0,2011-01-07,2023-03-31,639
2023-05-19,1,price_calendar,ridge,price_calendar_ridge,0.058853344475394476,0.058853344475394476,0.020788535824553124,0.026793623512194917,1,0,2011-01-07,2023-03-31,639
2023-05-26,1,price_calendar,ridge,price_calendar_ridge,0.008851441609216248,0.008851441609216248,0.023924650347888394,0.026793623512194917,0,0,2011-01-07,2023-03-31,639
2023-06-02,1,price_calendar,ridge,price_calendar_ridge,-0.019492103447578124,0.019492103447578124,0.04150524940692423,0.026793623512194917,0,1,2011-01-07,2023-03-31,639
2023-06-09,1,price_calendar,ridge,price_calendar_ridge,0.1047184545507811,0.1047184545507811,0.04218827517966531,0.026793623512194917,1,1,2011-01-07,2023-03-31,639
2023-06-16,1,price_calendar,ridge,price_calendar_ridge,-0.01788542960351691,0.01788542960351691,0.04658755485472507,0.026793623512194917,0,1,2011-01-07,2023-03-31,639
2023-06-23,1,price_calendar,ridge,price_calendar_ridge,-0.1386444483967515,0.1386444483967515,0.04695804218263784,0.026793623512194917,1,1,2011-01-07,2023-03-31,639
2023-06-30,1,price_calendar,ridge,price_calendar_ridge,0.007184577115581181,0.007184577115581181,0.05175224033186478,0.026793623512194917,0,1,2011-01-07,2023-03-31,639
2023-07-07,2,price_calendar,ridge,price_calendar_ridge,0.035600307988796764,0.035600307988796764,0.039764792987255396,0.027287537081984097,1,1,2011-01-07,2023-06-30,652
2023-07-14,2,price_calendar,ridge,price_calendar_ridge,0.033959088920219926,0.033959088920219926,0.03340407336344699,0.027287537081984097,1,1,2011-01-07,2023-06-30,652
2023-07-21,2,price_calendar,ridge,price_calendar_ridge,-0.007540814899039461,0.007540814899039461,0.03671312813829554,0.027287537081984097,0,1,2011-01-07,2023-06-30,652
2023-07-28,2,price_calendar,ridge,price_calendar_ridge,-0.04471944188032584,0.04471944188032584,0.036062654647845444,0.027287537081984097,1,1,2011-01-07,2023-06-30,652
2023-08-04,2,price_calendar,ridge,price_calendar_ridge,-0.019987289785992512,0.019987289785992512,0.03385689234316507,0.027287537081984097,0,1,2011-01-07,2023-06-30,652
2023-08-11,2,price_calendar,ridge,price_calendar_ridge,0.010265635127240103,0.010265635127240103,0.027061483691586955,0.027287537081984097,0,0,2011-01-07,2023-06-30,652
2023-08-18,2,price_calendar,ridge,price_calendar_ridge,-0.010265635127240103,0.010265635127240103,0.02546147460092217,0.027287537081984097,0,0,2011-01-07,2023-06-30,652
2023-08-25,2,price_calendar,ridge,price_calendar_ridge,-0.004045865226357748,0.004045865226357748,0.0253154608752622,0.027287537081984097,0,0,2011-01-07,2023-06-30,652
2023-09-01,2,price_calendar,ridge,price_calendar_ridge,-0.0009013275636022833,0.0009013275636022833,0.024122689346448838,0.027287537081984097,0,0,2011-01-07,2023-06-30,652
2023-09-08,2,price_calendar,ridge,price_calendar_ridge,-0.009513140538532916,0.009513140538532916,0.02337345830288045,0.027287537081984097,0,0,2011-01-07,2023-06-30,652
2023-09-15,2,price_calendar,ridge,price_calendar_ridge,-0.0004552801920918448,0.0004552801920918448,0.02090254146668701,0.027287537081984097,0,0,2011-01-07,2023-06-30,652
2023-09-22,2,price_calendar,ridge,price_calendar_ridge,0.0027285771324261354,0.0027285771324261354,0.012474267063620068,0.027287537081984097,0,0,2011-01-07,2023-06-30,652
2023-09-29,2,price_calendar,ridge,price_calendar_ridge,0.03217432617415117,0.03217432617415117,0.01578521403020462,0.027287537081984097,1,0,2011-01-07,2023-06-30,652
2023-10-06,3,price_calendar,ridge,price_calendar_ridge,0.0026350242409121094,0.0026350242409121094,0.015613100063833492,0.027350429768804013,0,0,2011-01-07,2023-09-29,665
2023-10-13,3,price_calendar,ridge,price_calendar_ridge,0.0,0.0,0.015060285178026343,0.027350429768804013,0,0,2011-01-07,2023-09-29,665
2023-10-20,3,price_calendar,ridge,price_calendar_ridge,-0.023520000673689978,0.023520000673689978,0.014992899156459093,0.027350429768804013,0,0,2011-01-07,2023-09-29,665
2023-10-27,3,price_calendar,ridge,price_calendar_ridge,0.0017944826819555892,0.0017944826819555892,0.015115933964934953,0.027350429768804013,0,0,2011-01-07,2023-09-29,665
2023-11-03,3,price_calendar,ridge,price_calendar_ridge,-0.026341211304041767,0.026341211304041767,0.013297087451061593,0.027350429768804013,0,0,2011-01-07,2023-09-29,665
2023-11-10,3,price_calendar,ridge,price_calendar_ridge,0.015525433238654074,0.015525433238654074,0.016164198905317638,0.027350429768804013,0,0,2011-01-07,2023-09-29,665
2023-11-17,3,price_calendar,ridge,price_calendar_ridge,-0.0063636300953144875,0.0063636300953144875,0.01645080737870745,0.027350429768804013,0,0,2011-01-07,2023-09-29,665
2023-11-24,3,price_calendar,ridge,price_calendar_ridge,0.005003449478365063,0.005003449478365063,0.016323676242439675,0.027350429768804013,0,0,2011-01-07,2023-09-29,665
2023-12-01,3,price_calendar,ridge,price_calendar_ridge,0.005881001245468642,0.005881001245468642,0.010985082689455748,0.027350429768804013,0,0,2011-01-07,2023-09-29,665
2023-12-08,3,price_calendar,ridge,price_calendar_ridge,-0.008607098920432321,0.008607098920432321,0.013223283288045878,0.027350429768804013,0,0,2011-01-07,2023-09-29,665
2023-12-15,3,price_calendar,ridge,price_calendar_ridge,-0.016514077120584947,0.016514077120584947,0.012779542922417004,0.027350429768804013,0,0,2011-01-07,2023-09-29,665
2023-12-22,3,price_calendar,ridge,price_calendar_ridge,-0.0023154047756110963,0.0023154047756110963,0.017403681215023094,0.027350429768804013,0,0,2011-01-07,2023-09-29,665
2023-12-29,3,price_calendar,ridge,price_calendar_ridge,-0.01588819209985548,0.01588819209985548,0.015476549082585169,0.027350429768804013,0,0,2011-01-07,2023-09-29,665
2024-01-05,4,price_calendar,ridge,price_calendar_ridge,-0.029638829636343456,0.029638829636343456,0.005091901664827092,0.02661593887029116,1,0,2011-01-07,2023-12-29,678
2024-01-12,4,price_calendar,ridge,price_calendar_ridge,-0.009261608043951597,0.009261608043951597,0.008371332901791085,0.02661593887029116,0,0,2011-01-07,2023-12-29,678
2024-01-19,4,price_calendar,ridge,price_calendar_ridge,-0.0009799343220819878,0.0009799343220819878,0.008306080497219192,0.02661593887029116,0,0,2011-01-07,2023-12-29,678
2024-01-26,4,price_calendar,ridge,price_calendar_ridge,-0.0019626604903781875,0.0019626604903781875,0.013458273062315042,0.02661593887029116,0,0,2011-01-07,2023-12-29,678
2024-02-02,4,price_calendar,ridge,price_calendar_ridge,-0.02134607212321038,0.02134607212321038,0.016394427319408628,0.02661593887029116,0,0,2011-01-07,2023-12-29,678
2024-02-09,4,price_calendar,ridge,price_calendar_ridge,-0.024379040246952144,0.024379040246952144,0.01780132221191043,0.02661593887029116,0,0,2011-01-07,2023-12-29,678
2024-02-16,4,price_calendar,ridge,price_calendar_ridge,-0.028685207408120306,0.028685207408120306,0.018651056944913057,0.02661593887029116,1,0,2011-01-07,2023-12-29,678
2024-02-23,4,price_calendar,ridge,price_calendar_ridge,0.020943154498284322,0.020943154498284322,0.016958008560288514,0.02661593887029116,0,0,2011-01-07,2023-12-29,678
2024-03-01,4,price_calendar,ridge,price_calendar_ridge,0.034626693929015406,0.034626693929015406,0.017553139186810722,0.02661593887029116,1,0,2011-01-07,2023-12-29,678
2024-03-08,4,price_calendar,ridge,price_calendar_ridge,-0.001502568730861853,0.001502568730861853,0.02364118576852013,0.02661593887029116,0,0,2011-01-07,2023-12-29,678
2024-03-15,4,price_calendar,ridge,price_calendar_ridge,0.007490652465172332,0.007490652465172332,0.025152868636937387,0.02661593887029116,0,0,2011-01-07,2023-12-29,678
2024-03-22,4,price_calendar,ridge,price_calendar_ridge,0.003972196004524697,0.003972196004524697,0.023737994407321397,0.02661593887029116,0,0,2011-01-07,2023-12-29,678
2024-03-29,4,price_calendar,ridge,price_calendar_ridge,-0.01346991963592492,0.01346991963592492,0.022492694697823282,0.02661593887029116,0,0,2011-01-07,2023-12-29,678
2024-04-05,5,price_calendar,ridge,price_calendar_ridge,0.0005021455742464376,0.0005021455742464376,0.02085200906528213,0.02641957577971787,0,0,2011-01-07,2024-03-29,691
2024-04-12,5,price_calendar,ridge,price_calendar_ridge,-0.011105581514636143,0.011105581514636143,0.021283854505260047,0.02641957577971787,0,0,2011-01-07,2024-03-29,691
2024-04-19,5,price_calendar,ridge,price_calendar_ridge,0.01711164742982696,0.01711164742982696,0.02089759497927548,0.02641957577971787,0,0,2011-01-07,2024-03-29,691
2024-04-26,5,price_calendar,ridge,price_calendar_ridge,0.024156942575138896,0.024156942575138896,0.021474483199769426,0.02641957577971787,0,0,2011-01-07,2024-03-29,691
2024-05-03,5,price_calendar,ridge,price_calendar_ridge,0.014506987133386051,0.014506987133386051,0.024360318389762742,0.02641957577971787,0,0,2011-01-07,2024-03-29,691
2024-05-10,5,price_calendar,ridge,price_calendar_ridge,-0.025280902313195686,0.025280902313195686,0.023955204940772412,0.02641957577971787,0,0,2011-01-07,2024-03-29,691
2024-05-17,5,price_calendar,ridge,price_calendar_ridge,0.019986034955030263,0.019986034955030263,0.02622268672406381,0.02641957577971787,0,0,2011-01-07,2024-03-29,691
2024-05-24,5,price_calendar,ridge,price_calendar_ridge,-0.04037967169090617,0.04037967169090617,0.021624729125953684,0.02641957577971787,1,0,2011-01-07,2024-03-29,691
2024-05-31,5,price_calendar,ridge,price_calendar_ridge,0.002008078755808995,0.002008078755808995,0.022006607215141322,0.02641957577971787,0,0,2011-01-07,2024-03-29,691
2024-06-07,5,price_calendar,ridge,price_calendar_ridge,0.0,0.0,0.034790466329577226,0.02641957577971787,0,1,2011-01-07,2024-03-29,691
2024-06-14,5,price_calendar,ridge,price_calendar_ridge,-0.030552293402017927,0.030552293402017927,0.03353227510429353,0.02641957577971787,1,1,2011-01-07,2024-03-29,691
2024-06-21,5,price_calendar,ridge,price_calendar_ridge,-0.05472816839602368,0.05472816839602368,0.03078001976719688,0.02641957577971787,1,1,2011-01-07,2024-03-29,691
2024-06-28,5,price_calendar,ridge,price_calendar_ridge,0.006532458721493217,0.006532458721493217,0.03204908993593271,0.02641957577971787,0,1,2011-01-07,2024-03-29,691
2024-07-05,6,price_calendar,ridge,price_calendar_ridge,-0.013107766350386907,0.013107766350386907,0.023430960462167867,0.026349047751609376,0,0,2011-01-07,2024-06-28,704
2024-07-12,6,price_calendar,ridge,price_calendar_ridge,-0.019428886184991168,0.019428886184991168,0.02368291499906654,0.026349047751609376,0,0,2011-01-07,2024-06-28,704
2024-07-19,6,price_calendar,ridge,price_calendar_ridge,0.01003914187828503,0.01003914187828503,0.023851283662374566,0.026349047751609376,0,0,2011-01-07,2024-06-28,704
2024-07-26,6,price_calendar,ridge,price_calendar_ridge,-0.01003914187828503,0.01003914187828503,0.021324742961322765,0.026349047751609376,0,0,2011-01-07,2024-06-28,704
2024-08-02,6,price_calendar,ridge,price_calendar_ridge,-0.019242254775527545,0.019242254775527545,0.021425939973465487,0.026349047751609376,0,0,2011-01-07,2024-06-28,704
2024-08-09,6,price_calendar,ridge,price_calendar_ridge,-0.009184900777309934,0.009184900777309934,0.018697908806061092,0.026349047751609376,0,0,2011-01-07,2024-06-28,704
2024-08-16,6,price_calendar,ridge,price_calendar_ridge,-0.00115409463771865,0.00115409463771865,0.01781300869549891,0.026349047751609376,0,0,2011-01-07,2024-06-28,704
2024-08-23,6,price_calendar,ridge,price_calendar_ridge,0.021702797169266486,0.021702797169266486,0.014877415169243943,0.026349047751609376,0,0,2011-01-07,2024-06-28,704
2024-08-30,6,price_calendar,ridge,price_calendar_ridge,0.010677180720008561,0.010677180720008561,0.017979887462611237,0.026349047751609376,0,0,2011-01-07,2024-06-28,704
2024-09-06,6,price_calendar,ridge,price_calendar_ridge,0.014979501367015313,0.014979501367015313,0.019076229818132246,0.026349047751609376,0,0,2011-01-07,2024-06-28,704
2024-09-13,6,price_calendar,ridge,price_calendar_ridge,-0.02339940079131697,0.02339940079131697,0.01864104687028916,0.026349047751609376,0,0,2011-01-07,2024-06-28,704
2024-09-20,6,price_calendar,ridge,price_calendar_ridge,0.02943843146598457,0.02943843146598457,0.016276167118084363,0.026349047751609376,1,0,2011-01-07,2024-06-28,704
2024-09-27,6,price_calendar,ridge,price_calendar_ridge,0.010887361589490663,0.010887361589490663,0.016517415683575922,0.026349047751609376,0,0,2011-01-07,2024-06-28,704
2024-10-04,7,price_calendar,ridge,price_calendar_ridge,-0.013079193454776483,0.013079193454776483,0.013328807559873644,0.026080167655098307,0,0,2011-01-07,2024-09-27,717
2024-10-11,7,price_calendar,ridge,price_calendar_ridge,-0.036306675662896026,0.036306675662896026,0.012739837598949791,0.026080167655098307,1,0,2011-01-07,2024-09-27,717
2024-10-18,7,price_calendar,ridge,price_calendar_ridge,0.021385123980925957,0.021385123980925957,0.015486104376161072,0.026080167655098307,0,0,2011-01-07,2024-09-27,717
2024-10-25,7,price_calendar,ridge,price_calendar_ridge,-0.0005568544602643222,0.0005568544602643222,0.012818046322638754,0.026080167655098307,0,0,2011-01-07,2024-09-27,717
2024-11-01,7,price_calendar,ridge,price_calendar_ridge,0.029098884004898462,0.029098884004898462,0.015359226209384418,0.026080167655098307,1,0,2011-01-07,2024-09-27,717
2024-11-08,7,price_calendar,ridge,price_calendar_ridge,-0.022435953727171665,0.022435953727171665,0.01898640340808491,0.026080167655098307,0,0,2011-01-07,2024-09-27,717
2024-11-15,7,price_calendar,ridge,price_calendar_ridge,0.0,0.0,0.02105191674047385,0.026080167655098307,0,0,2011-01-07,2024-09-27,717
2024-11-22,7,price_calendar,ridge,price_calendar_ridge,-0.01112971158101228,0.01112971158101228,0.019190887948995244,0.026080167655098307,0,0,2011-01-07,2024-09-27,717
2024-11-29,7,price_calendar,ridge,price_calendar_ridge,0.01719872940108713,0.01719872940108713,0.021692543173256067,0.026080167655098307,0,0,2011-01-07,2024-09-27,717
2024-12-06,7,price_calendar,ridge,price_calendar_ridge,0.004390782165744955,0.004390782165744955,0.011691380322579051,0.026080167655098307,0,0,2011-01-07,2024-09-27,717
2024-12-13,7,price_calendar,ridge,price_calendar_ridge,0.0,0.0,0.014625387936506876,0.026080167655098307,0,0,2011-01-07,2024-09-27,717
2024-12-20,7,price_calendar,ridge,price_calendar_ridge,0.01683447122938375,0.01683447122938375,0.019127128493544324,0.026080167655098307,0,0,2011-01-07,2024-09-27,717
2024-12-27,7,price_calendar,ridge,price_calendar_ridge,-0.0026961049955143146,0.0026961049955143146,0.018816626296146798,0.026080167655098307,0,0,2011-01-07,2024-09-27,717
2025-01-03,8,price_calendar,ridge,price_calendar_ridge,0.037620281860731186,0.037620281860731186,0.011738158657639036,0.026019826505414078,1,0,2011-01-07,2024-12-27,730
2025-01-10,8,price_calendar,ridge,price_calendar_ridge,0.02007796111557436,0.02007796111557436,0.013485391957721925,0.026019826505414078,0,0,2011-01-07,2024-12-27,730
2025-01-17,8,price_calendar,ridge,price_calendar_ridge,0.007110206991211232,0.007110206991211232,0.01720122357692523,0.026019826505414078,0,0,2011-01-07,2024-12-27,730
2025-01-24,8,price_calendar,ridge,price_calendar_ridge,0.0015171019737820757,0.0015171019737820757,0.0190708653988598,0.026019826505414078,0,0,2011-01-07,2024-12-27,730
2025-01-31,8,price_calendar,ridge,price_calendar_ridge,0.009054307167279507,0.009054307167279507,0.019224927203331826,0.026019826505414078,0,0,2011-01-07,2024-12-27,730
2025-02-07,8,price_calendar,ridge,price_calendar_ridge,0.01737449464791574,0.01737449464791574,0.019328515317245852,0.026019826505414078,0,0,2011-01-07,2024-12-27,730
2025-02-14,8,price_calendar,ridge,price_calendar_ridge,-0.003944774580914245,0.003944774580914245,0.019090256518754095,0.026019826505414078,0,0,2011-01-07,2024-12-27,730
2025-02-21,8,price_calendar,ridge,price_calendar_ridge,-0.0595444295014711,0.0595444295014711,0.021145887344638584,0.026019826505414078,1,0,2011-01-07,2024-12-27,730
2025-02-28,8,price_calendar,ridge,price_calendar_ridge,0.0,0.0,0.028176508448405954,0.026019826505414078,0,1,2011-01-07,2024-12-27,730
2025-03-07,8,price_calendar,ridge,price_calendar_ridge,-0.012665064992064767,0.012665064992064767,0.01888299034345626,0.026019826505414078,0,0,2011-01-07,2024-12-27,730
2025-03-14,8,price_calendar,ridge,price_calendar_ridge,0.002651777649094189,0.002651777649094189,0.018384804053608716,0.026019826505414078,0,0,2011-01-07,2024-12-27,730
2025-03-21,8,price_calendar,ridge,price_calendar_ridge,-0.022496936786924326,0.022496936786924326,0.020714937554748358,0.026019826505414078,0,0,2011-01-07,2024-12-27,730
2025-03-28,8,price_calendar,ridge,price_calendar_ridge,0.01505408511722317,0.01505408511722317,0.01879369417816519,0.026019826505414078,0,0,2011-01-07,2024-12-27,730
2025-04-04,9,price_calendar,ridge,price_calendar_ridge,0.04384836860910912,0.04384836860910912,0.020845420297902633,0.025885769953424464,1,0,2011-01-07,2025-03-28,743
2025-04-11,9,price_calendar,ridge,price_calendar_ridge,0.0,0.0,0.027716775858729663,0.025885769953424464,0,1,2011-01-07,2025-03-28,743
2025-04-18,9,price_calendar,ridge,price_calendar_ridge,-0.02116207216842536,0.02116207216842536,0.02742700525698827,0.025885769953424464,0,1,2011-01-07,2025-03-28,743
2025-04-25,9,price_calendar,ridge,price_calendar_ridge,-0.01895794611669377,0.01895794611669377,0.026814882178806683,0.025885769953424464,0,1,2011-01-07,2025-03-28,743
2025-05-02,9,price_calendar,ridge,price_calendar_ridge,-0.030771642822881695,0.030771642822881695,0.026158340963423586,0.025885769953424464,1,1,2011-01-07,2025-03-28,743
2025-05-09,9,price_calendar,ridge,price_calendar_ridge,-0.016584085698091666,0.016584085698091666,0.020410354794831873,0.025885769953424464,0,0,2011-01-07,2025-03-28,743
2025-05-16,9,price_calendar,ridge,price_calendar_ridge,0.031818367535546344,0.031818367535546344,0.01748427780789387,0.025885769953424464,1,0,2011-01-07,2025-03-28,743
2025-05-23,9,price_calendar,ridge,price_calendar_ridge,-0.02183490700515245,0.02183490700515245,0.018524659094722257,0.025885769953424464,0,0,2011-01-07,2025-03-28,743
2025-05-30,9,price_calendar,ridge,price_calendar_ridge,0.02721996999038989,0.02721996999038989,0.02007664767744114,0.025885769953424464,1,0,2011-01-07,2025-03-28,743
2025-06-06,9,price_calendar,ridge,price_calendar_ridge,-0.012429311493620254,0.012429311493620254,0.03616751494878212,0.025885769953424464,0,1,2011-01-07,2025-03-28,743
2025-06-13,9,price_calendar,ridge,price_calendar_ridge,-0.002722530278641777,0.002722530278641777,0.03675138864182855,0.025885769953424464,0,1,2011-01-07,2025-03-28,743
2025-06-20,9,price_calendar,ridge,price_calendar_ridge,-0.03439056872108148,0.03439056872108148,0.03169730309684739,0.025885769953424464,1,1,2011-01-07,2025-03-28,743
2025-06-27,9,price_calendar,ridge,price_calendar_ridge,0.02452745834354264,0.02452745834354264,0.034576311019176804,0.025885769953424464,0,1,2011-01-07,2025-03-28,743
2025-07-04,10,price_calendar,ridge,price_calendar_ridge,-0.050250446105851054,0.050250446105851054,0.023847445052730183,0.025967964345029904,1,0,2011-01-07,2025-06-27,756
2025-07-11,10,price_calendar,ridge,price_calendar_ridge,0.030789148650300024,0.030789148650300024,0.02605865982308528,0.025967964345029904,1,1,2011-01-07,2025-06-27,756
2025-07-18,10,price_calendar,ridge,price_calendar_ridge,-0.018130791371108845,0.018130791371108845,0.02347134837350745,0.025967964345029904,0,0,2011-01-07,2025-06-27,756
2025-07-25,10,price_calendar,ridge,price_calendar_ridge,-0.018465596591241695,0.018465596591241695,0.023428540986132455,0.025967964345029904,0,0,2011-01-07,2025-06-27,756
2025-08-01,10,price_calendar,ridge,price_calendar_ridge,-0.007600104223529858,0.007600104223529858,0.022492326735462507,0.025967964345029904,0,0,2011-01-07,2025-06-27,756
2025-08-08,10,price_calendar,ridge,price_calendar_ridge,0.0029299309266903606,0.0029299309266903606,0.021641080447395947,0.025967964345029904,0,0,2011-01-07,2025-06-27,756
2025-08-15,10,price_calendar,ridge,price_calendar_ridge,0.012212951347196466,0.012212951347196466,0.019011529127375217,0.025967964345029904,0,0,2011-01-07,2025-06-27,756
2025-08-22,10,price_calendar,ridge,price_calendar_ridge,0.015486427426680383,0.015486427426680383,0.02100075608758952,0.025967964345029904,0,0,2011-01-07,2025-06-27,756
2025-08-29,10,price_calendar,ridge,price_calendar_ridge,-0.0022791467269858146,0.0022791467269858146,0.020796087674695683,0.025967964345029904,0,0,2011-01-07,2025-06-27,756
2025-09-05,10,price_calendar,ridge,price_calendar_ridge,0.020886953432670996,0.020886953432670996,0.018811327130542534,0.025967964345029904,0,0,2011-01-07,2025-06-27,756
2025-09-12,10,price_calendar,ridge,price_calendar_ridge,-0.008978727556137933,0.008978727556137933,0.01863261852901549,0.025967964345029904,0,0,2011-01-07,2025-06-27,756
2025-09-19,10,price_calendar,ridge,price_calendar_ridge,-0.006787295841789831,0.006787295841789831,0.017168333257848143,0.025967964345029904,0,0,2011-01-07,2025-06-27,756
2025-09-26,10,price_calendar,ridge,price_calendar_ridge,-0.0005677109701363037,0.0005677109701363037,0.01668595686324799,0.025967964345029904,0,0,2011-01-07,2025-06-27,756
2025-10-03,11,price_calendar,ridge,price_calendar_ridge,-0.017760499764301496,0.017760499764301496,0.010066142621659743,0.025811610899004644,0,0,2011-01-07,2025-09-26,769
2025-10-10,11,price_calendar,ridge,price_calendar_ridge,0.013777581737391742,0.013777581737391742,0.009777113903304463,0.025811610899004644,0,0,2011-01-07,2025-09-26,769
2025-10-17,11,price_calendar,ridge,price_calendar_ridge,0.004550628997046058,0.004550628997046058,0.008198454439552808,0.025811610899004644,0,0,2011-01-07,2025-09-26,769
2025-10-24,11,price_calendar,ridge,price_calendar_ridge,0.009601885003151178,0.009601885003151178,0.011383510099900204,0.025811610899004644,0,0,2011-01-07,2025-09-26,769
2025-10-31,11,price_calendar,ridge,price_calendar_ridge,-0.0011248852137382137,0.0011248852137382137,0.012767168774449252,0.025811610899004644,0,0,2011-01-07,2025-09-26,769
2025-11-07,11,price_calendar,ridge,price_calendar_ridge,0.0072890236085148,0.0072890236085148,0.01565793828024913,0.025811610899004644,0,0,2011-01-07,2025-09-26,769
2025-11-14,11,price_calendar,ridge,price_calendar_ridge,-0.016901767817029345,0.016901767817029345,0.016150933349827805,0.025811610899004644,0,0,2011-01-07,2025-09-26,769
2025-11-21,11,price_calendar,ridge,price_calendar_ridge,0.020804738866287753,0.020804738866287753,0.01791290096266783,0.025811610899004644,0,0,2011-01-07,2025-09-26,769
2025-11-28,11,price_calendar,ridge,price_calendar_ridge,-0.006700132988308738,0.006700132988308738,0.01697924147205046,0.025811610899004644,0,0,2011-01-07,2025-09-26,769
2025-12-05,11,price_calendar,ridge,price_calendar_ridge,-0.0056180136750763054,0.0056180136750763054,0.012791888315299236,0.025811610899004644,0,0,2011-01-07,2025-09-26,769
2025-12-12,11,price_calendar,ridge,price_calendar_ridge,0.0022510372193500494,0.0022510372193500494,0.01162291184356972,0.025811610899004644,0,0,2011-01-07,2025-09-26,769
2025-12-19,11,price_calendar,ridge,price_calendar_ridge,0.017275406206680444,0.017275406206680444,0.013272594129795036,0.025811610899004644,0,0,2011-01-07,2025-09-26,769
2025-12-26,11,price_calendar,ridge,price_calendar_ridge,-0.026310010540252282,0.026310010540252282,0.015414733707044432,0.025811610899004644,1,0,2011-01-07,2025-09-26,769
2026-01-02,12,price_calendar,ridge,price_calendar_ridge,0.014639914596512149,0.014639914596512149,0.009817684546611846,0.025555294108124734,0,0,2011-01-07,2025-12-26,782
2026-01-09,12,price_calendar,ridge,price_calendar_ridge,-0.040495929084172655,0.040495929084172655,0.0119685518537836,0.025555294108124734,1,0,2011-01-07,2025-12-26,782
2026-01-16,12,price_calendar,ridge,price_calendar_ridge,0.013873041484489868,0.013873041484489868,0.015514898577774461,0.025555294108124734,0,0,2011-01-07,2025-12-26,782
2026-01-23,12,price_calendar,ridge,price_calendar_ridge,0.003438368235503919,0.003438368235503919,0.014764158762339274,0.025555294108124734,0,0,2011-01-07,2025-12-26,782
2026-01-30,12,price_calendar,ridge,price_calendar_ridge,0.001143536889932406,0.001143536889932406,0.01776125943269837,0.025555294108124734,0,0,2011-01-07,2025-12-26,782
2026-02-06,12,price_calendar,ridge,price_calendar_ridge,0.008534880836821301,0.008534880836821301,0.021431953387634525,0.025555294108124734,0,0,2011-01-07,2025-12-26,782
2026-02-13,12,price_calendar,ridge,price_calendar_ridge,-0.001701093628666328,0.001701093628666328,0.01976365200668141,0.025555294108124734,0,0,2011-01-07,2025-12-26,782
2026-02-20,12,price_calendar,ridge,price_calendar_ridge,0.015207195266091489,0.015207195266091489,0.02232534178331127,0.025555294108124734,0,0,2011-01-07,2025-12-26,782
2026-02-27,12,price_calendar,ridge,price_calendar_ridge,0.03460939053157874,0.03460939053157874,0.0233874281389174,0.025555294108124734,1,0,2011-01-07,2025-12-26,782
2026-03-06,12,price_calendar,ridge,price_calendar_ridge,0.008066707704783571,0.008066707704783571,0.022542712984453775,0.025555294108124734,0,0,2011-01-07,2025-12-26,782
2026-03-13,12,price_calendar,ridge,price_calendar_ridge,0.006938867613939692,0.006938867613939692,0.02685835137493494,0.025555294108124734,0,1,2011-01-07,2025-12-26,782
2026-03-20,12,price_calendar,ridge,price_calendar_ridge,-0.011771099974565047,0.011771099974565047,0.027632286159141643,0.025555294108124734,0,1,2011-01-07,2025-12-26,782
2026-03-27,12,price_calendar,ridge,price_calendar_ridge,-0.02121370738946471,0.02121370738946471,0.02545760733697254,0.025555294108124734,0,0,2011-01-07,2025-12-26,782
2026-04-03,13,price_calendar,ridge,price_calendar_ridge,-0.02448650596856261,0.02448650596856261,0.02369880262435462,0.025394470563627976,0,0,2011-01-07,2026-03-27,795
2026-04-10,13,price_calendar,ridge,price_calendar_ridge,0.011204641516453062,0.011204641516453062,0.01923533281970482,0.025394470563627976,0,0,2011-01-07,2026-03-27,795
2026-04-17,13,price_calendar,ridge,price_calendar_ridge,0.01767023800752021,0.01767023800752021,0.01833890351009556,0.025394470563627976,0,0,2011-01-07,2026-03-27,795
2026-04-24,13,price_calendar,ridge,price_calendar_ridge,0.03337225375719077,0.03337225375719077,0.019720550111461004,0.025394470563627976,1,0,2011-01-07,2026-03-27,795
2026-05-01,13,price_calendar,ridge,price_calendar_ridge,-0.014933545751462773,0.014933545751462773,0.024888380356961507,0.025394470563627976,0,0,2011-01-07,2026-03-27,795
2026-05-08,13,price_calendar,ridge,price_calendar_ridge,-0.004308026097975315,0.004308026097975315,0.025385539507828757,0.025394470563627976,0,0,2011-01-07,2026-03-27,795
2023-01-06,0,price_only,hgb,price_only_hgb,0.026637756991465977,0.026637756991465977,0.014461665332778673,0.02716175170834423,0,0,2011-01-07,2022-12-30,626
2023-01-13,0,price_only,hgb,price_only_hgb,-0.005271073667588055,0.005271073667588055,0.013234095509012469,0.02716175170834423,0,0,2011-01-07,2022-12-30,626
2023-01-20,0,price_only,hgb,price_only_hgb,0.0018857687565256853,0.0018857687565256853,0.012174135133612847,0.02716175170834423,0,0,2011-01-07,2022-12-30,626
2023-01-27,0,price_only,hgb,price_only_hgb,0.0015059870145548437,0.0015059870145548437,0.01676798271362729,0.02716175170834423,0,0,2011-01-07,2022-12-30,626
2023-02-03,0,price_only,hgb,price_only_hgb,0.0030052586123381353,0.0030052586123381353,0.01197415377637269,0.02716175170834423,0,0,2011-01-07,2022-12-30,626
2023-02-10,0,price_only,hgb,price_only_hgb,-0.0007504862659923894,0.0007504862659923894,0.018246691950983083,0.02716175170834423,0,0,2011-01-07,2022-12-30,626
2023-02-17,0,price_only,hgb,price_only_hgb,-0.03787026601642918,0.03787026601642918,0.013901290884119509,0.02716175170834423,1,0,2011-01-07,2022-12-30,626
2023-02-24,0,price_only,hgb,price_only_hgb,-0.011370403108148963,0.011370403108148963,0.0192564320432133,0.02716175170834423,0,0,2011-01-07,2022-12-30,626
2023-03-03,0,price_only,hgb,price_only_hgb,-0.031240052602529822,0.031240052602529822,0.023471299674055823,0.02716175170834423,1,0,2011-01-07,2022-12-30,626
2023-03-10,0,price_only,hgb,price_only_hgb,0.007700160947850421,0.007700160947850421,0.012445523542458316,0.02716175170834423,0,0,2011-01-07,2022-12-30,626
2023-03-17,0,price_only,hgb,price_only_hgb,0.004029029578285659,0.004029029578285659,0.020322364785529876,0.02716175170834423,0,0,2011-01-07,2022-12-30,626
2023-03-24,0,price_only,hgb,price_only_hgb,0.014371452949219155,0.014371452949219155,0.01889721976821038,0.02716175170834423,0,0,2011-01-07,2022-12-30,626
2023-03-31,0,price_only,hgb,price_only_hgb,-0.01961238679648769,0.01961238679648769,0.015209338125244111,0.02716175170834423,0,0,2011-01-07,2022-12-30,626
2023-04-07,1,price_only,hgb,price_only_hgb,0.014844839763751505,0.014844839763751505,0.016546511420740095,0.026793623512194917,0,0,2011-01-07,2023-03-31,639
2023-04-14,1,price_only,hgb,price_only_hgb,-0.028273319322776214,0.028273319322776214,0.015619057045884028,0.026793623512194917,1,0,2011-01-07,2023-03-31,639
2023-04-21,1,price_only,hgb,price_only_hgb,-0.043111958005261464,0.043111958005261464,0.021110166231899014,0.026793623512194917,1,0,2011-01-07,2023-03-31,639
2023-04-28,1,price_only,hgb,price_only_hgb,0.01696399998898457,0.01696399998898457,0.024793059290795637,0.026793623512194917,0,0,2011-01-07,2023-03-31,639
2023-05-05,1,price_only,hgb,price_only_hgb,-0.04471944188032584,0.04471944188032584,0.01825235083374601,0.026793623512194917,1,0,2011-01-07,2023-03-31,639
2023-05-12,1,price_only,hgb,price_only_hgb,-0.02088497643277787,0.02088497643277787,0.011658508656457464,0.026793623512194917,0,0,2011-01-07,2023-03-31,639
2023-05-19,1,price_only,hgb,price_only_hgb,0.058853344475394476,0.058853344475394476,0.022790201029587336,0.026793623512194917,1,0,2011-01-07,2023-03-31,639
2023-05-26,1,price_only,hgb,price_only_hgb,0.008851441609216248,0.008851441609216248,0.03391671087471177,0.026793623512194917,0,1,2011-01-07,2023-03-31,639
2023-06-02,1,price_only,hgb,price_only_hgb,-0.019492103447578124,0.019492103447578124,0.025082264551204998,0.026793623512194917,0,0,2011-01-07,2023-03-31,639
2023-06-09,1,price_only,hgb,price_only_hgb,0.1047184545507811,0.1047184545507811,0.03600107675684112,0.026793623512194917,1,1,2011-01-07,2023-03-31,639
2023-06-16,1,price_only,hgb,price_only_hgb,-0.01788542960351691,0.01788542960351691,0.028051103305937436,0.026793623512194917,0,1,2011-01-07,2023-03-31,639
2023-06-23,1,price_only,hgb,price_only_hgb,-0.1386444483967515,0.1386444483967515,0.01403160764271139,0.026793623512194917,1,0,2011-01-07,2023-03-31,639
2023-06-30,1,price_only,hgb,price_only_hgb,0.007184577115581181,0.007184577115581181,0.05178771220880748,0.026793623512194917,0,1,2011-01-07,2023-03-31,639
2023-07-07,2,price_only,hgb,price_only_hgb,0.035600307988796764,0.035600307988796764,0.04816383720488601,0.027287537081984097,1,1,2011-01-07,2023-06-30,652
2023-07-14,2,price_only,hgb,price_only_hgb,0.033959088920219926,0.033959088920219926,0.03803411635282989,0.027287537081984097,1,1,2011-01-07,2023-06-30,652
2023-07-21,2,price_only,hgb,price_only_hgb,-0.007540814899039461,0.007540814899039461,0.030594539790777406,0.027287537081984097,0,1,2011-01-07,2023-06-30,652
2023-07-28,2,price_only,hgb,price_only_hgb,-0.04471944188032584,0.04471944188032584,0.027492097669696184,0.027287537081984097,1,1,2011-01-07,2023-06-30,652
2023-08-04,2,price_only,hgb,price_only_hgb,-0.019987289785992512,0.019987289785992512,0.021301351364313378,0.027287537081984097,0,0,2011-01-07,2023-06-30,652
2023-08-11,2,price_only,hgb,price_only_hgb,0.010265635127240103,0.010265635127240103,0.015246958422068933,0.027287537081984097,0,0,2011-01-07,2023-06-30,652
2023-08-18,2,price_only,hgb,price_only_hgb,-0.010265635127240103,0.010265635127240103,0.017395562439980992,0.027287537081984097,0,0,2011-01-07,2023-06-30,652
2023-08-25,2,price_only,hgb,price_only_hgb,-0.004045865226357748,0.004045865226357748,0.02676338200568803,0.027287537081984097,0,0,2011-01-07,2023-06-30,652
2023-09-01,2,price_only,hgb,price_only_hgb,-0.0009013275636022833,0.0009013275636022833,0.019416286529218573,0.027287537081984097,0,0,2011-01-07,2023-06-30,652
2023-09-08,2,price_only,hgb,price_only_hgb,-0.009513140538532916,0.009513140538532916,0.01566309279590221,0.027287537081984097,0,0,2011-01-07,2023-06-30,652
2023-09-15,2,price_only,hgb,price_only_hgb,-0.0004552801920918448,0.0004552801920918448,0.02091790106605694,0.027287537081984097,0,0,2011-01-07,2023-06-30,652
2023-09-22,2,price_only,hgb,price_only_hgb,0.0027285771324261354,0.0027285771324261354,0.010984017988375712,0.027287537081984097,0,0,2011-01-07,2023-06-30,652
2023-09-29,2,price_only,hgb,price_only_hgb,0.03217432617415117,0.03217432617415117,0.01746756342178064,0.027287537081984097,1,0,2011-01-07,2023-06-30,652
2023-10-06,3,price_only,hgb,price_only_hgb,0.0026350242409121094,0.0026350242409121094,0.015119523991131437,0.027350429768804013,0,0,2011-01-07,2023-09-29,665
2023-10-13,3,price_only,hgb,price_only_hgb,0.0,0.0,0.018016558320270173,0.027350429768804013,0,0,2011-01-07,2023-09-29,665
2023-10-20,3,price_only,hgb,price_only_hgb,-0.023520000673689978,0.023520000673689978,0.022049262657635654,0.027350429768804013,0,0,2011-01-07,2023-09-29,665
2023-10-27,3,price_only,hgb,price_only_hgb,0.0017944826819555892,0.0017944826819555892,0.019305723268673945,0.027350429768804013,0,0,2011-01-07,2023-09-29,665
2023-11-03,3,price_only,hgb,price_only_hgb,-0.026341211304041767,0.026341211304041767,0.007913210101127345,0.027350429768804013,0,0,2011-01-07,2023-09-29,665
2023-11-10,3,price_only,hgb,price_only_hgb,0.015525433238654074,0.015525433238654074,0.013715728348267078,0.027350429768804013,0,0,2011-01-07,2023-09-29,665
2023-11-17,3,price_only,hgb,price_only_hgb,-0.0063636300953144875,0.0063636300953144875,0.021005738930986364,0.027350429768804013,0,0,2011-01-07,2023-09-29,665
2023-11-24,3,price_only,hgb,price_only_hgb,0.005003449478365063,0.005003449478365063,0.019040343574715384,0.027350429768804013,0,0,2011-01-07,2023-09-29,665
2023-12-01,3,price_only,hgb,price_only_hgb,0.005881001245468642,0.005881001245468642,0.021198140808125005,0.027350429768804013,0,0,2011-01-07,2023-09-29,665
2023-12-08,3,price_only,hgb,price_only_hgb,-0.008607098920432321,0.008607098920432321,0.015625188562959615,0.027350429768804013,0,0,2011-01-07,2023-09-29,665
2023-12-15,3,price_only,hgb,price_only_hgb,-0.016514077120584947,0.016514077120584947,0.01534691061141066,0.027350429768804013,0,0,2011-01-07,2023-09-29,665
2023-12-22,3,price_only,hgb,price_only_hgb,-0.0023154047756110963,0.0023154047756110963,0.016462677824062456,0.027350429768804013,0,0,2011-01-07,2023-09-29,665
2023-12-29,3,price_only,hgb,price_only_hgb,-0.01588819209985548,0.01588819209985548,0.014216835899719423,0.027350429768804013,0,0,2011-01-07,2023-09-29,665
2024-01-05,4,price_only,hgb,price_only_hgb,-0.029638829636343456,0.029638829636343456,0.01378177854909665,0.02661593887029116,1,0,2011-01-07,2023-12-29,678
2024-01-12,4,price_only,hgb,price_only_hgb,-0.009261608043951597,0.009261608043951597,0.00886160062932576,0.02661593887029116,0,0,2011-01-07,2023-12-29,678
2024-01-19,4,price_only,hgb,price_only_hgb,-0.0009799343220819878,0.0009799343220819878,0.012090730425659522,0.02661593887029116,0,0,2011-01-07,2023-12-29,678
2024-01-26,4,price_only,hgb,price_only_hgb,-0.0019626604903781875,0.0019626604903781875,0.01875692289567758,0.02661593887029116,0,0,2011-01-07,2023-12-29,678
2024-02-02,4,price_only,hgb,price_only_hgb,-0.02134607212321038,0.02134607212321038,0.014296557743758102,0.02661593887029116,0,0,2011-01-07,2023-12-29,678
2024-02-09,4,price_only,hgb,price_only_hgb,-0.024379040246952144,0.024379040246952144,0.01516374049636586,0.02661593887029116,0,0,2011-01-07,2023-12-29,678
2024-02-16,4,price_only,hgb,price_only_hgb,-0.028685207408120306,0.028685207408120306,0.014534598301975808,0.02661593887029116,1,0,2011-01-07,2023-12-29,678
2024-02-23,4,price_only,hgb,price_only_hgb,0.020943154498284322,0.020943154498284322,0.015123630895973827,0.02661593887029116,0,0,2011-01-07,2023-12-29,678
2024-03-01,4,price_only,hgb,price_only_hgb,0.034626693929015406,0.034626693929015406,0.023974942832276202,0.02661593887029116,1,0,2011-01-07,2023-12-29,678
2024-03-08,4,price_only,hgb,price_only_hgb,-0.001502568730861853,0.001502568730861853,0.017075548351780646,0.02661593887029116,0,0,2011-01-07,2023-12-29,678
2024-03-15,4,price_only,hgb,price_only_hgb,0.007490652465172332,0.007490652465172332,0.02428288331217673,0.02661593887029116,0,0,2011-01-07,2023-12-29,678
2024-03-22,4,price_only,hgb,price_only_hgb,0.003972196004524697,0.003972196004524697,0.024265763293456276,0.02661593887029116,0,0,2011-01-07,2023-12-29,678
2024-03-29,4,price_only,hgb,price_only_hgb,-0.01346991963592492,0.01346991963592492,0.018296884201482764,0.02661593887029116,0,0,2011-01-07,2023-12-29,678
2024-04-05,5,price_only,hgb,price_only_hgb,0.0005021455742464376,0.0005021455742464376,0.011007202136348433,0.02641957577971787,0,0,2011-01-07,2024-03-29,691
2024-04-12,5,price_only,hgb,price_only_hgb,-0.011105581514636143,0.011105581514636143,0.018474648416052966,0.02641957577971787,0,0,2011-01-07,2024-03-29,691
2024-04-19,5,price_only,hgb,price_only_hgb,0.01711164742982696,0.01711164742982696,0.01981158362670301,0.02641957577971787,0,0,2011-01-07,2024-03-29,691
2024-04-26,5,price_only,hgb,price_only_hgb,0.024156942575138896,0.024156942575138896,0.016096787424070138,0.02641957577971787,0,0,2011-01-07,2024-03-29,691
2024-05-03,5,price_only,hgb,price_only_hgb,0.014506987133386051,0.014506987133386051,0.012573083170738963,0.02641957577971787,0,0,2011-01-07,2024-03-29,691
2024-05-10,5,price_only,hgb,price_only_hgb,-0.025280902313195686,0.025280902313195686,0.018971855761297878,0.02641957577971787,0,0,2011-01-07,2024-03-29,691
2024-05-17,5,price_only,hgb,price_only_hgb,0.019986034955030263,0.019986034955030263,0.02043650354295052,0.02641957577971787,0,0,2011-01-07,2024-03-29,691
2024-05-24,5,price_only,hgb,price_only_hgb,-0.04037967169090617,0.04037967169090617,0.026198864942670375,0.02641957577971787,1,0,2011-01-07,2024-03-29,691
2024-05-31,5,price_only,hgb,price_only_hgb,0.002008078755808995,0.002008078755808995,0.012252379365021738,0.02641957577971787,0,0,2011-01-07,2024-03-29,691
2024-06-07,5,price_only,hgb,price_only_hgb,0.0,0.0,0.020480774769112437,0.02641957577971787,0,0,2011-01-07,2024-03-29,691
2024-06-14,5,price_only,hgb,price_only_hgb,-0.030552293402017927,0.030552293402017927,0.017567332573498122,0.02641957577971787,1,0,2011-01-07,2024-03-29,691
2024-06-21,5,price_only,hgb,price_only_hgb,-0.05472816839602368,0.05472816839602368,0.016115309249683473,0.02641957577971787,1,0,2011-01-07,2024-03-29,691
2024-06-28,5,price_only,hgb,price_only_hgb,0.006532458721493217,0.006532458721493217,0.023345204940776767,0.02641957577971787,0,0,2011-01-07,2024-03-29,691
2024-07-05,6,price_only,hgb,price_only_hgb,-0.013107766350386907,0.013107766350386907,0.01841831516481688,0.026349047751609376,0,0,2011-01-07,2024-06-28,704
2024-07-12,6,price_only,hgb,price_only_hgb,-0.019428886184991168,0.019428886184991168,0.020947557166107963,0.026349047751609376,0,0,2011-01-07,2024-06-28,704
2024-07-19,6,price_only,hgb,price_only_hgb,0.01003914187828503,0.01003914187828503,0.029789167168874035,0.026349047751609376,0,1,2011-01-07,2024-06-28,704
2024-07-26,6,price_only,hgb,price_only_hgb,-0.01003914187828503,0.01003914187828503,0.02547973179713822,0.026349047751609376,0,0,2011-01-07,2024-06-28,704
2024-08-02,6,price_only,hgb,price_only_hgb,-0.019242254775527545,0.019242254775527545,0.019728900299724617,0.026349047751609376,0,0,2011-01-07,2024-06-28,704
2024-08-09,6,price_only,hgb,price_only_hgb,-0.009184900777309934,0.009184900777309934,0.016924545627230628,0.026349047751609376,0,0,2011-01-07,2024-06-28,704
2024-08-16,6,price_only,hgb,price_only_hgb,-0.00115409463771865,0.00115409463771865,0.019830477799288145,0.026349047751609376,0,0,2011-01-07,2024-06-28,704
2024-08-23,6,price_only,hgb,price_only_hgb,0.021702797169266486,0.021702797169266486,0.02260870568079838,0.026349047751609376,0,0,2011-01-07,2024-06-28,704
2024-08-30,6,price_only,hgb,price_only_hgb,0.010677180720008561,0.010677180720008561,0.023698568616506377,0.026349047751609376,0,0,2011-01-07,2024-06-28,704
2024-09-06,6,price_only,hgb,price_only_hgb,0.014979501367015313,0.014979501367015313,0.01038419496485051,0.026349047751609376,0,0,2011-01-07,2024-06-28,704
2024-09-13,6,price_only,hgb,price_only_hgb,-0.02339940079131697,0.02339940079131697,0.01267707028689089,0.026349047751609376,0,0,2011-01-07,2024-06-28,704
2024-09-20,6,price_only,hgb,price_only_hgb,0.02943843146598457,0.02943843146598457,0.0104404596151368,0.026349047751609376,1,0,2011-01-07,2024-06-28,704
2024-09-27,6,price_only,hgb,price_only_hgb,0.010887361589490663,0.010887361589490663,0.020821603004884944,0.026349047751609376,0,0,2011-01-07,2024-06-28,704
2024-10-04,7,price_only,hgb,price_only_hgb,-0.013079193454776483,0.013079193454776483,0.016879322571166037,0.026080167655098307,0,0,2011-01-07,2024-09-27,717
2024-10-11,7,price_only,hgb,price_only_hgb,-0.036306675662896026,0.036306675662896026,0.016612438029438042,0.026080167655098307,1,0,2011-01-07,2024-09-27,717
2024-10-18,7,price_only,hgb,price_only_hgb,0.021385123980925957,0.021385123980925957,0.020160766903857506,0.026080167655098307,0,0,2011-01-07,2024-09-27,717
2024-10-25,7,price_only,hgb,price_only_hgb,-0.0005568544602643222,0.0005568544602643222,0.02358202272222069,0.026080167655098307,0,0,2011-01-07,2024-09-27,717
2024-11-01,7,price_only,hgb,price_only_hgb,0.029098884004898462,0.029098884004898462,0.01923009905639543,0.026080167655098307,1,0,2011-01-07,2024-09-27,717
2024-11-08,7,price_only,hgb,price_only_hgb,-0.022435953727171665,0.022435953727171665,0.016690620836074015,0.026080167655098307,0,0,2011-01-07,2024-09-27,717
2024-11-15,7,price_only,hgb,price_only_hgb,0.0,0.0,0.020530334639310647,0.026080167655098307,0,0,2011-01-07,2024-09-27,717
2024-11-22,7,price_only,hgb,price_only_hgb,-0.01112971158101228,0.01112971158101228,0.014498823221993397,0.026080167655098307,0,0,2011-01-07,2024-09-27,717
2024-11-29,7,price_only,hgb,price_only_hgb,0.01719872940108713,0.01719872940108713,0.020027080115880686,0.026080167655098307,0,0,2011-01-07,2024-09-27,717
2024-12-06,7,price_only,hgb,price_only_hgb,0.004390782165744955,0.004390782165744955,0.02198360231039913,0.026080167655098307,0,0,2011-01-07,2024-09-27,717
2024-12-13,7,price_only,hgb,price_only_hgb,0.0,0.0,0.01244755452830172,0.026080167655098307,0,0,2011-01-07,2024-09-27,717
2024-12-20,7,price_only,hgb,price_only_hgb,0.01683447122938375,0.01683447122938375,0.021662190622021432,0.026080167655098307,0,0,2011-01-07,2024-09-27,717
2024-12-27,7,price_only,hgb,price_only_hgb,-0.0026961049955143146,0.0026961049955143146,0.021526772378738766,0.026080167655098307,0,0,2011-01-07,2024-09-27,717
2025-01-03,8,price_only,hgb,price_only_hgb,0.037620281860731186,0.037620281860731186,0.015302332864438575,0.026019826505414078,1,0,2011-01-07,2024-12-27,730
2025-01-10,8,price_only,hgb,price_only_hgb,0.02007796111557436,0.02007796111557436,0.030414834215892885,0.026019826505414078,0,1,2011-01-07,2024-12-27,730
2025-01-17,8,price_only,hgb,price_only_hgb,0.007110206991211232,0.007110206991211232,0.032421672328589134,0.026019826505414078,0,1,2011-01-07,2024-12-27,730
2025-01-24,8,price_only,hgb,price_only_hgb,0.0015171019737820757,0.0015171019737820757,0.03509905244035665,0.026019826505414078,0,1,2011-01-07,2024-12-27,730
2025-01-31,8,price_only,hgb,price_only_hgb,0.009054307167279507,0.009054307167279507,0.014868427276341316,0.026019826505414078,0,0,2011-01-07,2024-12-27,730
2025-02-07,8,price_only,hgb,price_only_hgb,0.01737449464791574,0.01737449464791574,0.021861414808903135,0.026019826505414078,0,0,2011-01-07,2024-12-27,730
2025-02-14,8,price_only,hgb,price_only_hgb,-0.003944774580914245,0.003944774580914245,0.02023399218906585,0.026019826505414078,0,0,2011-01-07,2024-12-27,730
2025-02-21,8,price_only,hgb,price_only_hgb,-0.0595444295014711,0.0595444295014711,0.013399912988873391,0.026019826505414078,1,0,2011-01-07,2024-12-27,730
2025-02-28,8,price_only,hgb,price_only_hgb,0.0,0.0,0.039538202282839406,0.026019826505414078,0,1,2011-01-07,2024-12-27,730
2025-03-07,8,price_only,hgb,price_only_hgb,-0.012665064992064767,0.012665064992064767,0.023904897770206483,0.026019826505414078,0,0,2011-01-07,2024-12-27,730
2025-03-14,8,price_only,hgb,price_only_hgb,0.002651777649094189,0.002651777649094189,0.02251554167984929,0.026019826505414078,0,0,2011-01-07,2024-12-27,730
2025-03-21,8,price_only,hgb,price_only_hgb,-0.022496936786924326,0.022496936786924326,0.024059028861394948,0.026019826505414078,0,0,2011-01-07,2024-12-27,730
2025-03-28,8,price_only,hgb,price_only_hgb,0.01505408511722317,0.01505408511722317,0.025596594512298607,0.026019826505414078,0,0,2011-01-07,2024-12-27,730
2025-04-04,9,price_only,hgb,price_only_hgb,0.04384836860910912,0.04384836860910912,0.018064463377693667,0.025885769953424464,1,0,2011-01-07,2025-03-28,743
2025-04-11,9,price_only,hgb,price_only_hgb,0.0,0.0,0.0227905411557683,0.025885769953424464,0,0,2011-01-07,2025-03-28,743
2025-04-18,9,price_only,hgb,price_only_hgb,-0.02116207216842536,0.02116207216842536,0.020492082926101326,0.025885769953424464,0,0,2011-01-07,2025-03-28,743
2025-04-25,9,price_only,hgb,price_only_hgb,-0.01895794611669377,0.01895794611669377,0.038422305556409096,0.025885769953424464,0,1,2011-01-07,2025-03-28,743
2025-05-02,9,price_only,hgb,price_only_hgb,-0.030771642822881695,0.030771642822881695,0.014465589412059606,0.025885769953424464,1,0,2011-01-07,2025-03-28,743
2025-05-09,9,price_only,hgb,price_only_hgb,-0.016584085698091666,0.016584085698091666,0.01664583909421389,0.025885769953424464,0,0,2011-01-07,2025-03-28,743
2025-05-16,9,price_only,hgb,price_only_hgb,0.031818367535546344,0.031818367535546344,0.020387619349103048,0.025885769953424464,1,0,2011-01-07,2025-03-28,743
2025-05-23,9,price_only,hgb,price_only_hgb,-0.02183490700515245,0.02183490700515245,0.011222575730255133,0.025885769953424464,0,0,2011-01-07,2025-03-28,743
2025-05-30,9,price_only,hgb,price_only_hgb,0.02721996999038989,0.02721996999038989,0.017368642768404302,0.025885769953424464,1,0,2011-01-07,2025-03-28,743
2025-06-06,9,price_only,hgb,price_only_hgb,-0.012429311493620254,0.012429311493620254,0.01633467417412339,0.025885769953424464,0,0,2011-01-07,2025-03-28,743
2025-06-13,9,price_only,hgb,price_only_hgb,-0.002722530278641777,0.002722530278641777,0.01718666809410951,0.025885769953424464,0,0,2011-01-07,2025-03-28,743
2025-06-20,9,price_only,hgb,price_only_hgb,-0.03439056872108148,0.03439056872108148,0.013129475477662756,0.025885769953424464,1,0,2011-01-07,2025-03-28,743
2025-06-27,9,price_only,hgb,price_only_hgb,0.02452745834354264,0.02452745834354264,0.022698796277694763,0.025885769953424464,0,0,2011-01-07,2025-03-28,743
2025-07-04,10,price_only,hgb,price_only_hgb,-0.050250446105851054,0.050250446105851054,0.02370434646133412,0.025967964345029904,1,0,2011-01-07,2025-06-27,756
2025-07-11,10,price_only,hgb,price_only_hgb,0.030789148650300024,0.030789148650300024,0.021524525247891967,0.025967964345029904,1,0,2011-01-07,2025-06-27,756
2025-07-18,10,price_only,hgb,price_only_hgb,-0.018130791371108845,0.018130791371108845,0.02539554119445169,0.025967964345029904,0,0,2011-01-07,2025-06-27,756
2025-07-25,10,price_only,hgb,price_only_hgb,-0.018465596591241695,0.018465596591241695,0.0334415385442147,0.025967964345029904,0,1,2011-01-07,2025-06-27,756
2025-08-01,10,price_only,hgb,price_only_hgb,-0.007600104223529858,0.007600104223529858,0.0151990093435904,0.025967964345029904,0,0,2011-01-07,2025-06-27,756
2025-08-08,10,price_only,hgb,price_only_hgb,0.0029299309266903606,0.0029299309266903606,0.023842887181537493,0.025967964345029904,0,0,2011-01-07,2025-06-27,756
2025-08-15,10,price_only,hgb,price_only_hgb,0.012212951347196466,0.012212951347196466,0.018213030192553846,0.025967964345029904,0,0,2011-01-07,2025-06-27,756
2025-08-22,10,price_only,hgb,price_only_hgb,0.015486427426680383,0.015486427426680383,0.017063976315491468,0.025967964345029904,0,0,2011-01-07,2025-06-27,756
2025-08-29,10,price_only,hgb,price_only_hgb,-0.0022791467269858146,0.0022791467269858146,0.01576350012395197,0.025967964345029904,0,0,2011-01-07,2025-06-27,756
2025-09-05,10,price_only,hgb,price_only_hgb,0.020886953432670996,0.020886953432670996,0.019441815020676205,0.025967964345029904,0,0,2011-01-07,2025-06-27,756
2025-09-12,10,price_only,hgb,price_only_hgb,-0.008978727556137933,0.008978727556137933,0.029061320899293704,0.025967964345029904,0,1,2011-01-07,2025-06-27,756
2025-09-19,10,price_only,hgb,price_only_hgb,-0.006787295841789831,0.006787295841789831,0.01227505661152948,0.025967964345029904,0,0,2011-01-07,2025-06-27,756
2025-09-26,10,price_only,hgb,price_only_hgb,-0.0005677109701363037,0.0005677109701363037,0.013660141449257574,0.025967964345029904,0,0,2011-01-07,2025-06-27,756
2025-10-03,11,price_only,hgb,price_only_hgb,-0.017760499764301496,0.017760499764301496,0.01276098238714003,0.025811610899004644,0,0,2011-01-07,2025-09-26,769
2025-10-10,11,price_only,hgb,price_only_hgb,0.013777581737391742,0.013777581737391742,0.014928391749845518,0.025811610899004644,0,0,2011-01-07,2025-09-26,769
2025-10-17,11,price_only,hgb,price_only_hgb,0.004550628997046058,0.004550628997046058,0.013869830950120015,0.025811610899004644,0,0,2011-01-07,2025-09-26,769
2025-10-24,11,price_only,hgb,price_only_hgb,0.009601885003151178,0.009601885003151178,0.013184740900983693,0.025811610899004644,0,0,2011-01-07,2025-09-26,769
2025-10-31,11,price_only,hgb,price_only_hgb,-0.0011248852137382137,0.0011248852137382137,0.013904835441051864,0.025811610899004644,0,0,2011-01-07,2025-09-26,769
2025-11-07,11,price_only,hgb,price_only_hgb,0.0072890236085148,0.0072890236085148,0.01323895152495404,0.025811610899004644,0,0,2011-01-07,2025-09-26,769
2025-11-14,11,price_only,hgb,price_only_hgb,-0.016901767817029345,0.016901767817029345,0.011028178912721854,0.025811610899004644,0,0,2011-01-07,2025-09-26,769
2025-11-21,11,price_only,hgb,price_only_hgb,0.020804738866287753,0.020804738866287753,0.013721491004005128,0.025811610899004644,0,0,2011-01-07,2025-09-26,769
2025-11-28,11,price_only,hgb,price_only_hgb,-0.006700132988308738,0.006700132988308738,0.015513033702634916,0.025811610899004644,0,0,2011-01-07,2025-09-26,769
2025-12-05,11,price_only,hgb,price_only_hgb,-0.0056180136750763054,0.0056180136750763054,0.018854886442803778,0.025811610899004644,0,0,2011-01-07,2025-09-26,769
2025-12-12,11,price_only,hgb,price_only_hgb,0.0022510372193500494,0.0022510372193500494,0.013831678891219447,0.025811610899004644,0,0,2011-01-07,2025-09-26,769
2025-12-19,11,price_only,hgb,price_only_hgb,0.017275406206680444,0.017275406206680444,0.01077731473053119,0.025811610899004644,0,0,2011-01-07,2025-09-26,769
2025-12-26,11,price_only,hgb,price_only_hgb,-0.026310010540252282,0.026310010540252282,0.013764859507286186,0.025811610899004644,1,0,2011-01-07,2025-09-26,769
2026-01-02,12,price_only,hgb,price_only_hgb,0.014639914596512149,0.014639914596512149,0.015184402424325628,0.025555294108124734,0,0,2011-01-07,2025-12-26,782
2026-01-09,12,price_only,hgb,price_only_hgb,-0.040495929084172655,0.040495929084172655,0.017501329577577347,0.025555294108124734,1,0,2011-01-07,2025-12-26,782
2026-01-16,12,price_only,hgb,price_only_hgb,0.013873041484489868,0.013873041484489868,0.017633072555702435,0.025555294108124734,0,0,2011-01-07,2025-12-26,782
2026-01-23,12,price_only,hgb,price_only_hgb,0.003438368235503919,0.003438368235503919,0.019299275425948014,0.025555294108124734,0,0,2011-01-07,2025-12-26,782
2026-01-30,12,price_only,hgb,price_only_hgb,0.001143536889932406,0.001143536889932406,0.020177749562876705,0.025555294108124734,0,0,2011-01-07,2025-12-26,782
2026-02-06,12,price_only,hgb,price_only_hgb,0.008534880836821301,0.008534880836821301,0.024374750008345908,0.025555294108124734,0,0,2011-01-07,2025-12-26,782
2026-02-13,12,price_only,hgb,price_only_hgb,-0.001701093628666328,0.001701093628666328,0.01623254439509047,0.025555294108124734,0,0,2011-01-07,2025-12-26,782
2026-02-20,12,price_only,hgb,price_only_hgb,0.015207195266091489,0.015207195266091489,0.018796422479142948,0.025555294108124734,0,0,2011-01-07,2025-12-26,782
2026-02-27,12,price_only,hgb,price_only_hgb,0.03460939053157874,0.03460939053157874,0.019221688100790522,0.025555294108124734,1,0,2011-01-07,2025-12-26,782
2026-03-06,12,price_only,hgb,price_only_hgb,0.008066707704783571,0.008066707704783571,0.006347380170808132,0.025555294108124734,0,0,2011-01-07,2025-12-26,782
2026-03-13,12,price_only,hgb,price_only_hgb,0.006938867613939692,0.006938867613939692,0.017823827169243658,0.025555294108124734,0,0,2011-01-07,2025-12-26,782
2026-03-20,12,price_only,hgb,price_only_hgb,-0.011771099974565047,0.011771099974565047,0.017038240754648038,0.025555294108124734,0,0,2011-01-07,2025-12-26,782
2026-03-27,12,price_only,hgb,price_only_hgb,-0.02121370738946471,0.02121370738946471,0.026745312149627276,0.025555294108124734,0,1,2011-01-07,2025-12-26,782
2026-04-03,13,price_only,hgb,price_only_hgb,-0.02448650596856261,0.02448650596856261,0.01439264315808534,0.025394470563627976,0,0,2011-01-07,2026-03-27,795
2026-04-10,13,price_only,hgb,price_only_hgb,0.011204641516453062,0.011204641516453062,0.018473418035501447,0.025394470563627976,0,0,2011-01-07,2026-03-27,795
2026-04-17,13,price_only,hgb,price_only_hgb,0.01767023800752021,0.01767023800752021,0.018637441470740247,0.025394470563627976,0,0,2011-01-07,2026-03-27,795
2026-04-24,13,price_only,hgb,price_only_hgb,0.03337225375719077,0.03337225375719077,0.019330340511754196,0.025394470563627976,1,0,2011-01-07,2026-03-27,795
2026-05-01,13,price_only,hgb,price_only_hgb,-0.014933545751462773,0.014933545751462773,0.010023740953365159,0.025394470563627976,0,0,2011-01-07,2026-03-27,795
2026-05-08,13,price_only,hgb,price_only_hgb,-0.004308026097975315,0.004308026097975315,0.02020034842078879,0.025394470563627976,0,0,2011-01-07,2026-03-27,795
2023-01-06,0,price_only,ridge,price_only_ridge,0.026637756991465977,0.026637756991465977,0.020751302908039317,0.02716175170834423,0,0,2011-01-07,2022-12-30,626
2023-01-13,0,price_only,ridge,price_only_ridge,-0.005271073667588055,0.005271073667588055,0.021092498751507045,0.02716175170834423,0,0,2011-01-07,2022-12-30,626
2023-01-20,0,price_only,ridge,price_only_ridge,0.0018857687565256853,0.0018857687565256853,0.02074410840198294,0.02716175170834423,0,0,2011-01-07,2022-12-30,626
2023-01-27,0,price_only,ridge,price_only_ridge,0.0015059870145548437,0.0015059870145548437,0.017359458289882043,0.02716175170834423,0,0,2011-01-07,2022-12-30,626
2023-02-03,0,price_only,ridge,price_only_ridge,0.0030052586123381353,0.0030052586123381353,0.019644555840176922,0.02716175170834423,0,0,2011-01-07,2022-12-30,626
2023-02-10,0,price_only,ridge,price_only_ridge,-0.0007504862659923894,0.0007504862659923894,0.013305046201564478,0.02716175170834423,0,0,2011-01-07,2022-12-30,626
2023-02-17,0,price_only,ridge,price_only_ridge,-0.03787026601642918,0.03787026601642918,0.014274103150013704,0.02716175170834423,1,0,2011-01-07,2022-12-30,626
2023-02-24,0,price_only,ridge,price_only_ridge,-0.011370403108148963,0.011370403108148963,0.020501897700076613,0.02716175170834423,0,0,2011-01-07,2022-12-30,626
2023-03-03,0,price_only,ridge,price_only_ridge,-0.031240052602529822,0.031240052602529822,0.019081923923882155,0.02716175170834423,1,0,2011-01-07,2022-12-30,626
2023-03-10,0,price_only,ridge,price_only_ridge,0.007700160947850421,0.007700160947850421,0.019818473999133168,0.02716175170834423,0,0,2011-01-07,2022-12-30,626
2023-03-17,0,price_only,ridge,price_only_ridge,0.004029029578285659,0.004029029578285659,0.018716615258542662,0.02716175170834423,0,0,2011-01-07,2022-12-30,626
2023-03-24,0,price_only,ridge,price_only_ridge,0.014371452949219155,0.014371452949219155,0.018034469124408904,0.02716175170834423,0,0,2011-01-07,2022-12-30,626
2023-03-31,0,price_only,ridge,price_only_ridge,-0.01961238679648769,0.01961238679648769,0.016811911629689993,0.02716175170834423,0,0,2011-01-07,2022-12-30,626
2023-04-07,1,price_only,ridge,price_only_ridge,0.014844839763751505,0.014844839763751505,0.016378522013038466,0.026793623512194917,0,0,2011-01-07,2023-03-31,639
2023-04-14,1,price_only,ridge,price_only_ridge,-0.028273319322776214,0.028273319322776214,0.016909193621750553,0.026793623512194917,1,0,2011-01-07,2023-03-31,639
2023-04-21,1,price_only,ridge,price_only_ridge,-0.043111958005261464,0.043111958005261464,0.01948212104264478,0.026793623512194917,1,0,2011-01-07,2023-03-31,639
2023-04-28,1,price_only,ridge,price_only_ridge,0.01696399998898457,0.01696399998898457,0.020625840617717633,0.026793623512194917,0,0,2011-01-07,2023-03-31,639
2023-05-05,1,price_only,ridge,price_only_ridge,-0.04471944188032584,0.04471944188032584,0.02102177607749029,0.026793623512194917,1,0,2011-01-07,2023-03-31,639
2023-05-12,1,price_only,ridge,price_only_ridge,-0.02088497643277787,0.02088497643277787,0.019152932760918617,0.026793623512194917,0,0,2011-01-07,2023-03-31,639
2023-05-19,1,price_only,ridge,price_only_ridge,0.058853344475394476,0.058853344475394476,0.020085715887627604,0.026793623512194917,1,0,2011-01-07,2023-03-31,639
2023-05-26,1,price_only,ridge,price_only_ridge,0.008851441609216248,0.008851441609216248,0.02399911615033434,0.026793623512194917,0,0,2011-01-07,2023-03-31,639
2023-06-02,1,price_only,ridge,price_only_ridge,-0.019492103447578124,0.019492103447578124,0.02661150367358544,0.026793623512194917,0,0,2011-01-07,2023-03-31,639
2023-06-09,1,price_only,ridge,price_only_ridge,0.1047184545507811,0.1047184545507811,0.028861900503112686,0.026793623512194917,1,1,2011-01-07,2023-03-31,639
2023-06-16,1,price_only,ridge,price_only_ridge,-0.01788542960351691,0.01788542960351691,0.03505979365362743,0.026793623512194917,0,1,2011-01-07,2023-03-31,639
2023-06-23,1,price_only,ridge,price_only_ridge,-0.1386444483967515,0.1386444483967515,0.03756439533905717,0.026793623512194917,1,1,2011-01-07,2023-03-31,639
2023-06-30,1,price_only,ridge,price_only_ridge,0.007184577115581181,0.007184577115581181,0.05046399496640297,0.026793623512194917,0,1,2011-01-07,2023-03-31,639
2023-07-07,2,price_only,ridge,price_only_ridge,0.035600307988796764,0.035600307988796764,0.04331884873024465,0.027287537081984097,1,1,2011-01-07,2023-06-30,652
2023-07-14,2,price_only,ridge,price_only_ridge,0.033959088920219926,0.033959088920219926,0.03364402627450182,0.027287537081984097,1,1,2011-01-07,2023-06-30,652
2023-07-21,2,price_only,ridge,price_only_ridge,-0.007540814899039461,0.007540814899039461,0.04034856897076783,0.027287537081984097,0,1,2011-01-07,2023-06-30,652
2023-07-28,2,price_only,ridge,price_only_ridge,-0.04471944188032584,0.04471944188032584,0.036151223151783554,0.027287537081984097,1,1,2011-01-07,2023-06-30,652
2023-08-04,2,price_only,ridge,price_only_ridge,-0.019987289785992512,0.019987289785992512,0.03411526313020049,0.027287537081984097,0,1,2011-01-07,2023-06-30,652
2023-08-11,2,price_only,ridge,price_only_ridge,0.010265635127240103,0.010265635127240103,0.026956095435020838,0.027287537081984097,0,0,2011-01-07,2023-06-30,652
2023-08-18,2,price_only,ridge,price_only_ridge,-0.010265635127240103,0.010265635127240103,0.024705883047485645,0.027287537081984097,0,0,2011-01-07,2023-06-30,652
2023-08-25,2,price_only,ridge,price_only_ridge,-0.004045865226357748,0.004045865226357748,0.026174259972529455,0.027287537081984097,0,0,2011-01-07,2023-06-30,652
2023-09-01,2,price_only,ridge,price_only_ridge,-0.0009013275636022833,0.0009013275636022833,0.024892734016818817,0.027287537081984097,0,0,2011-01-07,2023-06-30,652
2023-09-08,2,price_only,ridge,price_only_ridge,-0.009513140538532916,0.009513140538532916,0.022914737011560334,0.027287537081984097,0,0,2011-01-07,2023-06-30,652
2023-09-15,2,price_only,ridge,price_only_ridge,-0.0004552801920918448,0.0004552801920918448,0.02163372315417305,0.027287537081984097,0,0,2011-01-07,2023-06-30,652
2023-09-22,2,price_only,ridge,price_only_ridge,0.0027285771324261354,0.0027285771324261354,0.014775037124086472,0.027287537081984097,0,0,2011-01-07,2023-06-30,652
2023-09-29,2,price_only,ridge,price_only_ridge,0.03217432617415117,0.03217432617415117,0.017900697116372412,0.027287537081984097,1,0,2011-01-07,2023-06-30,652
2023-10-06,3,price_only,ridge,price_only_ridge,0.0026350242409121094,0.0026350242409121094,0.022386391641159156,0.027350429768804013,0,0,2011-01-07,2023-09-29,665
2023-10-13,3,price_only,ridge,price_only_ridge,0.0,0.0,0.020430876377820678,0.027350429768804013,0,0,2011-01-07,2023-09-29,665
2023-10-20,3,price_only,ridge,price_only_ridge,-0.023520000673689978,0.023520000673689978,0.020735918767720993,0.027350429768804013,0,0,2011-01-07,2023-09-29,665
2023-10-27,3,price_only,ridge,price_only_ridge,0.0017944826819555892,0.0017944826819555892,0.021939205138880567,0.027350429768804013,0,0,2011-01-07,2023-09-29,665
2023-11-03,3,price_only,ridge,price_only_ridge,-0.026341211304041767,0.026341211304041767,0.015003596252526046,0.027350429768804013,0,0,2011-01-07,2023-09-29,665
2023-11-10,3,price_only,ridge,price_only_ridge,0.015525433238654074,0.015525433238654074,0.01764822229071802,0.027350429768804013,0,0,2011-01-07,2023-09-29,665
2023-11-17,3,price_only,ridge,price_only_ridge,-0.0063636300953144875,0.0063636300953144875,0.016986827266161797,0.027350429768804013,0,0,2011-01-07,2023-09-29,665
2023-11-24,3,price_only,ridge,price_only_ridge,0.005003449478365063,0.005003449478365063,0.013881737970259647,0.027350429768804013,0,0,2011-01-07,2023-09-29,665
2023-12-01,3,price_only,ridge,price_only_ridge,0.005881001245468642,0.005881001245468642,0.017805450052114785,0.027350429768804013,0,0,2011-01-07,2023-09-29,665
2023-12-08,3,price_only,ridge,price_only_ridge,-0.008607098920432321,0.008607098920432321,0.018263396301927172,0.027350429768804013,0,0,2011-01-07,2023-09-29,665
2023-12-15,3,price_only,ridge,price_only_ridge,-0.016514077120584947,0.016514077120584947,0.015265328729959721,0.027350429768804013,0,0,2011-01-07,2023-09-29,665
2023-12-22,3,price_only,ridge,price_only_ridge,-0.0023154047756110963,0.0023154047756110963,0.020307217155736544,0.027350429768804013,0,0,2011-01-07,2023-09-29,665
2023-12-29,3,price_only,ridge,price_only_ridge,-0.01588819209985548,0.01588819209985548,0.014706287901970191,0.027350429768804013,0,0,2011-01-07,2023-09-29,665
2024-01-05,4,price_only,ridge,price_only_ridge,-0.029638829636343456,0.029638829636343456,0.011952889067766396,0.02661593887029116,1,0,2011-01-07,2023-12-29,678
2024-01-12,4,price_only,ridge,price_only_ridge,-0.009261608043951597,0.009261608043951597,0.015054229573885029,0.02661593887029116,0,0,2011-01-07,2023-12-29,678
2024-01-19,4,price_only,ridge,price_only_ridge,-0.0009799343220819878,0.0009799343220819878,0.013155803964013838,0.02661593887029116,0,0,2011-01-07,2023-12-29,678
2024-01-26,4,price_only,ridge,price_only_ridge,-0.0019626604903781875,0.0019626604903781875,0.017728651343621005,0.02661593887029116,0,0,2011-01-07,2023-12-29,678
2024-02-02,4,price_only,ridge,price_only_ridge,-0.02134607212321038,0.02134607212321038,0.01663852663321564,0.02661593887029116,0,0,2011-01-07,2023-12-29,678
2024-02-09,4,price_only,ridge,price_only_ridge,-0.024379040246952144,0.024379040246952144,0.01573400412153009,0.02661593887029116,0,0,2011-01-07,2023-12-29,678
2024-02-16,4,price_only,ridge,price_only_ridge,-0.028685207408120306,0.028685207408120306,0.015876837175390873,0.02661593887029116,1,0,2011-01-07,2023-12-29,678
2024-02-23,4,price_only,ridge,price_only_ridge,0.020943154498284322,0.020943154498284322,0.011890708815223906,0.02661593887029116,0,0,2011-01-07,2023-12-29,678
2024-03-01,4,price_only,ridge,price_only_ridge,0.034626693929015406,0.034626693929015406,0.017769522895109913,0.02661593887029116,1,0,2011-01-07,2023-12-29,678
2024-03-08,4,price_only,ridge,price_only_ridge,-0.001502568730861853,0.001502568730861853,0.02415293552166106,0.02661593887029116,0,0,2011-01-07,2023-12-29,678
2024-03-15,4,price_only,ridge,price_only_ridge,0.007490652465172332,0.007490652465172332,0.024688037382611026,0.02661593887029116,0,0,2011-01-07,2023-12-29,678
2024-03-22,4,price_only,ridge,price_only_ridge,0.003972196004524697,0.003972196004524697,0.021135174586969056,0.02661593887029116,0,0,2011-01-07,2023-12-29,678
2024-03-29,4,price_only,ridge,price_only_ridge,-0.01346991963592492,0.01346991963592492,0.019237361843752143,0.02661593887029116,0,0,2011-01-07,2023-12-29,678
2024-04-05,5,price_only,ridge,price_only_ridge,0.0005021455742464376,0.0005021455742464376,0.015261582834401637,0.02641957577971787,0,0,2011-01-07,2024-03-29,691
2024-04-12,5,price_only,ridge,price_only_ridge,-0.011105581514636143,0.011105581514636143,0.016412181612493346,0.02641957577971787,0,0,2011-01-07,2024-03-29,691
2024-04-19,5,price_only,ridge,price_only_ridge,0.01711164742982696,0.01711164742982696,0.01628702801279641,0.02641957577971787,0,0,2011-01-07,2024-03-29,691
2024-04-26,5,price_only,ridge,price_only_ridge,0.024156942575138896,0.024156942575138896,0.01803702890652776,0.02641957577971787,0,0,2011-01-07,2024-03-29,691
2024-05-03,5,price_only,ridge,price_only_ridge,0.014506987133386051,0.014506987133386051,0.01925146048410225,0.02641957577971787,0,0,2011-01-07,2024-03-29,691
2024-05-10,5,price_only,ridge,price_only_ridge,-0.025280902313195686,0.025280902313195686,0.019693247461932135,0.02641957577971787,0,0,2011-01-07,2024-03-29,691
2024-05-17,5,price_only,ridge,price_only_ridge,0.019986034955030263,0.019986034955030263,0.025651657422882123,0.02641957577971787,0,0,2011-01-07,2024-03-29,691
2024-05-24,5,price_only,ridge,price_only_ridge,-0.04037967169090617,0.04037967169090617,0.020020375990369793,0.02641957577971787,1,0,2011-01-07,2024-03-29,691
2024-05-31,5,price_only,ridge,price_only_ridge,0.002008078755808995,0.002008078755808995,0.0227134282642251,0.02641957577971787,0,0,2011-01-07,2024-03-29,691
2024-06-07,5,price_only,ridge,price_only_ridge,0.0,0.0,0.019120702612595297,0.02641957577971787,0,0,2011-01-07,2024-03-29,691
2024-06-14,5,price_only,ridge,price_only_ridge,-0.030552293402017927,0.030552293402017927,0.01838140344022419,0.02641957577971787,1,0,2011-01-07,2024-03-29,691
2024-06-21,5,price_only,ridge,price_only_ridge,-0.05472816839602368,0.05472816839602368,0.01671869309938332,0.02641957577971787,1,0,2011-01-07,2024-03-29,691
2024-06-28,5,price_only,ridge,price_only_ridge,0.006532458721493217,0.006532458721493217,0.022222521429789054,0.02641957577971787,0,0,2011-01-07,2024-03-29,691
2024-07-05,6,price_only,ridge,price_only_ridge,-0.013107766350386907,0.013107766350386907,0.018044139040511994,0.026349047751609376,0,0,2011-01-07,2024-06-28,704
2024-07-12,6,price_only,ridge,price_only_ridge,-0.019428886184991168,0.019428886184991168,0.020045727978144322,0.026349047751609376,0,0,2011-01-07,2024-06-28,704
2024-07-19,6,price_only,ridge,price_only_ridge,0.01003914187828503,0.01003914187828503,0.022004249580691467,0.026349047751609376,0,0,2011-01-07,2024-06-28,704
2024-07-26,6,price_only,ridge,price_only_ridge,-0.01003914187828503,0.01003914187828503,0.018745365715385234,0.026349047751609376,0,0,2011-01-07,2024-06-28,704
2024-08-02,6,price_only,ridge,price_only_ridge,-0.019242254775527545,0.019242254775527545,0.01685436754626288,0.026349047751609376,0,0,2011-01-07,2024-06-28,704
2024-08-09,6,price_only,ridge,price_only_ridge,-0.009184900777309934,0.009184900777309934,0.015909634801985317,0.026349047751609376,0,0,2011-01-07,2024-06-28,704
2024-08-16,6,price_only,ridge,price_only_ridge,-0.00115409463771865,0.00115409463771865,0.015514699803399257,0.026349047751609376,0,0,2011-01-07,2024-06-28,704
2024-08-23,6,price_only,ridge,price_only_ridge,0.021702797169266486,0.021702797169266486,0.013561956375692585,0.026349047751609376,0,0,2011-01-07,2024-06-28,704
2024-08-30,6,price_only,ridge,price_only_ridge,0.010677180720008561,0.010677180720008561,0.01833957639273087,0.026349047751609376,0,0,2011-01-07,2024-06-28,704
2024-09-06,6,price_only,ridge,price_only_ridge,0.014979501367015313,0.014979501367015313,0.01998532013218983,0.026349047751609376,0,0,2011-01-07,2024-06-28,704
2024-09-13,6,price_only,ridge,price_only_ridge,-0.02339940079131697,0.02339940079131697,0.020325106627030312,0.026349047751609376,0,0,2011-01-07,2024-06-28,704
2024-09-20,6,price_only,ridge,price_only_ridge,0.02943843146598457,0.02943843146598457,0.019137634476067426,0.026349047751609376,1,0,2011-01-07,2024-06-28,704
2024-09-27,6,price_only,ridge,price_only_ridge,0.010887361589490663,0.010887361589490663,0.01898286708210845,0.026349047751609376,0,0,2011-01-07,2024-06-28,704
2024-10-04,7,price_only,ridge,price_only_ridge,-0.013079193454776483,0.013079193454776483,0.020219771589813352,0.026080167655098307,0,0,2011-01-07,2024-09-27,717
2024-10-11,7,price_only,ridge,price_only_ridge,-0.036306675662896026,0.036306675662896026,0.019998910556644003,0.026080167655098307,1,0,2011-01-07,2024-09-27,717
2024-10-18,7,price_only,ridge,price_only_ridge,0.021385123980925957,0.021385123980925957,0.023853017633231742,0.026080167655098307,0,0,2011-01-07,2024-09-27,717
2024-10-25,7,price_only,ridge,price_only_ridge,-0.0005568544602643222,0.0005568544602643222,0.019350642288893768,0.026080167655098307,0,0,2011-01-07,2024-09-27,717
2024-11-01,7,price_only,ridge,price_only_ridge,0.029098884004898462,0.029098884004898462,0.018061594122115526,0.026080167655098307,1,0,2011-01-07,2024-09-27,717
2024-11-08,7,price_only,ridge,price_only_ridge,-0.022435953727171665,0.022435953727171665,0.021609037118710955,0.026080167655098307,0,0,2011-01-07,2024-09-27,717
2024-11-15,7,price_only,ridge,price_only_ridge,0.0,0.0,0.022239080231080816,0.026080167655098307,0,0,2011-01-07,2024-09-27,717
2024-11-22,7,price_only,ridge,price_only_ridge,-0.01112971158101228,0.01112971158101228,0.0180171625129469,0.026080167655098307,0,0,2011-01-07,2024-09-27,717
2024-11-29,7,price_only,ridge,price_only_ridge,0.01719872940108713,0.01719872940108713,0.01997643039163751,0.026080167655098307,0,0,2011-01-07,2024-09-27,717
2024-12-06,7,price_only,ridge,price_only_ridge,0.004390782165744955,0.004390782165744955,0.016093282552972595,0.026080167655098307,0,0,2011-01-07,2024-09-27,717
2024-12-13,7,price_only,ridge,price_only_ridge,0.0,0.0,0.01822856934579266,0.026080167655098307,0,0,2011-01-07,2024-09-27,717
2024-12-20,7,price_only,ridge,price_only_ridge,0.01683447122938375,0.01683447122938375,0.021806793407151366,0.026080167655098307,0,0,2011-01-07,2024-09-27,717
2024-12-27,7,price_only,ridge,price_only_ridge,-0.0026961049955143146,0.0026961049955143146,0.018773196505686582,0.026080167655098307,0,0,2011-01-07,2024-09-27,717
2025-01-03,8,price_only,ridge,price_only_ridge,0.037620281860731186,0.037620281860731186,0.01944821315069003,0.026019826505414078,1,0,2011-01-07,2024-12-27,730
2025-01-10,8,price_only,ridge,price_only_ridge,0.02007796111557436,0.02007796111557436,0.020354316153433555,0.026019826505414078,0,0,2011-01-07,2024-12-27,730
2025-01-17,8,price_only,ridge,price_only_ridge,0.007110206991211232,0.007110206991211232,0.021883910401131534,0.026019826505414078,0,0,2011-01-07,2024-12-27,730
2025-01-24,8,price_only,ridge,price_only_ridge,0.0015171019737820757,0.0015171019737820757,0.02312299622095355,0.026019826505414078,0,0,2011-01-07,2024-12-27,730
2025-01-31,8,price_only,ridge,price_only_ridge,0.009054307167279507,0.009054307167279507,0.02127047145001896,0.026019826505414078,0,0,2011-01-07,2024-12-27,730
2025-02-07,8,price_only,ridge,price_only_ridge,0.01737449464791574,0.01737449464791574,0.017124463789260195,0.026019826505414078,0,0,2011-01-07,2024-12-27,730
2025-02-14,8,price_only,ridge,price_only_ridge,-0.003944774580914245,0.003944774580914245,0.014791098506115638,0.026019826505414078,0,0,2011-01-07,2024-12-27,730
2025-02-21,8,price_only,ridge,price_only_ridge,-0.0595444295014711,0.0595444295014711,0.016767474168274597,0.026019826505414078,1,0,2011-01-07,2024-12-27,730
2025-02-28,8,price_only,ridge,price_only_ridge,0.0,0.0,0.02694524860473383,0.026019826505414078,0,1,2011-01-07,2024-12-27,730
2025-03-07,8,price_only,ridge,price_only_ridge,-0.012665064992064767,0.012665064992064767,0.020781601355878497,0.026019826505414078,0,0,2011-01-07,2024-12-27,730
2025-03-14,8,price_only,ridge,price_only_ridge,0.002651777649094189,0.002651777649094189,0.018601151099303534,0.026019826505414078,0,0,2011-01-07,2024-12-27,730
2025-03-21,8,price_only,ridge,price_only_ridge,-0.022496936786924326,0.022496936786924326,0.021049141475340403,0.026019826505414078,0,0,2011-01-07,2024-12-27,730
2025-03-28,8,price_only,ridge,price_only_ridge,0.01505408511722317,0.01505408511722317,0.017107867554871026,0.026019826505414078,0,0,2011-01-07,2024-12-27,730
2025-04-04,9,price_only,ridge,price_only_ridge,0.04384836860910912,0.04384836860910912,0.016207414771964218,0.025885769953424464,1,0,2011-01-07,2025-03-28,743
2025-04-11,9,price_only,ridge,price_only_ridge,0.0,0.0,0.025131161303013804,0.025885769953424464,0,0,2011-01-07,2025-03-28,743
2025-04-18,9,price_only,ridge,price_only_ridge,-0.02116207216842536,0.02116207216842536,0.02475921792673639,0.025885769953424464,0,0,2011-01-07,2025-03-28,743
2025-04-25,9,price_only,ridge,price_only_ridge,-0.01895794611669377,0.01895794611669377,0.025547049237193302,0.025885769953424464,0,0,2011-01-07,2025-03-28,743
2025-05-02,9,price_only,ridge,price_only_ridge,-0.030771642822881695,0.030771642822881695,0.022751863751475563,0.025885769953424464,1,0,2011-01-07,2025-03-28,743
2025-05-09,9,price_only,ridge,price_only_ridge,-0.016584085698091666,0.016584085698091666,0.015933694458533508,0.025885769953424464,0,0,2011-01-07,2025-03-28,743
2025-05-16,9,price_only,ridge,price_only_ridge,0.031818367535546344,0.031818367535546344,0.013755835534155056,0.025885769953424464,1,0,2011-01-07,2025-03-28,743
2025-05-23,9,price_only,ridge,price_only_ridge,-0.02183490700515245,0.02183490700515245,0.017317183044808112,0.025885769953424464,0,0,2011-01-07,2025-03-28,743
2025-05-30,9,price_only,ridge,price_only_ridge,0.02721996999038989,0.02721996999038989,0.019917914642646372,0.025885769953424464,1,0,2011-01-07,2025-03-28,743
2025-06-06,9,price_only,ridge,price_only_ridge,-0.012429311493620254,0.012429311493620254,0.02078825524178338,0.025885769953424464,0,0,2011-01-07,2025-03-28,743
2025-06-13,9,price_only,ridge,price_only_ridge,-0.002722530278641777,0.002722530278641777,0.022770012547859386,0.025885769953424464,0,0,2011-01-07,2025-03-28,743
2025-06-20,9,price_only,ridge,price_only_ridge,-0.03439056872108148,0.03439056872108148,0.01834796115986896,0.025885769953424464,1,0,2011-01-07,2025-03-28,743
2025-06-27,9,price_only,ridge,price_only_ridge,0.02452745834354264,0.02452745834354264,0.024941369940560256,0.025885769953424464,0,0,2011-01-07,2025-03-28,743
2025-07-04,10,price_only,ridge,price_only_ridge,-0.050250446105851054,0.050250446105851054,0.017621710401283148,0.025967964345029904,1,0,2011-01-07,2025-06-27,756
2025-07-11,10,price_only,ridge,price_only_ridge,0.030789148650300024,0.030789148650300024,0.023640003986475536,0.025967964345029904,1,0,2011-01-07,2025-06-27,756
2025-07-18,10,price_only,ridge,price_only_ridge,-0.018130791371108845,0.018130791371108845,0.02234380386431037,0.025967964345029904,0,0,2011-01-07,2025-06-27,756
2025-07-25,10,price_only,ridge,price_only_ridge,-0.018465596591241695,0.018465596591241695,0.02343746536582907,0.025967964345029904,0,0,2011-01-07,2025-06-27,756
2025-08-01,10,price_only,ridge,price_only_ridge,-0.007600104223529858,0.007600104223529858,0.021062736908466308,0.025967964345029904,0,0,2011-01-07,2025-06-27,756
2025-08-08,10,price_only,ridge,price_only_ridge,0.0029299309266903606,0.0029299309266903606,0.021379366263019443,0.025967964345029904,0,0,2011-01-07,2025-06-27,756
2025-08-15,10,price_only,ridge,price_only_ridge,0.012212951347196466,0.012212951347196466,0.017593236211666016,0.025967964345029904,0,0,2011-01-07,2025-06-27,756
2025-08-22,10,price_only,ridge,price_only_ridge,0.015486427426680383,0.015486427426680383,0.022178808837591567,0.025967964345029904,0,0,2011-01-07,2025-06-27,756
2025-08-29,10,price_only,ridge,price_only_ridge,-0.0022791467269858146,0.0022791467269858146,0.021762769926625156,0.025967964345029904,0,0,2011-01-07,2025-06-27,756
2025-09-05,10,price_only,ridge,price_only_ridge,0.020886953432670996,0.020886953432670996,0.019174211723640835,0.025967964345029904,0,0,2011-01-07,2025-06-27,756
2025-09-12,10,price_only,ridge,price_only_ridge,-0.008978727556137933,0.008978727556137933,0.019493215735954736,0.025967964345029904,0,0,2011-01-07,2025-06-27,756
2025-09-19,10,price_only,ridge,price_only_ridge,-0.006787295841789831,0.006787295841789831,0.01876645007594843,0.025967964345029904,0,0,2011-01-07,2025-06-27,756
2025-09-26,10,price_only,ridge,price_only_ridge,-0.0005677109701363037,0.0005677109701363037,0.01843318265447002,0.025967964345029904,0,0,2011-01-07,2025-06-27,756
2025-10-03,11,price_only,ridge,price_only_ridge,-0.017760499764301496,0.017760499764301496,0.016067100205838812,0.025811610899004644,0,0,2011-01-07,2025-09-26,769
2025-10-10,11,price_only,ridge,price_only_ridge,0.013777581737391742,0.013777581737391742,0.014692432375454511,0.025811610899004644,0,0,2011-01-07,2025-09-26,769
2025-10-17,11,price_only,ridge,price_only_ridge,0.004550628997046058,0.004550628997046058,0.012975878300984102,0.025811610899004644,0,0,2011-01-07,2025-09-26,769
2025-10-24,11,price_only,ridge,price_only_ridge,0.009601885003151178,0.009601885003151178,0.016556252054632136,0.025811610899004644,0,0,2011-01-07,2025-09-26,769
2025-10-31,11,price_only,ridge,price_only_ridge,-0.0011248852137382137,0.0011248852137382137,0.017419655667099583,0.025811610899004644,0,0,2011-01-07,2025-09-26,769
2025-11-07,11,price_only,ridge,price_only_ridge,0.0072890236085148,0.0072890236085148,0.016767424508578592,0.025811610899004644,0,0,2011-01-07,2025-09-26,769
2025-11-14,11,price_only,ridge,price_only_ridge,-0.016901767817029345,0.016901767817029345,0.01581669643754236,0.025811610899004644,0,0,2011-01-07,2025-09-26,769
2025-11-21,11,price_only,ridge,price_only_ridge,0.020804738866287753,0.020804738866287753,0.017369053990804684,0.025811610899004644,0,0,2011-01-07,2025-09-26,769
2025-11-28,11,price_only,ridge,price_only_ridge,-0.006700132988308738,0.006700132988308738,0.014519579424816003,0.025811610899004644,0,0,2011-01-07,2025-09-26,769
2025-12-05,11,price_only,ridge,price_only_ridge,-0.0056180136750763054,0.0056180136750763054,0.018344708930700424,0.025811610899004644,0,0,2011-01-07,2025-09-26,769
2025-12-12,11,price_only,ridge,price_only_ridge,0.0022510372193500494,0.0022510372193500494,0.01530699407897221,0.025811610899004644,0,0,2011-01-07,2025-09-26,769
2025-12-19,11,price_only,ridge,price_only_ridge,0.017275406206680444,0.017275406206680444,0.0155035460624216,0.025811610899004644,0,0,2011-01-07,2025-09-26,769
2025-12-26,11,price_only,ridge,price_only_ridge,-0.026310010540252282,0.026310010540252282,0.015668037923961146,0.025811610899004644,1,0,2011-01-07,2025-09-26,769
2026-01-02,12,price_only,ridge,price_only_ridge,0.014639914596512149,0.014639914596512149,0.018138038158052542,0.025555294108124734,0,0,2011-01-07,2025-12-26,782
2026-01-09,12,price_only,ridge,price_only_ridge,-0.040495929084172655,0.040495929084172655,0.01894374055395056,0.025555294108124734,1,0,2011-01-07,2025-12-26,782
2026-01-16,12,price_only,ridge,price_only_ridge,0.013873041484489868,0.013873041484489868,0.02217821239156795,0.025555294108124734,0,0,2011-01-07,2025-12-26,782
2026-01-23,12,price_only,ridge,price_only_ridge,0.003438368235503919,0.003438368235503919,0.01915156810050734,0.025555294108124734,0,0,2011-01-07,2025-12-26,782
2026-01-30,12,price_only,ridge,price_only_ridge,0.001143536889932406,0.001143536889932406,0.020736840843814136,0.025555294108124734,0,0,2011-01-07,2025-12-26,782
2026-02-06,12,price_only,ridge,price_only_ridge,0.008534880836821301,0.008534880836821301,0.02040581876538979,0.025555294108124734,0,0,2011-01-07,2025-12-26,782
2026-02-13,12,price_only,ridge,price_only_ridge,-0.001701093628666328,0.001701093628666328,0.015540916429788998,0.025555294108124734,0,0,2011-01-07,2025-12-26,782
2026-02-20,12,price_only,ridge,price_only_ridge,0.015207195266091489,0.015207195266091489,0.016787813444849614,0.025555294108124734,0,0,2011-01-07,2025-12-26,782
2026-02-27,12,price_only,ridge,price_only_ridge,0.03460939053157874,0.03460939053157874,0.017342439956959593,0.025555294108124734,1,0,2011-01-07,2025-12-26,782
2026-03-06,12,price_only,ridge,price_only_ridge,0.008066707704783571,0.008066707704783571,0.022690663360848764,0.025555294108124734,0,0,2011-01-07,2025-12-26,782
2026-03-13,12,price_only,ridge,price_only_ridge,0.006938867613939692,0.006938867613939692,0.027607282200655753,0.025555294108124734,0,1,2011-01-07,2025-12-26,782
2026-03-20,12,price_only,ridge,price_only_ridge,-0.011771099974565047,0.011771099974565047,0.028125473947761215,0.025555294108124734,0,1,2011-01-07,2025-12-26,782
2026-03-27,12,price_only,ridge,price_only_ridge,-0.02121370738946471,0.02121370738946471,0.025983942757557367,0.025555294108124734,0,1,2011-01-07,2025-12-26,782
2026-04-03,13,price_only,ridge,price_only_ridge,-0.02448650596856261,0.02448650596856261,0.020457591582323634,0.025394470563627976,0,0,2011-01-07,2026-03-27,795
2026-04-10,13,price_only,ridge,price_only_ridge,0.011204641516453062,0.011204641516453062,0.015759135328566258,0.025394470563627976,0,0,2011-01-07,2026-03-27,795
2026-04-17,13,price_only,ridge,price_only_ridge,0.01767023800752021,0.01767023800752021,0.014027426580989471,0.025394470563627976,0,0,2011-01-07,2026-03-27,795
2026-04-24,13,price_only,ridge,price_only_ridge,0.03337225375719077,0.03337225375719077,0.015962408697626586,0.025394470563627976,1,0,2011-01-07,2026-03-27,795
2026-05-01,13,price_only,ridge,price_only_ridge,-0.014933545751462773,0.014933545751462773,0.020225529808362133,0.025394470563627976,0,0,2011-01-07,2026-03-27,795
2026-05-08,13,price_only,ridge,price_only_ridge,-0.004308026097975315,0.004308026097975315,0.021481561267183435,0.025394470563627976,0,0,2011-01-07,2026-03-27,795
