decision_date,0.0%_lead14_forecast_anom_projected_change_return,0.0%_lead14_forecast_anom_projected_change_position,0.0%_lead14_forecast_anom_projected_change_predicted_return,0.1%_lead30_forecast_anom_projected_change_return,0.1%_lead30_forecast_anom_projected_change_position,0.1%_lead30_forecast_anom_projected_change_predicted_return,0.2%_lead30_forecast_anom_projected_change_return,0.2%_lead30_forecast_anom_projected_change_position,0.2%_lead30_forecast_anom_projected_change_predicted_return,0.3%_lead30_forecast_anom_projected_change_return,0.3%_lead30_forecast_anom_projected_change_position,0.3%_lead30_forecast_anom_projected_change_predicted_return,0.4%_lead14_forecast_anom_return,0.4%_lead14_forecast_anom_position,0.4%_lead14_forecast_anom_predicted_return,0.5%_lead07_forecast_anom_projected_change_return,0.5%_lead07_forecast_anom_projected_change_position,0.5%_lead07_forecast_anom_projected_change_predicted_return
2022-01-03,-0.0256163216524346,-1,-0.0008399036377903,0.0,0,-0.0009990790776324,0.0,0,-0.0009990790776324,0.0,0,-0.0009990790776324,0.0,0,0.0015096521677063,0.0,0,-0.000686176312623
2022-01-04,0.0099819061508356,-1,-0.001347112333198,0.0094819061508356,-1,-0.0011334921708487,-0.0,0,-0.0011334921708487,-0.0,0,-0.0011334921708487,-0.0,0,0.0008165997414936,-0.0,0,-0.0011669718772489
2022-01-05,0.0022080520533106,1,0.0002574994521524,-0.0005,0,0.0004756649892957,0.0,0,0.0004756649892957,0.0,0,0.0004756649892957,0.0,0,0.0015966400285675,0.0,0,-0.0021400701665988
2022-01-06,-0.0069388337935135,-1,-0.0010906029689462,0.0,0,-0.0004725014170924,0.0,0,-0.0004725014170924,0.0,0,-0.0004725014170924,0.0,0,0.0003191619665728,0.0,0,0.0002480243016988
2022-01-07,0.0090826865931756,-1,-0.0006688883384464,-0.0,0,-0.0005779228161565,-0.0,0,-0.0005779228161565,-0.0,0,-0.0005779228161565,-0.0,0,0.0010403963057653,-0.0,0,0.0013220483830014
2022-01-10,0.0012915281901236,1,0.0001798273378076,0.0,0,0.0005444453198326,0.0,0,0.0005444453198326,0.0,0,0.0005444453198326,0.0,0,5.762474638714918e-06,0.0,0,0.0011363394439991
2022-01-11,-0.001371773456528,1,0.0034430407150645,-0.001871773456528,1,0.0025769346741236,-0.001871773456528,1,0.0025769346741236,-0.0,0,0.0025769346741236,-0.0,0,0.0033542026518262,-0.0,0,0.0034321058321228
2022-01-12,0.0136520005763965,-1,-0.0006830164606109,-0.0005,0,0.0005376046460629,-0.0005,0,0.0005376046460629,-0.0,0,0.0005376046460629,-0.0,0,-0.0012189746781012,-0.0,0,0.0008357326705562
2022-01-13,0.0134051793377424,1,0.0018421809386231,0.0139051793377424,1,0.0026925409980157,0.0139051793377424,1,0.0026925409980157,0.0,0,0.0026925409980157,0.0,0,0.0008599638782322,0.0,0,0.0017008628862629
2022-01-14,0.0004580956901871,1,0.0049307874491617,0.0004580956901871,1,0.005013493324423,0.0004580956901871,1,0.005013493324423,-4.190430981289999e-05,1,0.005013493324423,0.0,0,0.0038609577074395,0.0,0,0.0029440881604499
2022-01-18,0.0160256583802382,1,0.0023984620682817,0.0160256583802382,1,0.002138005794001,0.0160256583802382,1,0.002138005794001,-0.0005,0,0.002138005794001,0.0,0,0.001310388420158,0.0,0,0.0024212605784436
2022-01-19,-0.0058585428114662,1,0.0029244133626522,-0.0058585428114662,1,0.0031535823575481,-0.0058585428114662,1,0.0031535823575481,-0.0063585428114662,1,0.0031535823575481,-0.0,0,0.0015800869831425,-0.0,0,0.0023323436936942
2022-01-20,0.0090662179411302,1,0.0038803382770443,0.0090662179411302,1,0.0036998660755708,0.0090662179411302,1,0.0036998660755708,0.0090662179411302,1,0.0036998660755708,0.0,0,0.002422094335759,0.0,0,0.00139524460294
2022-01-21,0.0040431334978656,1,0.0018174891717688,0.0040431334978656,1,0.0017654568208288,-0.0005,0,0.0017654568208288,-0.0005,0,0.0017654568208288,0.0,0,0.0006583649115587,0.0,0,0.0020813180845727
2022-01-24,0.002237102291148,1,0.0026954131258161,0.002237102291148,1,0.0024368663666721,0.001737102291148,1,0.0024368663666721,0.0,0,0.0024368663666721,0.0,0,0.00121374303726,0.0,0,0.0022493121678939
2022-01-25,0.0075892892495101,1,0.0021083884178816,0.0075892892495101,1,0.0018021788953882,-0.0005,0,0.0018021788953882,0.0,0,0.0018021788953882,0.0,0,0.0007922662340217,0.0,0,0.0009622279430942
2022-01-26,-0.0070890496045864,1,0.0030586219504205,-0.0070890496045864,1,0.0024919404893851,-0.0075890496045864,1,0.0024919404893851,-0.0,0,0.0024919404893851,-0.0,0,0.0019771827377065,-0.0,0,0.0028284878216842
2022-01-27,0.0151718052165517,1,0.0024077817943506,0.0151718052165517,1,0.0022636365348796,0.0151718052165517,1,0.0022636365348796,0.0,0,0.0022636365348796,0.0,0,0.0012182188043994,0.0,0,0.0026630354078907
2022-01-28,-0.006153819325206,1,0.0039623587234531,-0.006153819325206,1,0.0041442000114329,-0.006153819325206,1,0.0041442000114329,-0.0066538193252059,1,0.0041442000114329,-0.0,0,0.0023394851108258,-0.0066538193252059,1,0.0067469983591584
2022-01-31,0.0123838466049701,1,0.0028727744659121,0.0123838466049701,1,0.0025854019454552,0.0123838466049701,1,0.0025854019454552,-0.0005,0,0.0025854019454552,0.0,0,0.0014715804218564,-0.0005,0,0.0031256780555279
2022-02-01,-0.0152904536240124,1,0.0033407997100781,-0.0152904536240124,1,0.0029647913854469,-0.0152904536240124,1,0.0029647913854469,-0.0,0,0.0029647913854469,-0.0,0,0.0016542617046014,-0.0,0,0.0031516072243868
2022-02-02,-0.00798581623179,1,0.0037929994068526,-0.00798581623179,1,0.0037300184403977,-0.00798581623179,1,0.0037300184403977,-0.00848581623179,1,0.0037300184403977,-0.0,0,0.0021044154354007,-0.00848581623179,1,0.0053830739673199
2022-02-03,0.0089444924030204,1,0.0018393657928689,0.0089444924030204,1,0.001795244562117,-0.0005,0,0.001795244562117,-0.0005,0,0.001795244562117,0.0,0,0.0011084793368176,-0.0005,0,0.0030334944420589
2022-02-04,0.0217198485247258,1,0.00195452986767,-0.0005,0,0.0008477572446717,0.0,0,0.0008477572446717,0.0,0,0.0008477572446717,0.0,0,0.0034609487257731,0.0,0,0.0024434266623735
2022-02-07,0.0033383287388709,-1,-0.0018298485603368,0.0038383287388709,-1,-0.001629869051044,-0.0,0,-0.001629869051044,-0.0,0,-0.001629869051044,-0.0,0,0.0004162288889912,-0.0,0,-0.0011247440931984
2022-02-08,-0.0143790811649535,-1,-0.0013050278335741,-0.0143790811649535,-1,-0.0011931489979823,0.0,0,-0.0011931489979823,0.0,0,-0.0011931489979823,0.0,0,0.0006782448976691,0.0,0,-0.0007027820714823
2022-02-09,0.0094502239782719,-1,-0.0012187855673767,0.0094502239782719,-1,-0.0015020883896021,-0.0,0,-0.0015020883896021,-0.0,0,-0.0015020883896021,-0.0,0,0.0004231119173517,-0.0,0,-0.0001645596249044
2022-02-10,0.0176470214715683,1,0.0008324445604545,-0.0005,0,0.0003639723471398,0.0,0,0.0003639723471398,0.0,0,0.0003639723471398,0.0,0,0.0008536873474778,0.0,0,0.0006504266888717
2022-02-11,0.0072371254981009,1,0.0042491644089703,0.0067371254981008,1,0.0042214390276766,0.0067371254981008,1,0.0042214390276766,0.0067371254981008,1,0.0042214390276766,0.0,0,0.002439976857459,0.0,0,0.0046913260427516
2022-02-14,-0.0253592724150145,1,0.0042945316225065,-0.0253592724150145,1,0.0043298557062039,-0.0253592724150145,1,0.0043298557062039,-0.0253592724150145,1,0.0043298557062039,-0.0,0,0.001536178825056,-0.0,0,0.004784870307149
2022-02-15,0.0108412838590576,1,0.0048159991917337,0.0108412838590576,1,0.0043919391487563,0.0108412838590576,1,0.0043919391487563,0.0108412838590576,1,0.0043919391487563,0.0,0,0.0023344466647862,0.0103412838590575,1,0.0050539934695615
2022-02-16,0.0038610104954908,1,0.0079552620347377,0.0038610104954908,1,0.0075594154591744,0.0038610104954908,1,0.0075594154591744,0.0038610104954908,1,0.0075594154591744,0.0033610104954908,1,0.0060854496749341,0.0038610104954908,1,0.0074186476853058
2022-02-17,0.0089744015061858,1,0.0040917048850187,0.0089744015061858,1,0.0035692162454815,0.0089744015061858,1,0.0035692162454815,0.0089744015061858,1,0.0035692162454815,-0.0005,0,0.0028967210320273,-0.0005,0,0.0023335902475484
2022-02-18,0.0254128953244512,1,0.0037593052428572,0.0254128953244512,1,0.0036178252728396,0.0254128953244512,1,0.0036178252728396,0.0254128953244512,1,0.0036178252728396,0.0249128953244512,1,0.0045907945638682,0.0,0,0.0012219130046265
2022-02-22,0.0053697262714318,1,6.959600278225587e-05,-0.0005,0,0.0005932714249129,-0.0005,0,0.0005932714249129,-0.0005,0,0.0005932714249129,-0.0005,0,0.0019586960454095,0.0,0,-4.2930561738977e-05
2022-02-23,-0.0075735351852533,-1,-0.0052202413677721,-0.0070735351852532,-1,-0.0050332710161026,-0.0070735351852532,-1,-0.0050332710161026,-0.0070735351852532,-1,-0.0050332710161026,0.0,0,-0.0016683998367871,0.0,0,-0.0036373056878789
2022-02-24,0.0457143199687101,-1,-0.0026479182223173,0.0457143199687101,-1,-0.0028202470126412,0.0457143199687101,-1,-0.0028202470126412,-0.0005,0,-0.0028202470126412,-0.0,0,0.0010126854518635,-0.0,0,0.0001839060764788
2022-02-25,0.0503259540638968,1,0.0055302689043417,0.0503259540638968,1,0.0059402647144589,0.0503259540638968,1,0.0059402647144589,0.0508259540638968,1,0.0059402647144589,0.0508259540638968,1,0.0075325586103635,0.0508259540638968,1,0.0055607203584729
2022-02-28,0.042717625724965,1,0.0099751708240411,0.042717625724965,1,0.0101677805825837,0.042717625724965,1,0.0101677805825837,0.042717625724965,1,0.0101677805825837,0.042717625724965,1,0.0119386449269245,0.042717625724965,1,0.0109095583815287
2022-03-01,-0.0148263430826907,1,0.0048536364238795,-0.0148263430826907,1,0.0047698432420383,-0.0148263430826907,1,0.0047698432420383,-0.0148263430826907,1,0.0047698432420383,-0.0148263430826907,1,0.0071068475455396,-0.0148263430826907,1,0.005041294493498
2022-03-02,0.0110891361047726,1,0.0087907547682212,0.0110891361047726,1,0.0089665385839938,0.0110891361047726,1,0.0089665385839938,0.0110891361047726,1,0.0089665385839938,0.0110891361047726,1,0.0085463608548676,0.0110891361047726,1,0.008834432146497
2022-03-03,0.0238934072305769,1,0.0108344308620561,0.0238934072305769,1,0.0109486772349888,0.0238934072305769,1,0.0109486772349888,0.0238934072305769,1,0.0109486772349888,0.0238934072305769,1,0.0103224523151339,0.0238934072305769,1,0.0106701260293133
2022-03-04,0.0172150257630707,1,0.005097472411708,0.0172150257630707,1,0.0056488343853802,0.0172150257630707,1,0.0056488343853802,0.0172150257630707,1,0.0056488343853802,-0.0005,0,0.003776932095365,0.0172150257630707,1,0.0050299178263482
2022-03-07,-0.0120345879273368,1,0.0066995589361293,-0.0120345879273368,1,0.0072273337625634,-0.0120345879273368,1,0.0072273337625634,-0.0120345879273368,1,0.0072273337625634,-0.0125345879273368,1,0.0067703611823575,-0.0120345879273368,1,0.00609182920679
2022-03-08,-0.0167491635474099,1,0.0055274804855581,-0.0167491635474099,1,0.0058624627487641,-0.0167491635474099,1,0.0058624627487641,-0.0167491635474099,1,0.0058624627487641,-0.0167491635474099,1,0.0069719195398383,-0.0167491635474099,1,0.0064946533276395
2022-03-09,0.0212930405994997,1,0.0050606203830139,0.0212930405994997,1,0.0049493051145908,0.0212930405994997,1,0.0049493051145908,0.0212930405994997,1,0.0049493051145908,0.0212930405994997,1,0.0062953097120054,0.0212930405994997,1,0.0061284476344551
2022-03-10,0.0079606140448105,1,0.0072437392247057,0.0079606140448105,1,0.0068994711099898,0.0079606140448105,1,0.0068994711099898,0.0079606140448105,1,0.0068994711099898,0.0079606140448105,1,0.0088614650641399,0.0079606140448105,1,0.0074815368737831
2022-03-11,-0.0221887983904531,1,0.0056245413006449,-0.0221887983904531,1,0.0060226539787003,-0.0221887983904531,1,0.0060226539787003,-0.0221887983904531,1,0.0060226539787003,-0.0221887983904531,1,0.007379901406331,-0.0221887983904531,1,0.0068905643404615
2022-03-14,0.0084615120520958,1,0.0060984988442668,0.0084615120520958,1,0.0063052022811052,0.0084615120520958,1,0.0063052022811052,0.0084615120520958,1,0.0063052022811052,0.0084615120520958,1,0.0074694162173077,0.0084615120520958,1,0.0078513272708525
2022-03-15,-0.0335621351568227,1,0.005697378661138,-0.0335621351568227,1,0.003774016029052,-0.0335621351568227,1,0.003774016029052,-0.0335621351568227,1,0.003774016029052,-0.0335621351568227,1,0.0061238529304255,-0.0005,0,0.0037229387662924
2022-03-16,0.0307814002347528,1,0.006010572656966,0.0307814002347528,1,0.0062445141974949,0.0307814002347528,1,0.0062445141974949,0.0307814002347528,1,0.0062445141974949,0.0307814002347528,1,0.0053848639231528,0.0302814002347528,1,0.0064250558160247
2022-03-17,-0.0042113555443051,1,0.0091443067590751,-0.0042113555443051,1,0.0102852818568715,-0.0042113555443051,1,0.0102852818568715,-0.0042113555443051,1,0.0102852818568715,-0.0042113555443051,1,0.0088612118738713,-0.0042113555443051,1,0.010217550534299
2022-03-18,0.0284505868745228,1,0.0067406349813542,0.0284505868745228,1,0.0057427758534944,0.0284505868745228,1,0.0057427758534944,0.0284505868745228,1,0.0057427758534944,0.0284505868745228,1,0.0068749847329457,0.0284505868745228,1,0.0058111497175899
2022-03-21,0.0026168110214661,1,0.0043014031318951,0.0026168110214661,1,0.003562940009018,0.0026168110214661,1,0.003562940009018,0.0026168110214661,1,0.003562940009018,0.0026168110214661,1,0.0045744318328821,-0.0005,0,0.0029892137888275
2022-03-22,0.0063385562352096,1,0.0039049567854171,0.0063385562352096,1,0.0038800118688974,0.0063385562352096,1,0.0038800118688974,0.0063385562352096,1,0.0038800118688974,0.0063385562352096,1,0.0046924464948036,0.0,0,0.003013649559885
2022-03-23,0.0101151996889445,-1,-0.003624487877589,0.0101151996889445,-1,-0.0032635860163684,0.0101151996889445,-1,-0.0032635860163684,0.0101151996889445,-1,-0.0032635860163684,-0.0005,0,0.000442747490742,-0.0,0,-0.0031573652328115
2022-03-24,-0.0071187194794746,-1,-0.0006157277495845,-0.0005,0,7.239607811053428e-05,-0.0005,0,7.239607811053428e-05,-0.0005,0,7.239607811053428e-05,0.0066187194794745,1,0.0044979333396581,0.0,0,0.0019181932059509
2022-03-25,0.0070684015119427,-1,-0.0006265956628562,0.0065684015119427,-1,-0.001038219001853,-0.0,0,-0.001038219001853,-0.0,0,-0.001038219001853,-0.0070684015119427,1,0.0043396183325468,-0.0,0,-0.0006609157910642
2022-03-28,0.0243536757408769,-1,-0.0009021202207574,-0.0005,0,-0.0002802322173333,-0.0,0,-0.0002802322173333,-0.0,0,-0.0002802322173333,-0.0005,0,0.0028183550817917,-0.0,0,-0.000389651363174
2022-03-29,-0.01228877433078,-1,-0.0036346238592664,-0.01278877433078,-1,-0.0041654507503558,-0.01278877433078,-1,-0.0041654507503558,-0.01278877433078,-1,-0.0041654507503558,0.0,0,-0.0006023491231732,0.0,0,-0.0036359582588345
2022-03-30,-0.0303489840112669,-1,-0.0008463362988589,-0.0005,0,-0.0004663791213865,-0.0005,0,-0.0004663791213865,-0.0005,0,-0.0004663791213865,0.0,0,-0.0012344096578045,0.0,0,0.0004977868423334
2022-03-31,0.0036818991911464,-1,-0.0021840709830401,0.0031818991911464,-1,-0.0015648724126187,-0.0,0,-0.0015648724126187,-0.0,0,-0.0015648724126187,-0.0,0,-0.0021266037139404,-0.0,0,-0.0015167852796843
2022-04-01,0.0208034059213659,1,0.000335311503413,-0.0005,0,0.000498709883912,0.0,0,0.000498709883912,0.0,0,0.000498709883912,0.0,0,0.0006919280559537,0.0,0,0.0001784079637893
2022-04-04,-0.00931824757358,-1,-0.0015274431165965,-0.0088182475735801,-1,-0.0015214239186469,0.0,0,-0.0015214239186469,0.0,0,-0.0015214239186469,0.0,0,-0.0009980684355407,0.0,0,-0.0019246770523269
2022-04-05,-0.0,-1,-0.004500540238735,-0.0,-1,-0.0045121731062048,-0.0005,-1,-0.0045121731062048,-0.0005,-1,-0.0045121731062048,-0.0005,-1,-0.0044806757654352,0.0,0,-0.0048612372676364
2022-04-06,-0.0068149404511097,-1,-0.0031660536810163,-0.0068149404511097,-1,-0.0023171482474333,-0.0068149404511097,-1,-0.0023171482474333,-0.0005,0,-0.0023171482474333,-0.0005,0,-0.0025863329689244,0.0,0,-0.0019905345671198
2022-04-07,-0.0096188265300714,-1,-0.0008233002448684,-0.0005,0,-0.0001095168570598,-0.0005,0,-0.0001095168570598,0.0,0,-0.0001095168570598,0.0,0,-0.0009836395336585,0.0,0,2.152219771892473e-05
2022-04-08,-0.0021171300500824,-1,-0.0030935083079967,-0.0026171300500824,-1,-0.0031853331688131,-0.0026171300500824,-1,-0.0031853331688131,-0.0026171300500824,-1,-0.0031853331688131,0.0,0,-0.0032098479940097,0.0,0,-0.0028704071485765
2022-04-11,-0.0169013925592851,-1,-0.0026117961336941,-0.0169013925592851,-1,-0.0023620090175481,-0.0169013925592851,-1,-0.0023620090175481,-0.0005,0,-0.0023620090175481,0.0,0,-0.00247545922146,0.0,0,-0.0047770910354174
2022-04-12,-0.0076177710213369,-1,-0.0035125732831681,-0.0076177710213369,-1,-0.0033616168213475,-0.0076177710213369,-1,-0.0033616168213475,-0.0081177710213369,-1,-0.0033616168213475,0.0,0,-0.0025737648787817,0.0,0,-0.0039501715000952
2022-04-13,-0.0037800241086243,-1,-0.0055684066188105,-0.0037800241086243,-1,-0.005018014452229,-0.0037800241086243,-1,-0.005018014452229,-0.0037800241086243,-1,-0.005018014452229,-0.0042800241086243,-1,-0.0051303768887293,-0.0042800241086243,-1,-0.0067910184041564
2022-04-14,-0.021910349779411,-1,-0.0082048423714881,-0.021910349779411,-1,-0.0079263618108388,-0.021910349779411,-1,-0.0079263618108388,-0.021910349779411,-1,-0.0079263618108388,-0.021910349779411,-1,-0.0067235497746104,-0.021910349779411,-1,-0.0097966131301823
2022-04-18,0.0060301609003503,-1,-0.0111806705600727,0.0060301609003503,-1,-0.0106998346085933,0.0060301609003503,-1,-0.0106998346085933,0.0060301609003503,-1,-0.0106998346085933,0.0060301609003503,-1,-0.0091356066644265,0.0060301609003503,-1,-0.0105937001471844
2022-04-19,-0.0070778255454215,-1,-0.0119624294606826,-0.0070778255454215,-1,-0.0110269057415437,-0.0070778255454215,-1,-0.0110269057415437,-0.0070778255454215,-1,-0.0110269057415437,-0.0070778255454215,-1,-0.0098199435922672,-0.0070778255454215,-1,-0.0110971396123089
2022-04-20,0.0160642421592361,-1,-0.0108747960996974,0.0160642421592361,-1,-0.0104974616149522,0.0160642421592361,-1,-0.0104974616149522,0.0160642421592361,-1,-0.0104974616149522,0.0160642421592361,-1,-0.0090887685943944,0.0160642421592361,-1,-0.0126706250137017
2022-04-21,0.0156462275660278,-1,-0.0073942340399622,0.0156462275660278,-1,-0.007231662469735,0.0156462275660278,-1,-0.007231662469735,0.0156462275660278,-1,-0.007231662469735,0.0156462275660278,-1,-0.0064863308994821,0.0156462275660278,-1,-0.0083828795685599
2022-04-22,-0.0138216866326432,-1,-0.0049865242313212,-0.0138216866326432,-1,-0.0044960678112892,-0.0138216866326432,-1,-0.0044960678112892,-0.0138216866326432,-1,-0.0044960678112892,-0.0138216866326432,-1,-0.0045725346841988,-0.0138216866326432,-1,-0.005814995054703
2022-04-25,-0.0115882805323674,-1,-0.0056949785973122,-0.0115882805323674,-1,-0.0053773111853906,-0.0115882805323674,-1,-0.0053773111853906,-0.0115882805323674,-1,-0.0053773111853906,-0.0115882805323674,-1,-0.004198597770778,-0.0115882805323674,-1,-0.0054230225739101
2022-04-26,-0.0124662711617371,-1,-0.0079310296559218,-0.0124662711617371,-1,-0.0080593530203482,-0.0124662711617371,-1,-0.0080593530203482,-0.0124662711617371,-1,-0.0080593530203482,-0.0124662711617371,-1,-0.0067584894367189,-0.0124662711617371,-1,-0.0091631266814702
2022-04-27,0.0016638681640591,-1,-0.0060357057694675,0.0016638681640591,-1,-0.0073260035146552,0.0016638681640591,-1,-0.0073260035146552,0.0016638681640591,-1,-0.0073260035146552,0.0016638681640591,-1,-0.0044880403437498,0.0016638681640591,-1,-0.0079625733773713
2022-04-28,0.0006666819254557,-1,-0.0101539394995964,0.0006666819254557,-1,-0.0096286606805131,0.0006666819254557,-1,-0.0096286606805131,0.0006666819254557,-1,-0.0096286606805131,0.0006666819254557,-1,-0.0097495136276743,0.0006666819254557,-1,-0.0106183242386798
2022-04-29,0.0116744625354859,-1,-0.0100612520156784,0.0116744625354859,-1,-0.0110135102993943,0.0116744625354859,-1,-0.0110135102993943,0.0116744625354859,-1,-0.0110135102993943,0.0116744625354859,-1,-0.0096892621398194,0.0116744625354859,-1,-0.0106234606349514
2022-05-02,0.0114747976668677,-1,-0.0124062908176608,0.0114747976668677,-1,-0.0115582816392911,0.0114747976668677,-1,-0.0115582816392911,0.0114747976668677,-1,-0.0115582816392911,0.0114747976668677,-1,-0.0122593527906635,0.0114747976668677,-1,-0.0118289620621845
2022-05-03,-0.0003413561359058,-1,-0.0088146987827118,-0.0003413561359058,-1,-0.0094750553112671,-0.0003413561359058,-1,-0.0094750553112671,-0.0003413561359058,-1,-0.0094750553112671,-0.0003413561359058,-1,-0.0084194129706119,-0.0003413561359058,-1,-0.0079706078071602
2022-05-04,-0.0037542871404729,-1,-0.0109158574250021,-0.0037542871404729,-1,-0.0113547862440507,-0.0037542871404729,-1,-0.0113547862440507,-0.0037542871404729,-1,-0.0113547862440507,-0.0037542871404729,-1,-0.010004030998411,-0.0037542871404729,-1,-0.0078699584270691
2022-05-05,0.0163209637785348,-1,-0.0121259006343974,0.0163209637785348,-1,-0.0111671724070686,0.0163209637785348,-1,-0.0111671724070686,0.0163209637785348,-1,-0.0111671724070686,0.0163209637785348,-1,-0.0112845760751954,0.0163209637785348,-1,-0.0074544785441805
2022-05-06,0.0252333057219403,-1,-0.0101821829079205,0.0252333057219403,-1,-0.0100748489241765,0.0252333057219403,-1,-0.0100748489241765,0.0252333057219403,-1,-0.0100748489241765,0.0252333057219403,-1,-0.0088813290847594,0.0252333057219403,-1,-0.009378344413679
2022-05-09,-0.012765911108628,-1,-0.0074576569031739,-0.012765911108628,-1,-0.0077827146874913,-0.012765911108628,-1,-0.0077827146874913,-0.012765911108628,-1,-0.0077827146874913,-0.012765911108628,-1,-0.0070518198225204,-0.012765911108628,-1,-0.0077783350289334
2022-05-10,-0.022759090710257,-1,-0.0080998447659235,-0.022759090710257,-1,-0.0075990452083234,-0.022759090710257,-1,-0.0075990452083234,-0.022759090710257,-1,-0.0075990452083234,-0.022759090710257,-1,-0.0080678300406275,-0.022759090710257,-1,-0.0085692517964916
2022-05-11,-0.0140363494560562,-1,-0.0069905863888624,-0.0140363494560562,-1,-0.0064668436335278,-0.0140363494560562,-1,-0.0064668436335278,-0.0140363494560562,-1,-0.0064668436335278,-0.0140363494560562,-1,-0.0076571582243602,-0.0140363494560562,-1,-0.006513706235029
2022-05-12,0.0104659474850655,-1,-0.007023081749963,0.0104659474850655,-1,-0.0067671766341054,0.0104659474850655,-1,-0.0067671766341054,0.0104659474850655,-1,-0.0067671766341054,0.0104659474850655,-1,-0.0078635503714727,0.0104659474850655,-1,-0.0059277258034092
2022-05-13,-0.0228590954794274,-1,-0.0074250134105839,-0.0228590954794274,-1,-0.0065841453056229,-0.0228590954794274,-1,-0.0065841453056229,-0.0228590954794274,-1,-0.0065841453056229,-0.0228590954794274,-1,-0.0084107189625661,-0.0228590954794274,-1,-0.0065900143051682
2022-05-16,0.0036690695357737,-1,-0.0062596715110671,0.0036690695357737,-1,-0.0062088545059206,0.0036690695357737,-1,-0.0062088545059206,0.0036690695357737,-1,-0.0062088545059206,0.0036690695357737,-1,-0.0079483305483152,0.0036690695357737,-1,-0.007213450255693
2022-05-17,0.0237697011005343,-1,-0.0064979325079554,0.0237697011005343,-1,-0.0061088399475787,0.0237697011005343,-1,-0.0061088399475787,0.0237697011005343,-1,-0.0061088399475787,0.0237697011005343,-1,-0.0087328567528406,0.0237697011005343,-1,-0.0101332192395945
2022-05-18,0.0041151897295163,-1,-0.0021188016624821,0.0041151897295163,-1,-0.0018637179271047,-0.0005,0,-0.0018637179271047,-0.0005,0,-0.0018637179271047,-0.0005,0,-0.0035582108716857,-0.0005,0,-0.0005745062978779
2022-05-19,0.0024105234148055,-1,-0.0024725447375849,0.0024105234148055,-1,-0.0021864824783344,0.0019105234148055,-1,-0.0021864824783344,-0.0,0,-0.0021864824783344,-0.0,0,-0.0026308272985603,-0.0,0,-0.0028996005577334
2022-05-20,-0.0089748096321833,-1,-0.0043961254833977,-0.0089748096321833,-1,-0.0039698864794595,-0.0089748096321833,-1,-0.0039698864794595,-0.0094748096321833,-1,-0.0039698864794595,0.0,0,-0.0039145148990865,-0.0094748096321833,-1,-0.0057213922559777
2022-05-23,0.0171057135761332,-1,-0.0048737842820952,0.0171057135761332,-1,-0.0059237914559294,0.0171057135761332,-1,-0.0059237914559294,0.0171057135761332,-1,-0.0059237914559294,-0.0,0,-0.0013368727704305,0.0171057135761332,-1,-0.0052586560194399
2022-05-24,0.0066132485115311,-1,-0.0088589223647563,0.0066132485115311,-1,-0.0081359567242947,0.0066132485115311,-1,-0.0081359567242947,0.0066132485115311,-1,-0.0081359567242947,0.0061132485115311,-1,-0.0053141735805414,0.0066132485115311,-1,-0.0077402508371549
2022-05-25,0.0028031474592967,-1,-0.0093400475501074,0.0028031474592967,-1,-0.0095772978268803,0.0028031474592967,-1,-0.0095772978268803,0.0028031474592967,-1,-0.0095772978268803,0.0028031474592967,-1,-0.0064244341402475,0.0028031474592967,-1,-0.007855517627552
2022-05-26,-0.0151089360157563,-1,-0.0090283801102028,-0.0151089360157563,-1,-0.0089381453427956,-0.0151089360157563,-1,-0.0089381453427956,-0.0151089360157563,-1,-0.0089381453427956,-0.0151089360157563,-1,-0.0068315188812082,-0.0151089360157563,-1,-0.0095103205040341
2022-05-27,0.0231914188455819,-1,-0.0050740828611089,0.0231914188455819,-1,-0.0050633165075384,0.0231914188455819,-1,-0.0050633165075384,0.0231914188455819,-1,-0.0050633165075384,-0.0005,0,-0.0038048665104395,0.0231914188455819,-1,-0.0077826334427166
2022-05-31,0.026576896465234,-1,-0.0018787062827383,0.026576896465234,-1,-0.0012613886389729,-0.0005,0,-0.0012613886389729,-0.0005,0,-0.0012613886389729,-0.0,0,-0.0028884807504763,-0.0005,0,-0.0047303086474903
2022-06-01,-0.0036403488885823,-1,-0.0029699965322698,-0.0036403488885823,-1,-0.0026999037370156,-0.0041403488885823,-1,-0.0026999037370156,0.0,0,-0.0026999037370156,0.0,0,-0.0034482463918133,0.0,0,-0.0025365902384322
2022-06-03,-0.0145137745385146,-1,-0.0021327325294717,-0.0145137745385146,-1,-0.0017879121954845,-0.0005,0,-0.0017879121954845,0.0,0,-0.0017879121954845,0.0,0,-0.0028015850181111,0.0,0,-0.0031029325131977
2022-06-06,-0.0200286620753864,-1,-0.0007743367157418,-0.0005,0,-0.0008894527928035,0.0,0,-0.0008894527928035,0.0,0,-0.0008894527928035,0.0,0,-0.0008281044228603,0.0,0,-0.0009274397833371
2022-06-07,0.0007012783114533,-1,-0.0037453989336805,0.0002012783114532,-1,-0.0040958290442485,0.0002012783114532,-1,-0.0040958290442485,0.0002012783114532,-1,-0.0040958290442485,-0.0,0,-0.0033110903099214,-0.0,0,-0.0040699024128355
2022-06-08,-0.000350885223924,-1,-0.0062870707572321,-0.000350885223924,-1,-0.0055520061785504,-0.000350885223924,-1,-0.0055520061785504,-0.000350885223924,-1,-0.0055520061785504,-0.000850885223924,-1,-0.0066761533186036,0.0,0,-0.0048092499144625
2022-06-09,-0.0098211394036347,-1,-0.0046502047613651,-0.0098211394036347,-1,-0.0047112470199878,-0.0098211394036347,-1,-0.0047112470199878,-0.0098211394036347,-1,-0.0047112470199878,-0.0098211394036347,-1,-0.0045766153258076,0.0,0,-0.0040740518885395
2022-06-10,0.0048628444788122,-1,-0.0051781556694626,0.0048628444788122,-1,-0.0051774764385508,0.0048628444788122,-1,-0.0051774764385508,0.0048628444788122,-1,-0.0051774764385508,0.0048628444788122,-1,-0.0056316616577763,0.0043628444788121,-1,-0.0052906587882886
2022-06-13,0.004188444449652,-1,-0.005649987649512,0.004188444449652,-1,-0.0063454097780319,0.004188444449652,-1,-0.0063454097780319,0.004188444449652,-1,-0.0063454097780319,0.004188444449652,-1,-0.0051120299445068,0.004188444449652,-1,-0.0057871653089246
2022-06-14,-0.0042060613037746,-1,-0.0045310397203899,-0.0042060613037746,-1,-0.0037309978704924,-0.0042060613037746,-1,-0.0037309978704924,-0.0042060613037746,-1,-0.0037309978704924,-0.0042060613037746,-1,-0.004408804978974,-0.0005,0,-0.0029513802816552
2022-06-16,0.0082474147069424,-1,-0.0052133174088462,0.0082474147069424,-1,-0.0045904105112107,0.0082474147069424,-1,-0.0045904105112107,0.0082474147069424,-1,-0.0045904105112107,0.0082474147069424,-1,-0.0045897488084489,-0.0,0,-0.0040131234910322
2022-06-17,0.0367290835368455,-1,-0.0030580448355554,0.0367290835368455,-1,-0.0037530910097498,0.0367290835368455,-1,-0.0037530910097498,0.0367290835368455,-1,-0.0037530910097498,-0.0005,0,-0.002657523201408,-0.0,0,-0.0029938330007818
2022-06-21,-0.0110718988122706,1,0.0017484550821626,-0.0110718988122706,1,0.0028856872851518,-0.0110718988122706,1,0.0028856872851518,-0.0005,0,0.0028856872851518,-0.0,0,-0.0010934388081689,-0.0,0,-0.0011394024098691
2022-06-22,-0.049782006411519,1,0.0044334429659994,-0.049782006411519,1,0.0043064870638779,-0.049782006411519,1,0.0043064870638779,-0.050282006411519,1,0.0043064870638779,-0.0,0,0.000687492544174,-0.0,0,0.0028410976689378
2022-06-23,0.0252390002692168,1,0.0089111297947005,0.0252390002692168,1,0.0094746930208505,0.0252390002692168,1,0.0094746930208505,0.0252390002692168,1,0.0094746930208505,0.0247390002692168,1,0.0041922365118277,0.0247390002692168,1,0.0086546343077148
2022-06-24,-0.0242446710734175,1,0.0127701236081764,-0.0242446710734175,1,0.0130304264632416,-0.0242446710734175,1,0.0130304264632416,-0.0242446710734175,1,0.0130304264632416,-0.0242446710734175,1,0.0086179857109799,-0.0242446710734175,1,0.0119365867818939
2022-06-27,0.0053516586569202,1,0.0083856854634171,0.0053516586569202,1,0.0081118356302259,0.0053516586569202,1,0.0081118356302259,0.0053516586569202,1,0.0081118356302259,0.0053516586569202,1,0.0055842623238487,0.0053516586569202,1,0.0070190520301266
2022-06-28,-0.0019011117304554,1,0.0079084033869631,-0.0019011117304554,1,0.0072413277254556,-0.0019011117304554,1,0.0072413277254556,-0.0019011117304554,1,0.0072413277254556,-0.0019011117304554,1,0.0047362728767753,-0.0019011117304554,1,0.0071222541122758
2022-07-05,0.0123666950423739,1,0.0023857510392814,0.0123666950423739,1,0.0026760003656422,0.0123666950423739,1,0.0026760003656422,-0.0005,0,0.0026760003656422,-0.0005,0,0.0007573809963973,-0.0005,0,0.0017474046484646
2022-07-06,0.0155855451895807,1,0.0068046760682904,0.0155855451895807,1,0.0065008018381134,0.0155855451895807,1,0.0065008018381134,0.0150855451895806,1,0.0065008018381134,0.0150855451895806,1,0.0060108226069681,0.0150855451895806,1,0.0057172268578209
2022-07-07,0.0439651364209121,1,0.0033101529667264,0.0439651364209121,1,0.0030762684334051,0.0439651364209121,1,0.0030762684334051,0.0439651364209121,1,0.0030762684334051,0.0439651364209121,1,0.0040862321419492,-0.0005,0,0.0024668219307733
2022-07-08,-0.0039729988544541,1,0.001695898243498,-0.0039729988544541,1,0.001485447367116,-0.0005,0,0.001485447367116,-0.0005,0,0.001485447367116,-0.0005,0,0.0034720918666818,-0.0,0,0.0007817926107872
2022-07-11,0.0552425155395277,-1,-0.0003387469725078,-0.0005,0,-0.0002935503561013,-0.0,0,-0.0002935503561013,-0.0,0,-0.0002935503561013,-0.0,0,0.0018274439618264,-0.0,0,0.0015013522758545
2022-07-12,0.0163288186836971,1,0.0040962349886434,0.0168288186836972,1,0.0041327628278825,0.0168288186836972,1,0.0041327628278825,0.0168288186836972,1,0.0041327628278825,0.0168288186836972,1,0.004813069839194,0.0,0,0.0048416648307003
2022-07-13,0.0091400591396946,1,0.0096186914850506,0.0091400591396946,1,0.0088062495120459,0.0091400591396946,1,0.0088062495120459,0.0091400591396946,1,0.0088062495120459,0.0091400591396946,1,0.0100424548486078,0.0086400591396946,1,0.008571296501228
2022-07-14,0.0012350258611022,1,0.0097088138048208,0.0012350258611022,1,0.0095107517119643,0.0012350258611022,1,0.0095107517119643,0.0012350258611022,1,0.0095107517119643,0.0012350258611022,1,0.0087501104634901,0.0012350258611022,1,0.0087953226925686
2022-07-15,0.0111019926460416,1,0.0140935999162657,0.0111019926460416,1,0.0139027234078465,0.0111019926460416,1,0.0139027234078465,0.0111019926460416,1,0.0139027234078465,0.0111019926460416,1,0.0114041627259335,0.0111019926460416,1,0.0134500944224351
2022-07-18,-0.0207401474468134,1,0.0124995342244957,-0.0207401474468134,1,0.0115952451214331,-0.0207401474468134,1,0.0115952451214331,-0.0207401474468134,1,0.0115952451214331,-0.0207401474468134,1,0.0111181168638239,-0.0207401474468134,1,0.012938634181106
2022-07-19,-0.0083056795503789,1,0.0075234231083163,-0.0083056795503789,1,0.0067165406451223,-0.0083056795503789,1,0.0067165406451223,-0.0083056795503789,1,0.0067165406451223,-0.0083056795503789,1,0.0053728568002241,-0.0083056795503789,1,0.00720226683752
2022-07-20,-0.0247067950575387,1,0.0110324831378362,-0.0247067950575387,1,0.0113784425106618,-0.0247067950575387,1,0.0113784425106618,-0.0247067950575387,1,0.0113784425106618,-0.0247067950575387,1,0.0091029675684984,-0.0247067950575387,1,0.0114696816768495
2022-07-21,-0.0171748179542675,1,0.0116945901694399,-0.0171748179542675,1,0.0118664222651947,-0.0171748179542675,1,0.0118664222651947,-0.0171748179542675,1,0.0118664222651947,-0.0171748179542675,1,0.0097212093845135,-0.0171748179542675,1,0.0110579475905564
2022-07-22,0.0279598651840287,1,0.0083610402138248,0.0279598651840287,1,0.0093824526593589,0.0279598651840287,1,0.0093824526593589,0.0279598651840287,1,0.0093824526593589,0.0279598651840287,1,0.0063078950026353,0.0279598651840287,1,0.0091732427391373
2022-07-25,0.0254992969235918,1,0.0112139685111985,0.0254992969235918,1,0.011265696480102,0.0254992969235918,1,0.011265696480102,0.0254992969235918,1,0.011265696480102,0.0254992969235918,1,0.0087586329861573,0.0254992969235918,1,0.0114667412587686
2022-07-26,0.0082884695356573,1,0.0044623118141749,0.0082884695356573,1,0.0039801434546359,0.0082884695356573,1,0.0039801434546359,0.0082884695356573,1,0.0039801434546359,0.0082884695356573,1,0.0040301915194253,0.0082884695356573,1,0.0050576990106147
2022-07-27,0.0197287112100907,1,0.0035900215691213,0.0197287112100907,1,0.0036795375239208,0.0197287112100907,1,0.0036795375239208,0.0197287112100907,1,0.0036795375239208,0.0197287112100907,1,0.0042886723590969,0.0197287112100907,1,0.0050931470820786
2022-07-28,0.0076582240285187,1,0.0010964529001944,0.0076582240285187,1,0.001046772874565,-0.0005,0,0.001046772874565,-0.0005,0,0.001046772874565,-0.0005,0,0.0023606666736243,-0.0005,0,0.0032368782494195
2022-07-29,0.013000015258789,-1,-0.0011705553023629,0.013000015258789,-1,-0.001751563599439,-0.0,0,-0.001751563599439,-0.0,0,-0.001751563599439,-0.0,0,0.0012553516921576,-0.0,0,-0.0002547837929436
2022-08-01,-0.0257463980707071,1,0.0032120824462854,-0.0257463980707071,1,0.0026885101273875,-0.0252463980707071,1,0.0026885101273875,-0.0,0,0.0026885101273875,-0.0252463980707071,1,0.0043767317480927,-0.0,0,0.0038336887424902
2022-08-02,0.0049916359115966,1,0.0067471816355541,0.0049916359115966,1,0.0068867535069607,0.0049916359115966,1,0.0068867535069607,0.0044916359115965,1,0.0068867535069607,0.0049916359115966,1,0.0060906241635765,0.0044916359115965,1,0.007001018431873
2022-08-03,0.0153146043696283,1,0.0059264309895674,0.0153146043696283,1,0.0056745361994001,0.0153146043696283,1,0.0056745361994001,0.0153146043696283,1,0.0056745361994001,0.0153146043696283,1,0.0048780398455718,0.0153146043696283,1,0.0063141152588409
2022-08-04,0.0061149455495912,1,0.0046366760079268,0.0061149455495912,1,0.0047406370414724,0.0061149455495912,1,0.0047406370414724,0.0061149455495912,1,0.0047406370414724,-0.0005,0,0.0039080614115991,-0.0005,0,0.0045448225835076
2022-08-05,-0.0004051956547074,1,0.0036828126430951,-0.0004051956547074,1,0.0032865065306996,-0.0004051956547074,1,0.0032865065306996,-0.0004051956547074,1,0.0032865065306996,-0.0,0,0.0031173338959775,-0.0,0,0.0043955058157305
2022-08-08,-0.0087016835618171,-1,-0.0033468560604583,-0.0087016835618171,-1,-0.0045133709712476,-0.0087016835618171,-1,-0.0045133709712476,-0.0087016835618171,-1,-0.0045133709712476,0.0,0,-0.0013278032210128,0.0,0,-0.0040531579480463
2022-08-09,-0.0064360355383694,-1,-0.0063682381386218,-0.0064360355383694,-1,-0.0064021088597861,-0.0064360355383694,-1,-0.0064021088597861,-0.0064360355383694,-1,-0.0064021088597861,-0.0069360355383693,-1,-0.004802827946526,-0.0069360355383693,-1,-0.0054901781406022
2022-08-10,-0.012789755754178,-1,-0.0083510580982857,-0.012789755754178,-1,-0.0083194416766327,-0.012789755754178,-1,-0.0083194416766327,-0.012789755754178,-1,-0.0083194416766327,-0.012789755754178,-1,-0.0067322590525756,-0.012789755754178,-1,-0.0078811485061772
2022-08-11,-0.0161799465249898,-1,-0.0087077646730279,-0.0161799465249898,-1,-0.0087579646408792,-0.0161799465249898,-1,-0.0087579646408792,-0.0161799465249898,-1,-0.0087579646408792,-0.0161799465249898,-1,-0.008459522118314,-0.0161799465249898,-1,-0.009764646981777
2022-08-12,0.015533965768166,-1,-0.0068441625993559,0.015533965768166,-1,-0.0074163904327174,0.015533965768166,-1,-0.0074163904327174,0.015533965768166,-1,-0.0074163904327174,0.015533965768166,-1,-0.007898808561128,0.015533965768166,-1,-0.007492625924783
2022-08-15,0.0248521127666629,-1,-0.0039021343916851,0.0248521127666629,-1,-0.0041531155536488,0.0248521127666629,-1,-0.0041531155536488,0.0248521127666629,-1,-0.0041531155536488,0.0248521127666629,-1,-0.0067852570315899,-0.0005,0,-0.0038986730391665
2022-08-16,0.0022362429582608,1,0.0002823845661257,-0.0005,0,-2.3284741425611813e-05,-0.0005,0,-2.3284741425611813e-05,-0.0005,0,-2.3284741425611813e-05,-0.0005,0,-0.0022637711160914,0.0,0,0.0005139932729257
2022-08-17,0.0044355086183704,1,0.0009410581381248,0.0,0,2.5171396859142168e-05,0.0,0,2.5171396859142168e-05,0.0,0,2.5171396859142168e-05,0.0,0,-0.0008862511262747,0.0,0,-0.0003629004222342
2022-08-18,-0.0086274803380761,-1,-0.0008641663843503,-0.0081274803380762,-1,-0.0018102370851752,0.0,0,-0.0018102370851752,0.0,0,-0.0018102370851752,0.0,0,-0.002418921423316,0.0,0,-0.0013326272488075
2022-08-19,-0.012748991631907,-1,-0.0023954944376423,-0.012748991631907,-1,-0.0027296485177868,-0.013248991631907,-1,-0.0027296485177868,0.0,0,-0.0027296485177868,0.0,0,-0.0039517995892989,0.0,0,-0.0017637433066368
2022-08-22,-0.0381589028498505,-1,-0.0062320637893117,-0.0381589028498505,-1,-0.0065076976330287,-0.0381589028498505,-1,-0.0065076976330287,-0.0386589028498505,-1,-0.0065076976330287,-0.0386589028498505,-1,-0.0071184704136325,-0.0386589028498505,-1,-0.0055125434569059
2022-08-23,-0.0007578801904601,-1,-0.0071566122128592,-0.0007578801904601,-1,-0.0084245641947096,-0.0007578801904601,-1,-0.0084245641947096,-0.0007578801904601,-1,-0.0084245641947096,-0.0007578801904601,-1,-0.0084687641157609,-0.0007578801904601,-1,-0.0077035813485288
2022-08-24,0.0098447644976913,-1,-0.0076811980478175,0.0098447644976913,-1,-0.0077529001200303,0.0098447644976913,-1,-0.0077529001200303,0.0098447644976913,-1,-0.0077529001200303,0.0098447644976913,-1,-0.0101883384183222,0.0098447644976913,-1,-0.007443123427583
2022-08-25,-0.0237094014637788,-1,-0.0049290335289338,-0.0237094014637788,-1,-0.0047174783655962,-0.0237094014637788,-1,-0.0047174783655962,-0.0237094014637788,-1,-0.0047174783655962,-0.0237094014637788,-1,-0.0074639499050668,-0.0005,0,-0.0047907523352253
2022-08-26,-0.0183040628591419,-1,-0.0051843320172279,-0.0183040628591419,-1,-0.0050720694438427,-0.0183040628591419,-1,-0.0050720694438427,-0.0183040628591419,-1,-0.0050720694438427,-0.0183040628591419,-1,-0.0076969249644136,0.0,0,-0.0041850252433894
2022-08-29,0.0062362463267271,-1,-0.0044542875768091,0.0062362463267271,-1,-0.0049101086574595,0.0062362463267271,-1,-0.0049101086574595,0.0062362463267271,-1,-0.0049101086574595,0.0062362463267271,-1,-0.0068565220152498,0.0057362463267271,-1,-0.0052441656311179
2022-08-30,0.0081210524959511,-1,-0.0023854988765603,0.0081210524959511,-1,-0.0032199602392258,0.0081210524959511,-1,-0.0032199602392258,0.0081210524959511,-1,-0.0032199602392258,-0.0005,0,-0.0033347532199161,0.0081210524959511,-1,-0.0052577936944606
2022-08-31,0.0163751589250106,-1,-0.005038711442542,0.0163751589250106,-1,-0.005349618620836,0.0163751589250106,-1,-0.005349618620836,0.0163751589250106,-1,-0.005349618620836,0.0158751589250106,-1,-0.0052405260297113,0.0163751589250106,-1,-0.0053873529957243
2022-09-01,-0.0068104541467042,-1,-0.0001830996124424,-0.0068104541467042,-1,-0.0010778720929087,-0.0005,0,-0.0010778720929087,-0.0005,0,-0.0010778720929087,-0.0005,0,-0.0009839321497211,-0.0005,0,0.00057865018603
2022-09-02,0.0166625066732112,1,0.0001411459581525,-0.0005,0,0.0003738169787551,0.0,0,0.0003738169787551,0.0,0,0.0003738169787551,0.0,0,-0.0012750523513521,0.0,0,0.0007057546201859
2022-09-06,-0.0092319054912975,1,0.0010306270436637,-0.0,0,0.0005523868223737,-0.0,0,0.0005523868223737,-0.0,0,0.0005523868223737,-0.0,0,-0.0007151601886302,-0.0,0,0.0004647946779244
2022-09-07,0.0019817340265949,-1,-0.0012587443591496,0.0024817340265949,-1,-0.0010845285396816,-0.0,0,-0.0010845285396816,-0.0,0,-0.0010845285396816,0.0024817340265949,-1,-0.0042016134203095,-0.0,0,-0.0011264735673666
2022-09-08,-0.0190654291170779,-1,-3.3413713794228734e-05,-0.0005,0,0.0001421347921221,0.0,0,0.0001421347921221,0.0,0,0.0001421347921221,-0.0005,0,-0.0030703299957092,0.0,0,0.0001595052761303
2022-09-09,-0.0124724926534542,-1,-0.000377611591651,0.0,0,-0.000662757313167,0.0,0,-0.000662757313167,0.0,0,-0.000662757313167,0.0,0,-0.0035112129833569,0.0,0,-0.0005660395619714
2022-09-12,0.001086981385176,-1,-0.0020880540070767,0.0005869813851759,-1,-0.0028335125183904,0.0005869813851759,-1,-0.0028335125183904,-0.0,0,-0.0028335125183904,-0.0,0,-0.0036501795324076,-0.0,0,-0.0016589378918673
2022-09-13,0.0097932702485433,-1,-0.0014559543823114,0.0097932702485433,-1,-0.0027239881845948,0.0097932702485433,-1,-0.0027239881845948,-0.0,0,-0.0027239881845948,-0.0,0,-0.0028977852728272,-0.0,0,-0.0007047853359674
2022-09-14,0.0098900570681521,-1,-0.0031060315393156,0.0098900570681521,-1,-0.0026275616972286,0.0098900570681521,-1,-0.0026275616972286,-0.0,0,-0.0026275616972286,0.009390057068152,-1,-0.005157000986986,-0.0,0,-0.0028176263703775
2022-09-15,-0.0022197360125124,-1,-0.0029560915503208,-0.0022197360125124,-1,-0.0021098985069358,-0.0022197360125124,-1,-0.0021098985069358,0.0,0,-0.0021098985069358,-0.0022197360125124,-1,-0.0047123094049963,0.0,0,-0.0023952747804649
2022-09-16,0.0003691483508861,-1,-0.0017164322385932,0.0003691483508861,-1,-0.0021651627170837,0.0003691483508861,-1,-0.0021651627170837,-0.0,0,-0.0021651627170837,-0.0005,0,-0.0026234207115748,-0.0,0,-0.0021614491469298
2022-09-19,-0.0192023803260228,-1,-0.0029537586853129,-0.0192023803260228,-1,-0.0032393164098784,-0.0192023803260228,-1,-0.0032393164098784,-0.0197023803260228,-1,-0.0032393164098784,0.0,0,-0.0037348150774496,0.0,0,-0.0032565490443123
2022-09-20,0.0086956437609072,-1,-0.0032695681138558,0.0086956437609072,-1,-0.0042782862224822,0.0086956437609072,-1,-0.0042782862224822,0.0086956437609072,-1,-0.0042782862224822,-0.0,0,-0.0034078248023237,-0.0,0,-0.004945828517877
2022-09-21,-0.0021929628875696,-1,-0.0043873365131905,-0.0021929628875696,-1,-0.0046484820817588,-0.0021929628875696,-1,-0.0046484820817588,-0.0021929628875696,-1,-0.0046484820817588,-0.0026929628875696,-1,-0.005113620553686,-0.0026929628875696,-1,-0.0058732092648989
2022-09-22,0.0185995706587455,-1,-0.006797341585833,0.0185995706587455,-1,-0.0067325133123902,0.0185995706587455,-1,-0.0067325133123902,0.0185995706587455,-1,-0.0067325133123902,0.0185995706587455,-1,-0.007140174049236,0.0185995706587455,-1,-0.0079434958172089
2022-09-23,0.0111482437295292,-1,-0.003677870216009,0.0111482437295292,-1,-0.0040053925330493,0.0111482437295292,-1,-0.0040053925330493,0.0111482437295292,-1,-0.0040053925330493,0.0111482437295292,-1,-0.00428005601978,-0.0005,0,-0.0040276830284792
2022-09-26,-0.0011273498161892,-1,-0.0017165036503497,-0.0011273498161892,-1,-0.0023744966731203,-0.0011273498161892,-1,-0.0023744966731203,-0.0005,0,-0.0023744966731203,-0.0005,0,-0.0030522361937072,0.0,0,-0.0024256524050992
2022-09-27,-0.0048799200860998,-1,-0.0024539991329619,-0.0048799200860998,-1,-0.0037920721682139,-0.0048799200860998,-1,-0.0037920721682139,-0.0053799200860998,-1,-0.0037920721682139,-0.0053799200860998,-1,-0.0040829001716872,0.0,0,-0.0029311510686685
2022-09-28,-0.0,-1,-0.004680385717311,-0.0,-1,-0.0064331551439377,-0.0,-1,-0.0064331551439377,-0.0,-1,-0.0064331551439377,-0.0,-1,-0.0060651220041215,-0.0005,-1,-0.0061907057240088
2022-09-29,-0.010085933998756,-1,-0.0043766678022122,-0.010085933998756,-1,-0.0042306758411005,-0.010085933998756,-1,-0.0042306758411005,-0.010085933998756,-1,-0.0042306758411005,-0.010085933998756,-1,-0.006064576946758,-0.0005,0,-0.0037762410081304
2022-09-30,-0.0033283373591743,-1,-0.0051502262200505,-0.0033283373591743,-1,-0.0052799472163541,-0.0033283373591743,-1,-0.0052799472163541,-0.0033283373591743,-1,-0.0052799472163541,-0.0033283373591743,-1,-0.0072130006366238,-0.0038283373591743,-1,-0.0053693542418869
2022-10-03,-0.0036859706805423,-1,-0.0052184503415983,-0.0036859706805423,-1,-0.0055649485326704,-0.0036859706805423,-1,-0.0055649485326704,-0.0036859706805423,-1,-0.0055649485326704,-0.0036859706805423,-1,-0.0080429011672197,-0.0036859706805423,-1,-0.0060488958819136
2022-10-04,-0.0033051837716078,-1,-0.0056884698479573,-0.0033051837716078,-1,-0.0059835582443214,-0.0033051837716078,-1,-0.0059835582443214,-0.0033051837716078,-1,-0.0059835582443214,-0.0033051837716078,-1,-0.0086133754338263,-0.0033051837716078,-1,-0.0062099154863734
2022-10-05,0.0084187241876104,-1,-0.0064105631491822,0.0084187241876104,-1,-0.0060508838320361,0.0084187241876104,-1,-0.0060508838320361,0.0084187241876104,-1,-0.0060508838320361,0.0084187241876104,-1,-0.0096519305764857,0.0084187241876104,-1,-0.0056542986623257
2022-10-06,-0.0099667942503824,-1,-0.0041172487082752,-0.0099667942503824,-1,-0.0035292882841043,-0.0099667942503824,-1,-0.0035292882841043,-0.0099667942503824,-1,-0.0035292882841043,-0.0099667942503824,-1,-0.0072645169494688,-0.0005,0,-0.0034605915433055
2022-10-07,-0.01498537420562,-1,-0.0021664560409652,-0.01498537420562,-1,-0.0027203058498188,-0.01498537420562,-1,-0.0027203058498188,-0.0005,0,-0.0027203058498188,-0.01498537420562,-1,-0.0045146816007228,0.0,0,-0.0025479219395638
2022-10-10,0.0046813491527649,-1,-0.0030106625315658,0.0046813491527649,-1,-0.003599562314284,0.0046813491527649,-1,-0.003599562314284,0.0041813491527649,-1,-0.003599562314284,0.0046813491527649,-1,-0.0049655424667817,-0.0,0,-0.004514940671425
2022-10-11,-0.0021708167371916,-1,-0.0034654475474195,-0.0021708167371916,-1,-0.0036390834273229,-0.0021708167371916,-1,-0.0036390834273229,-0.0021708167371916,-1,-0.0036390834273229,-0.0021708167371916,-1,-0.0057884667623214,-0.0026708167371916,-1,-0.0057636851674674
2022-10-12,-0.0050541294509907,-1,-0.0022022280972067,-0.0050541294509907,-1,-0.002177150597915,-0.0050541294509907,-1,-0.002177150597915,-0.0005,0,-0.002177150597915,-0.0050541294509907,-1,-0.004846916159587,-0.0005,0,-0.0036834724878514
2022-10-13,0.0086206813865931,-1,-0.003689809071998,0.0086206813865931,-1,-0.0035580347798939,0.0086206813865931,-1,-0.0035580347798939,0.008120681386593,-1,-0.0035580347798939,0.0086206813865931,-1,-0.0058895492215384,-0.0,0,-0.004559328281532
2022-10-14,0.0105072794028672,-1,-0.0023221795936062,0.0105072794028672,-1,-0.0024951198290272,0.0105072794028672,-1,-0.0024951198290272,-0.0005,0,-0.0024951198290272,0.0105072794028672,-1,-0.0042841215784474,-0.0,0,-0.0030377433134623
2022-10-17,0.0043939558488242,-1,-0.0022681782849698,0.0043939558488242,-1,-0.0024762868433181,0.0043939558488242,-1,-0.0024762868433181,-0.0,0,-0.0024762868433181,-0.0005,0,-0.0032891060790299,-0.0,0,-0.0002079295350121
2022-10-18,0.0033100460029472,-1,-0.0036650756388948,0.0033100460029472,-1,-0.0038527949866456,0.0033100460029472,-1,-0.0038527949866456,0.0028100460029472,-1,-0.0038527949866456,0.0028100460029472,-1,-0.0043608674041457,-0.0,0,-0.0042338547671497
2022-10-19,-0.0088560799903998,-1,-0.005723267422754,-0.0088560799903998,-1,-0.0051019167043595,-0.0088560799903998,-1,-0.0051019167043595,-0.0088560799903998,-1,-0.0051019167043595,-0.0088560799903998,-1,-0.0062921863438225,0.0,0,-0.0046791832288247
2022-10-20,0.002560339957335,-1,-0.00395884210741,0.002560339957335,-1,-0.0036219352089542,0.002560339957335,-1,-0.0036219352089542,0.002560339957335,-1,-0.0036219352089542,0.002560339957335,-1,-0.0048517395310332,-0.0,0,-0.0035227143653124
2022-10-21,0.0022002703441075,-1,-0.0040680034692047,0.0022002703441075,-1,-0.0046905344213663,0.0022002703441075,-1,-0.0046905344213663,0.0022002703441075,-1,-0.0046905344213663,0.0022002703441075,-1,-0.0046398905590594,-0.0,0,-0.0049089701330907
2022-10-24,-0.0036751335845062,-1,-0.0041386618108143,-0.0036751335845062,-1,-0.0042603055787109,-0.0036751335845062,-1,-0.0042603055787109,-0.0036751335845062,-1,-0.0042603055787109,-0.0036751335845062,-1,-0.0063689161830009,0.0,0,-0.0038569222456276
2022-10-25,0.000732279414358,-1,-0.0059561986627011,0.000732279414358,-1,-0.0055559268536458,0.000732279414358,-1,-0.0055559268536458,0.000732279414358,-1,-0.0055559268536458,0.000732279414358,-1,-0.0079719356233075,-0.0,0,-0.004162982817346
2022-10-26,0.0040308027358465,-1,-0.0064153346793475,0.0040308027358465,-1,-0.0065086574015701,0.0040308027358465,-1,-0.0065086574015701,0.0040308027358465,-1,-0.0065086574015701,0.0040308027358465,-1,-0.0074253502653274,-0.0,0,-0.0046280657252363
2022-10-27,0.0033112638549438,-1,-0.0047399905182512,0.0033112638549438,-1,-0.005160624904601,0.0033112638549438,-1,-0.005160624904601,0.0033112638549438,-1,-0.005160624904601,0.0033112638549438,-1,-0.0057937982451965,-0.0,0,-0.003228032823406
2022-10-28,-0.0118124655969649,-1,-0.0053625649926871,-0.0118124655969649,-1,-0.0054901524478155,-0.0118124655969649,-1,-0.0054901524478155,-0.0118124655969649,-1,-0.0054901524478155,-0.0118124655969649,-1,-0.006586375144716,-0.0123124655969649,-1,-0.005093092704643
2022-10-31,-0.0116745602555861,-1,-0.0061929190015598,-0.0116745602555861,-1,-0.0065200515965991,-0.0116745602555861,-1,-0.0065200515965991,-0.0116745602555861,-1,-0.0065200515965991,-0.0116745602555861,-1,-0.0061482553823027,-0.0005,0,-0.0045621859491078
2022-11-01,0.0137035401024011,-1,-0.0061733982342659,0.0137035401024011,-1,-0.0053751265846297,0.0137035401024011,-1,-0.0053751265846297,0.0137035401024011,-1,-0.0053751265846297,0.0137035401024011,-1,-0.007025241106371,0.0132035401024011,-1,-0.0057086738244734
2022-11-02,0.0073126420530128,-1,-0.0029298396465829,0.0073126420530128,-1,-0.0022885229610233,0.0073126420530128,-1,-0.0022885229610233,-0.0005,0,-0.0022885229610233,0.0073126420530128,-1,-0.0051737772661565,-0.0005,0,-0.0010685107006058
2022-11-03,-0.0036832553545036,-1,-0.0017741751108467,-0.0036832553545036,-1,-0.0011160406876691,-0.0005,0,-0.0011160406876691,0.0,0,-0.0011160406876691,-0.0036832553545036,-1,-0.0040358287096739,0.0,0,-0.0003220237787839
2022-11-04,0.0069724966626648,-1,-0.0008511969454514,-0.0005,0,-0.0006348500853041,-0.0,0,-0.0006348500853041,-0.0,0,-0.0006348500853041,-0.0005,0,-0.0033015035976308,-0.0,0,-0.0008323716255315
2022-11-07,0.0081300560863418,-1,-0.0038348188035023,0.0076300560863418,-1,-0.0039109034474101,0.0076300560863418,-1,-0.0039109034474101,0.0076300560863418,-1,-0.0039109034474101,-0.0,0,-0.0037013643862812,0.0076300560863418,-1,-0.0058626197469945
2022-11-08,0.0100596295167173,-1,-0.0055215429149581,0.0100596295167173,-1,-0.0047001975517801,0.0100596295167173,-1,-0.0047001975517801,0.0100596295167173,-1,-0.0047001975517801,0.0095596295167173,-1,-0.0053454911682682,0.0100596295167173,-1,-0.0065675134989506
2022-11-09,0.0139254398244061,-1,-0.0059490690138692,0.0139254398244061,-1,-0.0049979078482057,0.0139254398244061,-1,-0.0049979078482057,0.0139254398244061,-1,-0.0049979078482057,0.0139254398244061,-1,-0.0058033594073536,0.0139254398244061,-1,-0.0064121988618824
2022-11-10,-0.0072518557700862,-1,-0.0031697321345509,-0.0072518557700862,-1,-0.0037496356970811,-0.0072518557700862,-1,-0.0037496356970811,-0.0072518557700862,-1,-0.0037496356970811,-0.0005,0,-0.0024656576552541,-0.0072518557700862,-1,-0.0050241534165006
2022-11-11,0.0064418370680459,-1,-0.0026717801902798,0.0064418370680459,-1,-0.0033810976470528,0.0064418370680459,-1,-0.0033810976470528,0.0064418370680459,-1,-0.0033810976470528,-0.0,0,-0.0015206779190963,-0.0005,0,-0.0047562871389424
2022-11-14,-0.0156369129728881,-1,-0.0025965457018923,-0.0156369129728881,-1,-0.0029320749905958,-0.0156369129728881,-1,-0.0029320749905958,-0.0005,0,-0.0029320749905958,0.0,0,-0.0036852565339385,-0.0161369129728881,-1,-0.0052159809492385
2022-11-15,0.0022530780260323,-1,-0.0025859304720279,0.0022530780260323,-1,-0.0020516491903625,0.0022530780260323,-1,-0.0020516491903625,-0.0,0,-0.0020516491903625,-0.0,0,-0.0036707353411995,-0.0005,0,-0.0045093900332604
2022-11-16,-0.0,-1,-0.0038486813876347,-0.0,-1,-0.0041408709917177,-0.0,-1,-0.0041408709917177,-0.0005,-1,-0.0041408709917177,-0.0005,-1,-0.0041985774335551,0.0,0,-0.0047933881684217
2022-11-17,0.000752745878562,-1,-0.0044388819526869,0.000752745878562,-1,-0.0040114289012966,0.000752745878562,-1,-0.0040114289012966,0.000752745878562,-1,-0.0040114289012966,0.000752745878562,-1,-0.0047229768738669,-0.0,0,-0.0048216043322667
2022-11-18,0.0079095702639239,-1,-0.003716766314628,0.0079095702639239,-1,-0.0032871301846084,0.0079095702639239,-1,-0.0032871301846084,0.0079095702639239,-1,-0.0032871301846084,0.0079095702639239,-1,-0.004054669716482,-0.0,0,-0.0023119840783172
2022-11-21,0.0030372028565912,-1,-0.0034692485174316,0.0030372028565912,-1,-0.0023636908828361,0.0030372028565912,-1,-0.0023636908828361,-0.0005,0,-0.0023636908828361,0.0030372028565912,-1,-0.0044048415034744,-0.0,0,-0.0017534116902029
2022-11-22,-0.0053312790719042,-1,-0.0007705204356709,-0.0053312790719042,-1,-0.00127696004639,-0.0005,0,-0.00127696004639,0.0,0,-0.00127696004639,-0.0005,0,-0.0014119917954129,0.0,0,-0.0012945437215993
2022-11-23,-0.0090909005525026,-1,-0.0013944279394398,-0.0005,0,-0.0004680100403772,0.0,0,-0.0004680100403772,0.0,0,-0.0004680100403772,0.0,0,-0.0030768920649532,0.0,0,-0.0004798659414206
2022-11-25,-0.0013753839756363,1,0.000144568754304,-0.0,0,0.0006906234473343,-0.0,0,0.0006906234473343,-0.0,0,0.0006906234473343,-0.0,0,-0.0017330047313086,-0.0,0,-0.0003894972571162
2022-11-28,-0.0013755249416819,-1,-0.0013005465073057,-0.0008755249416819,-1,-0.0012129398437836,0.0,0,-0.0012129398437836,0.0,0,-0.0012129398437836,0.0,0,-0.001450640198551,0.0,0,-0.0021737932526273
2022-11-29,0.0082582326724819,-1,-0.0018952714445784,0.0082582326724819,-1,-0.0014964052101443,-0.0,0,-0.0014964052101443,-0.0,0,-0.0014964052101443,-0.0,0,-0.00238284641223,-0.0,0,-0.0016999884024548
2022-11-30,0.009084018562646,-1,-0.0029221222711016,0.009084018562646,-1,-0.0025466892415408,0.008584018562646,-1,-0.0025466892415408,-0.0,0,-0.0025466892415408,-0.0,0,-0.0025671168263007,-0.0,0,-0.0038673394506661
2022-12-01,-0.0136050389556646,1,0.0020059648943458,-0.0005,0,0.0009709287797499,-0.0005,0,0.0009709287797499,-0.0,0,0.0009709287797499,-0.0,0,0.0031025332143248,-0.0,0,-6.597054732374692e-05
2022-12-02,-0.0077369733070805,1,0.0027916935243474,-0.0082369733070805,1,0.0028605061736051,-0.0082369733070805,1,0.0028605061736051,-0.0,0,0.0028605061736051,-0.0,0,0.0036886865952549,-0.0,0,0.0025505519108668
2022-12-05,-0.0038986504076781,1,0.0039446050615124,-0.0038986504076781,1,0.0035457091741654,-0.0038986504076781,1,0.0035457091741654,-0.0043986504076781,1,0.0035457091741654,-0.0,0,0.0035851089600011,-0.0,0,0.0043914157526786
2022-12-06,0.0070450219393622,1,0.0019740877342813,0.0070450219393622,1,0.0023392309774947,0.0070450219393622,1,0.0023392309774947,-0.0005,0,0.0023392309774947,0.0,0,0.0018759134900074,0.0,0,0.0034570260889775
2022-12-07,-0.0019432272813869,1,0.003208568468097,-0.0019432272813869,1,0.00309767899925,-0.0019432272813869,1,0.00309767899925,-0.0024432272813869,1,0.00309767899925,-0.0,0,0.0029689536090219,-0.0,0,0.0029418457087064
2022-12-08,0.0023364277737289,1,0.0031193288944122,0.0023364277737289,1,0.0036628880546874,0.0023364277737289,1,0.0036628880546874,0.0023364277737289,1,0.0036628880546874,0.0,0,0.0022571161626028,0.0,0,0.0034745575689381
2022-12-09,0.0124320006864677,1,0.0025665223751237,0.0124320006864677,1,0.0030447791507399,0.0124320006864677,1,0.0030447791507399,0.0124320006864677,1,0.0030447791507399,0.0,0,0.0015430660575868,0.0,0,0.0031866716445631
2022-12-12,-0.0042209787128616,1,0.0020736070538319,-0.0042209787128616,1,0.0025468154924187,-0.0042209787128616,1,0.0025468154924187,-0.0005,0,0.0025468154924187,-0.0,0,0.0004750000527301,-0.0,0,0.0021334233357594
2022-12-13,0.0007706570260914,1,0.0010000780413528,0.0007706570260914,1,0.0014994404812645,-0.0005,0,0.0014994404812645,0.0,0,0.0014994404812645,0.0,0,-0.0009320644912658,0.0,0,-0.0006348644746354
2022-12-14,0.0023104110464939,1,0.0025416696339667,0.0023104110464939,1,0.0033916918252961,0.0018104110464939,1,0.0033916918252961,0.0018104110464939,1,0.0033916918252961,0.0,0,0.0014587466440358,0.0,0,0.0017790142793092
2022-12-15,0.0011524694009041,1,0.0001816170280212,-0.0005,0,-0.0001598105835434,-0.0005,0,-0.0001598105835434,-0.0005,0,-0.0001598105835434,0.0,0,0.0008629414987841,0.0,0,-0.0026438721807242
2022-12-16,0.00705829197146,-1,-0.0008903499267461,-0.0,0,-0.0003805557803921,-0.0,0,-0.0003805557803921,-0.0,0,-0.0003805557803921,-0.0,0,0.0007103406969168,-0.0,0,-0.0020503369321386
2022-12-19,0.0048026930876875,1,0.0011557192647753,0.0,0,0.0005309418261153,0.0,0,0.0005309418261153,0.0,0,0.0005309418261153,0.0,0,0.0029238432076142,0.0,0,-0.0012611626049062
2022-12-20,0.0119230563823993,1,5.272885441861023e-05,0.0,0,-0.0003432788449361,0.0,0,-0.0003432788449361,0.0,0,-0.0003432788449361,0.0,0,0.0019121670921756,0.0,0,-0.0009508478636259
2022-12-21,-0.0015202968069417,1,0.0016314116719431,-0.0020202968069417,1,0.0011317994030501,-0.0,0,0.0011317994030501,-0.0,0,0.0011317994030501,-0.0,0,0.0026943490976632,-0.0,0,0.0010351449496032
2022-12-22,0.003425966921188,1,0.0032077379843955,0.003425966921188,1,0.0021858452686809,0.002925966921188,1,0.0021858452686809,0.0,0,0.0021858452686809,0.0,0,0.003340635673346,0.0,0,0.0034867965491201
2022-12-23,0.009863437893083,1,0.0021995195001436,0.009863437893083,1,0.0023118504733405,0.009863437893083,1,0.0023118504733405,0.0,0,0.0023118504733405,0.0,0,0.0023863589535346,0.0,0,0.0037546069414492
2022-12-27,-0.016401947200837,-1,-0.0006444654325158,-0.016401947200837,-1,-0.0013471244440548,-0.0005,0,-0.0013471244440548,0.0,0,-0.0013471244440548,0.0,0,0.0004341327971567,0.0,0,-0.0012403206912549
2022-12-28,-0.0035897743394226,1,0.0009590485680803,-0.0005,0,0.0003559190881348,-0.0,0,0.0003559190881348,-0.0,0,0.0003559190881348,-0.0,0,0.0021607599682321,0.0020897743394226,-1,-0.0053731976278758
2022-12-29,-0.0011127144033974,1,0.0016582659605181,-0.0,0,0.0008616337992394,-0.0,0,0.0008616337992394,-0.0,0,0.0008616337992394,-0.0,0,0.0032472345878138,-0.0005,0,0.0023737653280677
2022-12-30,-0.0111400349427965,1,0.0020374337757773,-0.0116400349427965,1,0.0016778492602497,-0.0,0,0.0016778492602497,-0.0,0,0.0016778492602497,-0.0,0,0.0030173119614743,-0.0,0,0.0023768758286457
2023-01-03,-0.0195267955990453,1,0.0034408337010103,-0.0195267955990453,1,0.0029430847428341,-0.0200267955990453,1,0.0029430847428341,-0.0,0,0.0029430847428341,-0.0200267955990453,1,0.0049637905784152,-0.0,0,0.0040476644826497
2023-01-04,-0.0068939219060921,1,0.0029343614829771,-0.0068939219060921,1,0.0027223091942439,-0.0068939219060921,1,0.0027223091942439,-0.0,0,0.0027223091942439,-0.0068939219060921,1,0.0075156194113139,-0.0,0,0.0048537827653099
2023-01-05,0.0,1,0.0049035200044481,0.0,1,0.0040065275567242,0.0,1,0.0040065275567242,-0.0005,1,0.0040065275567242,0.0,1,0.0083641726964317,0.0,0,0.0044183194192963
2023-01-06,-0.0003856625053659,1,0.002983230882951,-0.0003856625053659,1,0.0029852418394904,-0.0003856625053659,1,0.0029852418394904,-0.0005,0,0.0029852418394904,-0.0003856625053659,1,0.0066645325693864,-0.0,0,0.0028489827384099
2023-01-09,0.0007716225966358,1,0.0024487965452058,0.0007716225966358,1,0.0018359887722591,-0.0005,0,0.0018359887722591,0.0,0,0.0018359887722591,0.0007716225966358,1,0.0052383810817778,0.0,0,0.0040096694816025
2023-01-10,0.0015419817793063,1,0.0031311733358814,0.0015419817793063,1,0.0025627298838891,0.0010419817793063,1,0.0025627298838891,0.0,0,0.0025627298838891,0.0015419817793063,1,0.0044306135076002,0.0,0,0.0025489560477262
2023-01-11,0.0200154144313318,1,0.0042264528215407,0.0200154144313318,1,0.0041048935756335,0.0200154144313318,1,0.0041048935756335,0.0195154144313318,1,0.0041048935756335,-0.0005,0,0.0024830767587075,0.0195154144313318,1,0.0056770503058502
2023-01-12,0.0049056287081736,1,0.0047911064343514,0.0049056287081736,1,0.0044193738458214,0.0049056287081736,1,0.0044193738458214,0.0049056287081736,1,0.0044193738458214,0.0,0,0.003109761769358,-0.0005,0,0.0036106856646456
2023-01-13,0.0127675615209483,1,0.0031368132904961,0.0127675615209483,1,0.0027517356106817,0.0127675615209483,1,0.0027517356106817,-0.0005,0,0.0027517356106817,0.0,0,0.0026351982853462,0.0,0,0.0026196494879273
2023-01-17,-0.008898768158267,1,0.0014589984267588,-0.0005,0,0.0007365911896815,-0.0005,0,0.0007365911896815,-0.0,0,0.0007365911896815,-0.0,0,0.0027989235199044,-0.0,0,0.0017648489560429
2023-01-18,-0.0089786672363737,1,0.0010225638670683,-0.0094786672363737,1,0.0018020806838525,-0.0,0,0.0018020806838525,-0.0,0,0.0018020806838525,-0.0,0,0.0023830107926971,-0.0,0,0.0022732166554029
2023-01-19,0.0,1,0.0038065159241643,0.0,1,0.0031826198599595,-0.0005,1,0.0031826198599595,-0.0005,1,0.0031826198599595,-0.0005,1,0.0061963991982326,0.0,0,0.0038514242126064
2023-01-20,-0.0128350379586862,1,0.003741049437394,-0.0128350379586862,1,0.0036839604299478,-0.0128350379586862,1,0.0036839604299478,-0.0128350379586862,1,0.0036839604299478,-0.0128350379586862,1,0.0070163025523546,-0.0,0,0.0041431709251743
2023-01-23,0.0133843360067091,1,0.0032885017492699,0.0133843360067091,1,0.0035161213006219,0.0133843360067091,1,0.0035161213006219,0.0133843360067091,1,0.0035161213006219,0.0133843360067091,1,0.0059882886759317,0.0,0,0.0036318380324174
2023-01-24,-0.0030188650455115,1,0.0056718447157113,-0.0030188650455115,1,0.0047350935868372,-0.0030188650455115,1,0.0047350935868372,-0.0030188650455115,1,0.0047350935868372,-0.0030188650455115,1,0.0074536397945889,-0.0,0,0.0043068331394701
2023-01-25,0.0060560123750974,1,0.0037182768305228,0.0060560123750974,1,0.0032823964037958,0.0060560123750974,1,0.0032823964037958,0.0060560123750974,1,0.0032823964037958,0.0060560123750974,1,0.005270154070104,0.0,0,0.0023092135036886
2023-01-26,-0.0015048535851588,1,0.0042890567467015,-0.0015048535851588,1,0.0036718219967023,-0.0015048535851588,1,0.0036718219967023,-0.0015048535851588,1,0.0036718219967023,-0.0015048535851588,1,0.0056880189405272,-0.0,0,0.003719848502967
2023-01-27,0.0015071215824755,1,0.0043076657422671,0.0015071215824755,1,0.0043896707296354,0.0015071215824755,1,0.0043896707296354,0.0015071215824755,1,0.0043896707296354,-0.0005,0,0.0038995267527425,0.0,0,0.0043781560195625
2023-01-30,0.0,1,0.0018133619273616,0.0,1,0.0012464580493804,-0.0005,0,0.0012464580493804,-0.0005,0,0.0012464580493804,0.0,0,0.0017501377347214,0.0,0,0.0019377862732901
2023-01-31,0.0041384729370692,1,0.002930958783303,0.0041384729370692,1,0.0022627373757407,0.0036384729370692,1,0.0022627373757407,0.0,0,0.0022627373757407,0.0,0,0.0028062456996483,0.0036384729370692,1,0.0051651244881135
2023-02-01,-0.0074934716724431,1,0.0018162724906023,-0.0074934716724431,1,0.0028719537699565,-0.0074934716724431,1,0.0028719537699565,-0.0,0,0.0028719537699565,-0.0,0,0.0009442239048949,-0.0005,0,0.0047300931307342
2023-02-02,0.003397514283334,1,0.0048715464651802,0.003397514283334,1,0.0049048514564949,0.003397514283334,1,0.0049048514564949,0.002897514283334,1,0.0049048514564949,0.0,0,0.0030245256295613,0.0,0,0.0029256219544469
2023-02-03,0.0030097789291076,1,0.005121462032458,0.0030097789291076,1,0.0047409081504074,0.0030097789291076,1,0.0047409081504074,0.0030097789291076,1,0.0047409081504074,0.0,0,0.0035034639579923,0.0,0,0.003215091138132
2023-02-06,-0.0060014946859664,1,0.0023157305530199,-0.0060014946859664,1,0.0033762670427983,-0.0060014946859664,1,0.0033762670427983,-0.0060014946859664,1,0.0033762670427983,-0.0,0,0.0003275621583825,-0.0065014946859664,1,0.0051941060228303
2023-02-07,0.0041509664283607,1,0.0032015448798276,0.0041509664283607,1,0.0027353399993745,0.0041509664283607,1,0.0027353399993745,-0.0005,0,0.0027353399993745,0.0,0,0.0015491241630912,-0.0005,0,0.0041375327782734
2023-02-08,-0.0101465784130286,1,0.0041115323889521,-0.0101465784130286,1,0.003732588134938,-0.0101465784130286,1,0.003732588134938,-0.0106465784130286,1,0.003732588134938,-0.0,0,0.0025027824943155,-0.0,0,0.0048634341617509
2023-02-09,0.012148811426365,1,0.003424397638228,0.012148811426365,1,0.003280701883189,0.012148811426365,1,0.003280701883189,0.012148811426365,1,0.003280701883189,0.0,0,0.0019617055891742,0.0,0,0.0040146783847017
2023-02-10,0.0041260544253993,1,0.0035226978168789,0.0041260544253993,1,0.0034901327845324,0.0041260544253993,1,0.0034901327845324,0.0041260544253993,1,0.0034901327845324,0.0,0,0.0034690600563325,0.0,0,0.0038270140309332
2023-02-13,0.001241366166044,-1,-0.000240398954725,-0.0005,0,0.0002183290197639,-0.0005,0,0.0002183290197639,-0.0005,0,0.0002183290197639,-0.0,0,-0.0008949524673659,-0.0,0,0.0022057934429836
2023-02-14,-0.0077389892922828,1,0.0007411200379978,-0.0,0,-0.0001549347991405,-0.0,0,-0.0001549347991405,-0.0,0,-0.0001549347991405,-0.0,0,0.0001128337505634,-0.0,0,0.0017000128602293
2023-02-15,0.0001308211786291,-1,-0.0009895031474675,0.0006308211786291,-1,-0.0018768664641087,-0.0,0,-0.0018768664641087,-0.0,0,-0.0018768664641087,-0.0,0,9.193346400015578e-05,-0.0,0,-0.0014831652560575
2023-02-16,-0.00528299583579,-1,-0.0011065516745822,-0.0005,0,-0.0009725349592765,0.0,0,-0.0009725349592765,0.0,0,-0.0009725349592765,0.0,0,-9.992929305926274e-06,0.0,0,-0.0007345607459328
2023-02-17,-0.0056306880373726,-1,-0.0015044693741531,-0.0061306880373726,-1,-0.0016786695769963,0.0,0,-0.0016786695769963,0.0,0,-0.0016786695769963,0.0,0,0.0006151086148119,0.0,0,-0.0004595683679417
2023-02-21,0.0093318399199867,-1,-0.0040190881629488,0.0093318399199867,-1,-0.0035563287665259,0.0088318399199866,-1,-0.0035563287665259,0.0088318399199866,-1,-0.0035563287665259,-0.0,0,-0.0008517119943525,-0.0,0,-0.0038241566411142
2023-02-22,0.0169555669712195,-1,-0.0019729630958087,0.0169555669712195,-1,-0.002397775577108,0.0169555669712195,-1,-0.002397775577108,-0.0005,0,-0.002397775577108,-0.0,0,-8.633322635624745e-05,-0.0,0,-0.0008825710719535
2023-02-23,0.016864719489623,-1,-0.0048826528235291,0.016864719489623,-1,-0.0040644885729587,0.016864719489623,-1,-0.0040644885729587,0.0163647194896229,-1,-0.0040644885729587,-0.0,0,-0.0008826263122247,-0.0,0,-0.003545628528409
2023-02-24,0.0066276833848812,-1,-2.2455252283463544e-05,-0.0005,0,-0.0002831972368644,-0.0005,0,-0.0002831972368644,-0.0005,0,-0.0002831972368644,-0.0,0,0.0022293904947083,-0.0,0,0.0005096502210059
2023-02-27,0.0164835197739208,-1,-0.0005897243532335,-0.0,0,-0.0002208342933915,-0.0,0,-0.0002208342933915,-0.0,0,-0.0002208342933915,-0.0,0,0.0010501828702517,-0.0,0,0.0002373835780639
2023-02-28,-0.0051875926131568,-1,-0.0013517917803153,0.0,0,-0.0007738032086077,0.0,0,-0.0007738032086077,0.0,0,-0.0007738032086077,0.0,0,0.0008254447839041,0.0,0,-1.2238881728247192e-05
2023-03-01,0.0019849600376775,-1,-0.0055038103388687,0.0014849600376775,-1,-0.0051673223901207,0.0014849600376775,-1,-0.0051673223901207,0.0014849600376775,-1,-0.0051673223901207,-0.0,0,-0.0029116673904497,-0.0,0,-0.0047879374262412
2023-03-02,-0.0087510431998543,-1,-0.004806199427927,-0.0087510431998543,-1,-0.0040259324887155,-0.0087510431998543,-1,-0.0040259324887155,-0.0087510431998543,-1,-0.0040259324887155,-0.0092510431998543,-1,-0.0050964036967197,0.0,0,-0.0045322599237961
2023-03-03,0.004337563395273,-1,-0.0052479728524799,0.004337563395273,-1,-0.0050384469775763,0.004337563395273,-1,-0.0050384469775763,0.004337563395273,-1,-0.0050384469775763,0.004337563395273,-1,-0.0049936493793641,0.003837563395273,-1,-0.0051950224964297
2023-03-06,0.0051484816145188,-1,-0.0080468235590231,0.0051484816145188,-1,-0.0079678572732084,0.0051484816145188,-1,-0.0079678572732084,0.0051484816145188,-1,-0.0079678572732084,0.0051484816145188,-1,-0.0056194606514348,0.0051484816145188,-1,-0.0089430633931669
2023-03-07,0.0143312340097258,-1,-0.0087696008113455,0.0143312340097258,-1,-0.0084991854358184,0.0143312340097258,-1,-0.0084991854358184,0.0143312340097258,-1,-0.0084991854358184,0.0143312340097258,-1,-0.007237388682001,0.0143312340097258,-1,-0.0097060737284599
2023-03-08,0.0161550732969576,-1,-0.0063146084257922,0.0161550732969576,-1,-0.0067164393322016,0.0161550732969576,-1,-0.0067164393322016,0.0161550732969576,-1,-0.0067164393322016,0.0161550732969576,-1,-0.0048419033692329,0.0161550732969576,-1,-0.0082407766014937
2023-03-09,-0.0090311702726726,-1,-0.0051354336128779,-0.0090311702726726,-1,-0.004553039922454,-0.0090311702726726,-1,-0.004553039922454,-0.0090311702726726,-1,-0.004553039922454,-0.0005,0,-0.0037814677232508,-0.0090311702726726,-1,-0.0054123885659031
2023-03-10,0.006509351013374,-1,-0.0028030458620385,0.006509351013374,-1,-0.0030625918767922,0.006509351013374,-1,-0.0030625918767922,0.006509351013374,-1,-0.0030625918767922,-0.0,0,-0.0016077470083377,-0.0005,0,-0.002860832526437
2023-03-13,-0.0077805296258808,-1,-0.0042741837707884,-0.0077805296258808,-1,-0.0046974434945935,-0.0077805296258808,-1,-0.0046974434945935,-0.0077805296258808,-1,-0.0046974434945935,0.0,0,-0.0039150272804119,-0.0082805296258808,-1,-0.0058928944232436
2023-03-14,0.0012190445307379,-1,-0.0043991208005581,0.0012190445307379,-1,-0.004345661889252,0.0012190445307379,-1,-0.004345661889252,0.0012190445307379,-1,-0.004345661889252,0.0007190445307379,-1,-0.0044431884105879,0.0012190445307379,-1,-0.0052288885575796
2023-03-15,-0.004882052058823,-1,-0.0055672182867641,-0.004882052058823,-1,-0.0052682022316659,-0.004882052058823,-1,-0.0052682022316659,-0.004882052058823,-1,-0.0052682022316659,-0.004882052058823,-1,-0.0058411429256857,-0.004882052058823,-1,-0.0054248858463837
2023-03-16,-0.0028339956543341,-1,-0.0057375715281802,-0.0028339956543341,-1,-0.0053063335298418,-0.0028339956543341,-1,-0.0053063335298418,-0.0028339956543341,-1,-0.0053063335298418,-0.0028339956543341,-1,-0.0061313519381267,-0.0005,0,-0.0048724057568775
2023-03-17,0.0008074468063807,-1,-0.0053351627659256,0.0008074468063807,-1,-0.0050841279471615,0.0008074468063807,-1,-0.0050841279471615,0.0008074468063807,-1,-0.0050841279471615,0.0008074468063807,-1,-0.0051288897151157,-0.0,0,-0.0046344577682368
2023-03-20,0.0092929107974274,-1,-0.0063216479468501,0.0092929107974274,-1,-0.0058938008534577,0.0092929107974274,-1,-0.0058938008534577,0.0092929107974274,-1,-0.0058938008534577,0.0092929107974274,-1,-0.007061019145746,0.0087929107974274,-1,-0.005872497455623
2023-03-21,0.0024470380167557,-1,-0.003867781145274,0.0024470380167557,-1,-0.0049490875474202,0.0024470380167557,-1,-0.0049490875474202,0.0024470380167557,-1,-0.0049490875474202,0.0024470380167557,-1,-0.0044832958941468,0.0024470380167557,-1,-0.0054911923502165
2023-03-22,0.0024529627223277,-1,-0.0046865427151898,0.0024529627223277,-1,-0.0045665926451646,0.0024529627223277,-1,-0.0045665926451646,0.0024529627223277,-1,-0.0045665926451646,0.0024529627223277,-1,-0.0050617707769412,-0.0005,0,-0.0046824232299117
2023-03-23,-0.0192623454119313,-1,-0.003080416169357,-0.0192623454119313,-1,-0.0042121917936476,-0.0192623454119313,-1,-0.0042121917936476,-0.0192623454119313,-1,-0.0042121917936476,-0.0005,0,-0.0033145357014945,0.0,0,-0.0022489672088842
2023-03-24,-0.0152794188960032,-1,-0.0011934406959339,-0.0152794188960032,-1,-0.0017904725748362,-0.0005,0,-0.0017904725748362,-0.0005,0,-0.0017904725748362,0.0,0,-0.0018870896180091,0.0,0,-0.0008835365325083
2023-03-27,-0.0015841946743502,-1,-0.0057660311427396,-0.0015841946743502,-1,-0.0062545650082896,-0.0020841946743502,-1,-0.0062545650082896,-0.0020841946743502,-1,-0.0062545650082896,-0.0020841946743502,-1,-0.0046922776101069,-0.0020841946743502,-1,-0.0057384907977598
2023-03-28,-0.0,-1,-0.0070509734957067,-0.0,-1,-0.00662562033157,-0.0,-1,-0.00662562033157,-0.0,-1,-0.00662562033157,-0.0,-1,-0.0058014964042246,-0.0,-1,-0.0060731290967019
2023-03-29,0.0051404137370124,-1,-0.0059701366248434,0.0051404137370124,-1,-0.0054939227946686,0.0051404137370124,-1,-0.0054939227946686,0.0051404137370124,-1,-0.0054939227946686,0.0051404137370124,-1,-0.0049871234330405,-0.0005,0,-0.0049450219285128
2023-03-30,-0.0027821818461346,-1,-0.0049637339253693,-0.0027821818461346,-1,-0.00489323458467,-0.0027821818461346,-1,-0.00489323458467,-0.0027821818461346,-1,-0.00489323458467,-0.0027821818461346,-1,-0.0042909413089177,0.0,0,-0.0045731769599838
2023-03-31,-0.0015854505054737,-1,-0.0024724581240214,-0.0015854505054737,-1,-0.0033341964328565,-0.0015854505054737,-1,-0.0033341964328565,-0.0015854505054737,-1,-0.0033341964328565,-0.0005,0,-0.0021531296574617,0.0,0,-0.0042189015380409
2023-04-03,0.0130589599417545,-1,-0.0001483595765288,-0.0005,0,-0.0003564231935854,-0.0005,0,-0.0003564231935854,-0.0005,0,-0.0003564231935854,-0.0,0,-0.0002230392206779,-0.0,0,0.0004005044941416
2023-04-04,-0.0022029144347667,1,0.0003394188202368,-0.0,0,-0.0002884935262016,-0.0,0,-0.0002884935262016,-0.0,0,-0.0002884935262016,-0.0,0,0.0002869022311466,-0.0,0,0.0007917993566743
2023-04-05,-0.0068245715509952,1,0.0001184152507093,-0.0,0,0.0003066527524402,-0.0,0,0.0003066527524402,-0.0,0,0.0003066527524402,-0.0,0,0.0006213182058391,-0.0,0,0.0031230942484623
2023-04-06,-0.0147429327297251,-1,-0.0010672825935254,-0.0142429327297251,-1,-0.0015686203577407,0.0,0,-0.0015686203577407,0.0,0,-0.0015686203577407,0.0,0,0.0009092052334143,0.0,0,0.0039200260231288
2023-04-10,0.0067783124725314,-1,-0.0001375132077479,-0.0005,0,-0.0001053478865236,-0.0,0,-0.0001053478865236,-0.0,0,-0.0001053478865236,-0.0,0,-0.0001055185412767,-0.0,0,-0.0001692252010703
2023-04-11,0.0036130129722679,-1,-0.0027939391600598,0.0031130129722679,-1,-0.0021914462672359,0.0031130129722679,-1,-0.0021914462672359,-0.0,0,-0.0021914462672359,-0.0,0,-0.0030598460052266,-0.0,0,-0.0028392740638696
2023-04-12,0.0020144737177806,-1,-0.0006042677892875,0.0020144737177806,-1,-0.001448636741991,-0.0005,0,-0.001448636741991,-0.0,0,-0.001448636741991,-0.0,0,-0.0010892561375231,-0.0,0,-0.0029586732788697
2023-04-13,-0.0137262876990107,-1,-0.000223935674137,-0.0005,0,-0.0005430951706271,0.0,0,-0.0005430951706271,0.0,0,-0.0005430951706271,0.0,0,-0.0025531417353464,0.0,0,-0.0015379530555369
2023-04-14,0.0077614220631997,1,0.0010842273764541,0.0,0,0.0005780917234006,0.0,0,0.0005780917234006,0.0,0,0.0005780917234006,0.0,0,-0.0015724998526089,0.0,0,-0.0003287003402611
2023-04-17,-0.0069218167778156,-1,-0.001196558511567,0.0,0,-0.0008502655650996,0.0,0,-0.0008502655650996,0.0,0,-0.0008502655650996,0.0,0,-0.002623122494873,0.0,0,-0.003875417089115
2023-04-18,0.0125588579502828,-1,-0.0020765518981165,0.0120588579502828,-1,-0.0016125374698744,-0.0,0,-0.0016125374698744,-0.0,0,-0.0016125374698744,-0.0,0,-0.0035476618796838,-0.0,0,-0.004329502842369
2023-04-19,0.0115261927638103,-1,-0.0009912341630482,-0.0005,0,-0.0005166345728156,-0.0,0,-0.0005166345728156,-0.0,0,-0.0005166345728156,-0.0,0,-0.0024876057203884,-0.0,0,-0.0014370882194937
2023-04-20,-0.0194962193927882,1,0.0011286414660793,-0.0189962193927882,1,0.0015216454660054,-0.0,0,0.0015216454660054,-0.0,0,0.0015216454660054,-0.0,0,0.000513992923302,-0.0,0,0.0011995117951583
2023-04-21,-0.0045063748889463,1,0.0027031246899095,-0.0045063748889463,1,0.0025940631187065,-0.0050063748889462,1,0.0025940631187065,-0.0,0,0.0025940631187065,-0.0,0,0.003557373412173,-0.0,0,0.001284750884515
2023-04-24,-0.003703710099325,1,0.0016378000210188,-0.003703710099325,1,0.0021090347923753,-0.003703710099325,1,0.0021090347923753,-0.0,0,0.0021090347923753,-0.0,0,0.0018501758579472,-0.0,0,0.0003058576976235
2023-04-25,-0.0049565855606218,1,0.0003464018380097,-0.0005,0,-0.0005230827998295,-0.0005,0,-0.0005230827998295,-0.0,0,-0.0005230827998295,-0.0,0,0.000415550223381,-0.0,0,-0.0020823054931949
2023-04-26,0.0255670147610889,-1,-0.0014187307409432,0.0260670147610889,-1,-0.0026019814856284,0.0260670147610889,-1,-0.0026019814856284,-0.0,0,-0.0026019814856284,-0.0,0,-0.001504741056594,-0.0,0,-0.0036510321190445
2023-04-27,-0.0039851428526809,1,0.0004890280211582,-0.0005,0,0.0005140383945654,-0.0005,0,0.0005140383945654,-0.0,0,0.0005140383945654,-0.0,0,-0.0002053554375493,-0.0,0,0.0014067913611293
2023-04-28,-0.0064157238628983,1,0.0027068846411362,-0.0069157238628983,1,0.0019079279881314,-0.0,0,0.0019079279881314,-0.0,0,0.0019079279881314,-0.0,0,0.0010745172906444,-0.0,0,0.0023246016900059
2023-05-01,-0.0073181265451536,1,0.000992083796503,-0.0005,0,0.0005963546287344,-0.0,0,0.0005963546287344,-0.0,0,0.0005963546287344,-0.0,0,-0.0008654812893562,-0.0,0,0.0003342140746835
2023-05-02,0.0186470214715683,1,0.0002146972132337,0.0,0,-0.0008335962234828,0.0,0,-0.0008335962234828,0.0,0,-0.0008335962234828,0.0,0,-0.0015079744440813,0.0,0,-0.0002139666179961
2023-05-03,-0.0008514456346765,1,0.0013736967313934,-0.0013514456346764,1,0.0013125294630696,-0.0,0,0.0013125294630696,-0.0,0,0.0013125294630696,-0.0,0,-0.0004670758455893,-0.0,0,0.0019963065803276
2023-05-04,-0.0142084099855351,-1,-0.0007554538213218,-0.0005,0,-0.0008568272709149,0.0,0,-0.0008568272709149,0.0,0,-0.0008568272709149,0.0,0,-0.002965978984762,0.0,0,-0.0007490889409175
2023-05-05,-0.0089899297128414,1,0.0024560149373083,-0.0084899297128414,1,0.0014021788896811,-0.0,0,0.0014021788896811,-0.0,0,0.0014021788896811,-0.0,0,0.0001741452605482,-0.0,0,0.0014353464410459
2023-05-08,0.017228075557202,-1,-0.0006532127451843,-0.0005,0,-0.0006716557627377,-0.0,0,-0.0006716557627377,-0.0,0,-0.0006716557627377,-0.0,0,-0.0017632140176754,-0.0,0,-0.0007159753147832
2023-05-09,-0.0021588617180468,-1,-0.0016930994020816,-0.0026588617180468,-1,-0.0014461583318032,0.0,0,-0.0014461583318032,0.0,0,-0.0014461583318032,0.0,0,-0.0019891166001877,0.0,0,-0.00116000462526
2023-05-10,-0.0117712197268998,1,0.0007287569211436,-0.0005,0,0.0008568073835916,-0.0,0,0.0008568073835916,-0.0,0,0.0008568073835916,-0.0,0,0.0011212108147838,-0.0,0,0.0026230840536185
2023-05-11,0.008581852009013,-1,-0.000642044394459,-0.0,0,-0.0004739028864979,-0.0,0,-0.0004739028864979,-0.0,0,-0.0004739028864979,-0.0,0,0.0008481773510996,-0.0,0,-0.0015055151571966
2023-05-12,0.0135118701419331,1,0.0004408462654452,0.0,0,-0.0003981480648597,0.0,0,-0.0003981480648597,0.0,0,-0.0003981480648597,0.0,0,0.0029442231039101,0.0,0,0.0008866784443408
2023-05-15,0.0189392757068764,-1,-0.0013422882062086,0.0194392757068764,-1,-0.0014213291329745,-0.0,0,-0.0014213291329745,-0.0,0,-0.0014213291329745,-0.0,0,0.0012659353501617,-0.0,0,-0.0009436534588558
2023-05-16,0.0181335619789588,-1,-0.0018180089959552,0.0181335619789588,-1,-0.002531411378971,0.0176335619789588,-1,-0.002531411378971,-0.0,0,-0.002531411378971,-0.0,0,-0.0006281879423228,-0.0,0,-0.0011301297556383
2023-05-17,0.0003512963182845,1,0.0011057212008822,-0.0005,0,0.0004813673515334,-0.0005,0,0.0004813673515334,0.0,0,0.0004813673515334,0.0,0,0.0018026377287638,0.0,0,0.0018608055183569
2023-05-18,0.0017994114417925,1,0.0023189982169254,0.0012994114417925,1,0.0012968212429286,0.0,0,0.0012968212429286,0.0,0,0.0012968212429286,0.0,0,0.0015924916055395,0.0,0,0.0025331639075241
2023-05-19,0.0161651861519127,1,0.0009496744076181,-0.0005,0,0.0005599594831092,0.0,0,0.0005599594831092,0.0,0,0.0005599594831092,0.0,0,-0.0004682020618829,0.0,0,0.0017997438710301
2023-05-22,0.0163500155967688,1,0.0048312230754387,0.0158500155967688,1,0.0048017843379793,0.0158500155967688,1,0.0048017843379793,0.0158500155967688,1,0.0048017843379793,0.0,0,0.0013590599292564,0.0,0,0.0047993453011441
2023-05-23,0.0013043776802394,1,0.0026828536937236,0.0013043776802394,1,0.0025877234871691,0.0013043776802394,1,0.0025877234871691,-0.0005,0,0.0025877234871691,0.0,0,-0.0011918622548548,0.0,0,0.0034776594506425
2023-05-24,-0.0065133096572544,1,0.0019181606215849,-0.0065133096572544,1,0.0017888795932592,-0.0005,0,0.0017888795932592,-0.0,0,0.0017888795932592,-0.0,0,-0.0021959351624584,-0.0,0,0.002634688531241
2023-05-25,0.0323427318885445,1,0.0040269377572371,0.0323427318885445,1,0.0042379524665024,0.0318427318885445,1,0.0042379524665024,0.0318427318885445,1,0.0042379524665024,0.0,0,-0.0002056318474104,0.0318427318885445,1,0.005665047880181
2023-06-02,-0.0075535168171241,1,0.0006443885611036,-0.0005,0,0.0008418106835321,-0.0005,0,0.0008418106835321,-0.0005,0,0.0008418106835321,-0.0,0,-0.0015392376140775,-0.0005,0,0.0006420735914518
2023-06-05,0.003382660676382,1,0.0029664494713859,0.002882660676382,1,0.0035193015719528,0.002882660676382,1,0.0035193015719528,0.002882660676382,1,0.0035193015719528,0.0,0,0.0011209202600573,0.0,0,0.0041399037904754
2023-06-06,-0.0193847068413935,1,1.3719910071717785e-05,-0.0005,0,-0.0001985040949285,-0.0005,0,-0.0001985040949285,-0.0005,0,-0.0001985040949285,-0.0,0,-0.0012873388474166,-0.0,0,-0.0026523419824167
2023-06-07,0.0111731939736636,1,0.0016485065091199,0.0106731939736636,1,0.0010117245479935,0.0,0,0.0010117245479935,0.0,0,0.0010117245479935,0.0,0,0.0002734258287972,0.0,0,0.0004785894386805
2023-06-08,-0.0067998233209962,1,0.0041638682105762,-0.0067998233209962,1,0.0041185309395409,-0.0072998233209962,1,0.0041185309395409,-0.0072998233209962,1,0.0041185309395409,-0.0,0,0.0021793982096957,-0.0072998233209962,1,0.0052534267724644
2023-06-09,0.0290970634748788,1,0.0028628034007919,0.0290970634748788,1,0.0028852176085964,0.0290970634748788,1,0.0028852176085964,-0.0005,0,0.0028852176085964,0.0,0,0.0005038015667427,-0.0005,0,0.0032904333053313
2023-06-12,0.0049896400432511,1,0.001034256090547,-0.0005,0,-0.0001268266752907,-0.0005,0,-0.0001268266752907,0.0,0,-0.0001268266752907,0.0,0,0.0013941344187129,0.0,0,0.0020725260814579
2023-06-13,-0.0018274910095382,-1,-0.0012729754118569,-0.0013274910095382,-1,-0.0012023518402353,0.0,0,-0.0012023518402353,0.0,0,-0.0012023518402353,0.0,0,-0.0008080298686694,0.0,0,7.828573031217769e-05
2023-06-14,-0.0359652299577206,-1,-0.0020635466523698,-0.0359652299577206,-1,-0.0027500672681028,-0.0364652299577206,-1,-0.0027500672681028,0.0,0,-0.0027500672681028,0.0,0,-0.0016853366811753,0.0,0,-0.0009761462770892
2023-06-15,0.0345148170775749,1,0.0015359425329668,0.0345148170775749,1,0.0013320194547829,-0.0005,0,0.0013320194547829,0.0,0,0.0013320194547829,0.0,0,0.0015204455806292,0.0,0,0.002063668994662
2023-06-16,-0.0017706570260914,-1,-0.0019545530640914,-0.0017706570260914,-1,-0.0022421720157908,-0.0012706570260914,-1,-0.0022421720157908,0.0,0,-0.0022421720157908,0.0,0,-0.0021664184834068,0.0,0,-0.0013128354794156
2023-06-21,-0.0153382825756555,1,0.005237423929709,-0.0153382825756555,1,0.0057775018165736,-0.0153382825756555,1,0.0057775018165736,-0.0148382825756555,1,0.0057775018165736,-0.0,0,0.0022197586784822,-0.0148382825756555,1,0.0056432666483859
2023-06-29,-0.0521144519994244,1,0.0159086216850218,-0.0521144519994244,1,0.0166559780398097,-0.0521144519994244,1,0.0166559780398097,-0.0521144519994244,1,0.0166559780398097,-0.0526144519994244,1,0.0153870519749997,-0.0521144519994244,1,0.016634193656098
2023-06-30,0.0094636809111539,1,0.0125134658343059,0.0094636809111539,1,0.012582967306651,0.0094636809111539,1,0.012582967306651,0.0094636809111539,1,0.012582967306651,0.0094636809111539,1,0.0122538173859753,0.0094636809111539,1,0.0125903892835211
2023-07-03,-0.0107142756788096,1,0.0115333583539358,-0.0107142756788096,1,0.0102691644440879,-0.0107142756788096,1,0.0102691644440879,-0.0107142756788096,1,0.0102691644440879,-0.0107142756788096,1,0.0137760057702178,-0.0107142756788096,1,0.0106784887488779
2023-07-05,0.0266245558055269,1,0.0038311186228148,0.0266245558055269,1,0.0036134096814065,0.0266245558055269,1,0.0036134096814065,0.0266245558055269,1,0.0036134096814065,0.0266245558055269,1,0.0057168554410618,-0.0005,0,-0.0002823283598762
2023-07-06,-0.0175824008145175,1,0.0030784767224281,-0.0175824008145175,1,0.0029654249542807,-0.0175824008145175,1,0.0029654249542807,-0.0005,0,0.0029654249542807,-0.0175824008145175,1,0.0053594311535999,-0.0,0,0.0041231845720626
2023-07-07,0.0049216421085223,1,0.0020105669069271,0.0049216421085223,1,0.0023616427835905,0.0049216421085223,1,0.0023616427835905,0.0,0,0.0023616427835905,-0.0005,0,0.0030338571847563,0.0,0,0.0014390137639239
2023-07-10,0.0040071307327038,1,0.0037264126706411,0.0040071307327038,1,0.004327862064512,0.0040071307327038,1,0.004327862064512,0.0035071307327037,1,0.004327862064512,0.0,0,0.0018599186229436,0.0035071307327037,1,0.0065578112111638
2023-07-11,-0.0319290171935432,1,0.0061849454316119,-0.0319290171935432,1,0.0050276573100084,-0.0319290171935432,1,0.0050276573100084,-0.0319290171935432,1,0.0050276573100084,-0.0324290171935432,1,0.0044541818636461,-0.0005,0,0.004242965425048
2023-07-12,0.036646781486783,1,0.0074875127197036,0.036646781486783,1,0.0069196271040664,0.036646781486783,1,0.0069196271040664,0.036646781486783,1,0.0069196271040664,0.036646781486783,1,0.0053300486059425,0.036146781486783,1,0.0052312761729476
2023-07-13,0.0234202698321068,1,0.0119368916441084,0.0234202698321068,1,0.0120176461147576,0.0234202698321068,1,0.0120176461147576,0.0234202698321068,1,0.0120176461147576,0.0234202698321068,1,0.0099682587548042,0.0234202698321068,1,0.0105889001757947
2023-07-14,-0.0155440679068825,1,0.0069059320268658,-0.0155440679068825,1,0.007493275537057,-0.0155440679068825,1,0.007493275537057,-0.0155440679068825,1,0.007493275537057,-0.0155440679068825,1,0.005013336439313,-0.0155440679068825,1,0.0085142052702409
2023-07-17,0.0456140767687773,1,0.0091936408612612,0.0456140767687773,1,0.0094246348376733,0.0456140767687773,1,0.0094246348376733,0.0456140767687773,1,0.0094246348376733,0.0456140767687773,1,0.0074721993672396,0.0456140767687773,1,0.0092582224650186
2023-07-18,0.0314597313422662,1,0.0112015394149933,0.0314597313422662,1,0.0108651299577914,0.0314597313422662,1,0.0108651299577914,0.0314597313422662,1,0.0108651299577914,0.0314597313422662,1,0.0102900384396126,0.0314597313422662,1,0.0114461590995606
2023-07-19,-0.0097600556986131,1,0.0031979890470102,-0.0097600556986131,1,0.0035260306417168,-0.0097600556986131,1,0.0035260306417168,-0.0097600556986131,1,0.0035260306417168,-0.0005,0,0.0022148372071442,-0.0005,0,0.0045091314481694
2023-07-20,-0.0160164801185735,1,0.0083946434795969,-0.0160164801185735,1,0.0083461197848653,-0.0160164801185735,1,0.0083461197848653,-0.0160164801185735,1,0.0083461197848653,-0.0165164801185735,1,0.0075367047580672,-0.0165164801185735,1,0.0102402208503837
2023-07-21,0.0505008780490912,1,0.0070731881690756,0.0505008780490912,1,0.0069911495809955,0.0505008780490912,1,0.0069911495809955,0.0505008780490912,1,0.0069911495809955,0.0505008780490912,1,0.0068867670563819,0.0505008780490912,1,0.0084062892272635
2023-07-24,-0.0067540753189769,1,0.0102183007007985,-0.0067540753189769,1,0.0104516066140367,-0.0067540753189769,1,0.0104516066140367,-0.0067540753189769,1,0.0104516066140367,-0.0067540753189769,1,0.0091288545645159,-0.0067540753189769,1,0.01046005820504
2023-07-25,-0.0244000244140625,1,0.0096309514535736,-0.0244000244140625,1,0.0094259790033456,-0.0244000244140625,1,0.0094259790033456,-0.0244000244140625,1,0.0094259790033456,-0.0244000244140625,1,0.0087586381966318,-0.0244000244140625,1,0.0107953963422087
2023-07-26,-0.0065600595086532,1,0.0119091703577895,-0.0065600595086532,1,0.0128235522700813,-0.0065600595086532,1,0.0128235522700813,-0.0065600595086532,1,0.0128235522700813,-0.0065600595086532,1,0.0112356454397866,-0.0065600595086532,1,0.013223593319683
2023-07-27,-0.0185719712790918,1,0.0115467076891684,-0.0185719712790918,1,0.0111767947188879,-0.0185719712790918,1,0.0111767947188879,-0.0185719712790918,1,0.0111767947188879,-0.0185719712790918,1,0.0119764951060506,-0.0185719712790918,1,0.0112950546338931
2023-07-28,-0.0290160014354041,1,0.0084798172101169,-0.0290160014354041,1,0.0088001877254078,-0.0290160014354041,1,0.0088001877254078,-0.0290160014354041,1,0.0088001877254078,-0.0290160014354041,1,0.0080409386201818,-0.0290160014354041,1,0.0092946136657025
2023-07-31,-0.0069294000153645,1,0.0111224714419703,-0.0069294000153645,1,0.0110056697635564,-0.0069294000153645,1,0.0110056697635564,-0.0069294000153645,1,0.0110056697635564,-0.0069294000153645,1,0.0120020671317558,-0.0069294000153645,1,0.0100804695515437
2023-08-01,-0.0113388672229171,1,0.0073107074038791,-0.0113388672229171,1,0.0069466081965258,-0.0113388672229171,1,0.0069466081965258,-0.0113388672229171,1,0.0069466081965258,-0.0113388672229171,1,0.0083385338114957,-0.0113388672229171,1,0.0072706022103831
2023-08-02,-0.0079400222571682,1,0.0007238997897227,-0.0079400222571682,1,0.0014060439270222,-0.0005,0,0.0014060439270222,-0.0005,0,0.0014060439270222,-0.0005,0,0.0008473288346838,-0.0005,0,0.0017335584424618
2023-08-03,0.011116051691608,1,0.003551688164153,0.011116051691608,1,0.0033490729819852,0.010616051691608,1,0.0033490729819852,0.010616051691608,1,0.0033490729819852,0.0,0,0.0036145848432545,0.0,0,0.0036177934285769
2023-08-04,-0.0039577903911063,1,0.0001507081253564,-0.0005,0,0.0009729329951748,-0.0005,0,0.0009729329951748,-0.0005,0,0.0009729329951748,-0.0,0,0.0011153384628332,-0.0,0,0.0013074302002017
2023-08-07,-0.0045320055211215,-1,-0.0039608092350793,-0.0040320055211216,-1,-0.0046197051814395,-0.0040320055211216,-1,-0.0046197051814395,-0.0040320055211216,-1,-0.0046197051814395,0.0,0,-0.0019385872605575,-0.0040320055211216,-1,-0.0060090160963079
2023-08-08,0.0057192768757007,-1,-0.0046674676658655,0.0057192768757007,-1,-0.0044082978283345,0.0057192768757007,-1,-0.0044082978283345,0.0057192768757007,-1,-0.0044082978283345,-0.0,0,-0.0027865443456162,-0.0005,0,-0.0044151070230808
2023-08-09,-0.0004424879961522,-1,-0.0048495121992804,-0.0004424879961522,-1,-0.0045639383650437,-0.0004424879961522,-1,-0.0045639383650437,-0.0004424879961522,-1,-0.0045639383650437,0.0,0,-0.0030128612794463,0.0,0,-0.0022660973264612
2023-08-10,0.0141530157534676,-1,-0.003149379310966,0.0141530157534676,-1,-0.0032178472575667,0.0141530157534676,-1,-0.0032178472575667,0.0141530157534676,-1,-0.0032178472575667,-0.0,0,-0.0013881108382734,-0.0,0,-0.0025270864554062
2023-08-11,0.0013459257699989,-1,-0.005296863869188,0.0013459257699989,-1,-0.0054097331229221,0.0013459257699989,-1,-0.0054097331229221,0.0013459257699989,-1,-0.0054097331229221,-0.0,0,-0.0038895611638086,0.0008459257699988,-1,-0.0051014892477306
2023-08-14,0.020664914065205,-1,-0.0052838872738227,0.020664914065205,-1,-0.0049388740461642,0.020664914065205,-1,-0.0049388740461642,0.020664914065205,-1,-0.0049388740461642,0.020164914065205,-1,-0.0044026962642699,-0.0005,0,-0.0018075196328778
2023-08-15,-0.0123853425327036,-1,-0.0027790186919205,-0.0123853425327036,-1,-0.0038115312845573,-0.0123853425327036,-1,-0.0038115312845573,-0.0123853425327036,-1,-0.0038115312845573,-0.0005,0,-0.0012968764901396,0.0,0,0.0007599349247136
2023-08-16,-0.0104213659001666,-1,-0.0061747323686605,-0.0104213659001666,-1,-0.007255806376342,-0.0104213659001666,-1,-0.007255806376342,-0.0104213659001666,-1,-0.007255806376342,-0.0109213659001666,-1,-0.0045919945651064,-0.0109213659001666,-1,-0.0071715717980749
2023-08-17,-0.009865525929593,-1,-0.0081603975419207,-0.009865525929593,-1,-0.0085721388097244,-0.009865525929593,-1,-0.0085721388097244,-0.009865525929593,-1,-0.0085721388097244,-0.009865525929593,-1,-0.0080370866389812,-0.009865525929593,-1,-0.0075383718516938
2023-08-18,0.0186500918186771,-1,-0.0083497216769743,0.0186500918186771,-1,-0.0089758580769369,0.0186500918186771,-1,-0.0089758580769369,0.0186500918186771,-1,-0.0089758580769369,0.0186500918186771,-1,-0.0083038322988202,0.0186500918186771,-1,-0.0058499301792956
2023-08-21,0.0076923110117448,-1,-0.0050006231599247,0.0076923110117448,-1,-0.0042866971095397,0.0076923110117448,-1,-0.0042866971095397,0.0076923110117448,-1,-0.0042866971095397,0.0076923110117448,-1,-0.007371367461416,0.0076923110117448,-1,-0.0068150563696641
2023-08-22,-0.0177838296498515,-1,-0.010714285242165,-0.0177838296498515,-1,-0.0114380576634007,-0.0177838296498515,-1,-0.0114380576634007,-0.0177838296498515,-1,-0.0114380576634007,-0.0177838296498515,-1,-0.0137148222487813,-0.0177838296498515,-1,-0.0127591599652421
2023-08-23,-0.0017921557380944,-1,-0.0064353795041418,-0.0017921557380944,-1,-0.0069285088218554,-0.0017921557380944,-1,-0.0069285088218554,-0.0017921557380944,-1,-0.0069285088218554,-0.0017921557380944,-1,-0.0094461656926413,-0.0017921557380944,-1,-0.008229947287046
2023-08-24,0.0031305766061479,-1,-0.0077358142233788,0.0031305766061479,-1,-0.0082790207709828,0.0031305766061479,-1,-0.0082790207709828,0.0031305766061479,-1,-0.0082790207709828,0.0031305766061479,-1,-0.0104438487295062,0.0031305766061479,-1,-0.01020143031261
2023-08-25,-0.0179452490848321,-1,-0.007522873316455,-0.0179452490848321,-1,-0.0076456593771411,-0.0179452490848321,-1,-0.0076456593771411,-0.0179452490848321,-1,-0.0076456593771411,-0.0179452490848321,-1,-0.0096929694255667,-0.0179452490848321,-1,-0.0095761086751717
2023-08-28,0.0171882453864061,-1,-0.0090240059392842,0.0171882453864061,-1,-0.0091192211787066,0.0171882453864061,-1,-0.0091192211787066,0.0171882453864061,-1,-0.0091192211787066,0.0171882453864061,-1,-0.0097577287645834,0.0171882453864061,-1,-0.00681252109261
2023-08-29,0.0062779997505906,-1,-0.0094042313756835,0.0062779997505906,-1,-0.0098871239863387,0.0062779997505906,-1,-0.0098871239863387,0.0062779997505906,-1,-0.0098871239863387,0.0062779997505906,-1,-0.010812302841288,0.0062779997505906,-1,-0.0073575775402786
2023-08-30,0.0040613787548559,-1,-0.0060507355389645,0.0040613787548559,-1,-0.0071181928625801,0.0040613787548559,-1,-0.0071181928625801,0.0040613787548559,-1,-0.0071181928625801,0.0040613787548559,-1,-0.0069201918538291,0.0040613787548559,-1,-0.0059580514481302
2023-08-31,-0.005890397368049,-1,-0.0060055927675498,-0.005890397368049,-1,-0.00700702739757,-0.005890397368049,-1,-0.00700702739757,-0.005890397368049,-1,-0.00700702739757,-0.005890397368049,-1,-0.0074439450979147,-0.005890397368049,-1,-0.005316945478014
2023-09-01,-0.0076576608311538,-1,-0.0037135745501047,-0.0076576608311538,-1,-0.0043879485746117,-0.0076576608311538,-1,-0.0043879485746117,-0.0076576608311538,-1,-0.0043879485746117,-0.0076576608311538,-1,-0.0065719227614348,-0.0005,0,-0.0022994893079763
2023-09-05,0.0031292623847416,-1,-0.0029043374082377,0.0031292623847416,-1,-0.0029226905664747,0.0031292623847416,-1,-0.0029226905664747,-0.0005,0,-0.0029226905664747,0.0031292623847416,-1,-0.0071706438432601,-0.0,0,-0.0036488524828056
2023-09-06,-0.0004484407723752,-1,-0.0046726351129564,-0.0004484407723752,-1,-0.0046558728310121,-0.0004484407723752,-1,-0.0046558728310121,-0.0009484407723752,-1,-0.0046558728310121,-0.0004484407723752,-1,-0.0092793475853035,-0.0009484407723752,-1,-0.005233416781076
2023-09-07,0.0058269459380783,-1,-0.0057893277333434,0.0058269459380783,-1,-0.0050650909152067,0.0058269459380783,-1,-0.0050650909152067,0.0058269459380783,-1,-0.0050650909152067,0.0058269459380783,-1,-0.0094480891230836,0.0058269459380783,-1,-0.006963717884176
2023-09-08,-0.0067628321220207,-1,-0.0046099941480931,-0.0067628321220207,-1,-0.0053518358432661,-0.0067628321220207,-1,-0.0053518358432661,-0.0067628321220207,-1,-0.0053518358432661,-0.0067628321220207,-1,-0.0078064901119994,-0.0067628321220207,-1,-0.0071082011008948
2023-09-11,0.0152261600425237,-1,-0.0054153953191868,0.0152261600425237,-1,-0.0057464738269535,0.0152261600425237,-1,-0.0057464738269535,0.0152261600425237,-1,-0.0057464738269535,0.0152261600425237,-1,-0.0074639716604562,0.0152261600425237,-1,-0.0066180483032547
2023-09-12,-0.007730790271186,-1,-0.0063170209211349,-0.007730790271186,-1,-0.0064428601695992,-0.007730790271186,-1,-0.0064428601695992,-0.007730790271186,-1,-0.0064428601695992,-0.007730790271186,-1,-0.0076419949402513,-0.007730790271186,-1,-0.0074206008214122
2023-09-13,0.0013538216088485,-1,-0.0048164166854324,0.0013538216088485,-1,-0.0049451087496531,0.0013538216088485,-1,-0.0049451087496531,0.0013538216088485,-1,-0.0049451087496531,0.0013538216088485,-1,-0.005814755110795,0.0013538216088485,-1,-0.0056028883086213
2023-09-14,0.0072299978978656,-1,-0.0053877977386771,0.0072299978978656,-1,-0.0057448665830761,0.0072299978978656,-1,-0.0057448665830761,0.0072299978978656,-1,-0.0057448665830761,0.0072299978978656,-1,-0.0068008274433251,0.0072299978978656,-1,-0.0057079666740507
2023-09-15,0.0068274748847668,-1,-0.0055976997161417,0.0068274748847668,-1,-0.0060570833166945,0.0068274748847668,-1,-0.0060570833166945,0.0068274748847668,-1,-0.0060570833166945,0.0068274748847668,-1,-0.0069136473799104,0.0068274748847668,-1,-0.0053132303378395
2023-09-18,-0.006874409744646,-1,-0.003367440741063,-0.006874409744646,-1,-0.0042608712699895,-0.006874409744646,-1,-0.0042608712699895,-0.006874409744646,-1,-0.0042608712699895,-0.006874409744646,-1,-0.0051960682919608,-0.0005,0,-0.004191552660219
2023-09-19,-0.0104688874270995,-1,-0.0053705210132281,-0.0104688874270995,-1,-0.0052892991221748,-0.0104688874270995,-1,-0.0052892991221748,-0.0104688874270995,-1,-0.0052892991221748,-0.0104688874270995,-1,-0.0085085157443703,0.0,0,-0.0045618100305618
2023-09-20,0.0130631038540984,-1,-0.0027327060114433,0.0130631038540984,-1,-0.0030210994313938,0.0130631038540984,-1,-0.0030210994313938,0.0130631038540984,-1,-0.0030210994313938,0.0130631038540984,-1,-0.0060362145654072,-0.0,0,-0.0031541915635051
2023-09-21,-0.0022820281793134,-1,-0.0030223298308991,-0.0022820281793134,-1,-0.00317527908497,-0.0022820281793134,-1,-0.00317527908497,-0.0022820281793134,-1,-0.00317527908497,-0.0022820281793134,-1,-0.0060205302819765,0.0,0,-0.0042422808659077
2023-09-22,-0.0113843356294476,-1,-0.0039308938508951,-0.0113843356294476,-1,-0.0044703901309753,-0.0113843356294476,-1,-0.0044703901309753,-0.0113843356294476,-1,-0.0044703901309753,-0.0113843356294476,-1,-0.0062841369067137,0.0,0,-0.0033130355909872
2023-09-25,0.0040521498851469,-1,-0.0069973226834092,0.0040521498851469,-1,-0.006867129390478,0.0040521498851469,-1,-0.006867129390478,0.0040521498851469,-1,-0.006867129390478,0.0040521498851469,-1,-0.0077802096566216,0.0035521498851469,-1,-0.0052737627777559
2023-09-26,-0.0099457190328984,-1,-0.0069367956594373,-0.0099457190328984,-1,-0.0068424315067633,-0.0099457190328984,-1,-0.0068424315067633,-0.0099457190328984,-1,-0.0068424315067633,-0.0099457190328984,-1,-0.0070844595204143,-0.0005,0,-0.0044658983170918
2023-09-27,-0.0067143964863802,-1,-0.0066287227321502,-0.0067143964863802,-1,-0.0070972736761555,-0.0067143964863802,-1,-0.0070972736761555,-0.0067143964863802,-1,-0.0070972736761555,-0.0067143964863802,-1,-0.0066998283764128,0.0,0,-0.0045726721415173
2023-09-28,0.020898146649075,-1,-0.0096176606023625,0.020898146649075,-1,-0.0091734135085777,0.020898146649075,-1,-0.0091734135085777,0.020898146649075,-1,-0.0091734135085777,0.020898146649075,-1,-0.0093956337803321,0.020398146649075,-1,-0.0076400516591627
2023-09-29,-0.0227066298640203,-1,-0.0052183583127137,-0.0227066298640203,-1,-0.0059889709572294,-0.0227066298640203,-1,-0.0059889709572294,-0.0227066298640203,-1,-0.0059889709572294,-0.0227066298640203,-1,-0.0052685193861449,-0.0227066298640203,-1,-0.0053197395807772
2023-10-02,-0.0018881197760711,1,0.0004151363050836,-0.0005,0,-0.0001812974809542,-0.0005,0,-0.0001812974809542,-0.0005,0,-0.0001812974809542,-0.0005,0,-0.0008151424645911,-0.0005,0,-0.002484898612031
2023-10-03,0.0030000067816839,-1,-0.0046327350470485,0.0035000067816839,-1,-0.0036538441345293,0.0035000067816839,-1,-0.0036538441345293,0.0035000067816839,-1,-0.0036538441345293,0.0035000067816839,-1,-0.0061383962598174,0.0035000067816839,-1,-0.0053792581462255
2023-10-04,-0.0178491575749146,-1,-0.0027520328795835,-0.0178491575749146,-1,-0.0029778318571315,-0.0178491575749146,-1,-0.0029778318571315,-0.0005,0,-0.0029778318571315,-0.0005,0,-0.0033144714551259,-0.0005,0,-0.0042301065247863
2023-10-05,0.0030688161535792,-1,-0.0015747490212629,0.0030688161535792,-1,-0.0017631288287849,-0.0005,0,-0.0017631288287849,-0.0,0,-0.0017631288287849,-0.0,0,-0.0015396058992404,-0.0,0,-0.0011791492270963
2023-10-06,0.0079155807822125,-1,-0.0067382688304306,0.0079155807822125,-1,-0.0064515851405855,0.0074155807822124,-1,-0.0064515851405855,0.0074155807822124,-1,-0.0064515851405855,0.0074155807822124,-1,-0.0049220265480855,0.0074155807822124,-1,-0.0067091866784597
2023-10-09,0.0062056468511795,-1,-0.0033745691913026,0.0062056468511795,-1,-0.0036876823833349,0.0062056468511795,-1,-0.0036876823833349,0.0062056468511795,-1,-0.0036876823833349,-0.0005,0,-0.001687137089231,-0.0005,0,-0.0045545994297822
2023-10-10,-0.0075825189881999,-1,-0.0047019293356783,-0.0075825189881999,-1,-0.0042039500173327,-0.0075825189881999,-1,-0.0042039500173327,-0.0075825189881999,-1,-0.0042039500173327,0.0,0,-0.0030739735010285,-0.0080825189881999,-1,-0.0057658129910972
2023-10-11,-0.0115095275398682,-1,-0.0028671562925272,-0.0115095275398682,-1,-0.002925174301111,-0.0115095275398682,-1,-0.002925174301111,-0.0005,0,-0.002925174301111,0.0,0,-0.0020663935776541,-0.0005,0,-0.0030218159611687
2023-10-12,0.0021882338544609,-1,-0.0019503811767678,0.0021882338544609,-1,-0.0016274537890727,-0.0005,0,-0.0016274537890727,-0.0,0,-0.0016274537890727,-0.0,0,-0.0022405608436384,-0.0,0,-0.0012250784526455
2023-10-13,0.0078946668355395,-1,-0.0005252050593314,0.0078946668355395,-1,-0.0012194133816844,-0.0,0,-0.0012194133816844,-0.0,0,-0.0012194133816844,-0.0,0,-0.0020581490599097,-0.0,0,-0.0009742947360272
2023-10-16,0.0017683870045647,-1,-0.0014266766729838,-0.0005,0,-0.0007849314447489,-0.0,0,-0.0007849314447489,-0.0,0,-0.0007849314447489,-0.0,0,-0.0022241272075374,-0.0,0,-0.0006631513547863
2023-10-17,0.0052001501382404,1,0.0006747435994985,0.0,0,0.0003851375870235,0.0,0,0.0003851375870235,0.0,0,0.0003851375870235,0.0,0,-0.000328986468583,0.0,0,-0.0002271226968546
2023-10-18,0.0167253996302665,1,0.000297182866117,0.0,0,0.000442253328696,0.0,0,0.000442253328696,0.0,0,0.000442253328696,0.0,0,-0.0007256913689705,0.0,0,0.000526185640625
2023-10-19,0.0119870623140696,-1,-0.0014281175021462,-0.0,0,-0.0006353503635512,-0.0,0,-0.0006353503635512,-0.0,0,-0.0006353503635512,-0.0,0,-0.0017127197439519,-0.0,0,-0.000151889104951
2023-10-20,-0.0075789308574385,1,0.0007897079818901,-0.0070789308574384,1,0.0010223137464566,-0.0,0,0.0010223137464566,-0.0,0,0.0010223137464566,-0.0,0,0.0003681744420649,-0.0,0,0.0023332434509998
2023-10-23,-0.0145695333008339,1,0.0033813128478562,-0.0145695333008339,1,0.0032675975754428,-0.0150695333008339,1,0.0032675975754428,-0.0150695333008339,1,0.0032675975754428,-0.0,0,0.0016291083521207,-0.0,0,0.0046015663153812
2023-10-24,-0.0031361870869761,1,0.0030104099349239,-0.0031361870869761,1,0.0030867173260202,-0.0031361870869761,1,0.0030867173260202,-0.0031361870869761,1,0.0030867173260202,-0.0,0,0.0019238021523989,-0.0,0,0.0021913096292525
2023-10-25,-0.0044943991671787,1,0.0044430709891437,-0.0044943991671787,1,0.0041177039890579,-0.0044943991671787,1,0.0041177039890579,-0.0044943991671787,1,0.0041177039890579,-0.0,0,0.0035591368010897,-0.0,0,0.0001377884367186
2023-10-26,0.0054176452054206,1,0.0022589755780922,0.0054176452054206,1,0.0027853533688909,0.0054176452054206,1,0.0027853533688909,-0.0005,0,0.0027853533688909,0.0,0,0.0016933936203203,0.0,0,0.0004175870526171
2023-10-27,-0.0040413179496148,1,0.0006702461452598,-0.0005,0,0.0005990257042033,-0.0005,0,0.0005990257042033,-0.0,0,0.0005990257042033,-0.0,0,0.0008536733419709,-0.0,0,-0.0008076016802518
2023-10-30,-0.003705115649993,-1,-0.0017947120862147,0.0,0,-0.0009437908210752,0.0,0,-0.0009437908210752,0.0,0,-0.0009437908210752,0.0,0,-0.0007220570039728,0.0,0,-0.0004496605648927
2023-10-31,0.0049460706602351,-1,-0.004020674763995,0.0044460706602351,-1,-0.004193337528722,0.0044460706602351,-1,-0.004193337528722,0.0044460706602351,-1,-0.004193337528722,-0.0,0,-0.0032813693283639,-0.0,0,-0.003993986416624
2023-11-01,0.0081336829938186,-1,-0.0029746101133781,0.0081336829938186,-1,-0.0024836422637867,0.0081336829938186,-1,-0.0024836422637867,-0.0005,0,-0.0024836422637867,-0.0,0,-0.0028360330290251,-0.0,0,-0.002878824374028
2023-11-02,-0.0164008515029645,-1,-0.0015566022352596,-0.0164008515029645,-1,-0.0019537352011194,-0.0005,0,-0.0019537352011194,0.0,0,-0.0019537352011194,0.0,0,-0.0022764408765981,0.0,0,-0.0013793270958893
2023-11-03,-0.0023446337971754,1,0.0001897820592321,-0.0005,0,-0.0003801732287977,-0.0,0,-0.0003801732287977,-0.0,0,-0.0003801732287977,-0.0,0,-0.0017002654886144,-0.0,0,0.0002972755379821
2023-11-06,0.012913885266477,-1,-0.0007645406591881,0.0134138852664769,-1,-0.0013426251712061,-0.0,0,-0.0013426251712061,-0.0,0,-0.0013426251712061,-0.0,0,-0.0029841021965956,-0.0,0,-0.0012103866396398
2023-11-07,0.0062826514525583,1,0.0005641445742338,-0.0005,0,0.0003334245744411,0.0,0,0.0003334245744411,0.0,0,0.0003334245744411,0.0,0,-0.0010253611435559,0.0,0,0.0016210460482977
2023-11-08,-0.0099412255624717,1,0.0013711239941512,-0.0,0,0.0009909879550267,-0.0,0,0.0009909879550267,-0.0,0,0.0009909879550267,-0.0,0,9.523415809603704e-05,-0.0,0,0.0025729265939136
2023-11-09,0.0072154407316,-1,-0.0011570837442656,-0.0,0,-0.0009796719078186,-0.0,0,-0.0009796719078186,-0.0,0,-0.0009796719078186,-0.0,0,-0.0021437937064695,-0.0,0,0.0004905997453945
2023-11-10,0.024770887486792,1,0.0001323564225935,0.0,0,6.10959950747503e-05,0.0,0,6.10959950747503e-05,0.0,0,6.10959950747503e-05,0.0,0,-0.0006854105355686,0.0,0,0.0018105841745378
2023-11-13,0.0044862480939349,1,0.001712495166202,0.0039862480939348,1,0.0030813443453021,0.0039862480939348,1,0.0030813443453021,0.0039862480939348,1,0.0030813443453021,0.0,0,0.0001784912480855,0.0,0,0.0035423170103957
2023-11-14,-0.0116123374707211,1,0.0002581474190849,-0.0005,0,0.0005878870451996,-0.0005,0,0.0005878870451996,-0.0005,0,0.0005878870451996,-0.0,0,-0.0017945620849234,-0.0,0,0.0003197443823367
2023-11-15,0.0063263128019124,1,0.0036475706740805,0.0058263128019123,1,0.0030910034275238,0.0058263128019123,1,0.0030910034275238,0.0058263128019123,1,0.0030910034275238,0.0,0,0.0014793458877633,0.0,0,0.0032693628300239
2023-11-16,-0.0089807255872654,1,0.0047705250441357,-0.0089807255872654,1,0.0033974090506348,-0.0089807255872654,1,0.0033974090506348,-0.0089807255872654,1,0.0033974090506348,-0.0,0,0.0023840669695506,-0.0,0,0.0037136496421316
2023-11-17,0.0009062282754974,1,0.00081631265254,-0.0005,0,0.0004293137233522,-0.0005,0,0.0004293137233522,-0.0005,0,0.0004293137233522,0.0,0,-0.0011259132509201,0.0,0,-0.001501775322994
2023-11-20,0.0040742486177551,1,0.0025459944786186,0.003574248617755,1,0.002416303275789,0.003574248617755,1,0.002416303275789,0.0,0,0.002416303275789,0.0,0,0.0015234639098995,0.0,0,0.0007505280516096
2023-11-21,-0.0013526008220345,1,0.0011942443312477,-0.0013526008220345,1,0.0012891598148162,-0.0005,0,0.0012891598148162,-0.0,0,0.0012891598148162,-0.0,0,0.000815989072341,-0.0,0,1.0435381808738316e-05
2023-11-22,0.0089322490809636,-1,-0.0015284377797579,0.0089322490809636,-1,-0.0011548941454692,-0.0,0,-0.0011548941454692,-0.0,0,-0.0011548941454692,-0.0,0,-0.0010050419579006,-0.0,0,-0.001104815001376
2023-11-24,-0.0137679289899244,1,0.001113539311543,-0.0137679289899244,1,0.0010513421801185,-0.0,0,0.0010513421801185,-0.0,0,0.0010513421801185,-0.0,0,0.0010326441964212,-0.0,0,0.0002844279746226
2023-11-27,-0.001847529278683,1,0.0026797372601275,-0.001847529278683,1,0.0020718292337495,-0.002347529278683,1,0.0020718292337495,-0.0,0,0.0020718292337495,-0.0,0,0.0021350045311503,-0.0,0,0.0030457757325722
2023-11-28,0.0055529351455587,1,0.0018810493203964,0.0055529351455587,1,0.0013123601052617,-0.0005,0,0.0013123601052617,0.0,0,0.0013123601052617,0.0,0,0.0008925129625472,0.0,0,0.0020823448870545
2023-11-29,0.0101243085751341,1,0.0021512321722464,0.0101243085751341,1,0.002717310307716,0.0096243085751341,1,0.002717310307716,0.0,0,0.002717310307716,0.0,0,-0.0002765637671604,0.0,0,0.0032689773173668
2023-11-30,0.0041002345995289,1,0.002082156901213,0.0041002345995289,1,0.002489680391191,0.0041002345995289,1,0.002489680391191,0.0,0,0.002489680391191,0.0,0,-0.0005498292260988,0.0,0,0.003628599009535
2023-12-01,0.0022685678304723,1,0.0055984778691803,0.0022685678304723,1,0.0051800752145962,0.0022685678304723,1,0.0051800752145962,0.0017685678304722,1,0.0051800752145962,0.0,0,0.0030165563759313,0.0017685678304722,1,0.0064884955642388
2023-12-04,0.0081484972355101,1,0.0029845275814325,0.0081484972355101,1,0.0027895756396461,0.0081484972355101,1,0.0027895756396461,-0.0005,0,0.0027895756396461,0.0,0,0.0019824843598642,-0.0005,0,0.0035883934363197
2023-12-05,-0.0121239538488444,1,0.00180287628471,-0.0121239538488444,1,0.001271805579605,-0.0005,0,0.001271805579605,-0.0,0,0.001271805579605,-0.0,0,0.000984413771442,-0.0,0,0.0020056193169327
2023-12-06,0.0081818320534445,1,0.0037286609146118,0.0081818320534445,1,0.0028850408566,0.0076818320534445,1,0.0028850408566,0.0,0,0.0028850408566,0.0,0,0.0034102089705204,0.0,0,0.0027694927211832
2023-12-07,-0.0004508669406781,1,0.0049830522273923,-0.0004508669406781,1,0.0045961142128485,-0.0004508669406781,1,0.0045961142128485,-0.0009508669406781,1,0.0045961142128485,-0.0009508669406781,1,0.0048097383316853,-0.0,0,0.0040827151555476
2023-12-08,-0.0076680232615661,1,0.0026146852652396,-0.0076680232615661,1,0.0029970348122786,-0.0076680232615661,1,0.0029970348122786,-0.0005,0,0.0029970348122786,-0.0005,0,0.0023858659597743,-0.0,0,0.002835571034589
2023-12-11,0.0050000277432529,1,0.0050643465269338,0.0050000277432529,1,0.0048197745666778,0.0050000277432529,1,0.0048197745666778,0.0045000277432529,1,0.0048197745666778,0.0045000277432529,1,0.004027420252567,0.0045000277432529,1,0.0057119596980531
2023-12-12,-0.009045714944296,1,0.0062123420415154,-0.009045714944296,1,0.0056214415880875,-0.009045714944296,1,0.0056214415880875,-0.009045714944296,1,0.0056214415880875,-0.009045714944296,1,0.0048703743568654,-0.009045714944296,1,0.0068677847509662
2023-12-13,0.0018256921864865,1,0.0020491626715494,-0.0005,0,0.000995220269799,-0.0005,0,0.000995220269799,-0.0005,0,0.000995220269799,-0.0005,0,0.000936997356488,-0.0005,0,0.0025889794044327
2023-12-14,0.0013666869364088,1,0.0042007576008691,0.0008666869364088,1,0.0031817825161772,0.0008666869364088,1,0.0031817825161772,0.0008666869364088,1,0.0031817825161772,0.0,0,0.0024772842457373,0.0,0,0.0041707517693461
2023-12-15,-0.0068243685920937,1,0.0016889921923349,-0.0068243685920937,1,0.0014368193722276,-0.0005,0,0.0014368193722276,-0.0005,0,0.0014368193722276,-0.0,0,0.0006124927981314,-0.0,0,0.0032674371811481
2023-12-18,0.007245547677731,-1,-5.52054608050925e-05,0.007245547677731,-1,-0.0013906207224966,-0.0,0,-0.0013906207224966,-0.0,0,-0.0013906207224966,-0.0,0,0.0002546553515174,-0.0,0,-0.0008583002949511
2023-12-19,-0.0070045802797767,1,0.0008348917038401,-0.0005,0,0.0007337094162657,-0.0,0,0.0007337094162657,-0.0,0,0.0007337094162657,-0.0,0,0.0006197551621656,-0.0,0,0.0013956070301508
2023-12-20,0.0065055477077338,1,0.0003114057439675,0.0,0,-0.0003170569037454,0.0,0,-0.0003170569037454,0.0,0,-0.0003170569037454,0.0,0,0.0004936889931931,0.0,0,0.0005066309388956
2023-12-21,-0.0018466762908814,1,0.0006102478866141,-0.0,0,0.0006035958138756,-0.0,0,0.0006035958138756,-0.0,0,0.0006035958138756,-0.0,0,0.0010421739821158,-0.0,0,0.0005580541993803
2023-12-22,0.013876004875825,1,0.0006350809890861,0.0,0,0.0004052701674077,0.0,0,0.0004052701674077,0.0,0,0.0004052701674077,0.0,0,0.0004507737538867,0.0,0,0.0008875087967568
2023-12-26,0.0072116927257882,-1,-0.0002190747041859,-0.0,0,-0.0002019488972895,-0.0,0,-0.0002019488972895,-0.0,0,-0.0002019488972895,-0.0,0,0.0003502880551405,-0.0,0,0.0001718275921107
2023-12-27,0.0004599921337221,-1,-0.001311363357382,-4.00078662779e-05,-1,-0.0017024004602545,-0.0,0,-0.0017024004602545,-0.0,0,-0.0017024004602545,-0.0,0,-0.000263793435944,-0.0,0,-0.0009218680476962
2023-12-28,0.0073630856319678,-1,-0.0003093953430843,-0.0005,0,-0.0003580490339488,-0.0,0,-0.0003580490339488,-0.0,0,-0.0003580490339488,-0.0,0,0.0007497381614409,-0.0,0,0.0005828804582305
2023-12-29,0.0111265542194584,-1,-0.0014350020771831,-0.0,0,-0.0002276806201758,-0.0,0,-0.0002276806201758,-0.0,0,-0.0002276806201758,-0.0,0,-0.0005073953307984,-0.0,0,-0.0002776945833146
2024-01-02,0.0032194164514677,1,0.0026503099115837,0.0037194164514677,1,0.0035447543850295,0.0037194164514677,1,0.0035447543850295,0.0037194164514677,1,0.0035447543850295,0.0,0,0.0008273162261268,0.0,0,0.0036967883144084
2024-01-03,0.0014005922753805,1,0.0044156999372565,0.0014005922753805,1,0.005131715574185,0.0014005922753805,1,0.005131715574185,0.0014005922753805,1,0.005131715574185,0.0,0,0.0019934430731884,0.0,0,0.0038897302365783
2024-01-04,-0.010256466800842,1,0.0016089957497159,-0.010256466800842,1,0.0036787067298994,-0.010256466800842,1,0.0036787067298994,-0.010256466800842,1,0.0036787067298994,-0.0,0,-0.0010477170168545,-0.0,0,0.0040557407671111
2024-01-05,-0.015072995841926,1,0.0043872496797124,-0.015072995841926,1,0.0047535494980589,-0.015072995841926,1,0.0047535494980589,-0.015072995841926,1,0.0047535494980589,-0.0,0,0.001768938433982,-0.0,0,0.0049654632540322
2024-01-08,0.0105212489220425,1,0.0023882523537781,0.0105212489220425,1,0.0032210277085617,0.0105212489220425,1,0.0032210277085617,0.0105212489220425,1,0.0032210277085617,0.0,0,0.0012546568626779,0.0,0,0.0008585116563391
2024-01-09,0.0013662678204635,-1,-0.0008654409659481,-0.0005,0,0.000314657090045,-0.0005,0,0.000314657090045,-0.0005,0,0.000314657090045,-0.0,0,0.0004297493192732,-0.0,0,-0.0040090939831233
2024-01-10,0.0056926394529275,-1,-0.0034482812497005,0.0051926394529275,-1,-0.0042535933883642,0.0051926394529275,-1,-0.0042535933883642,0.0051926394529275,-1,-0.0042535933883642,-0.0,0,0.0016758593487911,0.0051926394529275,-1,-0.010052785940215
2024-01-11,0.0166984012122584,-1,-0.0029837908783906,0.0166984012122584,-1,-0.0023474304662177,0.0166984012122584,-1,-0.0023474304662177,-0.0005,0,-0.0023474304662177,-0.0,0,0.002220480007403,0.0166984012122584,-1,-0.0063350230827487
2024-01-12,0.0111597012505395,-1,-0.0021012439694435,0.0111597012505395,-1,-0.0027171296187289,0.0111597012505395,-1,-0.0027171296187289,-0.0,0,-0.0027171296187289,-0.0,0,0.003125958880705,0.0111597012505395,-1,-0.0069785390136516
2024-01-16,-0.0049254134936405,1,0.0002663403317043,-0.0005,0,-0.0007573949838781,-0.0005,0,-0.0007573949838781,-0.0,0,-0.0007573949838781,-0.0,0,0.0028115901802248,-0.0005,0,0.001251387118732
2024-01-17,0.0024631106546002,1,0.0037089777057771,0.0019631106546002,1,0.0039920502488087,0.0019631106546002,1,0.0039920502488087,0.0019631106546002,1,0.0039920502488087,0.0,0,0.00238218223923,0.0,0,0.0040869409458237
2024-01-18,0.0034397883789702,1,0.0041765313558093,0.0034397883789702,1,0.0030772393926111,0.0034397883789702,1,0.0030772393926111,0.0034397883789702,1,0.0030772393926111,0.0,0,0.0028240967462949,0.0029397883789702,1,0.0060250637434844
2024-01-19,0.0,1,0.0049628106941944,0.0,1,0.0030843979125301,0.0,1,0.0030843979125301,0.0,1,0.0030843979125301,0.0,0,0.0037005690655572,0.0,1,0.0059571465423722
2024-01-22,0.0009794543432393,1,0.0049565233227848,0.0009794543432393,1,0.0038750803498391,0.0009794543432393,1,0.0038750803498391,0.0009794543432393,1,0.0038750803498391,0.0,0,0.0019249024200477,0.0009794543432393,1,0.0057680057109318
2024-01-23,0.0112524234944659,1,0.0056802168760375,0.0112524234944659,1,0.0030247748550825,0.0112524234944659,1,0.0030247748550825,0.0112524234944659,1,0.0030247748550825,0.0,0,0.0030963041593698,0.0112524234944659,1,0.0056044795470216
2024-01-24,-0.0033865357796732,1,0.0017631492211154,-0.0033865357796732,1,0.0018752281118443,-0.0005,0,0.0018752281118443,-0.0005,0,0.0018752281118443,-0.0,0,0.0001276782429355,-0.0033865357796732,1,0.0051128616153651
2024-01-25,-0.0097087747201868,1,0.0017909167338489,-0.0097087747201868,1,0.0015882645441739,-0.0,0,0.0015882645441739,-0.0,0,0.0015882645441739,-0.0,0,0.000911045023486,-0.0005,0,0.0046738995601344
2024-01-26,-0.0098038656534655,1,0.0023317732818251,-0.0098038656534655,1,0.0016653354320471,-0.0,0,0.0016653354320471,-0.0,0,0.0016653354320471,-0.0,0,0.0018982027943223,-0.0,0,0.0024996266247187
2024-01-29,0.016831690086452,1,0.0009153422453184,-0.0005,0,0.0004975424478864,0.0,0,0.0004975424478864,0.0,0,0.0004975424478864,0.0,0,0.001110828652972,0.0,0,0.0017699064178262
2024-01-30,-0.0004868660387583,1,0.0021409130606495,-0.0009868660387583,1,0.0016225779590934,-0.0,0,0.0016225779590934,-0.0,0,0.0016225779590934,-0.0,0,0.0027522012573297,-0.0,0,0.0034315062165422
2024-01-31,-0.003409722349322,1,0.0024171258998961,-0.003409722349322,1,0.0023869233821163,-0.003909722349322,1,0.0023869233821163,-0.0,0,0.0023869233821163,-0.0,0,0.0028294845504974,-0.0,0,0.0047063193871978
2024-02-01,-0.0048875111728124,1,0.0035255248855861,-0.0048875111728124,1,0.0035494732664761,-0.0048875111728124,1,0.0035494732664761,-0.0053875111728123,1,0.0035494732664761,-0.0,0,0.0027895648388795,-0.0053875111728123,1,0.0060278938176999
2024-02-02,0.0,1,0.0030323868525537,0.0,1,0.003023487588928,0.0,1,0.003023487588928,0.0,1,0.003023487588928,0.0,0,0.0017994309633881,-0.0005,0,0.00408840752614
2024-02-05,-0.003929269219441,1,0.0021258050020405,-0.003929269219441,1,0.0026008994619355,-0.003929269219441,1,0.0026008994619355,-0.0005,0,0.0026008994619355,-0.0,0,0.000373264663977,-0.0,0,0.003373389986285
2024-02-06,-0.0064103088616185,1,0.0043525651954865,-0.0064103088616185,1,0.0038428348678708,-0.0064103088616185,1,0.0038428348678708,-0.0069103088616184,1,0.0038428348678708,-0.0,0,0.0025148688798508,-0.0,0,0.0047903185793969
2024-02-07,-0.0049627981817808,1,0.0040316198641733,-0.0049627981817808,1,0.0027309920220534,-0.0049627981817808,1,0.0027309920220534,-0.0005,0,0.0027309920220534,-0.0,0,0.0024470851333981,-0.0,0,0.0033172759812866
2024-02-08,-0.0059849843616431,1,0.0011307928696052,-0.0005,0,0.0008325310305702,-0.0005,0,0.0008325310305702,-0.0,0,0.0008325310305702,-0.0,0,0.0007555710677069,-0.0,0,0.0013773242224616
2024-02-09,0.0010035352462327,1,0.0011000498144603,0.0,0,0.0005280896017948,0.0,0,0.0005280896017948,0.0,0,0.0005280896017948,0.0,0,0.0012286453739153,0.0,0,0.0016327345019596
2024-02-12,0.0025062273257367,1,0.0006244484033568,0.0,0,-7.481434618096072e-05,0.0,0,-7.481434618096072e-05,0.0,0,-7.481434618096072e-05,0.0,0,0.0016291194112826,0.0,0,-0.0005181004457053
2024-02-13,0.0125000228881835,-1,-0.0011864549416702,0.0130000228881836,-1,-0.0028062693337601,0.0130000228881836,-1,-0.0028062693337601,-0.0,0,-0.0028062693337601,-0.0,0,0.000191961172209,-0.0,0,-0.001959495463606
2024-02-14,0.0162189408134141,-1,-0.0011374162004059,-0.0005,0,-0.0002795261210846,-0.0005,0,-0.0002795261210846,-0.0,0,-0.0002795261210846,-0.0,0,-0.0001931204734494,-0.0,0,0.0004984859960986
2024-02-15,0.0010608405894796,1,0.0048488732559971,0.0015608405894796,1,0.0033616610366826,0.0015608405894796,1,0.0033616610366826,0.0015608405894796,1,0.0033616610366826,0.0015608405894796,1,0.0042847824137944,0.0015608405894796,1,0.0058681879539452
2024-02-16,0.0061696106518112,1,0.0039543610935607,0.0061696106518112,1,0.003273711671045,0.0061696106518112,1,0.003273711671045,0.0061696106518112,1,0.003273711671045,-0.0005,0,0.0029085428697485,-0.0005,0,0.0025988803742591
2024-02-20,-0.0163515431688459,1,0.0045912003266386,-0.0163515431688459,1,0.003547562328904,-0.0163515431688459,1,0.003547562328904,-0.0163515431688459,1,0.003547562328904,-0.0,0,0.0021406422843994,-0.0168515431688459,1,0.0074892628540844
2024-02-21,-0.0083116803850445,1,0.0059130793557509,-0.0083116803850445,1,0.0049601539699683,-0.0083116803850445,1,0.0049601539699683,-0.0083116803850445,1,0.0049601539699683,-0.0,0,0.0034597255533853,-0.0083116803850445,1,0.0058334309899236
2024-02-22,-0.0099528827940769,1,0.0059510148182046,-0.0099528827940769,1,0.0049931924426368,-0.0099528827940769,1,0.0049931924426368,-0.0099528827940769,1,0.0049931924426368,-0.0,0,0.0033559647606477,-0.0005,0,0.0042543560686927
2024-02-23,0.0158730767441417,1,0.0045381934482268,0.0158730767441417,1,0.0033812688929475,0.0158730767441417,1,0.0033812688929475,0.0158730767441417,1,0.0033812688929475,0.0,0,0.0017648529014174,0.0,0,0.0048144629345709
2024-02-26,0.0072916345877791,1,0.0054446114893528,0.0072916345877791,1,0.0041998011715019,0.0072916345877791,1,0.0041998011715019,0.0072916345877791,1,0.0041998011715019,0.0,0,0.0031313276538525,0.006791634587779,1,0.0073462047036591
2024-02-27,0.0134436518526628,1,0.0043794944984076,0.0134436518526628,1,0.0039318460276732,0.0134436518526628,1,0.0039318460276732,0.0134436518526628,1,0.0039318460276732,0.0,0,0.0023426021086456,0.0134436518526628,1,0.005384925268421
2024-02-28,-0.0020408629973885,1,0.0030398234082682,-0.0020408629973885,1,0.0028214946754467,-0.0020408629973885,1,0.0028214946754467,-0.0005,0,0.0028214946754467,-0.0,0,0.0012115933715909,-0.0005,0,0.0034047877432053
2024-02-29,-0.0132924456022887,1,0.0022463578997027,-0.0132924456022887,1,0.0014427372799147,-0.0005,0,0.0014427372799147,-0.0,0,0.0014427372799147,-0.0,0,0.0007736391971495,-0.0,0,0.002330905674004
2024-03-01,-0.0149896615770434,-1,-0.0001211889785992,-0.0005,0,-0.000646386432954,0.0,0,-0.000646386432954,0.0,0,-0.000646386432954,0.0,0,-0.0017753988251436,0.0,0,0.0005561561833959
2024-03-04,-0.011219665749086,1,0.0001909826776854,-0.0,0,0.0003627897743832,-0.0,0,0.0003627897743832,-0.0,0,0.0003627897743832,-0.0,0,-0.0007384194785058,-0.0,0,0.0003851243977018
2024-03-05,-0.0066788176684086,-1,-0.0002310506017097,0.0,0,-0.0006165743240146,0.0,0,-0.0006165743240146,0.0,0,-0.0006165743240146,0.0,0,-0.0009779386682323,0.0,0,0.0001632260322365
2024-03-06,0.0185072421480975,1,0.0019882642170729,0.0190072421480975,1,0.0014176755901964,0.0,0,0.0014176755901964,0.0,0,0.0014176755901964,0.0,0,0.0013350875594359,0.0,0,0.0034916027709432
2024-03-07,0.0060422421045758,1,0.0008254355058624,0.0060422421045758,1,0.0014785942554402,0.0,0,0.0014785942554402,0.0,0,0.0014785942554402,0.0,0,0.0001131881409191,0.0,0,0.0034811370651472
2024-03-08,-0.0065055361797695,-1,-0.0005822131546605,-0.0005,0,-0.0006389676881357,0.0,0,-0.0006389676881357,0.0,0,-0.0006389676881357,0.0,0,-0.0005555777935068,0.0,0,-0.0001887028145226
2024-03-11,-0.0,-1,-0.0002163756369838,0.0,0,0.0003189934945158,0.0,0,0.0003189934945158,0.0,0,0.0003189934945158,0.0,0,-9.637976055882464e-05,0.0,0,-0.0002222014304773
2024-03-12,0.00199108587474,-1,-0.0002401811627065,0.00149108587474,-1,-0.0011960218629777,-0.0,0,-0.0011960218629777,-0.0,0,-0.0011960218629777,-0.0,0,-0.0007090050100463,-0.0,0,-0.0021315679568545
2024-03-13,-0.0124712993011588,1,0.0003165359765607,-0.0005,0,0.0001641964445203,-0.0,0,0.0001641964445203,-0.0,0,0.0001641964445203,-0.0,0,-0.0004634590478563,-0.0,0,6.612495968885885e-05
2024-03-14,0.006559085273305,1,0.000475660266724,0.006059085273305,1,0.0022211992042523,0.006059085273305,1,0.0022211992042523,0.0,0,0.0022211992042523,0.0,0,-0.0003484742621728,0.0,0,0.0032689055747582
2024-03-15,-0.001,-1,-0.0004126548772671,-0.0005,0,0.0005417399660729,-0.0005,0,0.0005417399660729,0.0,0,0.0005417399660729,0.0,0,0.0004875398325526,0.0,0,0.0011055010590961
2024-03-18,-0.0035087564986089,-1,-0.0016712105898287,-0.0040087564986088,-1,-0.002287007585567,-0.0040087564986088,-1,-0.002287007585567,0.0,0,-0.002287007585567,0.0,0,9.51670646504103e-05,0.0,0,-0.0016098393916382
2024-03-19,-0.0029969762522714,-1,-0.0019679079820886,-0.0029969762522714,-1,-0.0019184212620783,-0.0005,0,-0.0019184212620783,0.0,0,-0.0019184212620783,0.0,0,-0.0006790861290346,0.0,0,-0.0001089454479931
2024-03-20,-0.0039840599606579,-1,-0.0035901622756218,-0.0039840599606579,-1,-0.0026401196070782,-0.0044840599606579,-1,-0.0026401196070782,0.0,0,-0.0026401196070782,0.0,0,-0.0019547941821245,0.0,0,-0.0016397840922138
2024-03-21,0.0029761640077633,-1,-0.0049172211789089,0.0029761640077633,-1,-0.0043468665707312,0.0029761640077633,-1,-0.0043468665707312,0.0024761640077633,-1,-0.0043468665707312,-0.0,0,-0.0039652891943455,0.0024761640077633,-1,-0.0065545609191841
2024-03-22,0.0019900952620985,-1,-0.0009587304435208,0.0019900952620985,-1,-0.0011588577791831,-0.0005,0,-0.0011588577791831,-0.0005,0,-0.0011588577791831,-0.0,0,-0.0019949132456887,-0.0005,0,-0.0020204526558024
2024-03-25,0.0139580651421379,-1,-0.0020136229935655,0.0139580651421379,-1,-0.0017457548903036,-0.0,0,-0.0017457548903036,-0.0,0,-0.0017457548903036,-0.0,0,-0.0033312098936132,-0.0,0,-0.0016770839814079
2024-03-26,0.0121334561570667,-1,-0.0036242641758219,0.0121334561570667,-1,-0.0023542281886111,0.0116334561570667,-1,-0.0023542281886111,-0.0,0,-0.0023542281886111,-0.0,0,-0.0036767581804019,-0.0,0,-0.0015212715682567
2024-03-27,-0.0327532937390941,-1,-0.0026210748933402,-0.0327532937390941,-1,-0.0026419600845425,-0.0327532937390941,-1,-0.0026419600845425,0.0,0,-0.0026419600845425,0.0,0,-0.0012622340492095,0.0,0,-0.0028110521659534
2024-03-28,-0.0044687657961167,1,0.0011617883513053,-0.0005,0,-7.976944758874248e-05,-0.0005,0,-7.976944758874248e-05,-0.0,0,-7.976944758874248e-05,-0.0,0,0.0025521546705007,-0.0,0,-0.0002814652940873
2024-04-01,-0.0164097421029508,1,0.0007066546367773,-0.0,0,0.0002341885085773,-0.0,0,0.0002341885085773,-0.0,0,0.0002341885085773,-0.0,0,0.001350603252373,-0.0,0,0.0007044637946847
2024-04-02,0.0055611071377361,1,0.0049246540611992,0.0050611071377361,1,0.0027740812495287,0.0050611071377361,1,0.0027740812495287,0.0,0,0.0027740812495287,0.0050611071377361,1,0.0053645958613208,0.0,0,0.003859742827428
2024-04-03,0.0055304481511855,1,0.0006512988909687,-0.0005,0,-6.917489521409044e-05,-0.0005,0,-6.917489521409044e-05,0.0,0,-6.917489521409044e-05,-0.0005,0,0.0021136863396968,0.0,0,0.0018409684689979
2024-04-04,0.0035000076293945,-1,-0.0007603809019054,0.0040000076293945,-1,-0.0021245591014081,0.0040000076293945,-1,-0.0021245591014081,-0.0,0,-0.0021245591014081,-0.0,0,0.0013968087355319,-0.0,0,1.4821961286050258e-06
2024-04-05,0.0015112625536781,1,0.0010418671100149,-0.0005,0,9.469541916022076e-05,-0.0005,0,9.469541916022076e-05,0.0,0,9.469541916022076e-05,0.0,0,0.0031540154827235,0.0,0,0.0031778932179318
2024-04-08,0.0090199832046287,-1,-0.0014775740346323,0.0095199832046287,-1,-0.0026390691210554,0.0095199832046287,-1,-0.0026390691210554,-0.0,0,-0.0026390691210554,-0.0,0,0.0003873293514273,-0.0,0,0.0022114822269467
2024-04-09,-0.003542494636306,-1,-0.0035189376145063,-0.003542494636306,-1,-0.0033183269964044,-0.003542494636306,-1,-0.0033183269964044,-0.004042494636306,-1,-0.0033183269964044,0.0,0,-0.0024503230595131,0.0,0,-0.0032951981619753
2024-04-10,-0.0085642773125255,1,0.0006549324000185,-0.0005,0,0.0007107786106231,-0.0005,0,0.0007107786106231,-0.0005,0,0.0007107786106231,-0.0,0,-0.0006815681978586,-0.0,0,-0.0005616989125241
2024-04-11,0.0121951101319366,1,0.0007297697378464,0.0116951101319366,1,0.001431283490108,0.0,0,0.001431283490108,0.0,0,0.001431283490108,0.0,0,-0.0011461679368141,0.0,0,0.0014757800453984
2024-04-12,-0.0050200994521447,1,6.692674333015614e-05,-0.0005,0,-0.0003809265345612,-0.0,0,-0.0003809265345612,-0.0,0,-0.0003809265345612,-0.0,0,-0.0006806400331381,-0.0,0,-0.0003640906291143
2024-04-15,-0.0045408755788928,1,0.0010337961917579,-0.0,0,0.0001501365027871,-0.0,0,0.0001501365027871,-0.0,0,0.0001501365027871,-0.0,0,-0.0004848276488457,-0.0,0,-0.0009662583099292
2024-04-22,-0.0059850640145581,-1,-0.0024068121223729,-0.0054850640145581,-1,-0.00232634571645,-0.0054850640145581,-1,-0.00232634571645,0.0,0,-0.00232634571645,0.0,0,-0.001206035404323,0.0,0,-0.002705064612788
2024-04-23,0.0074404573246823,-1,-0.0027493042985118,0.0074404573246823,-1,-0.0024194070219926,0.0074404573246823,-1,-0.0024194070219926,-0.0,0,-0.0024194070219926,-0.0,0,-0.0013893972539719,-0.0,0,-0.0007525758261929
2024-04-24,0.0064962327243639,1,0.0001094050982509,-0.0074962327243639,-1,-0.0010082448177953,-0.0005,0,-0.0010082448177953,0.0,0,-0.0010082448177953,0.0,0,0.0002463651811297,0.0,0,0.0011334275605187
2024-04-25,-0.0059523280155266,1,0.0014088503981026,-0.0005,0,0.0004115645299258,-0.0,0,0.0004115645299258,-0.0,0,0.0004115645299258,-0.0,0,0.0002980397549848,-0.0,0,0.0016345627298488
2024-04-26,-0.0019960535778393,1,0.0006329327389296,-0.0,0,0.0007406818530647,-0.0,0,0.0007406818530647,-0.0,0,0.0007406818530647,-0.0,0,-0.0005635072493095,-0.0,0,0.0024628897211936
2024-04-29,0.0014999618530273,-1,-0.0066031387304568,0.0019999618530273,-1,-0.0055020877237543,0.0019999618530273,-1,-0.0055020877237543,0.0019999618530273,-1,-0.0055020877237543,-0.0,0,-0.0037246705706588,0.0019999618530273,-1,-0.005972733694384
2024-04-30,-0.0035087564986089,-1,-0.0069778918574097,-0.0035087564986089,-1,-0.0062058984872832,-0.0035087564986089,-1,-0.0062058984872832,-0.0035087564986089,-1,-0.0062058984872832,0.0,0,-0.0038197226803791,-0.0035087564986089,-1,-0.0069966181841118
2024-05-01,-0.0209790243102152,-1,-0.0089287713856507,-0.0209790243102152,-1,-0.007617912431924,-0.0209790243102152,-1,-0.007617912431924,-0.0209790243102152,-1,-0.007617912431924,-0.0214790243102152,-1,-0.0061493763590359,-0.0209790243102152,-1,-0.0062434584195546
2024-05-02,-0.0044031384655753,-1,-0.0063002514849741,-0.0044031384655753,-1,-0.0056392919434951,-0.0044031384655753,-1,-0.0056392919434951,-0.0044031384655753,-1,-0.0056392919434951,-0.0005,0,-0.0031716881074994,-0.0005,0,-0.0037791350739867
2024-05-03,-0.0150998273538311,-1,-0.0082396817290433,-0.0150998273538311,-1,-0.0085034126241175,-0.0150998273538311,-1,-0.0085034126241175,-0.0150998273538311,-1,-0.0085034126241175,-0.0155998273538311,-1,-0.0044811674063195,-0.0155998273538311,-1,-0.0082412461850387
2024-05-06,0.0014395722853093,-1,-0.0042033438144402,0.0014395722853093,-1,-0.0043266071974533,0.0014395722853093,-1,-0.0043266071974533,0.0014395722853093,-1,-0.0043266071974533,0.0014395722853093,-1,-0.004100586162027,-0.0005,0,-0.0041456969865337
2024-05-07,0.0172993134186333,-1,-0.0060296028950794,0.0172993134186333,-1,-0.0045054965704697,0.0172993134186333,-1,-0.0045054965704697,0.0172993134186333,-1,-0.0045054965704697,0.0172993134186333,-1,-0.0060813737925283,-0.0,0,-0.0046004247840932
2024-05-08,0.0009780174580686,-1,-0.0043414530812024,0.0009780174580686,-1,-0.0032578029112,0.0009780174580686,-1,-0.0032578029112,0.0009780174580686,-1,-0.0032578029112,-0.0005,0,-0.0031586543861463,-0.0,0,-0.0023261725465984
2024-05-09,-0.0195790314515529,-1,-0.0039967483859492,-0.0195790314515529,-1,-0.0032671128251142,-0.0195790314515529,-1,-0.0032671128251142,-0.0195790314515529,-1,-0.0032671128251142,0.0,0,-0.002165764828853,0.0,0,-0.001818837195938
2024-05-10,-0.0033605230475566,-1,-0.0039777936473164,-0.0033605230475566,-1,-0.0029409490807457,-0.0033605230475566,-1,-0.0029409490807457,-0.0005,0,-0.0029409490807457,0.0,0,-0.0022409058545378,0.0,0,-0.0028817178479796
2024-05-13,0.0014353483179146,-1,-0.0033288893834951,0.0014353483179146,-1,-0.0027862559279509,0.0014353483179146,-1,-0.0027862559279509,-0.0,0,-0.0027862559279509,-0.0,0,-0.0023365077148079,-0.0,0,-0.0024691209574748
2024-05-14,0.0081456669601259,-1,-0.0034922978049171,0.0081456669601259,-1,-0.0021861088641987,0.0081456669601259,-1,-0.0021861088641987,-0.0,0,-0.0021861088641987,-0.0,0,-0.0027918573455006,-0.0,0,-0.0023738944624374
2024-05-15,0.0096618722496633,-1,-0.0035249161389164,0.0096618722496633,-1,-0.0024366298440518,0.0096618722496633,-1,-0.0024366298440518,-0.0,0,-0.0024366298440518,0.0091618722496633,-1,-0.0043657498790051,-0.0,0,-0.0024593933682006
2024-05-16,0.0092683187345179,-1,-0.0006693206693212,-0.0005,0,-0.0009846436368256,-0.0005,0,-0.0009846436368256,-0.0,0,-0.0009846436368256,-0.0005,0,-0.0021110008163465,-0.0,0,-0.0014553095509829
2024-05-17,0.0118015871845701,1,0.0008501681334955,0.0123015871845701,1,0.0012563387727156,0.0,0,0.0012563387727156,0.0,0,0.0012563387727156,0.0,0,-0.001059039941253,0.0,0,-0.0002008002072639
2024-05-20,0.0033753113234384,-1,-0.0013832522896967,0.0033753113234384,-1,-0.001491909402034,-0.0,0,-0.001491909402034,-0.0,0,-0.001491909402034,-0.0,0,-0.0023210710343113,-0.0,0,-0.0020284551618361
2024-05-21,-0.0039062463620211,-1,-0.0043050469555797,-0.0039062463620211,-1,-0.0036531674559094,-0.0044062463620211,-1,-0.0036531674559094,-0.0044062463620211,-1,-0.0036531674559094,-0.0044062463620211,-1,-0.0042323398812478,0.0,0,-0.0034104031159261
2024-05-22,-0.0034046545059582,-1,-0.0030611622403944,-0.0034046545059582,-1,-0.0040478834566784,-0.0034046545059582,-1,-0.0040478834566784,-0.0034046545059582,-1,-0.0040478834566784,-0.0005,0,-0.0018204724323802,-0.0039046545059582,-1,-0.0050029708870159
2024-05-23,-0.0043625863426621,-1,-0.0054324015379794,-0.0043625863426621,-1,-0.0053108045906024,-0.0043625863426621,-1,-0.0053108045906024,-0.0043625863426621,-1,-0.0053108045906024,-0.0048625863426621,-1,-0.0044328999417751,-0.0043625863426621,-1,-0.0080417455579826
2024-05-24,0.0062740909785076,-1,-0.0058147888614117,0.0062740909785076,-1,-0.0056521237916888,0.0062740909785076,-1,-0.0056521237916888,0.0062740909785076,-1,-0.0056521237916888,0.0062740909785076,-1,-0.00528730248384,0.0062740909785076,-1,-0.0097117577702603
2024-05-28,0.008742122576097,-1,-0.0061828131916161,0.008742122576097,-1,-0.0061663000936155,0.008742122576097,-1,-0.0061663000936155,0.008742122576097,-1,-0.0061663000936155,-0.0005,0,-0.0037298433935146,0.008742122576097,-1,-0.0057465573000867
2024-05-29,0.0161685412137765,-1,-0.0039792646224324,0.0161685412137765,-1,-0.0040923032878367,0.0161685412137765,-1,-0.0040923032878367,0.0161685412137765,-1,-0.0040923032878367,-0.0,0,-0.0028775657275899,-0.0005,0,-0.0042348455747119
2024-05-30,0.0089641586583512,-1,-0.0033326907054452,0.0089641586583512,-1,-0.0016889395041135,-0.0005,0,-0.0016889395041135,-0.0005,0,-0.0016889395041135,-0.0,0,-0.0024725451921602,-0.0,0,0.001493919869824
2024-05-31,0.0075376694173701,-1,-0.0031681644002679,0.0075376694173701,-1,-0.0019011845920777,-0.0,0,-0.0019011845920777,-0.0,0,-0.0019011845920777,-0.0,0,-0.001975981733374,-0.0,0,0.0004291966829949
2024-06-03,0.0020253628115111,-1,-0.004503457943178,0.0020253628115111,-1,-0.0047017621844172,0.001525362811511,-1,-0.0047017621844172,0.001525362811511,-1,-0.0047017621844172,0.001525362811511,-1,-0.004537923463956,0.001525362811511,-1,-0.0061081825604018
2024-06-04,0.0076103310754814,-1,-0.006566166590229,0.0076103310754814,-1,-0.0065892547981371,0.0076103310754814,-1,-0.0065892547981371,0.0076103310754814,-1,-0.0065892547981371,0.0076103310754814,-1,-0.0061346300003995,0.0076103310754814,-1,-0.0099517869235342
2024-06-05,-0.0265848912045774,-1,-0.0080575994108227,-0.0265848912045774,-1,-0.0084187873674434,-0.0265848912045774,-1,-0.0084187873674434,-0.0265848912045774,-1,-0.0084187873674434,-0.0265848912045774,-1,-0.0066953255823635,-0.0265848912045774,-1,-0.0108386085026853
2024-06-06,0.0069720811842811,-1,-0.0079266445721935,0.0069720811842811,-1,-0.0071316640721588,0.0069720811842811,-1,-0.0071316640721588,0.0069720811842811,-1,-0.0071316640721588,0.0069720811842811,-1,-0.0057192448034279,0.0069720811842811,-1,-0.0074188923847682
2024-06-07,-0.0020059682601507,-1,-0.0064216475483356,-0.0020059682601507,-1,-0.0080358878125732,-0.0020059682601507,-1,-0.0080358878125732,-0.0020059682601507,-1,-0.0080358878125732,-0.0020059682601507,-1,-0.0048067759208414,-0.0020059682601507,-1,-0.0062301357986547
2024-06-10,0.0045045122447393,-1,-0.0070823974398676,0.0045045122447393,-1,-0.0082132366917876,0.0045045122447393,-1,-0.0082132366917876,0.0045045122447393,-1,-0.0082132366917876,0.0045045122447393,-1,-0.0043840262604345,0.0045045122447393,-1,-0.0053709728366685
2024-06-11,-0.00301666038875,-1,-0.0069618824518239,-0.00301666038875,-1,-0.0080136911350713,-0.00301666038875,-1,-0.0080136911350713,-0.00301666038875,-1,-0.0080136911350713,-0.00301666038875,-1,-0.005615597880656,-0.00301666038875,-1,-0.0081185365389707
2024-06-12,-0.0140350259944361,-1,-0.0058757406777447,-0.0140350259944361,-1,-0.0073301792141567,-0.0140350259944361,-1,-0.0073301792141567,-0.0140350259944361,-1,-0.0073301792141567,-0.0140350259944361,-1,-0.0057127811667386,-0.0140350259944361,-1,-0.0071130938462172
2024-06-13,0.014335097120158,-1,-0.0033313925406249,0.014335097120158,-1,-0.0039471104645822,0.014335097120158,-1,-0.0039471104645822,0.014335097120158,-1,-0.0039471104645822,-0.0005,0,-0.0039957834066284,-0.0005,0,-0.0028769050252955
2024-06-14,0.0095286122852953,-1,-0.0051924397663564,0.0095286122852953,-1,-0.0049146659089847,0.0095286122852953,-1,-0.0049146659089847,0.0095286122852953,-1,-0.0049146659089847,0.0090286122852953,-1,-0.0056711578450799,0.0090286122852953,-1,-0.0050641825968182
2024-06-17,-0.0045569697512855,-1,-0.0024888690557171,-0.0045569697512855,-1,-0.0029609535864156,-0.0045569697512855,-1,-0.0029609535864156,-0.0005,0,-0.0029609535864156,-0.0005,0,-0.0030453827524351,-0.0005,0,-0.0027545888284603
2024-06-18,0.0146169815169843,-1,-0.0053873259654036,0.0146169815169843,-1,-0.0052974795470811,0.0146169815169843,-1,-0.0052974795470811,0.0141169815169843,-1,-0.0052974795470811,0.0141169815169843,-1,-0.0046521275528985,0.0141169815169843,-1,-0.0058021720976716
2024-06-20,0.0107416415686893,-1,-0.005295584027792,0.0107416415686893,-1,-0.006329271608953,0.0107416415686893,-1,-0.006329271608953,0.0107416415686893,-1,-0.006329271608953,-0.0005,0,-0.0034246507710918,0.0107416415686893,-1,-0.0052369934151941
2024-06-21,0.0005170749122511,-1,-0.0061875527350403,0.0005170749122511,-1,-0.0051884552652812,0.0005170749122511,-1,-0.0051884552652812,0.0005170749122511,-1,-0.0051884552652812,1.7074912251100025e-05,-1,-0.0041242432359144,0.0005170749122511,-1,-0.0058924754234083
2024-06-24,0.0181065899043533,-1,-0.006411146029124,0.0181065899043533,-1,-0.0059042902413931,0.0181065899043533,-1,-0.0059042902413931,0.0181065899043533,-1,-0.0059042902413931,0.0181065899043533,-1,-0.0053471195293347,0.0181065899043533,-1,-0.0076202545301245
2024-06-25,0.0110642302179904,-1,-0.0059690624105095,0.0110642302179904,-1,-0.0047983724106083,0.0110642302179904,-1,-0.0047983724106083,0.0110642302179904,-1,-0.0047983724106083,0.0110642302179904,-1,-0.0058153282282946,0.0110642302179904,-1,-0.0054250874852937
2024-06-26,0.0026638861582178,-1,-0.0031480998734981,0.0026638861582178,-1,-0.0030692589887166,0.0026638861582178,-1,-0.0030692589887166,0.0026638861582178,-1,-0.0030692589887166,-0.0005,0,-0.0030029265961885,-0.0005,0,-0.0035657485264669
2024-06-27,0.0219017020539965,-1,-0.0046045279665563,0.0219017020539965,-1,-0.0047304728289414,0.0219017020539965,-1,-0.0047304728289414,0.0219017020539965,-1,-0.0047304728289414,0.0214017020539965,-1,-0.004605594325809,-0.0,0,-0.0048827662662311
2024-06-28,-0.0027308108065313,-1,-0.0028076852386641,-0.0027308108065313,-1,-0.0028917847705762,-0.0027308108065313,-1,-0.0028917847705762,-0.0005,0,-0.0028917847705762,-0.0005,0,-0.0034137053466442,0.0,0,-0.0029326256975275
2024-07-01,0.0016340242727765,-1,-0.0041975335079884,0.0016340242727765,-1,-0.0046853303730945,0.0016340242727765,-1,-0.0046853303730945,0.0011340242727765,-1,-0.0046853303730945,0.0011340242727765,-1,-0.0044717587652607,-0.0,0,-0.0047589300702981
2024-07-02,0.0027277270741219,-1,-0.0070863112726749,0.0027277270741219,-1,-0.008052035408836,0.0027277270741219,-1,-0.008052035408836,0.0027277270741219,-1,-0.008052035408836,0.0027277270741219,-1,-0.0066869202405604,0.0022277270741219,-1,-0.0086295472808855
2024-07-03,-0.0082056681015256,-1,-0.0085498858460023,-0.0082056681015256,-1,-0.0085161722423039,-0.0082056681015256,-1,-0.0085161722423039,-0.0082056681015256,-1,-0.0085161722423039,-0.0082056681015256,-1,-0.0077095546276672,-0.0082056681015256,-1,-0.0085945083068046
2024-07-05,0.0320130299955664,-1,-0.0085581487072601,0.0320130299955664,-1,-0.0094714420684845,0.0320130299955664,-1,-0.0094714420684845,0.0320130299955664,-1,-0.0094714420684845,0.0320130299955664,-1,-0.0050470961090843,0.0320130299955664,-1,-0.0107981483073626
2024-07-08,-0.0033631987348206,-1,-0.0069151431945858,-0.0033631987348206,-1,-0.0087794992953673,-0.0033631987348206,-1,-0.0087794992953673,-0.0033631987348206,-1,-0.0087794992953673,-0.0005,0,-0.003843422227496,-0.0033631987348206,-1,-0.0071226240575453
2024-07-09,0.0044692695760304,-1,-0.0081566159447795,0.0044692695760304,-1,-0.0087592830662722,0.0044692695760304,-1,-0.0087592830662722,0.0044692695760304,-1,-0.0087592830662722,0.0039692695760304,-1,-0.0053153643188438,0.0044692695760304,-1,-0.0082606418881267
2024-07-10,-0.0101010273994595,-1,-0.0082929813025251,-0.0101010273994595,-1,-0.0093243650748552,-0.0101010273994595,-1,-0.0093243650748552,-0.0101010273994595,-1,-0.0093243650748552,-0.0101010273994595,-1,-0.0062381261216906,-0.0101010273994595,-1,-0.0097795188453527
2024-07-11,-0.0105555852254231,-1,-0.0078757783354687,-0.0105555852254231,-1,-0.007366180910768,-0.0105555852254231,-1,-0.007366180910768,-0.0105555852254231,-1,-0.007366180910768,-0.0105555852254231,-1,-0.0061752383433213,-0.0105555852254231,-1,-0.0116765402871372
2024-07-12,0.0230896131920155,-1,-0.0039412230177048,0.0230896131920155,-1,-0.0044507925086304,0.0230896131920155,-1,-0.0044507925086304,0.0230896131920155,-1,-0.0044507925086304,0.0230896131920155,-1,-0.0047424786057564,0.0230896131920155,-1,-0.0066197864577247
2024-07-15,-0.0090039304046392,-1,-0.0041537582045385,-0.0090039304046392,-1,-0.0047605670314051,-0.0090039304046392,-1,-0.0047605670314051,-0.0090039304046392,-1,-0.0047605670314051,-0.0090039304046392,-1,-0.0060966458764286,-0.0090039304046392,-1,-0.0050945524380832
2024-07-16,-0.0072503713638574,-1,-0.003891946590815,-0.0072503713638574,-1,-0.0038232695786962,-0.0072503713638574,-1,-0.0038232695786962,-0.0072503713638574,-1,-0.0038232695786962,-0.0072503713638574,-1,-0.0057069675398905,-0.0005,0,-0.0039654297947373
2024-07-17,0.0155038088359248,-1,-0.0070685879451155,0.0155038088359248,-1,-0.0075492543825884,0.0155038088359248,-1,-0.0075492543825884,0.0155038088359248,-1,-0.0075492543825884,0.0155038088359248,-1,-0.006110197761328,0.0150038088359248,-1,-0.0074756173779907
2024-07-18,-0.0033745480104199,-1,-0.0045382006691813,-0.0033745480104199,-1,-0.0053582127283863,-0.0033745480104199,-1,-0.0053582127283863,-0.0033745480104199,-1,-0.0053582127283863,-0.0005,0,-0.0037307243658147,-0.0033745480104199,-1,-0.0052421948413092
2024-07-19,-0.0224215030890708,-1,-0.0032926848834708,-0.0224215030890708,-1,-0.0047379864488251,-0.0224215030890708,-1,-0.0047379864488251,-0.0224215030890708,-1,-0.0047379864488251,0.0,0,-0.0024974856564356,-0.0224215030890708,-1,-0.0053067501071195
2024-07-22,-0.0016447745077832,-1,-0.0036649970663501,-0.0016447745077832,-1,-0.0051487429280928,-0.0016447745077832,-1,-0.0051487429280928,-0.0016447745077832,-1,-0.0051487429280928,0.0,0,-0.0034662452226791,-0.0005,0,-0.0024249094512766
2024-07-23,-0.0021893271579922,-1,-0.003125646122582,-0.0021893271579922,-1,-0.0041827043930612,-0.0021893271579922,-1,-0.0041827043930612,-0.0021893271579922,-1,-0.0041827043930612,0.0,0,-0.0033100718410658,0.0,0,-0.0041941253656399
2024-07-24,0.0050076796045882,1,0.0006477323650977,-0.0005,0,-0.000812087834055,-0.0005,0,-0.000812087834055,-0.0005,0,-0.000812087834055,0.0,0,-0.0018358719106791,0.0,0,0.0030822997680951
2024-07-25,0.0207155058020365,-1,-0.0016162727437392,0.0212155058020365,-1,-0.0022175458409519,0.0212155058020365,-1,-0.0022175458409519,-0.0,0,-0.0022175458409519,0.0212155058020365,-1,-0.0046240440163962,-0.0,0,-0.0008341688211172
2024-07-26,0.0017746523746066,1,0.0001781061852845,-0.0005,0,9.887854055399495e-05,-0.0005,0,9.887854055399495e-05,0.0,0,9.887854055399495e-05,-0.0005,0,-0.0028006201260615,0.0,0,-0.0019645538369887
2024-07-29,-0.0149419182248801,1,0.000100225427209,-0.0154419182248801,1,0.0016496039260664,-0.0,0,0.0016496039260664,-0.0,0,0.0016496039260664,-0.0,0,-0.0019082225079509,-0.0,0,0.0022378364145106
2024-07-30,0.0068651345870257,-1,-0.0018131638143938,0.0068651345870257,-1,-0.0012078490208632,-0.0,0,-0.0012078490208632,-0.0,0,-0.0012078490208632,-0.0,0,-0.0031739826063755,-0.0,0,0.0002829007482359
2024-07-31,0.0005662643809876,-1,-0.0011464563860337,0.0005662643809876,-1,-0.0017396150103942,-0.0,0,-0.0017396150103942,-0.0,0,-0.0017396150103942,-0.0,0,-0.0016062456529629,-0.0,0,-0.0010611132497502
2024-08-01,-0.0107649030121304,-1,-0.0023806902677396,-0.0005,0,-0.0009398856137467,0.0,0,-0.0009398856137467,0.0,0,-0.0009398856137467,0.0,0,-0.0017053991766549,0.0,0,-0.0010611098832161
2024-08-02,-0.0050448515593108,-1,-0.0067623700137139,-0.0055448515593108,-1,-0.0056243146125594,-0.0055448515593108,-1,-0.0056243146125594,-0.0055448515593108,-1,-0.0056243146125594,0.0,0,-0.0035840872575543,-0.0055448515593108,-1,-0.0062826006470459
2024-08-05,0.0061350032615341,-1,-0.0040875971114527,0.0061350032615341,-1,-0.0054102337911247,0.0061350032615341,-1,-0.0054102337911247,0.0061350032615341,-1,-0.0054102337911247,-0.0,0,-0.0010833093999418,0.0061350032615341,-1,-0.0089483032646092
2024-08-06,0.0039281535366439,-1,-0.0074605431280522,0.0039281535366439,-1,-0.0074488694689737,0.0039281535366439,-1,-0.0074488694689737,0.0039281535366439,-1,-0.0074488694689737,0.0034281535366438,-1,-0.0043978869506421,0.0039281535366439,-1,-0.009171438910562
2024-08-07,0.0101408622634242,-1,-0.0046795669817838,0.0101408622634242,-1,-0.0063068946618773,0.0101408622634242,-1,-0.0063068946618773,0.0101408622634242,-1,-0.0063068946618773,-0.0005,0,-0.0028376368687876,0.0101408622634242,-1,-0.0054421718797364
2024-08-08,0.0039840464450798,-1,-0.0032597441461215,0.0039840464450798,-1,-0.0046150896754918,0.0039840464450798,-1,-0.0046150896754918,0.0039840464450798,-1,-0.0046150896754918,-0.0,0,-0.0022363482006566,-0.0005,0,-0.0034975196132055
2024-08-09,-0.0119999476841516,-1,-0.0013486713318499,-0.0119999476841516,-1,-0.0024381718240497,-0.0119999476841516,-1,-0.0024381718240497,-0.0005,0,-0.0024381718240497,0.0,0,-0.0014765968988236,0.0,0,-0.0019572507281546
2024-08-12,-0.0094697699765431,1,0.000238822871501,0.0084697699765431,-1,-0.0010095652763992,-0.0005,0,-0.0010095652763992,-0.0,0,-0.0010095652763992,-0.0,0,-0.0015777848061177,-0.0,0,0.0007127748631253
2024-08-13,-0.0078337609842266,-1,-0.0014241405849988,-0.0068337609842266,-1,-0.0016964753824584,0.0,0,-0.0016964753824584,0.0,0,-0.0016964753824584,-0.0073337609842265,-1,-0.0047927797153781,0.0,0,2.7111810612639748e-05
2024-08-14,0.0073530014633075,-1,-0.0002056561446654,0.0073530014633075,-1,-0.0014606229320557,-0.0,0,-0.0014606229320557,-0.0,0,-0.0014606229320557,-0.0005,0,-0.0026738467172493,-0.0,0,-0.0017950026942507
2024-08-15,0.0119657603191912,-1,-0.0017248595237619,0.0119657603191912,-1,-0.0038244850460506,0.0114657603191912,-1,-0.0038244850460506,0.0114657603191912,-1,-0.0038244850460506,-0.0,0,-0.0034365826977047,-0.0,0,-0.0042794857018355
2024-08-16,-0.0207612806910981,-1,-0.0020678079481713,-0.0207612806910981,-1,-0.0027722383315874,-0.0207612806910981,-1,-0.0027722383315874,-0.0005,0,-0.0027722383315874,0.0,0,-0.003814828767823,0.0,0,0.0006552644821974
2024-08-19,0.0039548926076558,-1,-0.0019111168829744,0.0039548926076558,-1,-0.0028230281406075,0.0039548926076558,-1,-0.0028230281406075,-0.0,0,-0.0028230281406075,-0.0,0,-0.0016852951554207,-0.0,0,0.0008129525159306
2024-08-20,0.0022688037483135,-1,-0.0055023832207502,0.0022688037483135,-1,-0.0062049709571111,0.0022688037483135,-1,-0.0062049709571111,0.0017688037483135,-1,-0.0062049709571111,0.0017688037483135,-1,-0.0052661795991688,-0.0,0,-0.0016923032804598
2024-08-21,0.013075585005182,-1,-0.0027443020665492,0.013075585005182,-1,-0.0036863325789974,0.013075585005182,-1,-0.0036863325789974,0.013075585005182,-1,-0.0036863325789974,-0.0005,0,-0.0029305495149912,-0.0,0,-0.0015781886296828
2024-08-22,0.0023042001221758,-1,-0.001650803187309,0.0023042001221758,-1,-0.003418475079789,0.0023042001221758,-1,-0.003418475079789,0.0023042001221758,-1,-0.003418475079789,-0.0,0,-0.0029585277096193,-0.0,0,0.0002896771132334
2024-08-23,0.0098152470721316,-1,-0.0029433836203112,0.0098152470721316,-1,-0.0029738856350758,0.0098152470721316,-1,-0.0029738856350758,-0.0005,0,-0.0029738856350758,0.0093152470721316,-1,-0.00473050885978,-0.0,0,-0.0030068434833337
2024-08-26,-0.012244956063695,-1,-0.0018812504397833,-0.012244956063695,-1,-0.0014787199331618,-0.0005,0,-0.0014787199331618,0.0,0,-0.0014787199331618,-0.012244956063695,-1,-0.0049885396335159,0.0,0,-0.0016720016390573
2024-08-27,0.0063364404656742,-1,-0.0014741452242516,0.0063364404656742,-1,-0.0020762822611369,0.0058364404656742,-1,-0.0020762822611369,-0.0,0,-0.0020762822611369,-0.0005,0,-0.0037390947497044,0.0058364404656742,-1,-0.0052203973053318
2024-08-28,-0.0127535833828691,-1,-0.0044112132693283,-0.0127535833828691,-1,-0.0042524397570948,-0.0127535833828691,-1,-0.0042524397570948,-0.0132535833828691,-1,-0.0042524397570948,-0.0132535833828691,-1,-0.0056994390514665,-0.0127535833828691,-1,-0.0057295563137374
2024-08-29,-0.0131655099384659,-1,-0.0048019390348974,-0.0131655099384659,-1,-0.0049175979141101,-0.0131655099384659,-1,-0.0049175979141101,-0.0131655099384659,-1,-0.0049175979141101,-0.0131655099384659,-1,-0.0054277087548014,-0.0005,0,-0.0042063587152324
2024-08-30,-0.0146891700749296,-1,-0.0052386575821069,-0.0146891700749296,-1,-0.0042627739337129,-0.0146891700749296,-1,-0.0042627739337129,-0.0146891700749296,-1,-0.0042627739337129,-0.0146891700749296,-1,-0.0058620534971907,-0.0151891700749296,-1,-0.005018660136854
2024-09-03,-0.0111359005086122,-1,-0.0018305180452209,-0.0111359005086122,-1,-0.002771115719306,-0.0111359005086122,-1,-0.002771115719306,-0.0005,0,-0.002771115719306,-0.0005,0,-0.0030975788549837,-0.0005,0,-0.0035618220756712
2024-09-04,-0.0076078707540223,1,0.0013761619126423,-0.0005,0,-1.3870078516552988e-05,-0.0005,0,-1.3870078516552988e-05,-0.0,0,-1.3870078516552988e-05,-0.0,0,-0.0012249654813719,-0.0,0,0.0015672955765168
2024-09-05,-0.0083149400369374,1,0.0017350580574196,-0.0,0,0.000537609534013,-0.0,0,0.000537609534013,-0.0,0,0.000537609534013,-0.0,0,-0.0013580226218652,-0.0,0,0.0019425485006168
2024-09-06,0.0022359372214673,1,0.0040177473518651,0.0017359372214673,1,0.0040215009402927,0.0017359372214673,1,0.0040215009402927,0.0017359372214673,1,0.0040215009402927,0.0,0,0.0007889482492906,0.0017359372214673,1,0.0061053272736911
2024-09-09,-0.0044617915417971,1,0.0059144578333432,-0.0044617915417971,1,0.0046520820131939,-0.0044617915417971,1,0.0046520820131939,-0.0044617915417971,1,0.0046520820131939,-0.0,0,0.002113279897996,-0.0044617915417971,1,0.0062590841461401
2024-09-10,0.0028010776466118,1,0.0045809368066643,0.0028010776466118,1,0.0048066664285412,0.0028010776466118,1,0.0048066664285412,0.0028010776466118,1,0.0048066664285412,0.0,0,0.001003652526255,0.0028010776466118,1,0.0059560051090004
2024-09-11,0.0027933600823888,1,0.0039430503905367,0.0027933600823888,1,0.0031551456537979,0.0027933600823888,1,0.0031551456537979,0.0027933600823888,1,0.0031551456537979,0.0,0,0.0006726494335919,-0.0005,0,0.0043749657926247
2024-09-12,0.0116991128438408,1,0.0041886123410684,0.0116991128438408,1,0.0025752367209829,0.0116991128438408,1,0.0025752367209829,-0.0005,0,0.0025752367209829,0.0,0,0.0010454369633095,0.0,0,0.0025930993924188
2024-09-13,-0.003854608778215,1,0.0025368163578121,-0.003854608778215,1,0.00212658330986,-0.003854608778215,1,0.00212658330986,-0.0,0,0.00212658330986,-0.0,0,-0.00065849543811,-0.0,0,0.0038445128581479
2024-09-16,0.003869524280474,1,0.0019667650992694,0.003869524280474,1,0.0017373086170725,-0.0005,0,0.0017373086170725,0.0,0,0.0017373086170725,0.0,0,-0.0004989526381665,0.0,0,0.0023281724953181
2024-09-17,-0.0027532619758073,1,0.000876088587537,-0.0005,0,0.0007345032368777,-0.0,0,0.0007345032368777,-0.0,0,0.0007345032368777,-0.0,0,-0.0014410880163208,-0.0,0,0.0003166105147001
2024-09-18,0.0094914703287759,-1,-0.0002837456468459,-0.0,0,-0.0006875734876781,-0.0,0,-0.0006875734876781,-0.0,0,-0.0006875734876781,-0.0,0,-0.0023042275068485,-0.0,0,-0.0018543748953881
2024-09-19,-0.0110446598442764,1,0.0009233614071052,-0.0,0,0.000674736186724,-0.0,0,0.000674736186724,-0.0,0,0.000674736186724,-0.0,0,-0.0007048180687497,-0.0,0,0.0007008621256581
2024-09-20,0.0242390254071958,1,0.0025939817062307,0.0237390254071958,1,0.0021153413572637,0.0237390254071958,1,0.0021153413572637,0.0,0,0.0021153413572637,0.0,0,0.0008671224599564,0.0,0,0.002351269884481
2024-09-23,-0.001,-1,-0.0009846569695356,-0.0005,0,0.0003139584092113,-0.0005,0,0.0003139584092113,0.0,0,0.0003139584092113,0.0,0,-0.0008682430473925,0.0,0,0.0017489542430889
2024-09-24,-0.0033021169890177,-1,-0.00010592540086,0.0,0,-0.0008466060615902,0.0,0,-0.0008466060615902,0.0,0,-0.0008466060615902,0.0,0,0.000558029637267,0.0,0,-0.0009398085957394
2024-09-25,0.0043883667424514,-1,-0.0006611508773409,0.0038883667424514,-1,-0.0013912585481138,-0.0,0,-0.0013912585481138,-0.0,0,-0.0013912585481138,-0.0,0,0.0007613522130137,-0.0,0,-0.0011623612771401
2024-09-26,-0.0066116166256491,-1,-0.0037043704805035,-0.0066116166256491,-1,-0.0027958654735253,-0.0071116166256491,-1,-0.0027958654735253,0.0,0,-0.0027958654735253,0.0,0,-0.0023146021641846,0.0,0,-0.0034889843319058
2024-09-27,-0.0120415603635632,-1,-0.0031394139715134,-0.0120415603635632,-1,-0.0039284245827972,-0.0120415603635632,-1,-0.0039284245827972,-0.0125415603635632,-1,-0.0039284245827972,0.0,0,-0.0012011116962068,0.0,0,-0.0040263570658369
2024-09-30,-0.009735008512923,-1,-0.0032295086280747,-0.009735008512923,-1,-0.0033144465389969,-0.009735008512923,-1,-0.0033144465389969,-0.009735008512923,-1,-0.0033144465389969,0.0,0,-0.001806690953012,0.0,0,-0.0046414531523106
2024-10-01,-0.0058918377023058,-1,-0.0038085558336799,-0.0058918377023058,-1,-0.004832108074848,-0.0058918377023058,-1,-0.004832108074848,-0.0058918377023058,-1,-0.004832108074848,0.0,0,-0.0026540546046375,-0.0063918377023057,-1,-0.0056375326714086
2024-10-02,0.0074548078742417,-1,-0.0036466019993128,0.0074548078742417,-1,-0.0039017715987171,0.0074548078742417,-1,-0.0039017715987171,0.0074548078742417,-1,-0.0039017715987171,-0.0,0,-0.0034661735496355,-0.0005,0,-0.0046505242537401
2024-10-03,0.0091201760654752,-1,-0.0018118584469343,0.0091201760654752,-1,-0.0028913181257975,0.0091201760654752,-1,-0.0028913181257975,-0.0005,0,-0.0028913181257975,-0.0,0,-0.0020587432692817,-0.0,0,-0.0030593793620613
2024-10-04,-0.0043313441624337,-1,-0.0008877723365642,-0.0005,0,-0.0003208961784074,-0.0005,0,-0.0003208961784074,0.0,0,-0.0003208961784074,0.0,0,-0.0017248060110436,0.0,0,0.0013777189123628
2024-10-07,-0.0101644249749782,1,0.0018160639118992,-0.0,0,0.0005583431476089,-0.0,0,0.0005583431476089,-0.0,0,0.0005583431476089,-0.0,0,-0.0004083947495434,-0.0,0,0.0004601808894058
2024-10-08,-0.0005439783454693,1,0.0013507021502993,-0.0,0,0.0009385589364401,-0.0,0,0.0009385589364401,-0.0,0,0.0009385589364401,-0.0,0,-0.0012853028306396,-0.0,0,-0.0008773049063714
2024-10-09,-0.0038106477395116,1,0.0029857262063041,-0.0043106477395116,1,0.001773595799476,-0.0,0,0.001773595799476,-0.0,0,0.001773595799476,-0.0,0,0.0004610019173647,-0.0,0,-0.0007242274021974
2024-10-10,-0.0038251200952215,1,0.0029073469541739,-0.0038251200952215,1,0.0011456098644515,-0.0,0,0.0011456098644515,-0.0,0,0.0011456098644515,-0.0,0,0.0001867567265787,-0.0,0,-0.0001340792963279
2024-10-11,0.0209418337122571,-1,-0.0011293960911945,-0.0005,0,0.000659768047238,-0.0,0,0.000659768047238,-0.0,0,0.000659768047238,0.0214418337122571,-1,-0.0041567434403295,-0.0,0,0.0014026708806507
2024-10-14,-0.0155821777899253,1,0.0032020417573551,-0.0150821777899253,1,0.0027367981861791,-0.0150821777899253,1,0.0027367981861791,-0.0,0,0.0027367981861791,-0.0005,0,0.0003743630499615,-0.0,0,0.004050145693047
2024-10-15,0.0073990364469687,1,0.0028416263620557,0.0073990364469687,1,0.0030782958425912,0.0073990364469687,1,0.0030782958425912,0.0068990364469687,1,0.0030782958425912,0.0,0,0.0002623834337877,0.0068990364469687,1,0.0059040920242083
2024-10-16,-0.0005649846582365,1,0.0026030085030423,-0.0005649846582365,1,0.0027880973666752,-0.0005649846582365,1,0.0027880973666752,-0.0005,0,0.0027880973666752,-0.0,0,0.0001896386840177,-0.0005,0,0.0048378862381665
2024-10-17,-0.0062182366891274,1,0.0019466877416982,-0.0062182366891274,1,0.0026821638847777,-0.0062182366891274,1,0.0026821638847777,-0.0,0,0.0026821638847777,-0.0,0,-0.0007607650790396,-0.0,0,0.0033522436502334
2024-10-18,0.0068259863341399,1,0.004714341187891,0.0068259863341399,1,0.0038493480866533,0.0068259863341399,1,0.0038493480866533,0.0063259863341399,1,0.0038493480866533,0.0,0,0.0021725948978379,0.0,0,0.0036740150043371
2024-10-21,0.0135593085182617,1,0.002352986101945,0.0135593085182617,1,0.0021775641403454,0.0135593085182617,1,0.0021775641403454,-0.0005,0,0.0021775641403454,0.0,0,-0.0007022953356363,0.0,0,0.0024231188406258
2024-10-22,-0.0076889034733839,-1,-0.0002766325416137,-0.0005,0,-0.0005346854999563,-0.0005,0,-0.0005346854999563,0.0,0,-0.0005346854999563,0.0,0,-0.0032060222982461,0.0,0,0.0008380014299735
2024-10-23,0.0039833973006263,1,0.0004899669704898,0.0,0,0.0003883239106471,0.0,0,0.0003883239106471,0.0,0,0.0003883239106471,0.0,0,-0.0022367787545881,0.0,0,5.455266080420739e-05
2024-10-24,-0.0104683492039104,1,0.0007448147133282,-0.0,0,4.431854622401264e-05,-0.0,0,4.431854622401264e-05,-0.0,0,4.431854622401264e-05,-0.0,0,-0.0014687989814978,-0.0,0,0.0010109149579053
2024-10-25,0.0073518722815502,-1,-0.000344688108497,-0.0,0,0.0001935219238288,-0.0,0,0.0001935219238288,-0.0,0,0.0001935219238288,-0.0,0,-0.0024513274030186,-0.0,0,0.0001375421449215
2024-10-28,0.004053349538836,1,0.0003469888160072,0.004553349538836,1,0.0016843724374795,0.0,0,0.0016843724374795,0.0,0,0.0016843724374795,0.0,0,-0.0013015050870769,0.0,0,0.0017935081406748
2024-10-29,0.0017932535265969,-1,-0.0008960949996939,-0.0005,0,0.0004830472201517,-0.0,0,0.0004830472201517,-0.0,0,0.0004830472201517,-0.0,0,-0.0017541515221556,-0.0,0,0.0010739569642875
2024-10-30,-0.0022408407464369,-1,-0.0006598514169901,-0.0027408407464369,-1,-0.0016331529512585,0.0,0,-0.0016331529512585,0.0,0,-0.0016331529512585,0.0,0,-0.0008648506085346,0.0,0,-0.0017436466436466
2024-10-31,-0.0033539058322011,-1,-0.0017191658978155,-0.0033539058322011,-1,-0.0012504378495133,0.0,0,-0.0012504378495133,0.0,0,-0.0012504378495133,0.0,0,-0.001486784276402,0.0,0,-0.0012415767859926
2024-11-01,0.0011142315829293,-1,-0.0036559268498194,0.0011142315829293,-1,-0.0040879538805206,0.0006142315829292,-1,-0.0040879538805206,0.0006142315829292,-1,-0.0040879538805206,-0.0,0,-0.0022268639240719,-0.0,0,-0.0038600139894515
2024-11-04,-0.0055772660216217,-1,-0.007774459079876,-0.0055772660216217,-1,-0.0082746477541651,-0.0055772660216217,-1,-0.0082746477541651,-0.0055772660216217,-1,-0.0082746477541651,0.0,0,-0.0029595546604204,-0.0060772660216217,-1,-0.0070670410977587
2024-11-05,-0.0127564910414388,-1,-0.0080092871299647,-0.0127564910414388,-1,-0.0093036014551372,-0.0127564910414388,-1,-0.0093036014551372,-0.0127564910414388,-1,-0.0093036014551372,0.0,0,-0.0019149804230351,-0.0127564910414388,-1,-0.0076735622240672
2024-11-06,-0.0065716829343169,-1,-0.0113954286518427,-0.0065716829343169,-1,-0.0104768340058648,-0.0065716829343169,-1,-0.0104768340058648,-0.0065716829343169,-1,-0.0104768340058648,0.0,0,-0.0039626806486846,-0.0065716829343169,-1,-0.0087953649323743
2024-11-07,-0.005440717412174,-1,-0.0097935184847637,-0.005440717412174,-1,-0.0099252720299396,-0.005440717412174,-1,-0.0099252720299396,-0.005440717412174,-1,-0.0099252720299396,0.0,0,-0.0027907138703095,-0.005440717412174,-1,-0.0110949060215696
2024-11-08,0.0070345867958214,-1,-0.0087238574101793,0.0070345867958214,-1,-0.0071240666611524,0.0070345867958214,-1,-0.0071240666611524,0.0070345867958214,-1,-0.0071240666611524,-0.0,0,-0.0033632795035895,0.0070345867958214,-1,-0.0067426802482282
2024-11-11,0.0054496119559054,-1,-0.0058252263420756,0.0054496119559054,-1,-0.0063116129243872,0.0054496119559054,-1,-0.0063116129243872,0.0054496119559054,-1,-0.0063116129243872,-0.0,0,-0.0012680052830645,0.0054496119559054,-1,-0.0056649684063667
2024-11-12,0.0065753884511451,-1,-0.004624244670417,0.0065753884511451,-1,-0.0045312082437348,0.0065753884511451,-1,-0.0045312082437348,0.0065753884511451,-1,-0.0045312082437348,-0.0,0,-0.002290402140409,-0.0005,0,-0.0028550952884478
2024-11-13,0.0115829616212611,-1,-0.0010235431760634,0.0115829616212611,-1,-0.0024718352121192,0.0115829616212611,-1,-0.0024718352121192,-0.0005,0,-0.0024718352121192,-0.0,0,-0.0003707315205751,-0.0,0,-0.0010898313705614
2024-11-14,-0.0083705143912753,-1,-0.003798889162939,-0.0083705143912753,-1,-0.0032582519189325,-0.0083705143912753,-1,-0.0032582519189325,-0.0088705143912753,-1,-0.0032582519189325,0.0,0,-0.0021488787428244,0.0,0,-0.0034455825632942
2024-11-15,-0.0077476143891987,-1,-0.0051069257726907,-0.0077476143891987,-1,-0.0042861589847454,-0.0077476143891987,-1,-0.0042861589847454,-0.0077476143891987,-1,-0.0042861589847454,0.0,0,-0.0011438774550914,0.0,0,-0.004272552111608
2024-11-18,0.0027457023379633,-1,-0.0074221257410833,0.0027457023379633,-1,-0.0043039908359596,0.0027457023379633,-1,-0.0043039908359596,0.0027457023379633,-1,-0.0043039908359596,0.0022457023379633,-1,-0.0055439372169514,-0.0,0,-0.0032369554356462
2024-11-19,-0.0071586491854382,-1,-0.006789817477397,-0.0071586491854382,-1,-0.0057767915801329,-0.0071586491854382,-1,-0.0057767915801329,-0.0071586491854382,-1,-0.0057767915801329,-0.0005,0,-0.0035463178875526,-0.0076586491854381,-1,-0.0053934408420442
2024-11-20,0.0114817376331024,-1,-0.0082406771439786,0.0114817376331024,-1,-0.0078328281683,0.0114817376331024,-1,-0.0078328281683,0.0114817376331024,-1,-0.0078328281683,0.0109817376331023,-1,-0.004166588954556,0.0114817376331024,-1,-0.0089981387229924
2024-11-21,0.0005531100068603,-1,-0.0096223184172515,0.0005531100068603,-1,-0.0070530088138457,0.0005531100068603,-1,-0.0070530088138457,0.0005531100068603,-1,-0.0070530088138457,0.0005531100068603,-1,-0.0064638678661664,0.0005531100068603,-1,-0.0073268367140349
2024-11-22,0.0083010304960458,-1,-0.0048800595072558,0.0083010304960458,-1,-0.0034489483657105,0.0083010304960458,-1,-0.0034489483657105,0.0083010304960458,-1,-0.0034489483657105,-0.0005,0,-0.0039587124089623,-0.0005,0,-0.0041474325460096
2024-11-25,0.0083705143912753,-1,-0.0060585548874403,0.0083705143912753,-1,-0.0043075673969767,0.0083705143912753,-1,-0.0043075673969767,0.0083705143912753,-1,-0.0043075673969767,0.0078705143912752,-1,-0.004087113914633,0.0078705143912752,-1,-0.0077273695012031
2024-11-26,0.0016882772016136,-1,-0.0041538877211668,0.0016882772016136,-1,-0.0040557495541532,0.0016882772016136,-1,-0.0040557495541532,0.0016882772016136,-1,-0.0040557495541532,-0.0005,0,-0.0028440224850254,0.0016882772016136,-1,-0.0067188318319719
2024-11-27,-0.0073281324573004,-1,-0.0025710961556942,-0.0073281324573004,-1,-0.0028375402180133,-0.0073281324573004,-1,-0.0028375402180133,-0.0005,0,-0.0028375402180133,0.0,0,-0.0021376438363684,-0.0005,0,-0.0037176339398532
2024-11-29,-0.0027979426252053,-1,-0.0031594202191154,-0.0027979426252053,-1,-0.003348021016787,-0.0027979426252053,-1,-0.003348021016787,-0.0032979426252053,-1,-0.003348021016787,0.0,0,-0.0022005534079527,0.0,0,-0.0027295648563568
2024-12-02,-0.0032321939373348,1,0.0016154037670337,-0.0032321939373348,1,0.0015722063842166,-0.0005,0,0.0015722063842166,-0.0005,0,0.0015722063842166,-0.0,0,0.0002443375668988,-0.0,0,0.0026178195240105
2024-12-03,-0.0067113499729952,1,0.0024786810670874,-0.0067113499729952,1,0.0016890707870922,-0.0,0,0.0016890707870922,-0.0,0,0.0016890707870922,-0.0,0,0.0004961798658788,-0.0,0,0.0020894646523113
2024-12-04,0.0135135004518676,1,0.0032236046048725,0.0135135004518676,1,0.002070409492618,0.0130135004518676,1,0.002070409492618,0.0,0,0.002070409492618,0.0,0,0.0011157137355367,0.0,0,0.0024927263164389
2024-12-05,0.01000001695421,1,0.0021083638758151,0.01000001695421,1,0.0032006099614584,0.01000001695421,1,0.0032006099614584,0.00950001695421,1,0.0032006099614584,0.0,0,-0.0006655738724543,0.0,0,0.0029484151957406
2024-12-06,0.0033003006014966,1,0.00209330925973,0.0033003006014966,1,0.0022443214147173,0.0033003006014966,1,0.0022443214147173,-0.0005,0,0.0022443214147173,0.0,0,-0.0009367636298085,0.0,0,0.0016584791251737
2024-12-09,0.0142543986921277,1,0.0018776506300459,-0.0005,0,0.000927816453377,-0.0005,0,0.000927816453377,0.0,0,0.000927816453377,0.0,0,0.0008194375404702,0.0,0,0.0030596289745081
2024-12-10,-0.0010811058250633,1,0.0012140785826782,-0.0,0,-0.0002187994790324,-0.0,0,-0.0002187994790324,-0.0,0,-0.0002187994790324,-0.0,0,0.0014706426577097,-0.0,0,0.001091112836366
2024-12-11,0.004411276187598,-1,-0.0001970047603124,0.004911276187598,-1,-0.0011455220288912,-0.0,0,-0.0011455220288912,-0.0,0,-0.0011455220288912,-0.0,0,7.098674787143838e-05,-0.0,0,-0.0008368792703405
2024-12-12,-0.0075287778761661,1,0.0022287236125113,-0.0075287778761661,1,0.0014748211864605,-0.0,0,0.0014748211864605,-0.0,0,0.0014748211864605,-0.0,0,0.0025065639517154,-0.0,0,0.0012427912932078
2024-12-13,0.005476472081942,1,0.002857607229216,0.005476472081942,1,0.0015861602193624,0.0,0,0.0015861602193624,0.0,0,0.0015861602193624,0.0,0,0.0033000457508305,0.0,0,0.0007807170789871
2024-12-16,-0.0043572941746499,1,0.001280503941131,-0.0005,0,0.0006769501691891,-0.0,0,0.0006769501691891,-0.0,0,0.0006769501691891,-0.0,0,0.0014855473556479,-0.0,0,0.0014022825925128
2024-12-17,-0.0136761482827862,1,0.0018246591033861,-0.0,0,0.0005803522336046,-0.0,0,0.0005803522336046,-0.0,0,0.0005803522336046,-0.0,0,0.0019739390154996,-0.0,0,0.0011736324398686
2024-12-18,0.0033277572743979,1,0.0013368476485759,0.0,0,0.000590873215222,0.0,0,0.000590873215222,0.0,0,0.000590873215222,0.0,0,0.0018510811683164,0.0,0,0.0022362947475639
2024-12-19,0.0093974612968494,1,0.0011881487165881,0.0,0,-5.139907858912635e-05,0.0,0,-5.139907858912635e-05,0.0,0,-5.139907858912635e-05,0.0,0,0.0023624591109048,0.0,0,0.0026119316912019
2024-12-20,-0.007024129735638,-1,-0.0005458741720573,0.0,0,-0.0008635085027439,0.0,0,-0.0008635085027439,0.0,0,-0.0008635085027439,0.0,0,0.0013927103278658,0.0,0,0.0007007768022167
2024-12-23,-0.0015443782485016,1,0.0010904500928533,-0.0,0,0.0003748037138144,-0.0,0,0.0003748037138144,-0.0,0,0.0003748037138144,-0.0,0,0.0011112457884654,-0.0,0,0.0038875632951024
2024-12-24,0.0147058029106388,1,0.0005936893376446,0.0,0,0.0005224436207491,0.0,0,0.0005224436207491,0.0,0,0.0005224436207491,0.0,0,0.0001192035121169,0.0,0,0.002835117363979
2024-12-26,-0.0032205833948042,1,0.0013950547729809,-0.0037205833948042,1,0.0014725653450719,-0.0,0,0.0014725653450719,-0.0,0,0.0014725653450719,-0.0,0,-0.0004638107207504,-0.0,0,0.0021059602612636
2024-12-27,0.0005385152959707,1,0.0001769815382452,0.0005385152959707,1,0.0025229496896299,3.851529597070002e-05,1,0.0025229496896299,0.0,0,0.0025229496896299,0.0,0,-0.0022739848901969,0.0,0,0.0034877241664299
2024-12-30,0.0102260783012813,1,3.276657201591504e-05,0.0102260783012813,1,0.0010101433525597,-0.0005,0,0.0010101433525597,0.0,0,0.0010101433525597,0.0,0,0.0007594949625211,0.0,0,0.001502497963953
2024-12-31,-0.0073931235459897,-1,-0.0002017052772623,-0.0005,0,2.3426524749888293e-05,0.0,0,2.3426524749888293e-05,0.0,0,2.3426524749888293e-05,0.0,0,0.0003272631513128,0.0,0,0.0005172464030694
2025-01-02,0.0195870272016801,-1,-0.000838053152722,-0.0,0,0.0002242445020975,-0.0,0,0.0002242445020975,-0.0,0,0.0002242445020975,-0.0,0,0.0002103695114056,-0.0,0,-0.0008298872527211
2025-01-03,0.0130388889014763,1,0.0040085005645821,0.0135388889014764,1,0.0043067945405464,0.0135388889014764,1,0.0043067945405464,0.0135388889014764,1,0.0043067945405464,0.0135388889014764,1,0.0050368792704889,0.0,0,0.0029702355204623
2025-01-06,0.0,1,0.0053560402483858,0.0,1,0.0047970303086332,0.0,1,0.0047970303086332,0.0,1,0.0047970303086332,0.0,1,0.0050027368193956,-0.0005,1,0.0050169475416795
2025-01-07,-0.0069223143430275,1,0.0029006698181617,-0.0069223143430275,1,0.002817507692444,-0.0069223143430275,1,0.002817507692444,-0.0005,0,0.002817507692444,-0.0005,0,0.0024176251595824,-0.0005,0,0.0021515397821101
2025-01-08,0.0310991922557348,1,0.0046574112630294,0.0310991922557348,1,0.0045340966510962,0.0310991922557348,1,0.0045340966510962,0.0305991922557348,1,0.0045340966510962,0.0,0,0.0037594195514309,0.0,0,0.00270443180561
2025-01-10,0.0140405857613594,1,0.0057610495972527,0.0140405857613594,1,0.0068161867699637,0.0140405857613594,1,0.0068161867699637,0.0140405857613594,1,0.0068161867699637,0.0135405857613594,1,0.004836704769104,0.0135405857613594,1,0.0072827489428882
2025-01-13,-0.0035897279397035,1,0.002211590533575,-0.0035897279397035,1,0.0019732574141128,-0.0005,0,0.0019732574141128,-0.0005,0,0.0019732574141128,-0.0005,0,0.0008248912235659,-0.0005,0,-0.0005269406123614
2025-01-14,0.0061759613998977,1,0.0052142838142199,0.0061759613998977,1,0.0058849193469528,0.0056759613998977,1,0.0058849193469528,0.0056759613998977,1,0.0058849193469528,0.0,0,0.0033492336679797,0.0,0,0.00231068108362
2025-01-15,-0.013810668079373,1,0.0045319404033774,-0.013810668079373,1,0.005022356507643,-0.013810668079373,1,0.005022356507643,-0.013810668079373,1,0.005022356507643,-0.0,0,0.0026159802095025,-0.0,0,0.0024941861811427
2025-01-16,0.0176348620580391,1,0.0046483266529094,0.0176348620580391,1,0.0051433366844714,0.0176348620580391,1,0.0051433366844714,0.0176348620580391,1,0.0051433366844714,0.0,0,0.0027817538835853,0.0,0,0.0036247609424933
2025-01-17,0.0122324037131662,1,0.0077584134592238,0.0122324037131662,1,0.0078014181989163,0.0122324037131662,1,0.0078014181989163,0.0122324037131662,1,0.0078014181989163,0.0117324037131662,1,0.0058151431782146,0.0117324037131662,1,0.0073095417056909
2025-01-21,-0.008056386832572,1,0.0077053916133581,-0.008056386832572,1,0.0069854787108095,-0.008056386832572,1,0.0069854787108095,-0.008056386832572,1,0.0069854787108095,-0.008056386832572,1,0.0056274953761198,-0.008056386832572,1,0.0069737223963246
2025-01-22,0.0106598515908544,1,0.0044439596755018,0.0106598515908544,1,0.0055691007416909,0.0106598515908544,1,0.0055691007416909,0.0106598515908544,1,0.0055691007416909,-0.0005,0,0.0022171452345957,-0.0005,0,0.0048588639465361
2025-01-23,-0.0075338834595606,1,0.0073543029316591,-0.0075338834595606,1,0.0071151392184464,-0.0075338834595606,1,0.0071151392184464,-0.0075338834595606,1,0.0071151392184464,-0.0080338834595606,1,0.005534452186445,-0.0080338834595606,1,0.006580143101608
2025-01-24,-0.0065790013466305,1,0.0046854098960831,-0.0065790013466305,1,0.0058242768458357,-0.0065790013466305,1,0.0058242768458357,-0.0065790013466305,1,0.0058242768458357,-0.0005,0,0.0025525658800891,-0.0065790013466305,1,0.006790893311312
2025-01-27,0.0081508793479996,1,0.0062755367057275,0.0081508793479996,1,0.0075425852525152,0.0081508793479996,1,0.0075425852525152,0.0081508793479996,1,0.0075425852525152,0.0,0,0.0034921339761407,0.0081508793479996,1,0.0084391909912168
2025-01-28,0.0197068909351307,1,0.0065395861407808,0.0197068909351307,1,0.0068917112543342,0.0197068909351307,1,0.0068917112543342,0.0197068909351307,1,0.0068917112543342,0.0192068909351307,1,0.0044530304363551,0.0197068909351307,1,0.0067634363640576
2025-01-29,-0.0064420746357417,1,0.0042432061977709,-0.0064420746357417,1,0.0048256352437123,-0.0064420746357417,1,0.0048256352437123,-0.0064420746357417,1,0.0048256352437123,-0.0005,0,0.0027403588667691,-0.0064420746357417,1,0.0052785021004073
2025-01-30,-0.0129674978267639,1,0.0063108087012356,-0.0129674978267639,1,0.0060302260359473,-0.0129674978267639,1,0.0060302260359473,-0.0129674978267639,1,0.0060302260359473,-0.0134674978267639,1,0.0045906413466339,-0.0129674978267639,1,0.0067865534100706
2025-01-31,0.0101060559039136,1,0.0063345962438227,0.0101060559039136,1,0.0062410634988015,0.0101060559039136,1,0.0062410634988015,0.0101060559039136,1,0.0062410634988015,0.0101060559039136,1,0.005571325640225,0.0101060559039136,1,0.006387730004157
2025-02-03,0.0080039944594336,1,0.0023358117940908,0.0080039944594336,1,0.0013957345977639,-0.0005,0,0.0013957345977639,-0.0005,0,0.0013957345977639,0.0080039944594336,1,0.0046054975185613,-0.0005,0,0.00143224523408
2025-02-04,0.0009925785678566,1,0.0006907618131005,0.0009925785678566,1,0.0010780139124775,0.0,0,0.0010780139124775,0.0,0,0.0010780139124775,-0.0005,0,0.0035181378340912,0.0,0,0.0004629706031334
2025-02-05,-0.0064536742655171,-1,-9.955330917523992e-05,0.0054536742655171,1,0.0019698277855415,0.0,0,0.0019698277855415,0.0,0,0.0019698277855415,0.0,0,0.0024760719514972,0.0,0,0.0016956777107774
2025-02-06,0.0152860632541867,-1,-0.0028509242913411,-0.0005,0,0.0002274567228538,-0.0,0,0.0002274567228538,-0.0,0,0.0002274567228538,-0.0,0,0.0001649144511181,-0.0,0,-0.0012858219555272
2025-02-07,0.0090150610824361,1,0.0020851819085085,0.0,0,0.0007226885548608,0.0,0,0.0007226885548608,0.0,0,0.0007226885548608,0.0,0,0.0037780789695961,0.0,0,0.0001478657872076
2025-02-10,-0.007932565533312,1,0.0062376245748975,-0.008432565533312,1,0.0056868550682815,-0.008432565533312,1,0.0056868550682815,-0.008432565533312,1,0.0056868550682815,-0.008432565533312,1,0.0054244952896021,-0.0,0,0.0041362389056852
2025-02-11,0.0094952789547386,1,0.0033050896976187,0.0094952789547386,1,0.0029289678452736,0.0094952789547386,1,0.0029289678452736,-0.0005,0,0.0029289678452736,-0.0005,0,0.0020065804372909,0.0,0,0.0004685030948591
2025-02-12,0.0009900272108767,1,0.0009052424262098,0.0009900272108767,1,0.0019984140325069,-0.0005,0,0.0019984140325069,0.0,0,0.0019984140325069,0.0,0,-0.0003177246154554,0.0,0,0.000203805886075
2025-02-13,0.004945617451316,1,0.0017390127596724,0.004945617451316,1,0.0021511828401671,0.0044456174513159,1,0.0021511828401671,0.0,0,0.0021511828401671,0.0,0,0.0009626387876818,0.0,0,-0.0014248388484658
2025-02-14,0.013779561557613,1,0.0016010874762148,-0.0005,0,0.0008107248602323,-0.0005,0,0.0008107248602323,0.0,0,0.0008107248602323,0.0,0,0.0006422317224946,0.0,0,-0.001305936329582
2025-02-18,0.0053107313450427,-1,-0.0039203308181062,0.0058107313450427,-1,-0.0047820211961454,0.0058107313450427,-1,-0.0047820211961454,0.0058107313450427,-1,-0.0047820211961454,-0.0,0,-3.483565250945303e-05,-0.0,0,-0.0022504695316226
2025-03-03,0.008565302184057,-1,-0.0004812681075271,-0.0005,0,-0.0007184563841017,-0.0005,0,-0.0007184563841017,-0.0005,0,-0.0007184563841017,-0.0,0,-0.0019377239730549,-0.0,0,-0.0001871959821427
2025-03-04,-0.0070193929564459,-1,-0.0004752704201185,0.0,0,-0.0006095853292889,0.0,0,-0.0006095853292889,0.0,0,-0.0006095853292889,0.0,0,-0.0020577740411671,0.0,0,0.0003975660957909
2025-03-05,-0.0123324153855641,-1,-0.0021784136881634,-0.0128324153855641,-1,-0.0019461306803709,0.0,0,-0.0019461306803709,0.0,0,-0.0019461306803709,0.0,0,-0.0028449686570258,0.0,0,-0.0010143373727396
2025-03-06,-0.0100635880563197,-1,-0.0040195954091951,-0.0100635880563197,-1,-0.0046397193278637,-0.0105635880563197,-1,-0.0046397193278637,-0.0105635880563197,-1,-0.0046397193278637,-0.0105635880563197,-1,-0.0040459520770258,0.0,0,-0.0032269677632074
2025-03-07,-0.005768254436911,-1,-0.0051405274641186,-0.005768254436911,-1,-0.0045586980813696,-0.005768254436911,-1,-0.0045586980813696,-0.005768254436911,-1,-0.0045586980813696,-0.005768254436911,-1,-0.0049994811894417,0.0,0,-0.0025822317387472
2025-03-10,0.0062565608615249,-1,-0.005417270925556,0.0062565608615249,-1,-0.006529913686729,0.0062565608615249,-1,-0.006529913686729,0.0062565608615249,-1,-0.006529913686729,0.0062565608615249,-1,-0.0052558787103379,0.0057565608615248,-1,-0.006514173405819
2025-03-11,0.0146903875730528,-1,-0.006593206796444,0.0146903875730528,-1,-0.0061512164222465,0.0146903875730528,-1,-0.0061512164222465,0.0146903875730528,-1,-0.0061512164222465,0.0146903875730528,-1,-0.0065660690437469,0.0146903875730528,-1,-0.005994599647509
2025-03-12,-0.005857225717843,-1,-0.0029620667775713,-0.005857225717843,-1,-0.0030217731096683,-0.005857225717843,-1,-0.0030217731096683,-0.005857225717843,-1,-0.0030217731096683,-0.005857225717843,-1,-0.0041980066288796,-0.0005,0,-0.0015431309992053
2025-03-13,0.0031762555786667,-1,-0.0004379838829992,-0.0005,0,-0.0002413972539983,-0.0005,0,-0.0002413972539983,-0.0005,0,-0.0002413972539983,-0.0005,0,-0.0023818945117288,-0.0,0,-0.000420938271383
2025-03-14,-0.0069038322513712,-1,-0.0007254202919228,-0.0074038322513712,-1,-0.001511868940347,0.0,0,-0.001511868940347,0.0,0,-0.001511868940347,0.0,0,-0.002317350074401,0.0,0,-0.001664003038027
2025-03-17,0.0036919672048689,-1,-0.0043517131362257,0.0036919672048689,-1,-0.0039482066781579,0.0031919672048689,-1,-0.0039482066781579,0.0031919672048689,-1,-0.0039482066781579,-0.0,0,-0.003351509059774,-0.0,0,-0.0036100426031997
2025-03-18,0.0010586845453259,-1,-0.0054706173565836,0.0010586845453259,-1,-0.005836123050192,0.0010586845453259,-1,-0.005836123050192,0.0010586845453259,-1,-0.005836123050192,0.0005586845453258,-1,-0.0046231834747783,0.0005586845453258,-1,-0.0059561480696616
2025-03-19,-0.0058292897779965,-1,-0.007409197085039,-0.0058292897779965,-1,-0.0081814264943826,-0.0058292897779965,-1,-0.0081814264943826,-0.0058292897779965,-1,-0.0081814264943826,-0.0058292897779965,-1,-0.0062705825805985,-0.0058292897779965,-1,-0.0075293542696699
2025-03-20,0.0052687241244234,-1,-0.0080892486474303,0.0052687241244234,-1,-0.0076312818985345,0.0052687241244234,-1,-0.0076312818985345,0.0052687241244234,-1,-0.0076312818985345,0.0052687241244234,-1,-0.0061440728013234,0.0052687241244234,-1,-0.0069494953325073
2025-03-21,-0.002648365817361,-1,-0.0075066786349001,-0.002648365817361,-1,-0.008495005105232,-0.002648365817361,-1,-0.008495005105232,-0.002648365817361,-1,-0.008495005105232,-0.002648365817361,-1,-0.0054727551573183,-0.002648365817361,-1,-0.0070116099932452
2025-03-31,-0.0086206816818992,-1,-0.0074746107406707,-0.0086206816818992,-1,-0.0075557006427647,-0.0086206816818992,-1,-0.0075557006427647,-0.0086206816818992,-1,-0.0075557006427647,-0.0086206816818992,-1,-0.0060506971390168,-0.0086206816818992,-1,-0.0091091474283378
2025-04-01,0.0010682986724669,-1,-0.0072166428645464,0.0010682986724669,-1,-0.0068530119067786,0.0010682986724669,-1,-0.0068530119067786,0.0010682986724669,-1,-0.0068530119067786,0.0010682986724669,-1,-0.0060758821379833,0.0010682986724669,-1,-0.0078002561155952
2025-04-02,0.0010695431522821,-1,-0.0080786066930395,0.0010695431522821,-1,-0.00801885667611,0.0010695431522821,-1,-0.00801885667611,0.0010695431522821,-1,-0.00801885667611,0.0010695431522821,-1,-0.0066836110197206,0.0010695431522821,-1,-0.0083518709275026
2025-04-03,-0.0032119627924074,-1,-0.0107926481782808,-0.0032119627924074,-1,-0.0095539828629213,-0.0032119627924074,-1,-0.0095539828629213,-0.0032119627924074,-1,-0.0095539828629213,-0.0032119627924074,-1,-0.0070862286386827,-0.0032119627924074,-1,-0.0096788892354904
2025-04-04,0.0010672602992501,-1,-0.013325055509155,0.0010672602992501,-1,-0.0120356562963651,0.0010672602992501,-1,-0.0120356562963651,0.0010672602992501,-1,-0.0120356562963651,0.0010672602992501,-1,-0.0084566098077669,0.0010672602992501,-1,-0.0120281364881533
2025-04-07,-0.0010684005607524,-1,-0.0143602287324878,-0.0010684005607524,-1,-0.0140524454414209,-0.0010684005607524,-1,-0.0140524454414209,-0.0010684005607524,-1,-0.0140524454414209,-0.0010684005607524,-1,-0.0086349634120392,-0.0010684005607524,-1,-0.009806906113903
2025-04-08,-0.0165421275202015,-1,-0.0132403646962188,-0.0165421275202015,-1,-0.0124903069962541,-0.0165421275202015,-1,-0.0124903069962541,-0.0165421275202015,-1,-0.0124903069962541,-0.0165421275202015,-1,-0.008193486460909,-0.0165421275202015,-1,-0.011462087591256
2025-04-09,-0.0068242033239731,-1,-0.0109325411798389,-0.0068242033239731,-1,-0.0110446692694843,-0.0068242033239731,-1,-0.0110446692694843,-0.0068242033239731,-1,-0.0110446692694843,-0.0068242033239731,-1,-0.0062493570680458,-0.0068242033239731,-1,-0.0107947249416414
2025-04-10,-0.0208550371306475,-1,-0.0096928125569935,-0.0208550371306475,-1,-0.0104045486814797,-0.0208550371306475,-1,-0.0104045486814797,-0.0208550371306475,-1,-0.0104045486814797,-0.0208550371306475,-1,-0.0071594070884675,-0.0208550371306475,-1,-0.0073112080918857
2025-04-11,0.0081715959160139,-1,-0.0050225238138723,0.0081715959160139,-1,-0.0060101628078114,0.0081715959160139,-1,-0.0060101628078114,0.0081715959160139,-1,-0.0060101628078114,0.0081715959160139,-1,-0.0040342464144278,0.0081715959160139,-1,-0.0050067312171232
2025-05-12,0.0065573189556067,-1,-0.000895954503958,0.0065573189556067,-1,-0.001111713882764,-0.0005,0,-0.001111713882764,-0.0005,0,-0.001111713882764,0.0065573189556067,-1,-0.0041423220858044,-0.0005,0,-0.0037430245693298
2025-05-13,0.0027503379301343,-1,-0.0023761633091136,0.0027503379301343,-1,-0.0019747399025124,-0.0,0,-0.0019747399025124,-0.0,0,-0.0019747399025124,0.0027503379301343,-1,-0.0051117897170601,-0.0,0,-0.0019773556674088
2025-05-14,0.0011030640563026,-1,-0.0024924683997718,0.0011030640563026,-1,-0.0026820952424434,0.0006030640563025,-1,-0.0026820952424434,-0.0,0,-0.0026820952424434,0.0011030640563026,-1,-0.0051774482690699,-0.0,0,-0.0006708049934527
2025-05-15,0.0093870828583393,-1,-0.0030270711438384,0.0093870828583393,-1,-0.0029826572002087,0.0093870828583393,-1,-0.0029826572002087,-0.0,0,-0.0029826572002087,0.0093870828583393,-1,-0.0054541824506426,-0.0,0,-0.0041073692215784
2025-05-16,-0.0139353396074539,-1,-0.0019771291220677,-0.0139353396074539,-1,-0.0030744242378785,-0.0139353396074539,-1,-0.0030744242378785,-0.0144353396074539,-1,-0.0030744242378785,-0.0139353396074539,-1,-0.00409808626867,-0.0144353396074539,-1,-0.0059214470476387
2025-05-19,-0.0170423010907538,-1,-0.0012770864053696,-0.0170423010907538,-1,-0.0028987200300444,-0.0170423010907538,-1,-0.0028987200300444,-0.0005,0,-0.0028987200300444,-0.0005,0,-0.001072302011009,-0.0005,0,-0.0049149698667167
2025-05-20,-0.0113513018633868,-1,-0.0071694888647631,-0.0113513018633868,-1,-0.0058610184148124,-0.0113513018633868,-1,-0.0058610184148124,-0.0118513018633868,-1,-0.0058610184148124,-0.0118513018633868,-1,-0.0051580080619933,-0.0118513018633868,-1,-0.0077463905984301
2025-05-21,0.0053446541429327,-1,-0.0064893435390315,0.0053446541429327,-1,-0.0072659158740441,0.0053446541429327,-1,-0.0072659158740441,0.0053446541429327,-1,-0.0072659158740441,-0.0005,0,-0.0028749588875056,0.0053446541429327,-1,-0.0089480953423182
2025-05-22,0.0048361176591165,-1,-0.006902994693045,0.0048361176591165,-1,-0.0065198958397457,0.0048361176591165,-1,-0.0065198958397457,0.0048361176591165,-1,-0.0065198958397457,-0.0,0,-0.0032284118397609,0.0048361176591165,-1,-0.0074500198947487
2025-05-23,0.00755946509377,-1,-0.0064202705575871,0.00755946509377,-1,-0.0064990184600074,0.00755946509377,-1,-0.0064990184600074,0.00755946509377,-1,-0.0064990184600074,-0.0,0,-0.0036040522646747,0.00755946509377,-1,-0.006358638928657
2025-05-27,0.0076169421132116,-1,-0.0021624789681871,0.0076169421132116,-1,-0.0030209764512704,0.0076169421132116,-1,-0.0030209764512704,0.0076169421132116,-1,-0.0030209764512704,-0.0,0,-0.0014407927954248,-0.0005,0,-0.0017308930417901
2025-05-28,0.0043859607845351,-1,-0.000134503174483,-0.0005,0,-8.409215825382554e-05,-0.0005,0,-8.409215825382554e-05,-0.0005,0,-8.409215825382554e-05,-0.0,0,-0.001619456226887,-0.0,0,0.0004872474792334
2025-05-29,-0.0032025885746035,1,5.224244659167779e-06,-0.0,0,-0.0007850361757744,-0.0,0,-0.0007850361757744,-0.0,0,-0.0007850361757744,-0.0,0,-0.0015319590186907,-0.0,0,-0.0009184873278234
2025-08-01,0.0019120114640872,-1,-0.0092727764150013,0.0024120114640872,-1,-0.0101509450405058,0.0024120114640872,-1,-0.0101509450405058,0.0024120114640872,-1,-0.0101509450405058,0.0024120114640872,-1,-0.0056066208348252,0.0024120114640872,-1,-0.0089792004858257
2025-08-04,0.0128505379625306,-1,-0.0048155818802312,0.0128505379625306,-1,-0.0061515945579645,0.0128505379625306,-1,-0.0061515945579645,0.0128505379625306,-1,-0.0061515945579645,0.0128505379625306,-1,-0.0046889224628112,0.0128505379625306,-1,-0.0059842792057879
2025-08-05,-0.0011834590659838,-1,-0.0061533353037247,-0.0011834590659838,-1,-0.0075017764914975,-0.0011834590659838,-1,-0.0075017764914975,-0.0011834590659838,-1,-0.0075017764914975,-0.0011834590659838,-1,-0.0069433022677845,-0.0011834590659838,-1,-0.0054439996875039
2025-08-06,-0.0094562557145776,-1,-0.0057659295850543,-0.0094562557145776,-1,-0.0059644883128084,-0.0094562557145776,-1,-0.0059644883128084,-0.0094562557145776,-1,-0.0059644883128084,-0.0094562557145776,-1,-0.0075354414123572,-0.0005,0,-0.003916457807148
2025-08-07,0.0023418623160058,-1,-0.0047429849639062,0.0023418623160058,-1,-0.0052806626067623,0.0023418623160058,-1,-0.0052806626067623,0.0023418623160058,-1,-0.0052806626067623,0.0023418623160058,-1,-0.0075784159195655,-0.0,0,-0.0046142527026677
2025-08-08,-0.0058684547387537,-1,-0.0051594136114057,-0.0058684547387537,-1,-0.0054148410462319,-0.0058684547387537,-1,-0.0054148410462319,-0.0058684547387537,-1,-0.0054148410462319,-0.0058684547387537,-1,-0.0081729774386353,0.0,0,-0.0034549939080519
2025-08-11,0.0250875332840138,-1,-0.0088239171028687,0.0250875332840138,-1,-0.0093032111736043,0.0250875332840138,-1,-0.0093032111736043,0.0250875332840138,-1,-0.0093032111736043,0.0250875332840138,-1,-0.0069349900285223,0.0245875332840138,-1,-0.0087915712544953
2025-08-12,-0.005386005835962,-1,-0.0095543099769035,-0.005386005835962,-1,-0.0098029366295943,-0.005386005835962,-1,-0.0098029366295943,-0.005386005835962,-1,-0.0098029366295943,-0.005386005835962,-1,-0.0061639971502983,-0.005386005835962,-1,-0.0099919051130776
2025-08-13,0.0017856417059054,-1,-0.0099076659809527,0.0017856417059054,-1,-0.0085198334218237,0.0017856417059054,-1,-0.0085198334218237,0.0017856417059054,-1,-0.0085198334218237,0.0017856417059054,-1,-0.0062458711330914,0.0017856417059054,-1,-0.007557710225665
2025-08-14,-0.0190816747817126,-1,-0.0097137383113116,-0.0190816747817126,-1,-0.0097016762307612,-0.0190816747817126,-1,-0.0097016762307612,-0.0190816747817126,-1,-0.0097016762307612,-0.0190816747817126,-1,-0.0059613993952819,-0.0190816747817126,-1,-0.0109052194580693
2025-08-15,-0.0005851508948244,-1,-0.0079412273507473,-0.0005851508948244,-1,-0.0085695877864605,-0.0005851508948244,-1,-0.0085695877864605,-0.0005851508948244,-1,-0.0085695877864605,-0.0005851508948244,-1,-0.0046688684356106,-0.0005851508948244,-1,-0.0122078826900445
2025-08-18,0.0064327840875818,-1,-0.0083196031972047,0.0064327840875818,-1,-0.0077368129619791,0.0064327840875818,-1,-0.0077368129619791,0.0064327840875818,-1,-0.0077368129619791,0.0064327840875818,-1,-0.006234676852565,0.0064327840875818,-1,-0.0107464837421612
2025-08-19,-0.0047086477212348,-1,-0.0094775854844977,-0.0047086477212348,-1,-0.0087016643277188,-0.0047086477212348,-1,-0.0087016643277188,-0.0047086477212348,-1,-0.0087016643277188,-0.0047086477212348,-1,-0.0084822672625288,-0.0047086477212348,-1,-0.0125263281895687
2025-08-20,-0.0140597407972382,-1,-0.0073298218638791,-0.0140597407972382,-1,-0.0067196020460222,-0.0140597407972382,-1,-0.0067196020460222,-0.0140597407972382,-1,-0.0067196020460222,-0.0140597407972382,-1,-0.0063202090332846,-0.0140597407972382,-1,-0.0061769309451704
2025-08-21,0.0005777139913557,-1,-0.0065839939611426,0.0005777139913557,-1,-0.0066295494398753,0.0005777139913557,-1,-0.0066295494398753,0.0005777139913557,-1,-0.0066295494398753,0.0005777139913557,-1,-0.0059820642559071,-0.0005,0,-0.0049140272135205
2025-09-03,0.0035558044498357,1,0.0009237592903307,0.0035558044498357,1,0.0020022265632373,0.0035558044498357,1,0.0020022265632373,-0.0005,0,0.0020022265632373,-0.0005,0,-0.0029832889419223,0.0,0,0.001062382653285
2025-09-04,-0.0062357543542478,1,0.0009791576740316,-0.0062357543542478,1,0.0017111710904346,-0.0005,0,0.0017111710904346,-0.0,0,0.0017111710904346,-0.0,0,-0.0024032504931175,-0.0,0,0.0013377137617732
2025-09-05,0.0074158103636376,1,0.0018760494179534,0.0074158103636376,1,0.0019976426165803,0.0,0,0.0019976426165803,0.0,0,0.0019976426165803,0.0,0,-0.0011392976976476,0.0,0,0.0026219768767318
2025-09-08,-0.0045300070440135,1,0.0026394863321028,-0.0045300070440135,1,0.0016535861723131,-0.0,0,0.0016535861723131,-0.0,0,0.0016535861723131,-0.0,0,0.0004493156591063,-0.0,0,0.0025311415308035
2025-09-09,-0.0062571450983472,1,0.0013380140798748,-0.0062571450983472,1,0.0011295874979868,-0.0,0,0.0011295874979868,-0.0,0,0.0011295874979868,-0.0,0,-0.0004601775225518,-0.0,0,0.0010483656629957
2025-09-10,0.0074413894232874,1,0.0014921852629018,-0.0005,0,0.0001307111524984,0.0,0,0.0001307111524984,0.0,0,0.0001307111524984,0.0,0,0.0002645873708818,0.0,0,0.0014249021123898
2025-09-11,0.0170454108271727,1,0.0004924442911225,0.0,0,-0.0007917593245893,0.0,0,-0.0007917593245893,0.0,0,-0.0007917593245893,0.0,0,-0.00035616880117,0.0,0,0.0006505931935275
2025-09-12,0.0057038510861497,-1,-0.0016056454247587,0.0062038510861497,-1,-0.001516592030705,-0.0,0,-0.001516592030705,-0.0,0,-0.001516592030705,-0.0,0,-0.0026602956803315,-0.0,0,-0.0017298340258326
